seed,split,algorithm,cycle_number,current_day,current_BBP,lambda_0_1,lambda_0_2,lambda_0_3,lambda_0_4,lambda_0_5,lambda_0_6,lambda_0_7,lambda_0_8,lambda_0_9,lambda_0_10,lambda_0_11,lambda_1_0,lambda_1_2,lambda_1_3,lambda_1_4,lambda_1_5,lambda_1_6,lambda_1_7,lambda_1_8,lambda_1_9,lambda_1_10,lambda_1_11,lambda_2_0,lambda_2_1,lambda_2_3,lambda_2_4,lambda_2_5,lambda_2_6,lambda_2_7,lambda_2_8,lambda_2_9,lambda_2_10,lambda_2_11,lambda_3_0,lambda_3_1,lambda_3_2,lambda_3_4,lambda_3_5,lambda_3_6,lambda_3_7,lambda_3_8,lambda_3_9,lambda_3_10,lambda_3_11,lambda_4_0,lambda_4_1,lambda_4_2,lambda_4_3,lambda_4_5,lambda_4_6,lambda_4_7,lambda_4_8,lambda_4_9,lambda_4_10,lambda_4_11,lambda_5_0,lambda_5_1,lambda_5_2,lambda_5_3,lambda_5_4,lambda_5_6,lambda_5_7,lambda_5_8,lambda_5_9,lambda_5_10,lambda_5_11,lambda_6_0,lambda_6_1,lambda_6_2,lambda_6_3,lambda_6_4,lambda_6_5,lambda_6_7,lambda_6_8,lambda_6_9,lambda_6_10,lambda_6_11,lambda_7_0,lambda_7_1,lambda_7_2,lambda_7_3,lambda_7_4,lambda_7_5,lambda_7_6,lambda_7_8,lambda_7_9,lambda_7_10,lambda_7_11,lambda_8_0,lambda_8_1,lambda_8_2,lambda_8_3,lambda_8_4,lambda_8_5,lambda_8_6,lambda_8_7,lambda_8_9,lambda_8_10,lambda_8_11,lambda_9_0,lambda_9_1,lambda_9_2,lambda_9_3,lambda_9_4,lambda_9_5,lambda_9_6,lambda_9_7,lambda_9_8,lambda_9_10,lambda_9_11,lambda_10_0,lambda_10_1,lambda_10_2,lambda_10_3,lambda_10_4,lambda_10_5,lambda_10_6,lambda_10_7,lambda_10_8,lambda_10_9,lambda_10_11,lambda_11_0,lambda_11_1,lambda_11_2,lambda_11_3,lambda_11_4,lambda_11_5,lambda_11_6,lambda_11_7,lambda_11_8,lambda_11_9,lambda_11_10,link_0_SC_C,link_0_SC_CL,link_0_MC_C,link_0_MC_CL,link_1_SC_C,link_1_SC_CL,link_1_MC_C,link_1_MC_CL,link_2_SC_C,link_2_SC_CL,link_2_MC_C,link_2_MC_CL,link_3_SC_C,link_3_SC_CL,link_3_MC_C,link_3_MC_CL,link_4_SC_C,link_4_SC_CL,link_4_MC_C,link_4_MC_CL,link_5_SC_C,link_5_SC_CL,link_5_MC_C,link_5_MC_CL,link_6_SC_C,link_6_SC_CL,link_6_MC_C,link_6_MC_CL,link_7_SC_C,link_7_SC_CL,link_7_MC_C,link_7_MC_CL,link_8_SC_C,link_8_SC_CL,link_8_MC_C,link_8_MC_CL,link_9_SC_C,link_9_SC_CL,link_9_MC_C,link_9_MC_CL,link_10_SC_C,link_10_SC_CL,link_10_MC_C,link_10_MC_CL,link_11_SC_C,link_11_SC_CL,link_11_MC_C,link_11_MC_CL,link_12_SC_C,link_12_SC_CL,link_12_MC_C,link_12_MC_CL,link_13_SC_C,link_13_SC_CL,link_13_MC_C,link_13_MC_CL,link_14_SC_C,link_14_SC_CL,link_14_MC_C,link_14_MC_CL,link_15_SC_C,link_15_SC_CL,link_15_MC_C,link_15_MC_CL,link_16_SC_C,link_16_SC_CL,link_16_MC_C,link_16_MC_CL,link_17_SC_C,link_17_SC_CL,link_17_MC_C,link_17_MC_CL,link_18_SC_C,link_18_SC_CL,link_18_MC_C,link_18_MC_CL,link_19_SC_C,link_19_SC_CL,link_19_MC_C,link_19_MC_CL,link_0_occupied_slots,link_0_total_slots,link_0_free_slots,link_0_slot_utilization,link_0_max_contiguous_free_slots,link_1_occupied_slots,link_1_total_slots,link_1_free_slots,link_1_slot_utilization,link_1_max_contiguous_free_slots,link_2_occupied_slots,link_2_total_slots,link_2_free_slots,link_2_slot_utilization,link_2_max_contiguous_free_slots,link_3_occupied_slots,link_3_total_slots,link_3_free_slots,link_3_slot_utilization,link_3_max_contiguous_free_slots,link_4_occupied_slots,link_4_total_slots,link_4_free_slots,link_4_slot_utilization,link_4_max_contiguous_free_slots,link_5_occupied_slots,link_5_total_slots,link_5_free_slots,link_5_slot_utilization,link_5_max_contiguous_free_slots,link_6_occupied_slots,link_6_total_slots,link_6_free_slots,link_6_slot_utilization,link_6_max_contiguous_free_slots,link_7_occupied_slots,link_7_total_slots,link_7_free_slots,link_7_slot_utilization,link_7_max_contiguous_free_slots,link_8_occupied_slots,link_8_total_slots,link_8_free_slots,link_8_slot_utilization,link_8_max_contiguous_free_slots,link_9_occupied_slots,link_9_total_slots,link_9_free_slots,link_9_slot_utilization,link_9_max_contiguous_free_slots,link_10_occupied_slots,link_10_total_slots,link_10_free_slots,link_10_slot_utilization,link_10_max_contiguous_free_slots,link_11_occupied_slots,link_11_total_slots,link_11_free_slots,link_11_slot_utilization,link_11_max_contiguous_free_slots,link_12_occupied_slots,link_12_total_slots,link_12_free_slots,link_12_slot_utilization,link_12_max_contiguous_free_slots,link_13_occupied_slots,link_13_total_slots,link_13_free_slots,link_13_slot_utilization,link_13_max_contiguous_free_slots,link_14_occupied_slots,link_14_total_slots,link_14_free_slots,link_14_slot_utilization,link_14_max_contiguous_free_slots,link_15_occupied_slots,link_15_total_slots,link_15_free_slots,link_15_slot_utilization,link_15_max_contiguous_free_slots,link_16_occupied_slots,link_16_total_slots,link_16_free_slots,link_16_slot_utilization,link_16_max_contiguous_free_slots,link_17_occupied_slots,link_17_total_slots,link_17_free_slots,link_17_slot_utilization,link_17_max_contiguous_free_slots,link_18_occupied_slots,link_18_total_slots,link_18_free_slots,link_18_slot_utilization,link_18_max_contiguous_free_slots,link_19_occupied_slots,link_19_total_slots,link_19_free_slots,link_19_slot_utilization,link_19_max_contiguous_free_slots,upgrade_needed
0,train,increment,1,180.0190667,0,26.22267376,25.08676347,26.06074703,25.16799172,26.06618222,25.72644747,25.23365485,25.60412858,25.41234463,24.72901633,25.69703316,25.72228601,24.74236491,25.91210845,25.25924015,24.91284257,25.57053545,26.04217485,23.8252033,23.80740237,27.22743567,26.44276134,25.25093189,25.15299714,27.22985071,26.26572537,24.87768138,24.35342753,24.71000757,24.74940293,24.15535051,26.53768889,24.53306634,25.36915113,27.15737635,24.09489603,26.9416966,24.24190557,26.51760609,25.41498055,26.20781426,24.1877508,26.62868786,25.58253258,25.78457057,26.22184801,26.35197126,26.08398551,25.605624,27.27444992,26.19053639,25.72904433,25.39064158,25.54376586,25.51286112,27.08734192,25.55667894,25.42424118,25.49488329,26.8709319,25.75535122,25.86989152,26.81217966,25.42356859,25.30367986,25.98850529,24.60162453,24.89688607,25.78810113,26.17723753,24.869375,25.22521813,26.04109652,24.58565734,25.72530479,25.37557981,26.21985519,27.49463695,26.38169939,25.82705181,26.09525261,26.63356778,24.41413647,25.23192137,24.38187438,25.86229034,25.65707871,27.16481751,24.32077984,25.96241317,25.59134049,26.04910629,26.17135741,27.0639557,25.856823,24.63617888,25.66608186,26.3509908,25.57920976,25.65127076,26.88443564,26.19467565,26.50575401,25.75985832,26.55230134,25.41530891,24.56269079,25.79591538,25.62342471,25.48992883,25.25176799,25.56721794,25.07719225,25.4494547,24.26710533,24.50191196,25.92479736,26.11903096,27.05636951,25.23394074,26.34679783,25.40491155,24.87776158,26.23127872,27.51282675,25.6092481,25.51281074,25.39693887,25.96735986,26.29107174,26.24896365,24.86961183,1,0,0,0,1,0,0,0,1,0,0,0,1,0,0,0,1,0,0,0,1,0,0,0,1,0,0,0,1,0,0,0,1,0,0,0,1,0,0,0,1,0,0,0,1,0,0,0,1,0,0,0,1,0,0,0,1,0,0,0,1,0,0,0,1,0,0,0,1,0,0,0,1,0,0,0,1,0,0,0,63,320,257,0.196875,227,93,320,227,0.290625,71,39,320,281,0.121875,206,72,320,248,0.225,161,24,320,296,0.075,227,57,320,263,0.178125,98,90,320,230,0.28125,113,207,320,113,0.646875,71,63,320,257,0.196875,230,21,320,299,0.065625,257,9,320,311,0.028125,281,129,320,191,0.403125,137,30,320,290,0.09375,203,174,320,146,0.54375,113,123,320,197,0.384375,71,39,320,281,0.121875,215,27,320,293,0.084375,224,90,320,230,0.28125,116,138,320,182,0.43125,71,15,320,305,0.046875,302,0
0,train,increment,2,360.0649749,0,33.76015403,34.71700673,37.03865877,36.06385746,34.30618443,35.59895166,31.58478979,35.55451039,35.14787408,33.29329893,33.83196084,35.02732473,32.24184095,35.96450789,35.20304718,34.3240964,34.75325566,34.69781233,32.23879192,32.10070436,37.10753102,34.84789102,33.43474851,31.38835119,39.02018247,35.78517353,35.5044906,31.47141416,32.97011317,33.0592563,31.76295127,34.31667688,32.85838919,33.37699438,37.11526612,32.39150003,35.76542635,32.95530647,36.54453684,34.17239812,36.09946498,34.54412835,36.09001907,33.76723167,34.40636045,33.76715273,35.52567035,35.63870446,34.8130137,35.87903851,36.0736531,34.07343562,31.98366603,34.37398644,33.90755069,36.09397559,34.4025489,35.6068972,33.16508226,34.50844569,36.9317566,34.57116409,36.75721356,35.86532067,33.55479346,36.75306339,34.60643402,31.55232889,33.68039854,35.75944455,32.58453984,34.0111613,35.62676135,33.21082023,36.66238921,32.90315683,34.3547824,36.51643779,35.41666356,32.61287056,35.09043214,35.56414461,31.45458696,33.0078505,32.36312224,36.3198113,33.90768466,37.75122274,33.47419699,33.79355505,32.98724078,36.95082692,36.56521,37.30087595,35.83859325,33.62853882,32.82154213,34.88477517,33.19398486,34.90138402,37.14631729,34.59367136,35.39936566,35.16169017,36.01275687,36.96141722,31.3183149,36.0503607,35.68664707,34.01311627,32.32100942,34.22594445,34.84027191,32.38304019,32.33697551,32.52195642,35.47040622,33.78511268,36.54414243,32.83675798,35.12962854,33.14231401,32.50427505,33.57516412,37.06323063,36.52077897,35.09199966,32.31467482,33.68493812,33.17600884,37.28661343,34.11101263,1,0,0,0,1,0,0,0,1,0,0,0,1,0,0,0,1,0,0,0,1,0,0,0,1,0,0,0,1,0,0,0,1,0,0,0,1,0,0,0,1,0,0,0,1,0,0,0,1,0,0,0,1,0,0,0,1,0,0,0,1,0,0,0,1,0,0,0,1,0,0,0,1,0,0,0,1,0,0,0,123,320,197,0.384375,176,132,320,188,0.4125,51,27,320,293,0.084375,215,132,320,188,0.4125,53,24,320,296,0.075,251,90,320,230,0.28125,51,141,320,179,0.440625,48,234,320,86,0.73125,26,63,320,257,0.196875,191,45,320,275,0.140625,233,21,320,299,0.065625,263,210,320,110,0.65625,23,75,320,245,0.234375,158,255,320,65,0.796875,23,168,320,152,0.525,80,39,320,281,0.121875,233,48,320,272,0.15,227,174,320,146,0.54375,23,150,320,170,0.46875,80,24,320,296,0.075,293,0
0,train,increment,3,540.0113193,0.00334531,43.82699375,47.14415084,49.88081316,49.63983364,47.48053838,47.31257488,41.2242949,48.97655253,49.4976214,45.41036334,47.60192162,47.8297365,45.10468159,46.46728131,45.91457025,44.89427981,44.52191253,48.91384657,43.41265145,42.70759654,49.24343216,45.18513085,44.13601826,41.21529788,52.59319664,49.33625253,45.92535025,42.93919729,40.93018641,42.09993349,43.43647287,48.67269951,43.20305932,43.32394055,50.20229862,44.59294391,48.85222872,42.31013822,49.92898958,44.49532296,49.92841696,46.48014725,51.98756178,46.25182862,44.549971,46.45447105,48.29814092,49.52490284,47.96780992,46.40338062,46.17967646,45.78219315,45.58399072,46.13724484,46.43668921,51.3788403,47.67366569,46.78634304,46.50078412,44.33838606,49.18839867,47.56899377,49.62805491,49.77749682,45.00027443,52.58774831,47.71240693,44.16809951,44.15247903,46.11304751,47.18590771,47.13720827,45.67780222,45.04774177,48.02637318,45.45154177,45.34868515,46.69898277,49.68560891,44.7889384,45.11144686,50.03029745,41.91934268,43.59612563,42.99462476,48.90927526,43.16352057,50.94696665,46.96864237,44.1598047,44.93621557,48.91152272,49.66248746,50.79916624,49.54427401,44.19369333,41.5094232,47.49645479,46.46410351,47.26605933,49.27999414,45.63448671,49.14034855,45.89757222,48.73803544,48.43557681,43.55700986,47.70872632,45.89740751,45.7058547,44.14827498,44.91290792,46.40410396,45.85571195,43.28180949,42.81924119,49.23625575,46.69125481,48.36732795,45.16324167,47.72280891,45.80500609,43.72279891,45.27182529,49.84675118,47.77714306,48.01914832,42.97890829,45.96733066,44.40252223,50.84894416,48.04674505,1,0,0,0,1,0,0,0,1,0,0,0,1,0,0,0,1,0,0,0,1,0,0,0,1,0,0,0,1,0,0,0,1,0,0,0,1,0,0,0,1,0,0,0,1,0,0,0,1,0,0,0,1,0,0,0,1,0,0,0,1,0,0,0,1,0,0,0,1,0,0,0,1,0,0,0,1,0,0,0,144,320,176,0.45,104,183,320,137,0.571875,15,75,320,245,0.234375,134,186,320,134,0.58125,24,45,320,275,0.140625,242,75,320,245,0.234375,54,189,320,131,0.590625,30,318,320,2,0.99375,2,99,320,221,0.309375,158,108,320,212,0.3375,93,48,320,272,0.15,86,246,320,74,0.76875,11,93,320,227,0.290625,78,288,320,32,0.9,6,246,320,74,0.76875,12,138,320,182,0.43125,95,90,320,230,0.28125,51,204,320,116,0.6375,27,210,320,110,0.65625,18,24,320,296,0.075,134,1
0,train,increment,4,720.0506507,0.026225247,59.37994613,61.13017248,64.87374841,65.54637317,62.09589045,64.30722553,55.06687796,63.45326855,69.12018883,60.10349233,63.60684424,64.55793608,60.93972884,63.20041598,61.01222778,62.04546271,59.84039154,66.04830837,57.49396829,57.27916265,66.58516942,64.1240003,55.22822034,50.82168141,72.09878955,67.75597237,62.20447257,57.33230081,55.42615367,57.69561999,56.90591449,66.37374497,53.97778981,57.25212575,68.89408994,59.48228441,62.90461248,58.37378411,64.67525822,63.10266902,66.7391154,62.12875275,69.69805053,62.4970714,56.27082964,68.63900586,64.18985643,65.26745392,66.80474257,63.40668192,63.53752545,63.09763247,64.43687215,61.90630482,66.64533306,68.32439003,62.41208373,62.88234686,62.69723303,59.93729377,65.38582785,62.72930762,67.30236336,68.32428574,60.6125805,71.03985507,65.2211008,57.76158795,59.24460888,61.92898804,63.07796285,62.46230537,59.88147552,57.56299673,63.04325375,60.13835526,62.79797105,62.50785229,66.96622835,60.02332857,61.91531358,70.41325807,52.0920645,64.63458316,58.39979833,71.31294823,56.84933894,69.80647523,60.1951764,59.70344674,58.5478605,65.17677182,68.95987417,69.13798538,63.11430186,62.5745637,56.90553532,64.87397093,61.46772319,62.04636422,68.2513417,62.57434838,65.32396458,64.12384902,65.59880764,65.97104699,59.05247958,61.75443829,63.90127576,62.85485891,59.90664766,57.68348258,62.86655343,64.2239792,56.57659528,57.65693192,65.82869252,62.67170342,64.47389551,55.9821377,66.91379299,66.41254299,55.18646036,61.19018083,68.04840249,61.05690431,64.69891751,56.87822948,63.03366103,57.27392537,69.6661848,64.10884744,1,0,0,0,0,3,0,0,1,0,0,0,0,3,0,0,0,3,0,0,1,0,0,0,1,0,0,0,0,3,0,0,1,0,0,0,1,0,0,0,1,0,0,0,0,3,0,0,1,0,0,0,0,3,0,0,1,0,0,0,1,0,0,0,1,0,0,0,0,3,0,0,1,0,0,0,1,0,0,0,204,320,116,0.6375,92,135,2880,2745,0.046875,960,123,320,197,0.384375,30,228,2880,2652,0.079166667,960,105,2880,2775,0.036458333,960,186,320,134,0.58125,21,219,320,101,0.684375,14,381,2880,2499,0.132291667,870,141,320,179,0.440625,65,141,320,179,0.440625,30,78,320,242,0.24375,114,375,2880,2505,0.130208333,867,102,320,218,0.31875,62,414,2880,2466,0.14375,804,297,320,23,0.928125,3,168,320,152,0.525,33,54,320,266,0.16875,152,255,2880,2625,0.088541667,819,279,320,41,0.871875,6,33,320,287,0.103125,105,1
0,train,increment,5,900.0242245,0.024182077,83.04881288,80.16099496,87.05424798,83.76142966,83.88429925,90.73497724,74.92107837,84.42748475,92.35409848,77.94342433,82.34499012,83.60554713,77.06704546,82.41981244,79.91808172,77.9352118,79.57719123,89.03655283,74.17319554,77.60724417,90.3371598,90.96286381,73.66910675,68.42368096,93.29218475,87.09155252,86.40467869,78.94557814,73.13263309,79.00187217,84.34736342,94.0093448,76.50248337,75.82382751,87.72484648,83.65448823,80.28095095,78.60695721,84.40874464,86.65253435,96.01145772,84.38187149,93.72674924,87.57210702,73.85207955,94.08136332,92.93656559,85.49293643,92.28585962,85.8640593,87.6044832,83.37937403,87.64782626,86.04330351,89.49629226,91.56860367,81.77209703,84.73944812,79.3544467,82.03079663,86.17204686,85.62819647,89.70939326,94.51206208,84.28426985,96.99651001,88.87149368,78.33267929,82.16951946,82.57455559,90.61476149,86.6573464,78.03125608,77.25886933,83.45989137,81.95487759,86.95053185,83.50485886,91.44916366,74.84302636,81.62909832,89.42135896,67.9980659,88.94686291,84.74204267,98.50673799,76.08246895,94.35919385,83.25485881,80.60840173,79.01666063,90.54649514,90.71969417,91.6366263,83.27162922,85.62558356,80.19668791,92.55875395,82.6453735,82.43652648,91.80304682,80.44623429,88.22429044,86.53828201,84.10331502,86.76998297,82.26699602,80.35825309,84.90280842,82.70519844,78.89233451,76.9407081,84.80673102,89.93718681,76.47460035,78.97392117,86.86161342,80.80616641,86.60703671,76.15596654,92.50621376,93.92928004,73.50427373,81.98642548,91.33356038,81.45601206,88.82893045,74.46091648,77.17143155,78.1073628,96.4335026,90.04295321,1,0,0,0,0,3,0,0,1,0,0,0,0,3,0,0,0,3,0,0,1,0,0,0,1,2,0,0,0,3,0,0,1,2,0,0,1,0,0,0,0,2,0,0,0,3,0,0,1,0,0,0,0,3,0,0,0,2,0,0,0,2,0,0,1,0,0,0,0,3,0,0,1,2,0,0,0,2,0,0,267,320,53,0.834375,35,363,2880,2517,0.126041667,960,111,320,209,0.346875,62,381,2880,2499,0.132291667,834,72,2880,2808,0.025,960,156,320,164,0.4875,21,351,2240,1889,0.156696429,591,588,2880,2292,0.204166667,708,165,2240,2075,0.073660714,714,111,320,209,0.346875,203,42,1920,1878,0.021875,960,477,2880,2403,0.165625,960,153,320,167,0.478125,27,528,2880,2352,0.183333333,696,453,1920,1467,0.2359375,675,207,1920,1713,0.1078125,672,132,320,188,0.4125,39,345,2880,2535,0.119791667,732,399,2240,1841,0.178125,714,27,1920,1893,0.0140625,960,0
0,train,increment,6,1080.002483,0.016639866,111.8944007,103.4335502,116.0053397,125.8732979,112.397599,122.1095848,102.3068334,116.88373,121.333754,105.2209053,110.3051817,113.8760472,103.3626473,116.7059438,104.1831697,102.7807401,110.3414053,117.8405025,101.3880582,102.4925506,118.7314754,120.9638087,99.7616321,94.18763563,133.5241652,123.1620053,110.4842096,104.997984,102.8317773,104.1669619,108.7282047,121.330736,106.2195243,101.4548575,119.5921336,112.5997265,106.3910337,105.1657286,119.8418021,118.0135416,133.3476457,110.3794623,127.5682212,115.2353279,93.01041144,123.1648939,127.6602314,118.9230274,123.1993443,115.1219623,115.5769719,109.9811299,120.0679143,111.9137094,127.1386719,126.6515487,111.2610872,113.3254,104.8286735,113.3876166,119.0704762,114.9240307,117.2411847,135.4984825,114.3232224,129.8377748,125.61615,98.52166091,117.7449395,111.4669643,119.8328404,120.6528482,103.2510676,105.1630999,116.4166172,111.7994652,117.4926944,106.0253648,119.572334,100.7313504,108.6417507,121.2811017,83.3023865,120.6811534,107.5948596,141.2232184,104.7362341,128.9419537,108.9885046,112.7499054,104.8977692,126.4347058,121.9716889,129.1683322,114.0578223,111.7320716,106.2990549,121.2467996,112.7325035,110.9154944,126.9955544,108.8887085,110.2006758,114.468457,110.6340405,121.7342572,106.0095274,106.3592008,115.1181617,110.257458,112.7959661,97.46023039,117.061253,124.0104943,101.6111302,115.1472038,119.938813,99.30002634,115.0142521,101.8006953,120.3947221,122.3449856,99.54840787,104.2818774,120.2795844,117.2931704,119.1773112,98.7474652,104.6010145,103.6243975,124.0703458,118.9979546,1,0,0,0,0,3,0,0,1,0,0,0,0,3,0,0,0,3,0,0,1,0,0,0,1,2,0,0,0,3,0,0,1,2,0,0,1,0,0,0,0,2,0,0,0,3,0,0,1,0,0,0,0,3,0,0,0,2,0,0,0,2,0,0,1,0,0,0,0,3,0,0,1,2,0,0,0,2,0,0,294,320,26,0.91875,11,429,2880,2451,0.148958333,960,126,320,194,0.39375,48,396,2880,2484,0.1375,960,108,2880,2772,0.0375,960,255,320,65,0.796875,9,549,2240,1691,0.245089286,558,888,2880,1992,0.308333333,606,228,2240,2012,0.101785714,738,147,320,173,0.459375,158,114,1920,1806,0.059375,960,498,2880,2382,0.172916667,960,183,320,137,0.571875,30,672,2880,2208,0.233333333,621,624,1920,1296,0.325,564,189,1920,1731,0.0984375,834,126,320,194,0.39375,75,477,2880,2403,0.165625,621,492,2240,1748,0.219642857,639,54,1920,1866,0.028125,960,0
0,train,increment,7,1260.000592,0.012217802,151.5187295,142.2635017,153.4933644,175.9236959,146.6822321,170.4181327,137.5842796,149.892793,165.0488414,136.3105219,144.9595739,155.7471544,149.1885938,159.2515664,135.7803612,137.6579072,148.1134834,160.3836015,139.2276732,142.7678832,157.2210984,159.5396009,128.8036187,127.5149988,187.5643179,171.5239577,154.90102,140.7802719,143.1470848,138.8842128,143.6465901,174.1409114,143.6809186,134.3891206,164.5191655,156.8746802,143.5486728,147.423534,166.1371455,168.603731,171.7621045,145.5745178,161.7145597,156.7863624,121.9273222,161.4573768,168.3864752,157.0523982,166.6708633,164.5476402,149.9653608,144.7843457,160.627885,153.5970438,170.5108796,163.3566585,140.5850817,149.9495413,136.1368688,157.0133815,156.9978799,164.8380201,155.9205533,182.3568908,141.4273143,179.2042901,168.0213816,129.0494219,156.4103605,152.664565,152.5083873,162.7196006,137.0015851,134.1266554,152.2432637,153.2925466,157.8926651,142.1075146,153.4497734,130.1109861,150.3046848,164.052104,118.2220743,160.4385633,145.7973108,182.7949885,143.6090293,170.5886315,154.7753007,159.4770896,136.6415055,167.5739164,156.0422377,172.6744556,149.9796124,147.4090711,137.8806262,164.6649226,159.5350324,149.7800055,165.1617198,135.5889961,153.716415,144.9325713,151.5160756,167.1705741,148.0080728,140.295321,155.6310381,144.0035952,146.6394753,132.0982972,151.8287142,170.2181028,140.871485,151.208069,168.3379226,141.2880258,153.4241181,129.3655648,170.3391575,164.860329,134.2509161,132.5479437,157.4732434,151.9787119,151.615781,133.2877777,139.126955,145.0585884,154.5085229,159.6889255,1,0,0,0,0,3,0,0,1,0,0,0,0,3,0,0,0,3,0,0,1,0,0,0,1,2,0,0,0,3,0,0,1,2,0,0,1,0,0,0,0,2,0,0,0,3,0,0,1,0,0,0,0,3,0,0,0,2,0,0,0,2,0,0,1,0,0,0,0,3,0,0,1,2,0,0,0,2,0,0,318,320,2,0.99375,2,672,2880,2208,0.233333333,858,162,320,158,0.50625,24,510,2880,2370,0.177083333,960,201,2880,2679,0.069791667,960,315,320,5,0.984375,3,777,2240,1463,0.346875,420,1134,2880,1746,0.39375,456,240,2240,2000,0.107142857,774,291,320,29,0.909375,3,183,1920,1737,0.0953125,828,795,2880,2085,0.276041667,681,300,320,20,0.9375,3,1053,2880,1827,0.365625,504,861,1920,1059,0.4484375,447,306,1920,1614,0.159375,756,201,320,119,0.628125,26,684,2880,2196,0.2375,504,708,2240,1532,0.316071429,456,81,1920,1839,0.0421875,960,0
0,train,increment,8,1440.002041,0.013394034,204.4059501,188.9728542,215.2550051,247.000797,183.4329573,217.3148057,176.7850247,205.4509175,209.5419754,186.9804851,193.655389,213.3161513,207.257791,223.3081617,185.0869275,186.6476312,190.6671982,211.1409341,185.4837765,197.8277953,220.8635721,213.1700238,161.7678539,168.8533046,258.5321831,233.1464664,216.8356415,191.7400556,182.8074226,180.1847272,190.5505903,230.8490157,188.5518598,187.6479059,229.3286415,212.2678627,188.0287741,192.4761469,221.3441066,235.7555369,240.7635302,179.4824524,221.0326289,205.4087145,154.2015976,228.8884695,235.7069628,218.6519752,207.6241976,216.4559535,191.8036873,190.830424,218.8107973,204.3623353,219.3096475,217.4891327,184.7693911,204.8732757,183.7734451,217.1925302,214.6825944,215.514174,213.0563454,244.9476743,197.5958614,246.8665009,225.4406054,171.1640963,204.7292522,202.865839,206.2420578,213.2556111,186.7559095,196.9017102,205.7334461,203.3008946,209.7728591,194.9424093,203.7257087,173.4640185,217.6212775,216.2115834,154.5810183,205.3155324,190.9124307,249.0340485,190.8728015,251.8976345,210.6351114,217.0939747,189.3723628,220.1417022,216.6275564,219.7724654,191.9041751,187.2601963,184.0568857,234.2958147,222.0330477,196.7998739,218.4377034,178.381011,220.7298917,185.6274831,199.7592484,211.8418584,193.331219,191.3746855,218.5845318,195.9106859,194.4670344,170.754218,203.8809553,225.3855942,186.1921457,199.4810481,227.9741695,193.6444756,214.2077699,163.4173012,231.4511013,227.956895,189.4977464,180.1966823,225.3881187,200.9953432,199.3153736,169.0130404,192.1265629,199.1347534,209.6705508,219.9273171,1,0,0,0,0,3,0,0,1,0,0,0,0,3,0,0,0,3,0,0,1,0,0,0,1,2,0,0,0,3,0,0,1,2,0,0,1,0,0,0,0,2,0,0,0,3,0,0,1,0,0,0,0,3,0,0,0,2,0,0,0,2,0,0,1,0,0,0,0,3,0,0,1,2,0,0,0,2,0,0,315,320,5,0.984375,3,879,2880,2001,0.305208333,729,228,320,92,0.7125,9,615,2880,2265,0.213541667,960,288,2880,2592,0.1,732,312,320,8,0.975,3,1119,2240,1121,0.499553571,270,1488,2880,1392,0.516666667,279,357,2240,1883,0.159375,297,312,320,8,0.975,3,255,1920,1665,0.1328125,834,954,2880,1926,0.33125,711,288,320,32,0.9,3,1248,2880,1632,0.433333333,387,1065,1920,855,0.5546875,246,420,1920,1500,0.21875,645,315,320,5,0.984375,3,828,2880,2052,0.2875,585,894,2240,1346,0.399107143,246,105,1920,1815,0.0546875,867,1
0,train,increment,9,1620.002392,0.018601961,299.7765359,251.2633212,303.7316646,328.6556759,249.08807,276.6031007,247.7099155,272.9635653,284.6474389,249.173978,260.5260339,290.07454,293.4687321,321.9718245,236.5604981,239.4037189,254.9966178,289.2506753,246.3746713,271.4752184,300.856863,278.6271293,207.7266397,232.2202883,346.2202433,331.1510451,285.6490631,257.8222702,258.5690998,252.27244,260.0024762,319.2308201,235.1619269,263.1653341,280.2284894,281.3502985,247.3792506,271.5093737,300.4857014,315.7432285,319.6309115,235.006422,287.2520251,284.7800507,223.3599515,314.5891628,326.1343737,283.3351302,270.0097402,293.5230652,257.9043691,251.8480492,293.4482098,272.8228022,285.5012751,296.055797,255.7433569,278.2761137,250.5695944,281.9869192,283.5916172,288.1131292,281.2825149,328.908114,253.8112544,335.4947748,303.5181158,230.7831849,275.5079381,277.7917444,271.3337078,272.359924,238.5607103,256.3479667,276.1099916,282.5894874,277.0034863,272.6897734,264.5270171,230.6292676,289.3470701,326.9463349,213.8481613,266.7226108,265.2868496,333.8152405,253.2345629,350.2070758,281.7731602,301.5881814,256.7973736,288.1254282,293.6914854,299.2488262,262.5705367,245.3946515,242.3061544,305.1766937,293.2501025,264.4008274,294.3914376,249.1605958,300.1094057,249.9853956,247.074289,294.0468344,268.7202369,257.9303702,304.5556656,265.8686427,258.01938,226.7005633,279.9489593,297.0284332,262.3007409,260.705991,296.3902218,251.6072462,298.1434542,212.3239783,311.2932329,331.6835711,271.2379363,238.6606653,315.7641513,271.5677153,264.8571507,220.9153714,269.1135801,276.5793525,288.0347914,298.6860182,0,3,0,0,0,3,0,0,1,0,0,0,0,3,0,0,0,3,0,0,0,3,0,0,1,2,0,0,0,3,0,0,1,2,0,0,0,3,0,0,0,2,0,0,0,3,0,0,0,3,0,0,0,3,0,0,0,3,0,0,0,2,0,0,1,0,0,0,0,0,0,9,1,2,0,0,0,2,0,0,828,2880,2052,0.2875,642,1131,2880,1749,0.392708333,600,312,320,8,0.975,3,984,2880,1896,0.341666667,645,273,2880,2607,0.094791667,960,537,2880,2343,0.186458333,621,1041,2240,1199,0.464732143,138,1947,2880,933,0.676041667,99,546,2240,1694,0.24375,417,453,2880,2427,0.157291667,960,303,1920,1617,0.1578125,660,1338,2880,1542,0.464583333,579,366,2880,2514,0.127083333,849,1179,2880,1701,0.409375,426,2076,2880,804,0.720833333,141,684,1920,1236,0.35625,240,294,320,26,0.91875,6,165,8640,8475,0.019097222,960,2001,2240,239,0.893303571,6,1125,1920,795,0.5859375,54,0
0,train,increment,10,1800.001718,0.013586654,423.3900286,317.2126557,441.7256735,437.3694892,323.9826617,378.8974054,345.8597889,368.4508588,379.7244956,351.1715648,353.8876062,366.5255956,388.5241583,435.9358832,319.7521981,317.6044258,331.9995633,388.1837641,346.1160393,341.9726095,421.1804545,375.4845564,294.6881637,325.0969081,422.6862352,438.5792866,411.3699594,345.5318526,359.4315312,333.5888669,365.8407942,424.6414882,313.6996722,355.3142091,354.1615955,366.0495227,342.1898047,341.3820832,403.4461412,427.2275104,439.1647042,296.7049947,375.4299113,386.4076316,295.2176243,416.3765607,442.52821,397.8862222,355.5528266,398.1357753,362.6161671,343.6158427,376.7824182,359.4876954,411.6404438,386.3577399,334.8326901,341.1276275,329.958482,407.494737,370.364037,382.5063194,394.4638161,441.462422,334.5804677,460.0074077,425.0975165,325.7973708,372.5162157,383.6282029,383.7688763,359.1049152,305.8566382,357.5634865,369.2670432,385.1059736,383.4127458,361.2827381,380.8097762,319.8216255,363.0938785,430.3079404,296.8163723,377.5411366,352.186649,429.5591485,337.8615635,484.9473358,380.9422549,401.8309939,342.6819729,398.9487738,413.7044788,439.3629559,349.556232,323.473334,326.0323773,405.1428509,400.0362075,342.1364613,404.2486918,352.9797869,382.4119285,308.2675629,338.3642933,387.7522113,362.0876673,334.3699601,423.044352,352.1944536,332.8561799,332.202587,379.2695635,398.2501823,332.8268323,360.5532795,384.2385788,349.8374088,410.6586315,295.0801838,418.9187062,440.1127705,375.3371558,320.1811696,401.4891514,350.9089632,330.6209842,307.449268,350.3330637,354.8742933,377.3164513,417.8116546,0,3,0,0,0,3,0,0,1,0,0,0,0,3,0,0,0,3,0,0,0,3,0,0,1,2,0,0,0,3,0,0,1,2,0,0,0,3,0,0,0,2,0,0,0,3,0,0,0,3,0,0,0,3,0,0,0,3,0,0,0,2,0,0,1,0,0,0,0,0,0,9,1,2,0,0,0,2,0,0,1077,2880,1803,0.373958333,549,1632,2880,1248,0.566666667,255,315,320,5,0.984375,3,1332,2880,1548,0.4625,600,312,2880,2568,0.108333333,960,1017,2880,1863,0.353125,381,1560,2240,680,0.696428571,24,2814,2880,66,0.977083333,3,738,2240,1502,0.329464286,342,441,2880,2439,0.153125,960,414,1920,1506,0.215625,561,1839,2880,1041,0.638541667,396,702,2880,2178,0.24375,726,2649,2880,231,0.919791667,9,2055,2880,825,0.713541667,27,717,1920,1203,0.3734375,459,318,320,2,0.99375,2,1611,8640,7029,0.186458333,960,1584,2240,656,0.707142857,39,306,1920,1614,0.159375,780,1
0,train,increment,11,1980.001063,0.042341875,586.743424,411.8884586,571.390979,588.2767788,445.8873324,543.5166511,464.7878398,496.6396324,486.9276916,467.9713224,468.7913359,473.6657747,524.567396,566.0428335,449.8170108,440.4048914,469.2377656,502.4635112,457.9271033,465.766801,575.9720698,532.4511861,398.1902405,432.1006574,546.352045,589.9833308,575.4644583,460.6870665,461.3038416,454.612844,512.3374884,564.9218271,439.5307156,487.9921908,471.6033291,462.3774497,469.1746829,454.3820809,536.8023555,574.8341617,615.0659179,398.2008084,496.5882697,513.0335966,381.577828,532.210652,630.3777141,557.5257012,488.1419771,530.4740093,474.0818646,462.6380787,496.3877625,508.0431245,533.1381235,547.4860121,441.5611984,488.5227279,416.6933669,518.6349465,492.493385,523.3207031,541.0279898,611.4415402,449.6133398,662.4375752,610.16517,455.4396295,500.4456912,537.6592863,530.3941956,466.415783,419.3139186,472.5949552,524.9297162,525.5530618,526.4360812,469.1356849,478.1874293,444.3456496,470.5337113,542.0092044,397.2571772,515.9867902,455.6017034,593.1764428,440.5345103,650.958167,524.875127,554.8335199,471.7709989,560.2289086,553.0844406,582.3967003,468.6875963,409.6491703,444.5401906,569.9765891,543.5163767,450.4705674,514.5516417,503.7627838,517.2927173,412.4972478,464.4037872,540.8212323,493.4911093,445.3492769,564.0384938,504.8343272,471.0055051,455.3853192,514.2631083,531.3421755,443.0865256,481.7862012,532.730074,477.5050523,546.9514955,391.4792256,572.9384424,601.8521188,507.8539314,407.7909037,579.9394692,479.3657808,463.5657352,428.8076965,466.474824,477.7475233,508.0239388,576.5559884,0,3,0,0,0,3,0,0,1,0,0,0,0,3,0,0,0,3,0,0,0,3,0,0,1,2,0,0,0,0,0,9,1,2,0,0,0,3,0,0,0,2,0,0,0,3,0,0,0,3,0,0,0,0,0,9,0,3,0,0,0,2,0,0,0,3,0,0,0,0,0,9,1,2,0,0,0,2,0,0,1485,2880,1395,0.515625,312,2139,2880,741,0.742708333,147,312,320,8,0.975,3,1635,2880,1245,0.567708333,264,438,2880,2442,0.152083333,960,1383,2880,1497,0.480208333,96,1938,2240,302,0.865178571,15,3555,8640,5085,0.411458333,960,1008,2240,1232,0.45,54,648,2880,2232,0.225,654,666,1920,1254,0.346875,384,2385,2880,495,0.828125,48,912,2880,1968,0.316666667,537,3195,8640,5445,0.369791667,930,2532,2880,348,0.879166667,9,951,1920,969,0.4953125,96,336,2880,2544,0.116666667,960,1968,8640,6672,0.227777778,960,2190,2240,50,0.977678571,6,555,1920,1365,0.2890625,240,1
0,train,increment,12,2160.000878,0.053602994,795.9748262,562.8690923,817.509042,790.4328369,585.5205248,717.910967,662.6849558,692.2529254,648.248595,631.4936287,592.8544179,636.175397,726.0918917,748.6316141,588.2531545,575.1276876,613.9785684,688.3654272,614.9108871,655.1555658,820.3889252,722.6308686,507.240108,554.7068325,715.0555978,795.2446442,799.1139269,628.9732163,595.0120344,585.7152697,684.860734,726.2920335,603.8880756,667.3844228,680.0260323,639.5510908,654.1351265,647.7587927,702.0346153,796.0929556,843.9024586,525.433168,673.8895773,660.1644152,481.9282466,729.3775015,874.6978169,746.4602013,669.2716325,719.0088828,651.9956212,661.2807799,649.5883217,651.6821384,753.9431273,730.8420173,587.2224789,651.4324525,545.2729857,703.5723861,638.2219829,747.3884856,706.0076307,782.1403935,604.6755263,878.4311113,842.2940221,609.9371623,633.9949759,687.5056326,745.5735339,610.0590268,558.6617293,638.2736419,698.9784018,677.1105249,714.5256952,651.6651375,645.3144474,590.027673,654.8623795,726.1971856,534.0484893,694.8686005,638.0269938,765.8361529,594.7591168,870.2514756,751.9405561,730.6403369,640.4699528,753.8626242,763.8802065,785.859783,627.8917701,530.1142788,591.5204646,778.1121405,748.1938048,598.1360572,716.2878573,709.5655073,676.6120003,559.9594389,608.1434155,720.0932343,632.6531723,600.1236809,750.9469213,689.032965,645.0093809,646.5302493,703.0917334,689.0792957,608.4313987,668.8213236,694.8020835,672.0062451,726.0480907,506.9917127,754.2421672,802.8423983,671.8956325,540.0449135,788.3573895,596.5335018,610.9779117,528.6699663,651.4456854,609.8272732,681.5683785,735.7815415,0,3,0,0,0,3,0,0,1,0,0,0,0,3,0,0,0,3,0,0,0,3,0,0,1,2,0,0,0,0,0,9,1,2,0,0,0,3,0,0,0,2,0,0,0,3,0,0,0,3,0,0,0,0,0,9,0,0,0,9,0,2,0,0,0,3,0,0,0,0,0,9,0,0,0,9,0,2,0,0,2082,2880,798,0.722916667,30,2856,2880,24,0.991666667,3,318,320,2,0.99375,2,1824,2880,1056,0.633333333,48,873,2880,2007,0.303125,372,1986,2880,894,0.689583333,27,2229,2240,11,0.995089286,3,5343,8640,3297,0.618402778,366,1029,2240,1211,0.459375,36,957,2880,1923,0.332291667,918,945,1920,975,0.4921875,45,2874,2880,6,0.997916667,3,1113,2880,1767,0.386458333,105,4737,8640,3903,0.548263889,153,3087,8640,5553,0.357291667,960,1164,1920,756,0.60625,144,948,2880,1932,0.329166667,456,3027,8640,5613,0.350347222,597,2526,8640,6114,0.292361111,960,642,1920,1278,0.334375,51,1
0,train,increment,13,2340.001861,0.075044677,1105.958631,772.0500877,1134.647731,1020.150335,776.8202211,946.6496214,883.3739516,982.593605,834.7372116,826.9292183,780.940058,851.5300498,924.2394757,1039.015853,824.9108466,740.0755318,800.7256104,977.8955892,796.2274373,829.5994852,1065.444125,940.4769017,694.4597884,800.8828543,926.5859882,1119.004792,1112.020874,861.2365576,791.3537265,763.5239556,941.0576544,998.6251271,814.2519041,882.652446,965.5333636,844.9022879,834.2746219,830.0869664,967.8689077,1045.695789,1109.250684,702.1129302,923.7761716,940.9734098,609.3396692,951.8153585,1141.331119,1008.562327,924.1915246,956.3860436,842.1915295,905.4435748,893.3594166,857.4980337,971.6866246,993.6217861,769.6711648,912.0303931,753.5002573,969.0507625,832.4605523,1041.392432,951.6057991,1029.243192,792.8115024,1138.155637,1148.898967,774.3028151,857.2521212,942.6347449,1060.421196,847.5700368,731.149895,872.5524827,945.2131604,893.6822644,952.2959559,893.3838689,888.113477,793.5836555,881.5550516,1029.782552,742.9404863,963.7438647,861.3884826,1116.011708,786.9226668,1096.393112,1003.481131,935.311394,831.0770415,984.6036543,1029.109604,1037.175361,863.5489411,719.3031787,785.3898917,1060.911161,1025.161989,832.3602049,918.702559,908.5590879,940.7110074,766.319917,848.9645801,998.044006,807.5542653,774.6288368,998.8985218,896.3682998,870.3979275,891.8120819,970.4725886,922.0191303,846.0634351,907.4496828,900.0911254,890.1535798,974.4844542,668.2510471,1052.722635,1061.546376,864.8527147,723.8163762,1066.361665,834.0537745,837.6708949,672.1561499,848.6846978,835.3752735,938.9332529,964.6299157,0,3,0,0,0,3,0,0,1,0,0,0,0,3,0,0,0,3,0,0,0,3,0,0,1,2,0,0,0,0,0,9,1,2,0,0,0,3,0,0,0,2,0,0,0,3,0,0,0,3,0,0,0,0,0,9,0,0,0,9,0,2,0,0,0,3,0,0,0,0,0,9,0,0,0,9,0,2,0,0,2355,2880,525,0.817708333,18,2871,2880,9,0.996875,3,318,320,2,0.99375,2,1767,2880,1113,0.613541667,36,1224,2880,1656,0.425,240,2205,2880,675,0.765625,24,2238,2240,2,0.999107143,2,6207,8640,2433,0.718402778,87,1194,2240,1046,0.533035714,30,1275,2880,1605,0.442708333,633,1176,1920,744,0.6125,27,2877,2880,3,0.998958333,3,1365,2880,1515,0.473958333,75,5244,8640,3396,0.606944444,321,3528,8640,5112,0.408333333,693,1653,1920,267,0.8609375,24,1293,2880,1587,0.448958333,168,3498,8640,5142,0.404861111,636,3462,8640,5178,0.400694444,684,435,1920,1485,0.2265625,960,1
1,train,increment,1,180.0406071,0,26.93704967,25.57852155,25.48091461,26.68981248,24.43841577,26.58956609,25.95597806,25.77600776,25.47914602,26.19035716,27.82436677,26.61453755,26.43850482,25.19765264,24.87837313,25.86194281,25.1152638,25.45713506,27.51019682,26.97132867,26.66870263,26.16410459,27.28943204,24.28429333,26.41935802,25.32282017,25.13181396,24.46007056,24.32978799,25.3856835,25.89676276,25.74716727,24.95017234,26.29319753,26.8342677,23.8254958,26.16319143,25.65348748,25.89594848,25.20020827,25.06396892,25.36606697,25.73067814,25.74809182,25.63330018,25.8638938,25.91695577,25.24250051,26.86662101,25.99460609,25.14341764,24.48794661,25.88733779,25.91086121,24.90538248,25.35566451,26.32176232,24.97555819,27.33088035,26.27491925,24.65748765,26.74161075,24.92136531,24.33392816,26.85295998,25.34769986,26.61069431,24.89870569,25.20906807,25.26696111,24.9729566,25.30674457,25.15988845,26.50354269,25.84576032,24.67200515,25.39247922,24.54671292,24.57781453,25.81519393,25.00281623,25.08349221,26.98311236,25.42660498,25.7932393,26.76125009,24.59577518,26.36402788,25.32409027,25.33771425,27.41336196,24.76599229,25.63837995,25.77166158,26.30625649,24.7685973,24.63374234,25.13101581,23.7825543,25.1774262,26.55466183,24.86203645,26.69825123,25.39153442,26.5291789,26.73811931,25.88623292,25.75285645,26.04059663,24.98064592,25.25428832,25.40731961,26.97794113,25.1443849,24.69975774,25.98686595,25.45417794,26.24775336,26.68624705,25.60246379,26.32233295,26.23444268,25.11289488,25.74970423,25.54352631,24.27934655,25.51995422,26.67604837,25.14444443,25.7746896,25.50513105,26.76005624,1,0,0,0,1,0,0,0,1,0,0,0,1,0,0,0,1,0,0,0,1,0,0,0,1,0,0,0,1,0,0,0,1,0,0,0,1,0,0,0,1,0,0,0,1,0,0,0,1,0,0,0,1,0,0,0,1,0,0,0,1,0,0,0,1,0,0,0,1,0,0,0,1,0,0,0,1,0,0,0,63,320,257,0.196875,233,93,320,227,0.290625,50,30,320,290,0.09375,230,93,320,227,0.290625,134,15,320,305,0.046875,269,57,320,263,0.178125,113,93,320,227,0.290625,110,219,320,101,0.684375,50,36,320,284,0.1125,212,48,320,272,0.15,245,24,320,296,0.075,257,126,320,194,0.39375,134,51,320,269,0.159375,143,198,320,122,0.61875,59,126,320,194,0.39375,50,54,320,266,0.16875,245,36,320,284,0.1125,251,120,320,200,0.375,68,120,320,200,0.375,60,21,320,299,0.065625,293,0
1,train,increment,2,360.0138406,0,34.97082353,34.19992493,35.95475077,36.11606161,32.3881232,34.84809925,34.93612268,36.69290451,35.85797626,33.61451792,34.68586266,35.68077754,34.56499747,34.63259686,32.1206791,34.33902069,34.78118636,35.33267644,37.29366166,36.00975055,35.19132749,34.4294551,36.96989259,33.78593815,35.61693484,34.30368049,32.86898217,33.45097718,33.89889009,35.1110231,35.97736856,33.04535646,33.80013415,34.27090364,35.91849959,29.56436112,34.64779606,34.73624991,33.74825155,34.98917806,34.21478898,35.21437152,33.52198133,33.12392073,34.91012308,36.60565584,34.53958007,36.29242689,35.29014024,34.43516009,33.04331688,32.68460934,33.88854658,36.16590529,33.43876427,37.36053407,36.16351836,32.95986565,36.42319506,33.42208241,32.28899898,37.07846113,33.57973723,32.30335331,36.00483688,35.20223529,37.76339491,31.56860676,34.06469994,33.48694766,31.76366582,32.21345512,32.60279179,35.25778704,34.56368566,33.18639126,33.33311696,33.79768562,33.1438437,33.666781,31.89826686,34.45832368,36.23241839,35.27953293,34.1634506,35.98549819,32.45956893,32.93925475,34.0332943,34.58005976,37.36396383,32.30565512,32.91156822,36.01763545,37.61922058,34.71110455,36.03689866,34.96137595,32.89236811,35.64278741,37.00311353,32.88108968,37.29851376,34.94592681,36.25962698,36.01375225,35.85374676,35.49235483,34.08348965,33.5990147,33.01933614,33.43044856,35.96581009,34.84023029,34.10533915,33.54365773,34.14523447,33.60948694,33.61863866,36.36436145,35.14080444,35.37945183,34.64455752,34.03075258,33.88960023,34.11412454,35.4294333,35.04091931,32.31581075,32.48923292,33.64443164,33.98995139,1,0,0,0,1,0,0,0,1,0,0,0,1,0,0,0,1,0,0,0,1,0,0,0,1,0,0,0,1,0,0,0,1,0,0,0,1,0,0,0,1,0,0,0,1,0,0,0,1,0,0,0,1,0,0,0,1,0,0,0,1,0,0,0,1,0,0,0,1,0,0,0,1,0,0,0,1,0,0,0,123,320,197,0.384375,161,150,320,170,0.46875,27,48,320,272,0.15,203,126,320,194,0.39375,137,21,320,299,0.065625,218,81,320,239,0.253125,75,153,320,167,0.478125,24,282,320,38,0.88125,6,45,320,275,0.140625,239,51,320,269,0.159375,221,27,320,293,0.084375,242,144,320,176,0.45,137,60,320,260,0.1875,182,234,320,86,0.73125,12,180,320,140,0.5625,39,54,320,266,0.16875,221,45,320,275,0.140625,251,153,320,167,0.478125,18,162,320,158,0.50625,39,9,320,311,0.028125,311,0
1,train,increment,3,540.051989,0.003698828,48.25090426,43.34711034,48.08180214,47.13903114,44.44354405,46.75468832,45.4360276,49.48732163,48.29590195,45.70466021,46.01783985,48.99027431,46.68996996,44.99294383,44.2638482,45.21835727,48.04047299,46.82000605,51.10435518,46.48247433,45.34049182,49.24111399,50.38343612,47.57696786,49.16570726,44.65830725,41.81943556,45.1676049,45.13352039,48.10076531,48.26934962,43.96696226,44.28329569,45.68930552,48.26343364,38.17874206,46.94112381,50.13864118,44.00433698,46.35706862,46.92230506,43.44300567,47.80611266,42.88544652,49.73351921,49.25619038,45.52190883,48.76617187,49.74733718,45.52758074,43.77938278,43.56522715,46.85948755,48.39327437,49.08308316,50.07209127,49.66421924,43.40353013,46.86883617,44.7646397,40.33698113,49.61545389,45.24965688,41.81121055,47.57924747,47.58418414,50.80470546,43.49823014,47.29378003,46.05632858,42.85756069,43.31732543,43.35629804,45.1500853,46.63842507,48.53070323,46.80306818,45.88984572,41.96919185,44.96171333,43.25433556,47.52911364,51.45473012,44.46704783,44.61572785,48.42327762,43.76850163,44.67279046,46.69478056,46.60692426,49.80593294,41.85181124,44.0788562,49.30499385,49.7768802,45.85473734,45.50150049,49.29998727,43.52930071,48.5657704,48.70413426,42.21315239,51.15689642,46.72831101,50.75030248,50.6750989,50.54746543,46.13203782,43.36347253,42.42975758,45.15983675,43.98773962,46.61423266,46.31101178,43.16864255,47.01390776,44.39777025,44.58831687,42.01126987,51.51830159,47.59655159,45.80965298,48.9107459,45.25576632,44.58770535,46.36918972,49.72979359,45.06473118,43.46926402,45.73833521,42.77014895,45.23713458,1,0,0,0,1,0,0,0,1,0,0,0,1,0,0,0,1,0,0,0,1,0,0,0,1,0,0,0,1,0,0,0,1,0,0,0,1,0,0,0,1,0,0,0,1,0,0,0,1,0,0,0,1,0,0,0,1,0,0,0,1,0,0,0,1,0,0,0,1,0,0,0,1,0,0,0,1,0,0,0,153,320,167,0.478125,128,186,320,134,0.58125,21,42,320,278,0.13125,158,168,320,152,0.525,68,30,320,290,0.09375,251,90,320,230,0.28125,51,129,320,191,0.403125,45,303,320,17,0.946875,6,117,320,203,0.365625,116,78,320,242,0.24375,108,84,320,236,0.2625,53,201,320,119,0.628125,42,84,320,236,0.2625,38,282,320,38,0.88125,3,237,320,83,0.740625,15,135,320,185,0.421875,98,72,320,248,0.225,107,171,320,149,0.534375,24,237,320,83,0.740625,24,30,320,290,0.09375,287,1
1,train,increment,4,720.0242998,0.028043512,65.81905869,60.2987418,64.5811696,58.96703772,59.03878967,65.74875091,57.10752816,67.37033119,62.80986857,59.29284662,62.96958005,66.15747159,62.3535768,57.65815068,54.9276355,60.46634066,66.00733254,63.4094616,71.03346238,65.38815403,59.75339097,65.69666424,68.76220002,64.6820838,68.43193529,61.12232191,55.57789243,62.05359039,61.59223525,66.30648815,61.03542961,57.78712184,60.52405433,62.86925771,69.50762183,49.32266113,59.63941324,72.14607245,56.93633712,60.69664126,63.95071884,59.04671885,68.3293013,55.15691101,63.9262448,66.051623,61.76197173,66.60455284,64.11396154,61.23200222,58.49956992,60.11661745,63.8789008,66.47404698,63.90003514,70.05304235,69.57517779,56.53541236,61.59369029,57.72373001,51.20603927,64.38917955,62.10088515,58.07848221,62.78031212,67.16764186,63.42320977,57.20072473,64.37424264,60.83368117,60.61388844,59.68942188,60.4635171,59.36803557,56.81571357,64.44571993,60.11738933,57.63759158,56.07071837,62.41667498,56.96135521,58.68259847,69.20332294,59.20814149,56.79720322,66.99637156,56.00294675,59.4358659,63.98165665,65.20421305,65.33980127,58.61286383,57.70100774,65.18592654,65.43289135,60.70225706,59.48663075,67.41319479,57.84505163,64.74296293,65.08870321,60.82262195,68.50220774,62.76339906,69.72337628,67.55389243,66.66990011,61.61942941,58.29233162,56.16998493,61.80947679,59.58682887,65.37280972,59.15841259,59.28986892,63.98712359,63.69257269,60.76729424,55.77769366,70.16177983,64.11836649,63.1766069,64.91498103,60.84061484,58.73025477,60.9664461,66.26517704,61.6002663,56.32060828,61.33331408,59.72679739,59.45156045,1,0,0,0,0,3,0,0,1,0,0,0,0,3,0,0,0,3,0,0,1,0,0,0,1,0,0,0,0,3,0,0,1,0,0,0,1,0,0,0,1,0,0,0,0,3,0,0,1,0,0,0,0,3,0,0,1,0,0,0,1,0,0,0,1,0,0,0,0,3,0,0,1,0,0,0,1,0,0,0,195,320,125,0.609375,65,156,2880,2724,0.054166667,960,216,320,104,0.675,15,237,2880,2643,0.082291667,960,102,2880,2778,0.035416667,960,240,320,80,0.75,12,282,320,38,0.88125,6,459,2880,2421,0.159375,828,120,320,200,0.375,27,174,320,146,0.54375,26,114,320,206,0.35625,36,339,2880,2541,0.117708333,807,141,320,179,0.440625,29,429,2880,2451,0.148958333,801,306,320,14,0.95625,3,195,320,125,0.609375,26,72,320,248,0.225,83,231,2880,2649,0.080208333,834,297,320,23,0.928125,3,39,320,281,0.121875,278,1
1,train,increment,5,900.0183979,0.026300319,86.70446817,81.29123414,82.2942928,74.80565693,79.28925426,92.91574382,70.18017407,87.48483408,83.12856647,79.42797236,79.04264493,88.32036447,88.20670288,74.5558181,73.91395686,79.80284807,91.39969487,84.52143671,92.52986947,89.61905567,78.54050174,82.58498142,93.65989553,88.64180635,91.72450034,83.86836816,77.66853514,81.22148946,84.78951901,95.6999449,84.85090718,79.6678554,86.44108191,83.44433409,97.14457205,65.16852676,78.514943,100.2507166,75.75335781,82.52332395,82.64211832,77.39106854,94.20124598,71.39491918,90.81145647,89.34558736,83.09921784,91.90693667,83.1908849,82.36185063,81.31115348,81.06939558,87.09522432,85.19910022,92.22590303,87.1552206,96.12568969,77.30798671,83.35252926,75.67697194,66.51506477,84.02988871,85.58203784,74.7182125,88.59869747,86.95167558,83.31475773,72.04729586,89.82325222,76.89370487,81.45191273,78.50550919,82.08220387,81.13150743,75.30349577,88.59917818,82.29164319,79.38953868,79.53549057,85.02395613,77.34137266,81.76129149,94.06144942,75.71081978,77.97505701,92.3207554,74.91996877,80.90870312,83.68667725,87.33786283,85.49888177,80.58379732,78.65167069,87.66348211,82.56681761,80.73840193,73.75014375,91.05363608,77.76476699,92.86667864,85.56514878,84.5577754,92.12384291,82.7922177,93.30139612,93.93233758,88.31672898,82.48496649,75.16919155,72.62479403,79.05318181,77.07214703,84.13822105,78.65967405,76.35892027,87.75234475,90.75666607,83.49548233,73.68934636,97.54263203,92.41178851,84.93104319,89.97818155,78.98974914,77.64308727,77.71587976,84.7614416,83.81447775,80.18558002,76.96058204,77.68217488,82.99955593,1,0,0,0,0,3,0,0,1,0,0,0,0,3,0,0,0,3,0,0,1,0,0,0,0,2,0,0,0,3,0,0,0,2,0,0,0,2,0,0,1,0,0,0,0,3,0,0,1,0,0,0,0,3,0,0,0,2,0,0,1,2,0,0,1,0,0,0,0,3,0,0,1,2,0,0,0,2,0,0,225,320,95,0.703125,53,300,2880,2580,0.104166667,960,150,320,170,0.46875,26,294,2880,2586,0.102083333,960,87,2880,2793,0.030208333,960,231,320,89,0.721875,15,318,1920,1602,0.165625,702,678,2880,2202,0.235416667,681,201,1920,1719,0.1046875,660,57,1920,1863,0.0296875,960,60,320,260,0.1875,230,381,2880,2499,0.132291667,816,189,320,131,0.590625,12,546,2880,2334,0.189583333,711,462,1920,1458,0.240625,663,189,2240,2051,0.084375,861,165,320,155,0.515625,47,351,2880,2529,0.121875,774,420,2240,1820,0.1875,663,33,1920,1887,0.0171875,960,0
1,train,increment,6,1080.000595,0.01808563,110.0816095,112.9970425,112.4385705,101.079779,113.3653238,125.1358122,90.57489188,121.6408668,113.0298227,104.6646819,107.8927147,123.1290727,118.3129182,97.95345436,102.8627482,105.1481086,117.35481,110.1147495,131.846129,118.9609691,104.0634144,105.8510936,121.8389613,121.3276801,123.2055278,119.5678507,113.2290072,105.1967531,119.5277336,128.724475,119.6039058,109.3284612,109.3655403,115.1433946,137.2257173,89.29518658,115.2877059,134.5026232,95.64232003,110.0763608,111.1599198,104.9265826,118.0760038,90.55510418,121.8666358,113.058914,114.9138204,118.8083567,110.6614233,110.3104839,113.3285159,109.3842173,113.4335169,113.8779326,124.6316199,123.2523695,129.2455422,99.70682848,109.1597008,97.34998814,97.98967725,113.7914818,118.0496411,108.5401249,122.0412788,116.3886339,113.8851248,91.06992773,130.9490416,105.7294214,107.182416,99.8136882,117.4574139,109.7502979,100.724053,116.2489216,107.4039727,103.5284124,109.4793101,115.2786318,105.5284423,111.6564187,133.1229063,95.76133405,103.4820807,121.7377354,99.95643287,105.0136256,108.1394301,113.4043766,115.6170373,108.218668,112.0353705,112.2445902,108.953805,107.4565142,99.50865344,122.4012843,98.69557727,133.0028293,113.5792521,107.4614532,118.4314924,108.7299675,130.1172079,126.1647243,122.0384771,110.8970178,101.2527655,100.7469606,106.953238,107.050667,110.8561827,105.7917317,102.780653,121.1539181,119.6097805,114.2024333,107.3341747,131.9530617,118.159369,120.3406119,124.3228729,106.3773622,108.3926509,99.79212035,115.0126496,108.4668455,112.0983682,98.19580113,98.22318551,119.0685417,1,0,0,0,0,3,0,0,1,0,0,0,0,3,0,0,0,3,0,0,1,0,0,0,0,2,0,0,0,3,0,0,0,2,0,0,0,2,0,0,1,0,0,0,0,3,0,0,1,0,0,0,0,3,0,0,0,2,0,0,1,2,0,0,1,0,0,0,0,3,0,0,1,2,0,0,0,2,0,0,297,320,23,0.928125,14,390,2880,2490,0.135416667,960,138,320,182,0.43125,15,402,2880,2478,0.139583333,960,123,2880,2757,0.042708333,960,276,320,44,0.8625,9,510,1920,1410,0.265625,576,864,2880,2016,0.3,597,195,1920,1725,0.1015625,771,123,1920,1797,0.0640625,960,171,320,149,0.534375,98,525,2880,2355,0.182291667,864,195,320,125,0.609375,15,753,2880,2127,0.261458333,657,564,1920,1356,0.29375,591,171,2240,2069,0.076339286,849,159,320,161,0.496875,36,474,2880,2406,0.164583333,693,483,2240,1757,0.215625,600,36,1920,1884,0.01875,960,0
1,train,increment,7,1260.021188,0.013104115,146.1114733,148.2309839,145.0990402,132.4096955,153.5808582,163.266259,120.7163286,165.2625799,152.5566274,135.0921505,145.8809326,158.1832224,164.4634285,127.0630785,144.1279184,141.632544,154.8485694,144.6092757,170.6800064,163.2997504,140.9638886,147.6108891,168.1152289,169.3218365,174.8694857,165.2163775,162.6214919,139.4163931,170.0196055,169.908539,169.6818042,148.5331761,149.154326,162.4996137,184.0127951,112.3558616,150.5458091,187.9958332,124.3089668,145.2864996,148.7830712,137.1714576,152.3164895,122.0032525,163.739945,157.7507924,157.2863765,156.2714856,148.4089062,147.8021321,156.4517889,148.0087446,147.7705486,149.9236188,175.5894465,165.4194939,175.2812339,133.3112558,149.4726385,139.8408308,127.5540936,148.8142745,162.2920454,155.4323926,166.3317943,150.0951312,148.3332996,121.9079868,186.9429541,145.7135737,142.2040435,134.084123,161.6165081,150.5529581,134.4292847,157.1700939,139.4715843,151.2746003,146.2191269,158.6111452,152.812461,147.9130191,183.2900588,128.2017273,145.6412609,165.0385474,133.9409886,140.7101285,148.2000881,146.0958287,168.1586273,143.3971221,154.2962178,151.7794936,147.3899275,133.9716889,132.4577909,156.588516,126.814476,182.3363262,154.5431574,145.320928,160.5282864,140.6244516,176.7196348,174.6462754,163.9030778,156.9710376,142.3886504,140.1233298,143.4484766,139.1356119,148.7324369,139.3285072,145.4216005,170.8448797,163.2936889,158.9703681,142.4211019,183.4845762,162.2194321,161.7730616,171.9219873,140.8377899,141.6052093,136.4002305,154.9147603,156.3967524,156.4917514,129.8494776,132.6391445,157.4616726,1,0,0,0,0,3,0,0,1,0,0,0,0,3,0,0,0,3,0,0,1,0,0,0,0,2,0,0,0,3,0,0,0,2,0,0,0,2,0,0,1,0,0,0,0,3,0,0,1,0,0,0,0,3,0,0,0,2,0,0,1,2,0,0,1,0,0,0,0,3,0,0,1,2,0,0,0,2,0,0,303,320,17,0.946875,6,645,2880,2235,0.223958333,870,186,320,134,0.58125,15,549,2880,2331,0.190625,960,228,2880,2652,0.079166667,897,309,320,11,0.965625,3,747,1920,1173,0.3890625,411,1158,2880,1722,0.402083333,465,246,1920,1674,0.128125,657,201,1920,1719,0.1046875,960,186,320,134,0.58125,71,840,2880,2040,0.291666667,648,279,320,41,0.871875,6,999,2880,1881,0.346875,474,864,1920,1056,0.45,417,264,2240,1976,0.117857143,786,231,320,89,0.721875,48,702,2880,2178,0.24375,636,702,2240,1538,0.313392857,471,72,1920,1848,0.0375,960,0
1,train,increment,8,1440.001112,0.012262763,197.1324242,182.5089597,197.3680964,176.6649707,214.3698869,218.6940962,169.8256445,220.7551781,203.2941775,177.8385686,195.9459847,220.5412939,210.5853458,171.1938134,189.0783978,178.2262915,209.1160827,190.3605684,235.5762609,213.0512152,204.5411403,200.6371826,235.6244507,220.8339803,244.0511905,224.3065546,219.4502055,191.2443914,240.5213177,247.1999615,221.5715773,201.6272953,201.6833351,212.0510209,241.1007784,143.5256399,195.0697439,252.8165714,165.792595,189.7904217,203.03055,180.9130384,206.9069286,160.3942104,221.7023913,214.0600607,204.1362549,206.2288455,205.423746,195.4416391,202.685079,194.7721618,197.2260114,199.2558244,229.3339957,212.2417416,238.1594578,174.2350397,193.9599054,185.6595851,174.1440188,199.0880403,218.5809535,193.1904964,231.3675713,198.8007465,192.3741736,164.4485036,234.3403147,184.2582238,201.5898799,170.7961979,212.6099805,205.3167632,179.3591014,209.1949601,184.4382734,213.1710882,194.6642486,207.6915713,202.4025027,189.9962156,244.845138,168.5680983,209.6956955,218.2937829,183.8150536,187.6299501,204.8703553,199.7099732,225.251605,189.5254399,209.378662,202.3752393,201.3760205,180.7835757,175.4940229,208.8997645,166.3051822,247.8062762,203.4948422,186.3505119,216.2795743,188.1782799,236.8848111,245.2294732,212.7502444,224.3379363,194.4560692,192.6739962,190.7584406,184.1166899,202.2179564,189.5987604,193.0387065,225.0608806,225.7018787,216.5726054,191.4988682,251.6623624,216.9507978,209.0487443,233.4611111,192.4219058,190.9102249,179.3927135,218.8563327,208.2981394,201.3432251,173.3103695,171.4983004,214.4767838,1,0,0,0,0,3,0,0,1,0,0,0,0,3,0,0,0,3,0,0,1,0,0,0,0,2,0,0,0,3,0,0,0,2,0,0,0,2,0,0,1,0,0,0,0,3,0,0,1,0,0,0,0,3,0,0,0,2,0,0,1,2,0,0,1,0,0,0,0,3,0,0,1,2,0,0,0,2,0,0,318,320,2,0.99375,2,966,2880,1914,0.335416667,690,216,320,104,0.675,15,633,2880,2247,0.219791667,960,360,2880,2520,0.125,960,315,320,5,0.984375,3,1056,1920,864,0.55,150,1551,2880,1329,0.538541667,315,426,1920,1494,0.221875,222,381,1920,1539,0.1984375,648,249,320,71,0.778125,12,1044,2880,1836,0.3625,642,303,320,17,0.946875,3,1362,2880,1518,0.472916667,384,1155,1920,765,0.6015625,231,468,2240,1772,0.208928571,654,303,320,17,0.946875,6,882,2880,1998,0.30625,627,885,2240,1355,0.395089286,231,150,1920,1770,0.078125,879,1
1,train,increment,9,1620.005663,0.011751542,288.4595613,248.5262842,282.473542,239.799791,289.3674545,277.1236925,229.0085271,302.1314344,278.2609058,232.2822175,249.9328189,295.3058904,284.8728968,246.1541723,248.7247425,260.5072757,294.7711364,257.9530879,327.102393,271.3407039,278.7961061,280.7546216,309.6490331,319.7248466,341.1990082,297.9900189,293.6274715,249.2091901,314.7390413,345.353405,307.4710935,262.7178362,274.8146533,276.3133914,323.8595357,200.133312,253.8198011,320.2119466,211.6464436,250.5272108,276.8941702,243.7600038,281.4503172,205.5607512,308.8251616,301.4730897,282.1203794,275.5243025,272.4789581,256.14657,279.2776278,252.7739885,274.1902614,265.7348384,299.4745942,292.6443931,300.7890843,230.3852043,250.8059832,237.3686833,222.7823208,259.0048107,280.1723052,246.7837746,308.3267422,272.5354763,257.5499624,233.8632442,307.4616488,252.2427903,282.492686,228.1946619,292.1706782,289.9880346,252.5575528,261.8104835,255.3126825,263.3094249,266.8111413,268.9605032,277.7317069,250.4911688,337.0998291,233.7328098,270.1060402,282.9206089,254.7147074,257.0273719,274.9750245,275.5855308,301.098575,254.5213107,283.6999113,280.2355022,269.371994,244.5289001,219.5130786,289.4838416,232.2377575,339.2698147,284.6709777,252.0568947,291.665278,254.4850055,326.0585502,330.5799224,269.1542288,303.4603439,262.6943385,263.6869769,262.2776795,254.1538555,263.4090629,250.5953487,255.3336178,299.7045821,306.5876476,296.3705715,274.7759957,346.465425,276.756121,296.0079737,327.3676165,249.7093167,250.5842583,261.2084778,305.8089612,281.4409994,261.976947,241.0856003,223.406648,302.543123,1,0,0,0,0,3,0,0,0,3,0,0,0,3,0,0,0,0,0,9,0,3,0,0,0,2,0,0,0,3,0,0,0,2,0,0,0,3,0,0,0,3,0,0,0,3,0,0,1,0,0,0,0,3,0,0,0,3,0,0,1,2,0,0,1,0,0,0,0,3,0,0,1,2,0,0,0,2,0,0,318,320,2,0.99375,2,1134,2880,1746,0.39375,717,201,2880,2679,0.069791667,960,864,2880,2016,0.3,684,372,8640,8268,0.043055556,960,681,2880,2199,0.236458333,423,1617,1920,303,0.8421875,24,2361,2880,519,0.819791667,75,621,1920,1299,0.3234375,153,468,2880,2412,0.1625,960,453,2880,2427,0.157291667,960,1293,2880,1587,0.448958333,660,315,320,5,0.984375,3,2121,2880,759,0.736458333,45,1539,2880,1341,0.534375,111,654,2240,1586,0.291964286,600,318,320,2,0.99375,2,1320,2880,1560,0.458333333,201,1236,2240,1004,0.551785714,48,204,1920,1716,0.10625,801,0
1,train,increment,10,1800.007335,0.010046729,369.3064821,330.5341137,388.654524,331.7094285,390.2475438,372.8882495,315.9433364,413.7132125,391.7396787,301.7265401,364.3776463,404.1525002,404.9391618,316.3149871,360.5166648,336.572099,405.1239249,347.4996669,443.1724296,354.7096966,362.5498483,365.6804827,422.1040001,419.9663562,466.816543,387.6425763,395.8519687,350.3342262,402.8493801,467.4209898,427.3772318,349.5171932,376.8523072,374.5199685,434.7004585,270.7941651,332.9211642,413.5381791,285.5805091,335.6994621,355.172216,307.6305445,389.040827,270.1844546,408.3570704,380.9037708,400.8066883,345.8833848,372.1246662,353.2586119,375.2064217,337.0831172,373.6806105,358.3148328,407.9181301,406.6195335,408.6209699,312.1865757,352.9521279,315.161016,314.643268,347.4155047,367.3206076,345.7155107,420.1440651,377.7625169,357.6884586,304.8430998,394.0209261,337.0054426,374.2953423,295.7389951,387.6794838,386.5083226,341.6489521,360.3677539,337.5032644,370.4797615,343.2352536,360.5108144,360.0143694,333.3598585,430.9697894,304.4631718,349.4108277,393.3591815,332.6470844,340.4969198,366.6669085,373.8700545,400.0156123,330.7062169,375.2694003,409.8194512,376.3010772,339.1460379,301.97913,358.5839896,291.0156409,448.3349818,381.2320856,328.9815561,371.0734112,327.6831623,428.403161,444.9496246,376.3897653,399.7261917,366.214659,355.1115204,339.2120897,332.783534,375.0939682,332.3732643,363.8410879,374.0142906,419.2786707,385.9811144,349.730865,476.1361279,377.8772998,381.2772468,426.0929837,324.3534354,356.3920776,358.4324815,407.1973234,391.3268707,345.3905731,323.2748933,313.3364992,408.7344355,1,0,0,0,0,3,0,0,0,3,0,0,0,3,0,0,0,0,0,9,0,3,0,0,0,2,0,0,0,3,0,0,0,2,0,0,0,3,0,0,0,3,0,0,0,3,0,0,1,0,0,0,0,3,0,0,0,3,0,0,1,2,0,0,1,0,0,0,0,3,0,0,1,2,0,0,0,2,0,0,318,320,2,0.99375,2,1563,2880,1317,0.542708333,321,255,2880,2625,0.088541667,960,1074,2880,1806,0.372916667,915,591,8640,8049,0.068402778,960,1080,2880,1800,0.375,135,1902,1920,18,0.990625,3,2526,2880,354,0.877083333,9,894,1920,1026,0.465625,84,525,2880,2355,0.182291667,960,942,2880,1938,0.327083333,267,2052,2880,828,0.7125,351,309,320,11,0.965625,3,2433,2880,447,0.844791667,21,1974,2880,906,0.685416667,36,855,2240,1385,0.381696429,429,312,320,8,0.975,3,1557,2880,1323,0.540625,63,1644,2240,596,0.733928571,21,333,1920,1587,0.1734375,645,1
1,train,increment,11,1980.000793,0.014896247,499.4765057,451.29759,498.441564,455.4262218,523.888285,498.7688546,442.0098851,544.1120258,528.5625573,402.9660781,510.7820462,560.6451325,544.5559994,422.3648861,468.0984636,438.5989869,541.4526858,485.3783048,576.7506356,495.8270971,479.8593378,471.1294099,567.9378915,546.794303,594.3242361,553.4359543,516.1261947,467.1848298,546.3789372,630.9757204,589.3415421,440.7727626,509.227603,472.9993691,597.2500654,371.1349868,434.3523138,598.911482,389.4892975,431.9790212,494.0936777,434.2759337,519.6763388,365.2700263,526.745393,501.7970603,517.2694575,456.8406627,500.1763378,459.07146,492.3911371,450.0926527,489.1244521,503.2858447,520.1635398,539.9636737,560.5044681,435.2969457,488.5047444,399.9724341,419.3597266,474.4120784,518.0599194,481.1241577,579.7094443,519.6670654,443.8182647,403.4798888,487.5429476,467.1216116,491.9713687,383.6725657,486.3997796,488.6724682,479.6279384,484.6996305,449.8450859,478.3278275,441.6593419,483.711665,500.588492,447.3584041,575.4565638,403.278708,484.5636245,533.9808381,441.0614499,466.8915426,500.8146158,500.0014476,569.6234017,460.8489492,531.1041531,543.2326725,508.1986903,455.8499098,418.6867166,464.1707477,382.1002128,637.60692,529.2043332,450.787716,490.6149197,440.0020442,569.5457659,592.9375806,512.9357025,506.3938527,494.2537834,486.6645048,446.1006884,437.8528961,499.6711861,443.75835,464.3580968,490.1148109,561.5023788,528.4223369,487.4979096,667.3724339,543.817132,538.8580244,582.8945956,436.1756074,457.2312418,464.6723779,548.7687517,522.2541592,483.9395112,440.5558024,443.8906959,555.715339,0,3,0,0,0,3,0,0,0,3,0,0,0,0,0,9,0,0,0,9,0,3,0,0,0,3,0,0,0,3,0,0,0,3,0,0,0,3,0,0,0,3,0,0,0,3,0,0,0,3,0,0,0,3,0,0,0,3,0,0,1,2,0,0,1,0,0,0,0,3,0,0,1,2,0,0,0,2,0,0,1281,2880,1599,0.444791667,417,2025,2880,855,0.703125,60,585,2880,2295,0.203125,738,1434,8640,7206,0.165972222,960,636,8640,8004,0.073611111,960,942,2880,1938,0.327083333,138,1833,2880,1047,0.636458333,21,2754,2880,126,0.95625,3,1428,2880,1452,0.495833333,123,789,2880,2091,0.273958333,771,837,2880,2043,0.290625,114,2421,2880,459,0.840625,12,1350,2880,1530,0.46875,321,2880,2880,0,1,0,2427,2880,453,0.842708333,12,1248,2240,992,0.557142857,45,318,320,2,0.99375,2,1860,2880,1020,0.645833333,45,2229,2240,11,0.995089286,3,621,1920,1299,0.3234375,204,1
1,train,increment,12,2160.000131,0.03744318,667.812799,609.4845466,638.0803637,585.7147895,712.9340361,664.5557455,623.0179077,761.215185,700.899075,546.4623942,697.1845391,729.0344135,680.6963411,588.1849254,624.9761312,612.0538399,765.3117187,673.1802687,806.7227447,670.737068,667.1894842,608.0316465,768.8116978,758.0989719,781.2894584,780.5244254,675.3399584,621.3891753,756.7268696,872.2957831,783.6398974,577.0984792,666.4045526,646.2723563,771.5017896,475.5446517,536.7872542,786.9334081,544.7024836,589.579776,674.8380252,557.6192391,683.9668545,509.5488744,726.208979,645.9359713,675.8881093,605.5444647,730.6238386,639.2565733,641.4543649,594.2447603,654.5530792,673.4225601,718.8379742,712.1253856,719.3214774,582.858065,611.3895835,543.1287427,558.5496634,636.4408269,701.4037667,646.760768,781.3241957,739.4164003,605.5300481,581.8892493,633.7279846,643.2967825,657.8041879,516.3270566,667.1536404,661.6268451,645.240668,656.8426619,595.3946779,641.7610152,583.6040705,680.2317375,663.7695306,615.569352,713.4368023,563.1856065,608.7796094,701.6735694,620.4191552,616.0216574,674.5851783,674.4313881,803.4938843,614.8316733,719.270073,692.3540359,750.4704794,600.900534,570.1828638,624.0566098,507.6570258,826.7909494,696.8671169,609.6263216,658.1256813,568.1499396,754.7841546,861.4304453,730.9617744,687.435062,685.7849758,663.4905899,588.7001783,572.9643772,694.8874456,591.0800478,660.2634793,649.6217482,737.4493651,719.1689032,653.9956278,914.7279974,739.466529,706.3378631,748.8602082,546.8560652,605.4640391,618.1712646,729.0227791,707.1703343,605.6154329,587.2184965,584.4169566,711.8348304,0,3,0,0,0,3,0,0,0,3,0,0,0,0,0,9,0,0,0,9,0,3,0,0,0,3,0,0,0,3,0,0,0,3,0,0,0,3,0,0,0,3,0,0,0,3,0,0,0,3,0,0,0,3,0,0,0,3,0,0,1,2,0,0,1,0,0,0,0,3,0,0,1,2,0,0,0,2,0,0,2127,2880,753,0.738541667,66,2193,2880,687,0.761458333,27,885,2880,1995,0.307291667,381,1917,8640,6723,0.221875,960,540,8640,8100,0.0625,960,1302,2880,1578,0.452083333,243,2085,2880,795,0.723958333,33,2784,2880,96,0.966666667,3,1896,2880,984,0.658333333,30,1158,2880,1722,0.402083333,234,789,2880,2091,0.273958333,396,2553,2880,327,0.886458333,9,1560,2880,1320,0.541666667,162,2865,2880,15,0.994791667,3,2562,2880,318,0.889583333,6,1746,2240,494,0.779464286,33,315,320,5,0.984375,3,1917,2880,963,0.665625,42,2229,2240,11,0.995089286,3,894,1920,1026,0.465625,219,1
1,train,increment,13,2340.000204,0.074712761,890.1198053,844.5165676,886.734078,777.9060415,909.812541,893.2070279,859.7577104,1041.429038,944.0841837,752.7514902,951.9073753,959.4717963,942.0092831,822.1179243,869.0117026,860.7825783,1043.291337,867.1409359,1054.544852,866.510698,901.8015925,827.5129517,1055.358613,981.3765532,1044.755367,1092.053416,880.9648991,839.9841485,1082.793667,1199.53743,1049.475789,784.5112398,930.2059313,859.3164921,993.1801959,635.530544,733.0944057,1028.38572,723.0957387,796.1699718,942.5449162,741.8529153,920.7539346,670.1353808,978.2909696,932.1683297,917.5207005,843.4682017,1014.467697,911.0364531,882.8297848,811.4333931,876.2048219,922.4901638,927.4002521,987.3877855,938.5161779,779.4504282,786.6973283,680.7549207,712.7196422,900.4420183,881.2332109,855.5765059,987.2819817,1027.846815,848.8471596,794.6499717,818.9087032,839.9736498,904.5891327,682.4702105,933.321417,857.5115328,850.2326037,875.9983074,759.3020788,823.4341023,783.1566892,934.9099588,895.5046284,872.2790481,962.5600589,776.8524007,803.6815462,906.5981287,859.3889598,852.8970018,904.8926463,917.5266006,1082.220591,840.0130336,942.6888086,964.5381006,990.8815921,801.96848,810.5960091,862.8115336,684.6560983,1025.153978,953.8672123,855.7306099,834.6453352,762.8503093,969.2412208,1148.619512,997.6252074,909.6974489,906.5012889,890.0040131,825.3215811,743.2218985,912.8097025,780.192371,952.1503153,911.6445543,994.3570591,941.3466149,860.3372905,1270.772421,989.0274178,991.3417312,984.5115173,775.4023952,842.3708227,820.4798326,1006.138677,937.3902841,847.9512931,767.6159113,810.0834755,945.9174122,0,3,0,0,0,3,0,0,0,3,0,0,0,0,0,9,0,0,0,9,0,3,0,0,0,3,0,0,0,3,0,0,0,3,0,0,0,3,0,0,0,3,0,0,0,3,0,0,0,3,0,0,0,3,0,0,0,3,0,0,1,2,0,0,1,0,0,0,0,3,0,0,1,2,0,0,0,2,0,0,2730,2880,150,0.947916667,9,2538,2880,342,0.88125,12,1365,2880,1515,0.473958333,156,2094,8640,6546,0.242361111,960,768,8640,7872,0.088888889,960,1404,2880,1476,0.4875,174,2589,2880,291,0.898958333,12,2838,2880,42,0.985416667,3,2469,2880,411,0.857291667,12,1578,2880,1302,0.547916667,192,1176,2880,1704,0.408333333,156,2727,2880,153,0.946875,6,2283,2880,597,0.792708333,21,2874,2880,6,0.997916667,3,2637,2880,243,0.915625,9,2055,2240,185,0.917410714,6,318,320,2,0.99375,2,2109,2880,771,0.732291667,24,2229,2240,11,0.995089286,3,1173,1920,747,0.6109375,30,1
2,train,increment,1,180.069861,0,27.13614332,26.0433628,25.60202937,25.66019181,25.91805752,25.81192654,26.7059901,26.09216634,25.35814598,24.71810943,23.7274626,25.1930252,26.08879078,24.91100736,25.45975293,26.8586136,27.51567958,24.53830316,26.8313796,25.95913196,27.28718508,24.54984978,26.50255458,24.70032838,25.28833959,27.07265484,25.88568254,24.95878928,26.45929288,26.48632162,25.18442659,25.05146061,25.15969178,25.04139408,24.76788044,25.54373146,24.19424103,23.99404381,25.66446231,24.31232367,25.10326974,26.12508504,24.01626212,26.04864137,23.44906485,25.14556594,26.17673533,25.29703732,26.32708111,25.17671634,26.12219156,25.35134389,24.48972037,27.56400762,25.59272205,23.71558267,25.44806469,24.26116805,24.83697905,25.72877664,25.59549586,25.25431245,24.72177071,26.95284511,26.03239299,25.33865556,24.74609653,24.34858146,24.40893445,23.68418535,25.19302759,26.27947959,25.52249375,24.54505738,24.93809966,24.95396593,25.39600883,25.41736761,24.28329126,26.05199357,25.40188197,26.72527227,24.36979434,25.15543306,25.36024884,25.38680059,24.30702557,25.55679281,26.07398072,24.92004042,24.29556983,24.23889355,26.32243315,24.75941984,25.8718741,24.94442122,25.28710468,24.34164079,25.38083382,25.32969148,25.45434382,26.57170046,24.54855307,25.60488183,25.63559718,26.01835762,25.18460113,25.91958162,24.63072866,25.88180381,26.01582872,26.35624553,25.68500985,25.91081488,26.85029051,25.44356766,25.14222311,26.22614069,25.443745,26.34289299,25.7424863,24.80876826,25.56799905,27.08803798,26.0749476,27.19208327,27.00455447,24.75627568,25.19324131,25.91701175,24.91306973,25.51970209,1,0,0,0,1,0,0,0,1,0,0,0,1,0,0,0,1,0,0,0,1,0,0,0,1,0,0,0,1,0,0,0,1,0,0,0,1,0,0,0,1,0,0,0,1,0,0,0,1,0,0,0,1,0,0,0,1,0,0,0,1,0,0,0,1,0,0,0,1,0,0,0,1,0,0,0,1,0,0,0,87,320,233,0.271875,221,108,320,212,0.3375,110,42,320,278,0.13125,215,84,320,236,0.2625,182,18,320,302,0.05625,245,60,320,260,0.1875,53,117,320,203,0.365625,42,174,320,146,0.54375,110,51,320,269,0.159375,233,36,320,284,0.1125,269,18,320,302,0.05625,263,102,320,218,0.31875,182,45,320,275,0.140625,227,150,320,170,0.46875,110,141,320,179,0.440625,149,36,320,284,0.1125,269,30,320,290,0.09375,239,87,320,233,0.271875,125,111,320,209,0.346875,149,12,320,308,0.0375,302,0
2,train,increment,2,360.0065549,0.000345662,35.29643519,33.27533743,35.05232622,35.28651142,34.06502454,34.13422887,35.96892853,36.29720712,34.19557593,32.24734379,30.60753942,32.0747222,32.71586071,33.21166818,32.65511111,34.8584077,37.15253512,32.38923159,36.15137778,34.0498361,35.59989907,33.30712772,35.91690921,31.33056343,33.24515003,34.47722373,33.03640799,31.80351344,34.98400634,35.8230916,32.66609014,32.4983209,35.9867322,35.94473118,34.68654922,36.03900043,32.28240863,32.50321256,33.62710901,31.55818811,34.19238926,34.46776569,33.60047562,37.4817728,31.42432525,35.02216435,35.59327473,33.32033443,35.8777297,33.00697652,34.06636421,34.32579807,33.32807937,34.93074148,34.7102339,31.97882196,35.73676743,34.62522243,33.59975203,35.37889014,33.73877131,33.96903067,31.90242275,35.80731664,36.30500252,31.94139448,32.67359053,31.04888967,34.04386177,30.6673416,35.35852238,36.11366048,34.01261008,32.24217054,35.40764223,31.36224738,32.74036048,32.86862301,34.6891257,34.85717331,35.44115748,37.67441819,32.28245385,31.67696837,33.11731166,36.00826193,31.1238328,33.67241063,34.88844793,34.2084291,33.25778929,32.77048675,36.13207728,32.17934739,31.98648725,34.4052739,36.94020651,34.64685672,34.41172496,33.68700113,33.04673246,35.55709967,33.70798438,33.38154374,36.9228206,33.31143712,33.63225543,36.50002415,35.01790144,35.13250773,35.20719928,36.15105499,33.57639001,36.08378049,36.43894527,32.39103553,33.35669777,33.15481948,34.48022851,34.21895699,34.3992094,35.13956588,35.39130173,37.9345065,36.37575707,38.0960524,37.71308424,32.84345587,35.30565731,33.26185264,32.96390102,33.65480714,1,0,0,0,1,0,0,0,1,0,0,0,1,0,0,0,1,0,0,0,1,0,0,0,1,0,0,0,1,0,0,0,1,0,0,0,1,0,0,0,1,0,0,0,1,0,0,0,1,0,0,0,1,0,0,0,1,0,0,0,1,0,0,0,1,0,0,0,1,0,0,0,1,0,0,0,1,0,0,0,108,320,212,0.3375,200,105,320,215,0.328125,51,48,320,272,0.15,230,99,320,221,0.309375,72,45,320,275,0.140625,212,78,320,242,0.24375,56,171,320,149,0.534375,20,279,320,41,0.871875,9,84,320,236,0.2625,170,27,320,293,0.084375,155,33,320,287,0.103125,173,180,320,140,0.5625,45,54,320,266,0.16875,137,297,320,23,0.928125,6,159,320,161,0.496875,36,69,320,251,0.215625,170,48,320,272,0.15,233,189,320,131,0.590625,12,153,320,167,0.478125,42,12,320,308,0.0375,302,0
2,train,increment,3,540.0053482,0.002689854,47.35620285,44.62032856,49.39014269,48.36686946,45.96770391,45.34721664,50.00615723,46.34364409,42.50999836,43.57660943,40.08703873,43.20501093,44.21315584,43.4021469,44.55108446,45.95301387,51.01807241,45.79410876,49.77423262,46.12334008,49.47772021,45.45205818,47.99872482,44.1030335,43.45776407,44.61676651,41.48902387,43.58904211,47.18995972,46.87076917,44.88198777,45.95066237,51.33172177,48.72443017,45.67154865,44.71732102,42.47130383,43.30345801,43.59727571,40.75174669,45.10929533,48.1704165,43.7558964,51.53316442,43.7588521,44.18075256,48.57594293,46.71675925,48.03913835,42.9291015,48.90610133,48.16332627,44.23852632,44.87901636,45.84728495,43.97758722,52.33729268,45.23652535,44.21302644,47.45857954,47.30819144,45.80256617,41.74050992,44.06057616,48.44160577,45.76797149,44.97516303,39.83240265,45.60177309,40.98615684,47.6562261,50.61991198,43.28011238,43.498613,50.19702291,42.72754996,45.48687878,45.58144865,46.291515,46.48062536,47.76335768,51.58677648,43.79166391,41.06008418,43.39405413,49.27733615,41.27439971,45.5078759,45.80787629,44.48536314,41.89086442,44.8168139,48.25892019,44.87266138,43.35198958,48.98741963,46.82773804,45.69851506,47.50154635,44.05291768,42.80066546,46.00130029,47.41649175,43.417764,51.03210917,43.87426821,45.31545573,49.75611266,49.09710263,49.06212878,46.57362048,48.89648601,45.87156783,48.3465235,50.54876166,45.09715439,41.43355909,43.58545197,45.99405323,45.93261303,45.87150325,45.37549439,49.97204802,50.91603269,51.21482349,50.00462045,49.30361711,42.47963033,46.99068075,44.60660538,43.16360777,43.70633986,1,0,0,0,1,0,0,0,1,0,0,0,1,0,0,0,1,0,0,0,1,0,0,0,1,0,0,0,1,0,0,0,1,0,0,0,1,0,0,0,1,0,0,0,1,0,0,0,1,0,0,0,1,0,0,0,1,0,0,0,1,0,0,0,1,0,0,0,1,0,0,0,1,0,0,0,1,0,0,0,144,320,176,0.45,158,207,320,113,0.646875,14,108,320,212,0.3375,143,180,320,140,0.5625,18,42,320,278,0.13125,188,90,320,230,0.28125,120,153,320,167,0.478125,21,312,320,8,0.975,3,129,320,191,0.403125,66,69,320,251,0.215625,87,75,320,245,0.234375,107,291,320,29,0.909375,6,99,320,221,0.309375,45,297,320,23,0.928125,6,300,320,20,0.9375,3,120,320,200,0.375,152,87,320,233,0.271875,99,225,320,95,0.703125,14,216,320,104,0.675,18,24,320,296,0.075,296,1
2,train,increment,4,720.0013235,0.027353021,60.84639692,59.34351123,66.25997687,62.9246513,63.71633852,64.47729675,68.67605934,61.01367058,54.64031166,60.30439653,53.51085919,56.73916104,57.84122036,57.05391661,62.86278312,60.93122598,71.27121596,64.07441371,67.66371985,56.77354706,67.40273569,59.46780421,68.53138983,63.36148277,61.21026373,59.96953574,56.01451813,61.11922853,66.13771354,63.71743042,59.45470104,60.34456678,68.8785035,66.42569319,62.7198813,62.47616023,57.67589146,56.85106517,56.95996139,55.10872106,58.96945824,66.95667182,56.32844733,72.52280386,54.55626669,55.59088026,62.50139461,64.13707511,61.44307469,57.50097496,62.30868493,62.57287806,58.23004652,63.81275429,60.78435324,60.92111066,71.59262035,60.46839907,56.38318383,63.73153246,59.94722783,61.82791603,51.68472122,61.0711936,61.24085214,60.00488214,60.00213268,52.60538319,64.00886725,55.87391155,66.42530451,67.16983403,56.24857991,59.00697513,72.3736263,61.38111104,63.06354089,61.30437937,64.26968347,62.53312448,65.50974371,72.43318598,59.24550704,52.23182288,56.45228151,67.22521292,54.28702014,60.95629204,62.26595153,59.8634667,54.33852598,60.96173637,61.41944292,61.58647358,60.42681686,70.45287388,60.56608985,61.32791639,68.50898761,63.43150473,54.63773277,62.66588531,64.20391055,57.02209571,68.59343849,61.91939509,60.14419619,63.9463505,67.46073456,64.22797894,63.77080296,67.74912845,61.12293748,64.85884313,66.30002276,62.09174244,57.39418582,61.10247175,61.69172508,63.99181909,63.30653409,62.76608683,63.18195832,67.85251149,67.6376168,64.68304684,66.84640365,53.98274375,65.00896682,63.41261762,57.45259698,57.35846659,1,0,0,0,1,0,0,0,1,0,0,0,0,3,0,0,0,3,0,0,1,0,0,0,1,0,0,0,0,3,0,0,1,0,0,0,1,0,0,0,1,0,0,0,0,3,0,0,1,0,0,0,0,3,0,0,1,0,0,0,1,0,0,0,1,0,0,0,0,3,0,0,0,3,0,0,1,0,0,0,219,320,101,0.684375,23,234,320,86,0.73125,21,90,320,230,0.28125,119,279,2880,2601,0.096875,960,36,2880,2844,0.0125,960,141,320,179,0.440625,80,261,320,59,0.815625,9,507,2880,2373,0.176041667,795,135,320,185,0.421875,74,75,320,245,0.234375,209,93,320,227,0.290625,80,294,2880,2586,0.102083333,960,105,320,215,0.328125,77,471,2880,2409,0.163541667,795,303,320,17,0.946875,3,114,320,206,0.35625,140,75,320,245,0.234375,74,288,2880,2592,0.1,810,243,2880,2637,0.084375,915,48,320,272,0.15,272,0
2,train,increment,5,900.0164967,0.019531652,84.48662758,78.47717409,93.59502729,84.02537787,90.58058394,89.91462656,87.81497602,81.58374177,75.99895874,84.24230518,70.6968939,75.41402974,74.71142772,78.39016347,87.06559964,80.41671011,102.2611547,89.88781397,88.11003192,74.42129542,96.35562321,79.4574128,92.17362817,87.30566945,82.58916095,82.78651039,76.87946102,82.05165874,94.57078353,83.40010194,79.40678188,76.76580454,93.1286242,84.94647151,82.23977342,85.79516383,76.94723537,75.8617164,78.82976699,75.21285576,79.87847377,88.12990714,79.62860541,97.24344484,69.75413744,78.36165387,81.1063455,83.93888444,84.34451323,75.73405763,83.12840161,83.6712163,73.71042833,83.54335026,80.20816942,85.52890224,94.62867323,85.87002366,74.97797978,80.38805855,77.76013007,85.49973195,70.33570689,80.78033635,77.86713266,80.66117778,82.73178146,68.78122307,86.76055427,73.19150372,86.93796408,95.47918198,78.8170484,80.34377406,97.07439231,77.86738634,84.82505531,85.83893955,86.89621518,85.70242058,92.17070925,96.52550371,79.66535025,66.90306743,74.55239097,96.91789425,74.56701312,83.61175517,83.76297692,79.22501265,73.97313095,81.45892854,78.43545935,82.1795109,75.24462077,92.95682902,81.82223456,81.40613578,91.40981409,85.03117982,70.83269941,81.13731263,84.01335933,79.00194895,96.44873561,81.40091736,82.51130144,85.41065886,86.57850194,82.75940134,84.62893761,90.57966233,82.22586591,86.31351081,88.95316368,85.46649091,78.05223564,82.55870569,79.009718,86.75575494,84.97946275,87.41140237,88.27799348,91.18462809,84.32575473,85.71431119,86.71891828,73.46260219,89.57609073,85.80356407,71.4659634,76.34744964,1,0,0,0,1,0,0,0,1,0,0,0,0,3,0,0,0,3,0,0,1,0,0,0,1,0,0,0,0,3,0,0,1,0,0,0,1,0,0,0,1,0,0,0,0,3,0,0,1,0,0,0,0,3,0,0,1,0,0,0,1,0,0,0,1,0,0,0,0,3,0,0,0,3,0,0,1,0,0,0,240,320,80,0.75,41,264,320,56,0.825,6,81,320,239,0.253125,50,327,2880,2553,0.113541667,879,69,2880,2811,0.023958333,960,195,320,125,0.609375,14,291,320,29,0.909375,12,528,2880,2352,0.183333333,747,174,320,146,0.54375,18,135,320,185,0.421875,50,84,320,236,0.2625,105,468,2880,2412,0.1625,777,186,320,134,0.58125,18,651,2880,2229,0.226041667,708,309,320,11,0.965625,3,306,320,14,0.95625,3,111,320,209,0.346875,63,405,2880,2475,0.140625,774,405,2880,2475,0.140625,876,33,320,287,0.103125,287,1
2,train,increment,6,1080.014421,0.024887477,116.3219525,109.4663432,123.8736004,120.3996196,125.0609637,118.303292,111.3616628,114.6229778,101.4725723,105.7684798,100.7689953,98.10955843,99.26656004,103.1695014,118.3392746,110.3239099,141.7322135,123.1468954,116.9545809,97.94247605,130.9487853,103.1745128,129.8961144,119.7427725,107.5670827,102.5247909,102.6265226,108.6939101,125.6205009,115.7481268,104.7729956,107.9492759,120.3270835,118.1837219,111.1770982,114.0546428,97.53459055,99.53253239,108.9941354,101.5663099,99.77117798,116.3916597,101.7415665,125.717726,95.56825645,99.56484822,111.8998518,109.0799344,114.2977189,104.3140514,116.2010112,112.3017594,104.9709129,113.6589656,108.2597766,118.9087337,126.6498981,120.4446101,100.1760782,112.1553271,102.2383873,117.4193181,104.430748,106.4968313,105.6171977,110.7896797,114.1171282,96.20853689,116.3755284,96.00270162,114.4536477,134.6561879,103.1651215,108.0337356,126.4717221,106.5368008,119.3285172,114.7631345,115.7053049,116.8400735,124.8203882,132.2247944,106.9917848,85.86984957,100.5097802,125.6872582,106.9679666,108.8298861,114.8578451,101.409376,100.2503432,112.8886236,106.5442874,116.3098374,99.9443697,124.9987957,109.499209,108.1816566,119.835521,114.3313745,95.44206793,108.7818791,116.27433,103.8912984,127.5470537,103.4562629,106.9548519,113.705194,119.1570485,103.8294016,115.4344487,124.7602465,112.3136534,119.0120536,126.237133,114.3836445,107.2820048,113.8251588,109.785892,111.8188398,110.9509555,114.140442,109.3777897,124.9015218,121.5385175,116.8078195,119.4705608,93.20113146,121.8080416,116.4905459,93.23398182,108.5811455,0,3,0,0,0,3,0,0,1,0,0,0,0,3,0,0,0,3,0,0,0,3,0,0,0,3,0,0,0,3,0,0,0,3,0,0,0,3,0,0,1,0,0,0,0,3,0,0,1,0,0,0,0,3,0,0,1,0,0,0,0,3,0,0,1,0,0,0,0,3,0,0,0,3,0,0,1,0,0,0,381,2880,2499,0.132291667,813,483,2880,2397,0.167708333,834,195,320,125,0.609375,38,390,2880,2490,0.135416667,822,135,2880,2745,0.046875,960,384,2880,2496,0.133333333,630,489,2880,2391,0.169791667,645,753,2880,2127,0.261458333,591,450,2880,2430,0.15625,717,81,2880,2799,0.028125,960,102,320,218,0.31875,152,570,2880,2310,0.197916667,732,294,320,26,0.91875,6,783,2880,2097,0.271875,639,318,320,2,0.99375,2,465,2880,2415,0.161458333,741,150,320,170,0.46875,36,537,2880,2343,0.186458333,705,498,2880,2382,0.172916667,741,33,320,287,0.103125,275,0
2,train,increment,7,1260.002395,0.019828903,159.1518911,153.1602583,169.121772,160.2312798,161.6789025,157.2293573,155.7575332,148.0050197,140.4197602,129.5874052,130.8619937,136.5447733,133.6560106,130.4509819,169.52894,151.8064387,182.7786876,163.6919979,164.6506986,126.4300962,166.930404,143.9249573,162.2093575,162.3878111,159.596507,135.9936285,140.4412861,142.4342226,164.806881,162.8508131,138.1914826,137.2443291,165.6094059,162.2484653,156.5171448,153.389856,130.9470951,126.7314497,144.2756674,141.1390888,133.8074787,163.0621157,137.3497335,164.6963923,128.6030739,137.75689,154.4692391,149.6566897,150.4134437,135.9857415,158.5159416,151.7956312,141.4564327,155.2174621,141.4263238,159.7906307,175.8043689,165.1302182,135.9067411,156.1706344,137.0275761,153.0045706,133.0818937,147.032932,148.7473654,144.4413422,161.3785115,134.0335637,162.1924936,134.2682315,152.7725602,175.7222857,136.8448025,146.1232771,169.0752981,155.2908669,156.8065993,145.3545714,169.1060413,158.6530409,163.9942699,175.7554125,151.3865387,117.2922233,132.8082118,165.0189293,142.9005073,143.087714,167.4058587,136.9617061,127.7442341,153.1379286,144.7206808,153.2356312,138.4257841,159.6758687,139.7731039,147.7247862,161.6490089,157.7690743,136.8293308,148.3153289,151.0608164,145.0246193,164.8199352,138.4395657,136.766306,158.5263133,160.2500693,137.2508959,155.2345905,167.3652783,155.8452263,154.3607653,168.5489176,151.0290514,147.8006919,148.2893437,139.21307,149.4753154,147.7817162,158.872954,137.8858421,166.8452306,165.1750625,164.2386603,157.6219731,130.3244316,162.4094024,156.5339397,122.46521,144.7584435,0,3,0,0,0,3,0,0,1,0,0,0,0,3,0,0,0,3,0,0,0,3,0,0,0,3,0,0,0,3,0,0,0,3,0,0,0,3,0,0,1,0,0,0,0,3,0,0,1,0,0,0,0,3,0,0,1,0,0,0,0,3,0,0,1,0,0,0,0,3,0,0,0,3,0,0,1,0,0,0,435,2880,2445,0.151041667,756,735,2880,2145,0.255208333,648,237,320,83,0.740625,11,420,2880,2460,0.145833333,750,132,2880,2748,0.045833333,960,312,2880,2568,0.108333333,831,636,2880,2244,0.220833333,666,1023,2880,1857,0.355208333,594,669,2880,2211,0.232291667,717,219,2880,2661,0.076041667,960,168,320,152,0.525,92,624,2880,2256,0.216666667,645,309,320,11,0.965625,3,1047,2880,1833,0.363541667,594,318,320,2,0.99375,2,735,2880,2145,0.255208333,681,312,320,8,0.975,3,663,2880,2217,0.230208333,636,720,2880,2160,0.25,648,72,320,248,0.225,242,1
2,train,increment,8,1440.000324,0.014234021,205.8103186,215.6509918,228.6678059,199.7641412,203.2859648,202.0150472,208.3720866,193.1362654,189.813314,167.2845443,174.4203068,197.9704922,186.5771272,177.2324844,233.7322123,199.9335319,245.9319341,225.4877384,215.4113198,176.6947912,222.4118059,193.8316067,224.8622796,216.125807,210.9001313,179.5713803,188.8673067,199.8744485,220.6428842,212.4982878,183.5281613,181.8130883,218.7961023,209.1174461,199.2742587,212.2730101,173.6428435,178.9047086,186.5050959,181.0844668,175.5032533,213.0301416,181.4270037,214.4821347,168.2986246,184.6805835,204.3235889,205.4977233,205.095458,189.3862223,226.5022514,205.0334795,196.7800476,207.8773355,182.524867,219.1715388,230.3066773,233.955747,186.363772,207.5960148,181.9764315,207.368744,184.4994297,191.0630483,191.2213045,201.7687642,203.7583667,170.0754308,213.9335592,184.0760562,211.1367968,235.8146099,190.4344057,185.1040375,222.3806386,215.3460378,217.6091405,186.3014646,219.6641454,215.3118671,234.4793506,249.9164202,211.6858312,153.5255582,170.5522776,225.4251908,189.2481257,190.3659021,235.5163586,178.6470025,171.3394702,200.7354327,196.7626006,211.8688194,185.5779335,213.2377235,191.4556332,200.3537267,210.971496,198.743565,182.170862,191.632398,213.2425393,195.7429477,210.9226751,193.7801462,191.9206918,207.8660974,226.0844153,186.3404644,199.4959907,215.4333619,205.1241155,213.260628,211.9086829,193.7486929,189.7932771,209.8401507,185.9178769,200.1915989,200.1326008,215.0996359,184.5411459,227.881685,214.7011877,212.8949959,212.6869955,167.4199138,212.7899014,223.0389016,159.7392718,190.722434,0,3,0,0,0,3,0,0,1,0,0,0,0,3,0,0,0,0,0,9,0,3,0,0,0,3,0,0,0,3,0,0,0,3,0,0,0,3,0,0,1,0,0,0,0,3,0,0,1,0,0,0,0,3,0,0,0,0,0,9,0,3,0,0,0,3,0,0,0,3,0,0,0,3,0,0,1,0,0,0,606,2880,2274,0.210416667,663,744,2880,2136,0.258333333,960,255,320,65,0.796875,6,744,2880,2136,0.258333333,717,150,8640,8490,0.017361111,960,549,2880,2331,0.190625,654,864,2880,2016,0.3,429,1578,2880,1302,0.547916667,324,318,2880,2562,0.110416667,660,264,2880,2616,0.091666667,960,177,320,143,0.553125,69,1023,2880,1857,0.355208333,657,312,320,8,0.975,5,1416,2880,1464,0.491666667,336,1206,8640,7434,0.139583333,960,390,2880,2490,0.135416667,960,132,2880,2748,0.045833333,960,879,2880,2001,0.305208333,408,939,2880,1941,0.326041667,465,189,320,131,0.590625,12,0
2,train,increment,9,1620.003756,0.010316586,277.523554,294.8428959,307.5084023,287.4939676,261.6883575,263.8371616,268.5792674,267.260121,267.6705736,235.0555647,246.8372148,265.154876,259.0725749,239.0520785,318.6880619,287.4873667,328.6146342,297.4732213,309.4903698,260.4387018,313.5949355,261.3226986,301.7125099,264.1753661,275.9065554,234.8357407,247.4370037,276.4534152,298.0362243,301.2019116,249.6540062,239.5728233,307.1308322,293.8966085,282.2691048,297.4329372,231.8838496,250.166967,241.128858,239.0427254,234.4771823,301.7868534,243.2826638,281.0373745,237.1584742,252.244405,266.3343025,271.3894544,268.1320658,247.9816762,315.577331,267.4593887,274.1251238,265.2655455,243.8649149,276.2761527,301.4971914,310.2533361,257.7436513,255.2205883,236.088037,281.2328367,242.4327992,250.3169518,256.2292774,287.3124981,258.800594,223.4740887,282.6702808,255.6957408,287.3216661,313.3898172,246.2964512,245.2227976,306.3196495,293.6879315,301.501417,247.9828079,277.3980937,277.8360112,310.4090917,343.0798085,276.3480696,205.4325141,231.8526957,298.8249551,253.3253753,253.0918769,310.6232197,237.718618,236.8342423,266.0938164,268.5563988,285.016195,257.8724115,276.5544822,255.1859527,276.3982048,284.0623502,271.7535669,247.120148,270.1354316,287.6782046,262.8844551,282.2475824,266.3161065,258.7974441,280.6651717,334.5780379,257.0164719,275.8551915,290.5224006,279.7725008,281.5464647,257.1203045,263.3127706,248.8747116,287.2647819,252.397336,260.3559411,260.5453987,297.0765311,244.9807984,311.4420299,279.838558,276.3689523,266.8626001,225.4420752,284.0049447,280.7307333,219.5836247,262.6640477,0,3,0,0,0,3,0,0,1,0,0,0,0,3,0,0,0,0,0,9,0,3,0,0,0,3,0,0,0,3,0,0,0,3,0,0,0,3,0,0,1,0,0,0,0,3,0,0,1,0,0,0,0,3,0,0,0,0,0,9,0,3,0,0,0,3,0,0,0,3,0,0,0,3,0,0,1,0,0,0,840,2880,2040,0.291666667,648,1056,2880,1824,0.366666667,960,306,320,14,0.95625,3,1017,2880,1863,0.353125,663,267,8640,8373,0.030902778,960,660,2880,2220,0.229166667,387,1125,2880,1755,0.390625,285,2301,2880,579,0.798958333,72,507,2880,2373,0.176041667,777,318,2880,2562,0.110416667,960,288,320,32,0.9,6,1299,2880,1581,0.451041667,684,291,320,29,0.909375,6,1887,2880,993,0.655208333,156,1530,8640,7110,0.177083333,960,558,2880,2322,0.19375,960,465,2880,2415,0.161458333,888,1317,2880,1563,0.457291667,192,1209,2880,1671,0.419791667,240,114,320,206,0.35625,179,0
2,train,increment,10,1800.001698,0.007961483,380.1316025,402.3123948,418.0398374,377.4164159,352.526325,362.1552255,337.5998472,372.5057794,344.417905,320.7052897,342.804921,368.101982,342.3538997,315.2610086,419.3556654,393.4127059,426.7315943,401.8479231,419.2688729,354.300681,410.6164528,352.2584414,412.2976177,349.0484584,380.0389029,311.761334,334.2999427,368.4781013,375.4278428,424.6047668,327.5744832,300.6330916,409.0215943,380.8844838,407.3391458,385.5810739,321.4461915,358.0817366,327.6014916,331.9631928,319.9499172,400.673046,307.9707101,374.7558241,332.3477338,349.6614686,357.8536924,367.617529,349.043277,319.9965809,416.3125527,364.4587079,353.3496133,341.4915988,341.9774436,361.4583204,421.6088667,428.1028444,322.1458157,351.0601035,322.5109969,376.7247567,327.5641908,348.1603985,353.5946767,371.035862,349.5703523,300.5135459,385.3448122,328.3633853,386.7853096,421.7838066,347.3625745,335.4006749,395.4944981,370.6911562,403.3994254,329.7289502,383.493593,378.5139115,411.4597426,450.3852653,376.9068507,286.7491506,319.3569892,416.3805422,325.2492002,343.7265547,404.5498197,318.9110914,316.695614,340.5952739,367.8788748,387.4853035,355.2661059,391.2591886,360.4714277,369.7694438,377.4761668,352.0372054,331.4707059,366.3562123,379.9509705,375.9137134,374.4249623,338.410595,350.8939067,398.0237027,441.2295902,351.6067408,380.4355868,382.5767608,371.959751,370.6357358,360.6046566,364.8745426,332.2606687,383.2463789,347.3119854,346.6668943,358.7329167,424.7591868,339.2396779,429.1546969,395.3960702,370.0111469,353.0979267,290.8338756,374.4192539,371.3871324,292.3587637,354.7984074,0,3,0,0,0,3,0,0,1,0,0,0,0,3,0,0,0,0,0,9,0,3,0,0,0,3,0,0,0,3,0,0,0,3,0,0,0,3,0,0,1,0,0,0,0,3,0,0,1,0,0,0,0,3,0,0,0,0,0,9,0,3,0,0,0,3,0,0,0,3,0,0,0,3,0,0,1,0,0,0,1191,2880,1689,0.413541667,528,1488,2880,1392,0.516666667,405,315,320,5,0.984375,3,1389,2880,1491,0.482291667,543,459,8640,8181,0.053125,960,870,2880,2010,0.302083333,243,1521,2880,1359,0.528125,93,2811,2880,69,0.976041667,6,765,2880,2115,0.265625,462,483,2880,2397,0.167708333,960,297,320,23,0.928125,3,1950,2880,930,0.677083333,345,318,320,2,0.99375,2,2214,2880,666,0.76875,27,1923,8640,6717,0.222569444,960,921,2880,1959,0.319791667,522,663,2880,2217,0.230208333,750,1608,2880,1272,0.558333333,48,1587,2880,1293,0.551041667,165,162,320,158,0.50625,158,1
2,train,increment,11,1980.000394,0.028539152,488.7518233,546.7251936,565.6903237,515.4228,452.4242685,465.9071242,484.8277767,500.4778412,501.5418605,415.7638833,443.9549893,489.2203921,456.1925477,420.1142591,554.9818187,525.4463927,581.0333052,529.20912,570.0490643,483.8661005,529.7511164,483.1901124,532.1990792,459.5497495,515.6992503,429.2799161,446.2930048,485.2043196,520.7656994,575.6710867,453.6386917,404.0802189,565.4866575,530.5128217,526.1566242,492.7330371,407.129958,474.9302819,448.7456217,464.5547949,422.8568255,559.7484384,410.7424951,497.0008699,448.0592527,458.9847324,487.9227097,513.0157788,480.7234359,432.8270773,525.7790705,487.752357,472.7107393,434.3993989,461.5590978,476.0719086,587.9386593,573.9167742,432.6337218,492.4944857,432.1209376,510.802771,451.3608199,477.3719937,446.9107074,506.7765616,487.1259966,405.6171015,519.2497846,436.7743845,509.9684887,569.4065606,470.5421973,433.2875557,497.627207,490.3089327,547.402013,429.1869787,527.620287,494.8737739,524.626813,618.0310938,523.3715221,424.1815417,421.0617742,540.5563541,424.8740468,455.7216,530.7744944,439.9727782,415.6402646,445.6675386,512.6611488,487.4319657,483.6300338,516.5377801,478.1686491,482.348657,519.7958033,490.1116989,463.9129305,479.206686,509.2982364,543.5869373,498.4061386,449.4696887,476.6329765,551.9123784,614.258619,464.3722342,491.3342531,510.6317947,510.0283441,489.3297313,461.3207092,480.1008841,429.8451424,535.6663699,467.2117513,437.9605566,498.67763,568.9895632,465.2335036,579.4639314,547.2218085,461.2690463,487.3289631,427.1327267,509.3292709,504.0628395,387.7683868,472.3729285,0,3,0,0,0,0,0,9,1,0,0,0,0,3,0,0,0,0,0,9,0,3,0,0,0,3,0,0,0,3,0,0,0,3,0,0,0,3,0,0,1,0,0,0,0,3,0,0,0,3,0,0,0,3,0,0,0,0,0,9,0,3,0,0,0,3,0,0,0,0,0,9,0,3,0,0,1,0,0,0,1812,2880,1068,0.629166667,60,1344,8640,7296,0.155555556,960,315,320,5,0.984375,3,2157,2880,723,0.748958333,45,1101,8640,7539,0.127430556,960,1299,2880,1581,0.451041667,93,2163,2880,717,0.751041667,18,2880,2880,0,1,0,1068,2880,1812,0.370833333,186,840,2880,2040,0.291666667,960,315,320,5,0.984375,3,2790,2880,90,0.96875,6,1125,2880,1755,0.390625,201,2817,2880,63,0.978125,6,2733,8640,5907,0.316319444,960,1098,2880,1782,0.38125,492,702,2880,2178,0.24375,693,2025,8640,6615,0.234375,960,2091,2880,789,0.726041667,48,216,320,104,0.675,71,1
2,train,increment,12,2160.000208,0.052515544,679.0687045,727.889821,732.6796707,696.6420564,589.7324459,600.3778517,646.6707112,640.6858505,703.7017911,564.5872999,583.6821502,652.068474,585.3925033,574.8002017,755.4781926,690.8191447,738.5627466,759.551489,750.9923031,630.0742211,705.3753957,636.9235262,732.9399005,591.1625074,685.2711866,557.4947554,613.0684355,663.0457269,679.0982081,771.649515,610.9661428,557.2672519,746.8333318,650.2661603,731.1256248,652.305404,556.6705323,642.5754683,582.651702,616.1167026,540.5047911,781.4231469,571.4145761,673.7103499,585.5708594,616.7374106,698.0081865,672.9950826,656.0192598,552.0616334,717.3502946,686.5165443,629.4485009,577.7324713,615.3468025,613.8580442,833.9695617,768.2634243,579.9335741,657.9220764,592.3904207,702.5458003,623.3307724,637.5317613,581.0256818,660.4079334,644.5148011,502.3497546,685.836812,590.1854829,708.1076663,800.9297974,643.4951423,586.0983811,642.4928133,665.1390362,715.284934,547.7213364,705.9198042,665.5259748,693.5222374,856.7537962,710.1141532,564.5905898,552.6480374,704.4721668,572.1371546,606.8766821,703.26282,615.8910054,591.9513861,589.9324044,688.6813573,653.5865206,641.0825344,676.2731185,651.7146947,650.3169644,680.3801249,677.726374,642.9236581,640.3073188,685.7682188,752.853835,635.3226179,603.3090129,631.9629361,808.4799328,788.3778888,620.0507225,644.6244431,664.3836568,680.9622028,646.3581511,627.6051112,645.3186262,534.3897407,699.3082932,637.6831313,559.4558256,683.6109065,739.3221989,671.3137155,760.8517751,722.8436955,631.3587673,654.9781735,533.0409837,666.3431592,694.6775778,525.4740209,612.6982587,0,3,0,0,0,0,0,9,1,0,0,0,0,3,0,0,0,0,0,9,0,3,0,0,0,3,0,0,0,3,0,0,0,3,0,0,0,3,0,0,0,3,0,0,0,0,0,9,0,3,0,0,0,0,0,9,0,0,0,9,0,3,0,0,0,3,0,0,0,0,0,9,0,3,0,0,1,0,0,0,1980,2880,900,0.6875,24,2970,8640,5670,0.34375,960,318,320,2,0.99375,2,2433,2880,447,0.844791667,33,996,8640,7644,0.115277778,960,1797,2880,1083,0.623958333,48,2064,2880,816,0.716666667,21,2871,2880,9,0.996875,3,2601,2880,279,0.903125,6,1245,2880,1635,0.432291667,279,978,2880,1902,0.339583333,429,3375,8640,5265,0.390625,960,1971,2880,909,0.684375,24,4305,8640,4335,0.498263889,669,2337,8640,6303,0.270486111,960,2058,2880,822,0.714583333,33,843,2880,2037,0.292708333,462,2538,8640,6102,0.29375,960,2829,2880,51,0.982291667,6,252,320,68,0.7875,29,1
2,train,increment,13,2340.000125,0.048166452,837.5893663,965.3565857,910.7321661,907.2580809,798.8895537,778.3558396,899.5729352,822.0393136,944.0166192,779.321439,774.5759184,888.0454023,836.6671619,804.3063334,971.2891575,931.9574527,1110.876564,996.8211001,995.3534663,863.1031261,961.0087293,836.4639777,969.242963,797.728348,908.6939672,742.6037845,801.961878,878.1873422,906.0811081,1021.32725,838.354552,743.1913314,1033.758525,866.753855,947.0711589,847.0181867,773.9616952,889.5638635,791.8349198,863.4115253,727.2081479,1065.31321,750.1013405,879.2135517,765.6006307,859.9144345,959.6393477,862.0903959,937.50438,785.8259896,951.3263245,900.058303,869.4821365,778.9019235,833.5899581,855.0090844,1148.321066,1025.716035,776.9341041,856.8467153,788.0296688,974.292344,831.5667646,880.3275635,753.5881692,839.8761743,843.1169219,641.104696,903.9199765,765.6462557,964.6599104,1115.367119,797.9282996,743.3254832,874.4314934,873.8664116,956.7814293,691.2288223,937.8157335,902.1393831,894.369001,1137.830238,905.613791,801.3805097,728.1646421,912.7448466,753.4699211,811.134739,965.8959468,834.3078182,780.8136034,767.9728631,935.700748,862.8128241,882.3730528,953.7202829,834.7676819,869.3794816,866.8017759,914.597471,871.1860759,892.7740924,1013.523184,987.4650323,848.2064605,844.7830888,864.7591369,1064.87497,1102.005784,806.7763429,861.0502985,894.3783695,903.2162978,859.8989275,816.6866058,861.3214982,722.1995729,954.1530626,883.0536599,714.789576,919.2860703,969.4470983,914.9659771,1058.72509,967.6508714,839.2620993,908.4055919,723.0247778,917.1015259,914.244713,683.6315656,823.0930649,0,3,0,0,0,0,0,9,1,0,0,0,0,3,0,0,0,0,0,9,0,3,0,0,0,3,0,0,0,3,0,0,0,3,0,0,0,3,0,0,0,3,0,0,0,0,0,9,0,3,0,0,0,0,0,9,0,0,0,9,0,3,0,0,0,3,0,0,0,0,0,9,0,3,0,0,1,0,0,0,2454,2880,426,0.852083333,39,3543,8640,5097,0.410069444,960,318,320,2,0.99375,2,2562,2880,318,0.889583333,21,822,8640,7818,0.095138889,960,2322,2880,558,0.80625,18,2262,2880,618,0.785416667,12,2880,2880,0,1,0,2763,2880,117,0.959375,6,1749,2880,1131,0.607291667,120,2571,2880,309,0.892708333,15,5268,8640,3372,0.609722222,627,2736,2880,144,0.95,6,5805,8640,2835,0.671875,60,2988,8640,5652,0.345833333,960,2211,2880,669,0.767708333,18,1182,2880,1698,0.410416667,120,3531,8640,5109,0.408680556,573,2874,2880,6,0.997916667,3,312,320,8,0.975,3,1
2,train,increment,14,2520.000085,0.073145336,1097.888875,1348.752659,1278.204909,1206.552371,1059.779483,1053.934388,1197.773917,1162.263959,1223.203378,1020.938418,1051.214676,1156.349991,1239.09173,1102.780289,1231.709422,1240.938253,1444.516886,1323.108287,1313.990307,1082.534963,1347.547518,1117.597695,1344.647133,1027.500091,1240.947779,996.9504379,1083.126108,1142.634665,1155.466601,1421.276017,1067.608819,1002.808659,1322.122398,1093.942718,1286.897751,1059.103847,963.7018409,1165.302474,1012.544459,1247.474643,956.697872,1420.828238,1076.88087,1254.655201,1017.272935,1161.614165,1291.800061,1190.047273,1240.363604,1091.331391,1343.337308,1203.687802,1152.05723,1040.975383,1155.859723,1192.537727,1476.459378,1299.744771,1078.352019,1189.349132,1059.405975,1247.532557,1099.988454,1179.953579,987.4336685,1146.712424,1107.503214,877.7619154,1241.913544,1028.695308,1280.128262,1562.906146,1086.752461,1039.271698,1161.176067,1108.958885,1352.947233,909.211542,1215.519757,1197.512301,1220.088722,1556.944732,1335.897663,1038.65938,975.9040438,1198.311883,1042.68551,1106.538861,1358.719738,1091.855452,1072.021073,1057.701471,1262.329306,1165.242377,1190.783645,1267.876452,1127.558349,1198.563878,1186.652809,1268.532881,1126.502654,1104.649467,1422.418748,1380.450928,1123.710016,1170.589098,1125.84059,1373.958418,1426.766972,1103.699075,1175.541524,1138.454374,1290.499577,1163.001379,1156.151332,1166.905836,1006.399361,1218.943695,1164.639989,872.026677,1214.463341,1312.385031,1139.877353,1452.558366,1305.453945,1205.2516,1234.570838,963.421557,1191.915132,1209.072655,910.6062974,1050.704564,0,3,0,0,0,0,0,9,1,0,0,0,0,3,0,0,0,0,0,9,0,3,0,0,0,3,0,0,0,0,0,9,0,3,0,0,0,3,0,0,0,3,0,0,0,0,0,9,0,3,0,0,0,0,0,9,0,0,0,9,0,3,0,0,0,3,0,0,0,0,0,9,0,0,0,9,0,3,0,0,2874,2880,6,0.997916667,3,5196,8640,3444,0.601388889,960,309,320,11,0.965625,3,2880,2880,0,1,0,1785,8640,6855,0.206597222,960,2799,2880,81,0.971875,6,2880,2880,0,1,0,8031,8640,609,0.929513889,12,2064,2880,816,0.716666667,24,1809,2880,1071,0.628125,66,2484,2880,396,0.8625,12,7050,8640,1590,0.815972222,48,2373,2880,507,0.823958333,9,7725,8640,915,0.894097222,15,5820,8640,2820,0.673611111,87,2139,2880,741,0.742708333,30,1866,2880,1014,0.647916667,33,5340,8640,3300,0.618055556,141,5154,8640,3486,0.596527778,174,240,2880,2640,0.083333333,960,1
2,train,increment,15,2700.001152,0.076823907,1469.503668,1824.840821,1619.767142,1572.526672,1421.080595,1457.273714,1653.802327,1586.057646,1598.609977,1337.661652,1410.835241,1532.229731,1643.092936,1456.771917,1654.382972,1634.243679,2022.96892,1815.064246,1832.048361,1363.161929,1870.02088,1478.858148,1776.916034,1397.029139,1617.949398,1367.977326,1460.942129,1521.226964,1463.175665,1879.286014,1415.035195,1359.399578,1745.834721,1452.702187,1774.515981,1375.941497,1304.03921,1644.631329,1423.845527,1579.944152,1228.821566,1953.025721,1505.097974,1689.670761,1421.442142,1527.312958,1687.727063,1621.506349,1760.056458,1476.69841,1723.772009,1629.370185,1556.276888,1479.718622,1575.60555,1636.355008,1967.879324,1789.451904,1433.930932,1523.306179,1434.942697,1800.303116,1341.303175,1519.493638,1297.557295,1527.817216,1477.48936,1193.039917,1570.730949,1417.335973,1608.43789,2131.117262,1475.639476,1395.223183,1540.034618,1475.696539,1798.665367,1144.541221,1650.316547,1627.155934,1665.502734,2051.239343,1750.370065,1509.284927,1292.959602,1668.814564,1402.389527,1537.930774,1890.73166,1447.35779,1430.322807,1472.526362,1720.685676,1566.1367,1614.727384,1631.079168,1498.060669,1491.858238,1559.962545,1714.23502,1637.304383,1528.729039,1874.112038,1962.636585,1494.934821,1540.257061,1575.041663,1913.364634,1953.361846,1442.817157,1630.507973,1504.056751,1789.270368,1634.642589,1548.553828,1498.566083,1361.216362,1582.020946,1540.63763,1119.430725,1609.788542,1725.151325,1643.629531,2013.102113,1812.367953,1647.137296,1714.943688,1343.199985,1548.989687,1624.107109,1243.429151,1368.599017,0,3,0,0,0,0,0,9,1,0,0,0,0,3,0,0,0,0,0,9,0,3,0,0,0,3,0,0,0,0,0,9,0,3,0,0,0,3,0,0,0,3,0,0,0,0,0,9,0,3,0,0,0,0,0,9,0,0,0,9,0,3,0,0,0,3,0,0,0,0,0,9,0,0,0,9,0,3,0,0,2868,2880,12,0.995833333,3,6819,8640,1821,0.789236111,90,318,320,2,0.99375,2,2871,2880,9,0.996875,3,2286,8640,6354,0.264583333,960,2826,2880,54,0.98125,3,2877,2880,3,0.998958333,3,8613,8640,27,0.996875,3,2775,2880,105,0.963541667,6,2541,2880,339,0.882291667,15,2850,2880,30,0.989583333,3,8496,8640,144,0.983333333,6,2871,2880,9,0.996875,3,8304,8640,336,0.961111111,6,7644,8640,996,0.884722222,9,2850,2880,30,0.989583333,3,2661,2880,219,0.923958333,6,5832,8640,2808,0.675,66,6606,8640,2034,0.764583333,39,843,2880,2037,0.292708333,960,1
3,train,increment,1,180.0613818,0,26.59434557,26.38858051,26.34929713,25.4506559,26.46085862,24.35378382,25.82571651,25.04078744,24.8751996,25.89636898,26.82648021,25.87585729,24.41938299,26.20193287,25.68929837,25.61189434,25.81602985,24.17944956,25.35634035,24.05430483,25.52462982,26.3320535,25.35709856,24.77107308,25.627908,26.05760346,25.96971167,25.49259548,25.36366222,24.92509656,24.51214492,25.42278178,26.50102891,25.27385437,24.85585088,26.2684142,24.78038309,26.36697024,24.47920133,24.63147883,26.25991158,24.72279196,24.63570423,25.1013835,23.92658697,25.10746613,26.15127711,24.7511019,26.30425432,26.7961748,25.67422101,25.61567005,24.99244969,25.98528566,24.27513367,25.83859788,25.81155665,26.49131586,24.7636537,24.66524909,25.89492553,24.98085949,26.53001001,24.00707679,24.34862949,24.54333878,25.69967245,26.30309858,27.09587911,25.13947296,25.47473327,24.35016017,25.35738099,26.31454042,24.16721534,25.00072887,24.99688246,25.09187759,27.6210969,26.19653441,26.3172597,25.17273502,26.35011963,25.40626731,25.97385267,25.94844963,25.80281995,25.65185388,25.53775188,25.83125844,25.63385137,26.20655859,25.63395783,25.05016826,26.40960425,25.24791759,25.77211237,24.92919519,25.1078924,26.19319932,25.76018423,25.23080631,25.18541161,25.07074406,24.31198555,26.61989747,26.63303587,24.77820347,24.96872846,27.63689481,26.4050594,26.87032594,25.05052705,25.39009339,24.54450278,25.16564665,26.42645113,25.61776447,24.07161902,24.71121657,26.04746611,27.63595142,24.20389506,25.38053156,26.46750101,24.8224947,23.77588204,25.73859467,24.68001988,25.5032482,24.60981371,25.73530972,1,0,0,0,1,0,0,0,1,0,0,0,1,0,0,0,1,0,0,0,1,0,0,0,1,0,0,0,1,0,0,0,1,0,0,0,1,0,0,0,1,0,0,0,1,0,0,0,1,0,0,0,1,0,0,0,1,0,0,0,1,0,0,0,1,0,0,0,1,0,0,0,1,0,0,0,1,0,0,0,87,320,233,0.271875,221,120,320,200,0.375,86,30,320,290,0.09375,248,102,320,218,0.31875,155,18,320,302,0.05625,287,48,320,272,0.15,62,96,320,224,0.3,56,222,320,98,0.69375,77,57,320,263,0.178125,251,60,320,260,0.1875,221,30,320,290,0.09375,227,135,320,185,0.421875,125,27,320,293,0.084375,212,210,320,110,0.65625,77,129,320,191,0.403125,80,75,320,245,0.234375,221,48,320,272,0.15,263,144,320,176,0.45,86,114,320,206,0.35625,104,9,320,311,0.028125,311,0
3,train,increment,2,360.0293567,0.000116306,33.02833695,35.0297766,34.28011349,33.45448282,34.31221919,31.68549415,36.78239331,32.08641236,33.539267,32.43566951,35.40139931,35.29499859,30.86033167,36.51367347,35.80343752,34.1003924,35.21939799,34.31943294,34.99011113,35.18665523,34.43391741,37.53745589,32.59781087,32.82067538,32.6393485,36.12843683,34.94603755,33.4851058,32.14816174,35.12719491,33.21214118,34.37586908,37.65366747,32.88213351,35.07162674,35.99967964,34.46225942,34.66048531,30.7437003,32.07021944,36.60004958,33.06503879,33.45495152,36.16561041,29.83360059,32.76265148,33.41068702,32.89515589,35.16206737,37.39251729,34.41335466,35.59352166,33.84998765,36.54674618,32.55064632,33.84854106,35.10240117,37.64149358,33.7857601,33.82110748,34.822276,32.44796477,39.46249557,31.79394205,34.11056488,31.44229822,34.81575146,35.8629543,36.0860057,34.33496641,34.49333388,33.25125029,34.18845103,34.48628024,31.86876365,33.28869378,33.14499923,34.67281643,37.59498438,33.12017026,33.99028455,32.65534959,34.05215446,34.48363323,35.09334529,35.82673639,34.47106199,32.14273661,35.46196969,35.099798,33.68891899,34.62778699,34.2805441,34.21464166,35.70064283,34.04509354,34.68361496,33.86436848,36.31792958,35.22369382,32.88291577,33.13377126,33.90210444,32.1641119,31.93936946,37.51738234,35.78145336,34.24616375,33.70380197,38.61532601,36.79571107,36.86087297,33.71808004,33.19745485,33.78496885,32.04686783,36.88149642,33.08361543,32.039043,32.13992695,34.52552447,39.95504471,31.63619791,35.9229579,35.82651336,34.03925035,31.50359706,34.11353424,32.30249277,32.77580011,34.71738598,35.41813163,1,0,0,0,1,0,0,0,1,0,0,0,1,0,0,0,1,0,0,0,1,0,0,0,1,0,0,0,1,0,0,0,1,0,0,0,1,0,0,0,1,0,0,0,1,0,0,0,1,0,0,0,1,0,0,0,1,0,0,0,1,0,0,0,1,0,0,0,1,0,0,0,1,0,0,0,1,0,0,0,108,320,212,0.3375,194,174,320,146,0.54375,15,51,320,269,0.159375,176,84,320,236,0.2625,98,27,320,293,0.084375,278,60,320,260,0.1875,84,132,320,188,0.4125,18,294,320,26,0.91875,6,69,320,251,0.215625,155,51,320,269,0.159375,215,51,320,269,0.159375,126,150,320,170,0.46875,98,93,320,227,0.290625,45,240,320,80,0.75,12,177,320,143,0.553125,30,57,320,263,0.178125,215,51,320,269,0.159375,236,153,320,167,0.478125,15,150,320,170,0.46875,38,18,320,302,0.05625,290,0
3,train,increment,3,540.0294444,0.001735143,46.13480341,47.89283018,45.86365011,43.87595166,47.0395374,42.78263308,50.02704983,45.02426009,44.40581763,42.61831668,44.57777374,46.8690915,41.27245012,50.18904864,48.63150023,45.15711068,47.93031492,46.91008083,49.89347886,49.4076779,46.50915811,50.62232895,46.08315535,44.76131398,44.9745737,48.94375869,44.57784958,47.72825315,43.08108591,49.12547503,43.06617052,47.46989559,52.20562692,45.48456417,47.08001622,47.37716542,47.80711099,48.90120721,40.48117883,41.6736406,49.79384518,43.25227522,43.92762151,47.6539996,42.61141032,45.74673595,44.95181017,44.78080864,50.37421277,49.22507924,47.57024163,48.55524092,45.95463361,50.06454331,46.26089263,46.24200869,45.25929607,52.84038992,45.07180069,45.95000066,46.16068358,43.06851467,55.6498373,41.70586836,49.37403319,43.38815808,46.6590677,48.22667275,48.19408695,46.22450339,46.21257042,48.61968454,44.35593103,44.97334418,43.54757103,44.61608414,44.98406101,49.2149549,49.40618391,42.22308896,44.45279551,43.08482265,45.25582587,44.27470314,44.57822646,49.69152235,47.03600873,41.7221206,50.45807703,51.73982778,44.80333596,45.89049581,46.74947134,44.37644616,49.03198858,44.70559132,46.62346967,43.43032483,50.64997584,49.7748893,44.44663795,46.91057635,44.48304983,42.40084382,43.3022698,52.46009219,47.19912832,46.5427873,45.29452151,51.18203086,51.5717726,51.93627709,43.57106298,43.30974185,43.42246925,44.08522287,50.54277454,44.96292718,42.09639812,42.99904764,46.98583341,55.29284084,41.47907521,48.3215184,47.64835135,49.37727009,43.02785003,44.62655821,47.31477977,46.24212078,47.37236708,47.66533313,1,0,0,0,1,0,0,0,1,0,0,0,1,0,0,0,1,0,0,0,1,0,0,0,1,0,0,0,1,0,0,0,1,0,0,0,1,0,0,0,1,0,0,0,1,0,0,0,1,0,0,0,1,0,0,0,1,0,0,0,1,0,0,0,1,0,0,0,1,0,0,0,1,0,0,0,1,0,0,0,168,320,152,0.525,143,192,320,128,0.6,18,72,320,248,0.225,167,198,320,122,0.61875,44,45,320,275,0.140625,194,84,320,236,0.2625,54,165,320,155,0.515625,24,297,320,23,0.928125,6,132,320,188,0.4125,119,84,320,236,0.2625,63,54,320,266,0.16875,138,243,320,77,0.759375,14,51,320,269,0.159375,167,282,320,38,0.88125,12,279,320,41,0.871875,11,120,320,200,0.375,119,57,320,263,0.178125,191,177,320,143,0.553125,24,267,320,53,0.834375,12,33,320,287,0.103125,284,1
3,train,increment,4,720.0000113,0.034264488,62.22422481,64.77822681,63.15094544,56.83267488,66.01616298,55.77960053,67.70783495,58.15425332,60.87399017,57.84603047,63.08077137,61.34511632,55.41785911,64.1689516,61.50333828,62.66162536,61.12605455,63.57367131,62.80029359,66.78133381,64.38134721,71.80837682,63.56233157,57.0205599,58.90905979,63.73145646,60.3712389,65.06462027,60.16245519,66.16558986,58.43644746,65.07866368,71.77839016,62.09124559,65.42776749,66.40546532,66.94409276,67.0132684,55.8023294,57.97734828,67.62427983,60.61970397,61.03229656,62.69389643,57.16013316,60.74981208,58.75279117,63.4997258,66.54682429,65.66941057,62.17615939,65.24659555,61.03311323,69.05385801,62.99925486,64.57510436,58.55956062,70.07929028,62.11531557,67.64423384,59.71046099,59.36063653,71.95068744,58.15610578,67.798209,60.90708236,60.27916941,69.45557285,64.95727141,59.97997844,59.47519678,61.67151468,64.49752151,60.48738477,58.82524434,62.43031755,57.16572601,67.5870806,67.07770956,57.49084933,64.6888658,55.25132631,60.3893308,62.43313944,59.7051586,68.3298011,69.15181414,55.84390176,67.54654281,70.96775014,58.88035339,62.78357205,62.90898381,60.50743318,68.41061501,60.73596978,63.28120517,54.8072993,64.79377542,68.41640622,62.17067755,63.75554302,61.69478942,55.98293781,56.92253492,71.48502587,65.97967445,62.47178517,58.84891384,70.52116382,68.98235371,68.7001654,57.49168299,59.92468019,58.22642798,59.2007009,70.40098349,61.88515515,56.34423589,58.36519619,66.42801249,72.2508023,56.71742712,69.98384935,61.28205559,64.18351102,56.68956344,59.13494952,62.08018047,62.46883167,63.88627686,62.12134341,1,0,0,0,0,3,0,0,1,0,0,0,1,0,0,0,1,0,0,0,1,0,0,0,1,0,0,0,0,3,0,0,1,0,0,0,1,0,0,0,1,0,0,0,1,0,0,0,1,0,0,0,1,0,0,0,0,3,0,0,1,0,0,0,0,3,0,0,0,3,0,0,0,3,0,0,0,3,0,0,198,320,122,0.61875,60,270,2880,2610,0.09375,915,81,320,239,0.253125,63,198,320,122,0.61875,12,63,320,257,0.196875,185,105,320,215,0.328125,68,213,320,107,0.665625,17,510,2880,2370,0.177083333,753,132,320,188,0.4125,77,111,320,209,0.346875,149,57,320,263,0.178125,78,297,320,23,0.928125,6,99,320,221,0.309375,36,315,320,5,0.984375,3,492,2880,2388,0.170833333,753,144,320,176,0.45,149,249,2880,2631,0.086458333,960,393,2880,2487,0.136458333,684,303,2880,2577,0.105208333,813,33,2880,2847,0.011458333,960,1
3,train,increment,5,900.003234,0.028325402,86.48158772,91.05633792,88.36368884,76.05485807,85.974854,71.72878131,91.35073029,79.59402385,80.19305446,76.3792109,84.45965285,81.95641888,79.80863269,86.67308546,86.23424734,82.97001822,82.73353383,85.56276574,84.93001399,90.36607451,86.74018751,91.04190019,85.10640659,74.60852198,78.85677671,87.02302996,84.39166041,84.86559668,77.90085869,86.67148578,82.63426933,89.7889515,97.49337573,83.19610599,86.30616426,87.8151991,90.54636147,88.15510371,74.3998996,75.49398108,88.55047129,84.94897611,78.39525944,86.9015808,75.86988138,82.35983134,76.26430663,82.81840324,88.61596798,86.33500734,83.97875636,95.02650274,80.43547334,88.16112178,81.88346522,91.17625784,79.04594033,89.92212002,83.97877932,92.13482136,82.02531733,75.66797229,92.42827102,76.90197774,89.82388244,80.30550694,76.08426834,97.25157451,88.26154796,80.41697075,87.26798112,82.53926582,90.1949521,77.38998973,73.77089289,82.23347152,76.35228795,89.09995327,100.9159002,76.83750323,85.46644626,74.74591133,81.99968673,78.937116,79.74989264,96.19683371,98.55532338,77.26762137,91.74684598,101.1082678,78.00355466,85.56249935,86.20493868,79.37482309,88.17625837,81.59983137,91.18005162,72.06401003,88.5775417,89.0714501,80.23889654,87.78012792,86.1745319,76.54382205,78.4480353,95.57807131,89.10736055,86.93791553,80.06382952,99.72076959,100.1252069,89.56502114,74.96262671,87.70755757,77.49613449,83.2864072,97.55534079,87.1756732,78.13018327,78.71103639,91.03655558,100.1171794,77.38819816,93.07701512,78.82264668,85.87932996,77.22744456,80.23511311,84.82910009,82.74614408,88.5448294,83.62613777,1,1,0,0,0,3,0,0,1,0,0,0,1,2,0,0,1,0,0,0,1,0,0,0,1,1,0,0,0,3,0,0,1,0,0,0,1,0,0,0,1,0,0,0,0,2,0,0,1,1,0,0,0,2,0,0,0,3,0,0,1,1,0,0,0,3,0,0,0,3,0,0,0,3,0,0,0,3,0,0,237,1280,1043,0.18515625,762,315,2880,2565,0.109375,858,90,320,230,0.28125,152,291,2240,1949,0.129910714,762,96,320,224,0.3,152,195,320,125,0.609375,42,357,1280,923,0.27890625,630,657,2880,2223,0.228125,666,162,320,158,0.50625,80,111,320,209,0.346875,167,69,320,251,0.215625,81,480,1920,1440,0.25,630,159,1280,1121,0.12421875,627,645,1920,1275,0.3359375,624,456,2880,2424,0.158333333,759,153,1280,1127,0.11953125,807,114,2880,2766,0.039583333,960,423,2880,2457,0.146875,837,390,2880,2490,0.135416667,759,57,2880,2823,0.019791667,960,0
3,train,increment,6,1080.021765,0.019452225,114.8903387,120.9719889,120.4519937,101.6239089,111.812294,97.34356952,131.5652398,104.5663775,99.81205749,97.47532212,116.7643261,113.147879,107.1877446,115.099934,112.05142,107.8795624,105.4650749,117.6769023,121.0298947,115.8886301,122.4536387,122.0298565,113.9061281,99.05676104,110.4312847,113.3089428,115.3692898,106.9833964,109.6356001,123.598376,114.8015927,122.1597144,128.1109115,110.839882,115.6710546,120.8747741,124.1704631,119.6059387,97.60552908,96.90640705,112.2631128,115.8944078,105.2715483,107.9817723,102.0872817,115.1292481,100.0993026,103.2841572,119.6229238,115.7948272,116.3809948,126.4074063,105.4439346,119.1165794,115.2667504,117.5983495,109.2763898,123.5269685,113.2778125,119.1408567,114.2029449,98.51783457,127.3066268,101.5130642,124.3026526,113.6144093,103.0808178,133.8003943,121.0594881,108.9081371,119.0079145,109.6859618,114.7511097,106.9805905,101.1003821,106.4537084,106.6713936,117.7599742,134.5615474,101.7782707,120.2064618,96.74904822,107.3311053,101.3454953,103.5918851,128.6584443,141.8469342,102.9053894,115.9760495,134.6278125,102.3604552,113.4484844,115.7700522,108.1148537,122.0332102,111.2632663,122.9246423,93.39858606,108.3362537,123.0620613,105.8991294,115.8974863,117.2139652,99.99148978,105.9244468,127.4984701,117.573537,122.3043105,102.7191156,125.6127589,141.4487291,120.8995,101.1736831,113.9201927,99.84636461,116.327808,122.7918116,111.5055044,107.348943,106.5171574,121.0008052,133.5132421,107.5535559,119.5524606,109.6023073,115.5042175,108.3826582,113.3163639,108.3160768,113.9183231,123.8439322,113.3083473,1,1,0,0,0,3,0,0,1,0,0,0,1,2,0,0,1,0,0,0,1,0,0,0,1,1,0,0,0,3,0,0,1,0,0,0,1,0,0,0,1,0,0,0,0,2,0,0,1,1,0,0,0,2,0,0,0,3,0,0,1,1,0,0,0,3,0,0,0,3,0,0,0,3,0,0,0,3,0,0,366,1280,914,0.2859375,735,507,2880,2373,0.176041667,960,174,320,146,0.54375,80,366,2240,1874,0.163392857,771,90,320,230,0.28125,101,267,320,53,0.834375,6,384,1280,896,0.3,453,891,2880,1989,0.309375,636,198,320,122,0.61875,33,162,320,158,0.50625,71,117,320,203,0.365625,185,501,1920,1419,0.2609375,639,192,1280,1088,0.15,468,780,1920,1140,0.40625,522,564,2880,2316,0.195833333,714,204,1280,1076,0.159375,768,150,2880,2730,0.052083333,960,495,2880,2385,0.171875,813,507,2880,2373,0.176041667,729,51,2880,2829,0.017708333,960,0
3,train,increment,7,1260.004806,0.013692295,158.5928997,161.0724981,162.4626868,136.3163442,156.2065392,130.6628936,176.3748943,135.3142922,131.6336327,123.4508539,160.9510897,163.7738176,148.7566782,150.6826453,150.8132125,151.6759908,143.2233124,159.3289621,154.7131175,154.2422432,163.136427,165.9774152,153.3260052,130.0575581,143.606166,156.4674491,151.1367415,146.776964,149.2354338,174.7021171,154.461492,160.070048,179.8748132,144.2180172,150.2770201,163.6930966,159.6978249,161.5786835,140.4699768,129.6608854,152.0362639,154.0821619,145.1081264,158.1888489,136.0775526,157.7780557,138.1790402,139.7275283,166.5356007,155.264971,162.6930005,161.212251,145.0006911,159.4639405,164.3991864,155.9245821,148.3731684,156.2818843,163.0662278,164.4704394,151.1149023,121.6453783,170.3065198,140.7244704,187.0044467,154.7765534,132.5773826,183.3091074,158.1804962,146.0982861,157.1996983,152.9784854,159.7878336,144.3524946,130.1279605,133.8017188,146.6956868,159.6623729,170.9282884,128.7381846,159.2917015,142.5280067,133.9590854,133.5485866,138.2950147,170.5309498,204.0029059,140.5396061,155.3646709,181.5426368,144.6139521,139.6553468,158.3033687,144.4739291,160.731404,147.6905305,169.1605286,131.9848633,147.0730045,157.742099,141.6799015,154.4287426,157.9498453,131.9799063,141.8754919,176.4299685,157.6563162,162.3196231,130.0006586,180.2451252,195.4822976,157.8608208,130.0053268,156.5442618,130.2017162,160.8465201,162.205645,154.6484776,151.2176294,142.6097632,171.3293329,179.3618656,144.418111,157.7160177,142.0032391,157.1320195,139.980776,138.577265,140.4532297,156.08009,166.5138773,154.6371253,1,1,0,0,0,3,0,0,1,0,0,0,1,2,0,0,1,0,0,0,1,0,0,0,1,1,0,0,0,3,0,0,1,0,0,0,1,0,0,0,1,0,0,0,0,2,0,0,1,1,0,0,0,2,0,0,0,3,0,0,1,1,0,0,0,3,0,0,0,3,0,0,0,3,0,0,0,3,0,0,510,1280,770,0.3984375,639,564,2880,2316,0.195833333,723,180,320,140,0.5625,71,600,2240,1640,0.267857143,663,123,320,197,0.384375,81,294,320,26,0.91875,6,624,1280,656,0.4875,267,1152,2880,1728,0.4,498,315,320,5,0.984375,3,216,320,104,0.675,44,141,320,179,0.440625,164,723,1920,1197,0.3765625,387,276,1280,1004,0.215625,360,1107,1920,813,0.5765625,345,792,2880,2088,0.275,579,270,1280,1010,0.2109375,771,216,2880,2664,0.075,960,729,2880,2151,0.253125,777,624,2880,2256,0.216666667,654,81,2880,2799,0.028125,960,0
3,train,increment,8,1440.007269,0.01365699,213.5777942,209.1929797,207.1853821,180.6938398,210.3379408,189.0163306,225.3773609,194.4924142,175.9768493,171.4462444,223.6761409,213.2908749,203.5759506,197.0730654,208.9093248,202.9125481,181.3088661,210.9751204,214.1539491,223.0582481,220.7577074,219.8559258,214.3438406,184.6964806,196.2282303,208.2967136,204.1159818,201.9741385,190.8040791,235.8845996,211.3662046,212.1051952,241.0736974,185.8722682,209.0144734,228.4727565,222.6498683,223.015285,199.8913871,175.9457855,203.8351908,207.1137497,204.8321025,211.8116151,183.1236051,217.9336385,179.439128,176.1316505,224.3980459,207.1340076,223.615082,231.2619329,196.1040712,221.7072278,237.4990513,212.5146286,206.749048,199.6954383,227.178294,225.2847147,205.5264506,173.1828317,216.0807813,187.3150848,245.6895234,200.2674859,187.3239454,258.1129402,224.7726578,206.1091895,219.5258799,199.1680128,207.5756213,203.840986,163.8582747,179.4540721,198.8606925,214.4583462,224.9899942,176.0715005,226.7789104,190.1737937,176.3507324,179.855605,198.3497061,226.7907573,276.5099814,201.6137109,208.3471275,243.1752806,191.8955483,189.6326274,209.9440405,200.0842861,221.5822821,201.492095,215.5678591,174.7669828,194.455458,217.1614949,204.5214225,199.1191189,207.3607941,180.1300784,196.9472391,243.1511902,217.4203246,214.4343151,179.8661686,247.8230838,256.6087578,216.6846163,179.197621,215.1914407,166.9310321,221.9010343,225.4858208,187.4717024,202.7539581,190.731973,230.7914109,234.8968265,191.6162495,218.1660787,187.8341027,217.9992455,182.9177525,196.299351,191.9767728,213.9957469,230.4050808,199.7455629,1,1,0,0,0,3,0,0,1,0,0,0,1,2,0,0,1,0,0,0,1,0,0,0,1,1,0,0,0,3,0,0,1,0,0,0,1,0,0,0,1,0,0,0,0,2,0,0,1,1,0,0,0,2,0,0,0,3,0,0,1,1,0,0,0,3,0,0,0,3,0,0,0,3,0,0,0,3,0,0,600,1280,680,0.46875,636,873,2880,2007,0.303125,669,297,320,23,0.928125,3,726,2240,1514,0.324107143,636,237,320,83,0.740625,23,312,320,8,0.975,5,849,1280,431,0.66328125,39,1566,2880,1314,0.54375,366,297,320,23,0.928125,3,312,320,8,0.975,3,189,320,131,0.590625,75,1047,1920,873,0.5453125,240,447,1280,833,0.34921875,48,1290,1920,630,0.671875,204,1119,2880,1761,0.388541667,465,369,1280,911,0.28828125,642,339,2880,2541,0.117708333,960,873,2880,2007,0.303125,666,939,2880,1941,0.326041667,492,102,2880,2778,0.035416667,960,1
3,train,increment,9,1620.009897,0.013253293,288.2514614,300.7770008,276.7184058,252.8313828,294.8303772,260.8314957,301.8745595,273.9844296,241.1195973,233.8327733,299.9160584,284.8661433,264.1965826,250.8051121,288.3937169,260.2480811,254.3153451,299.4022664,280.6360512,298.7655763,308.6157499,300.9731004,289.1845469,251.8174441,264.2080507,284.9505485,265.865569,271.0566332,263.7558834,316.199385,288.0452921,284.7572773,322.5524388,249.2960982,287.2070115,312.2198599,293.9231152,286.6837994,287.226132,241.6057807,278.3775514,285.1759372,288.0809556,285.8966058,249.7828747,294.8891167,250.5247744,230.2618947,308.1452586,268.0600312,272.6335262,310.8802183,263.6391922,295.5322243,335.8102322,275.2352409,293.7771137,251.8018186,324.8788153,305.6235308,292.0004747,241.7906678,293.3028615,247.1194137,310.6462651,283.1488213,246.5859642,337.495578,292.9596715,269.0293011,295.9226489,256.6553617,270.361455,280.0185067,209.9547012,246.630453,259.9042683,285.9694901,321.2305089,218.1627446,285.0157807,243.3511443,239.9491568,240.8002426,273.1752925,319.8485373,367.7722628,264.456169,277.2829503,328.7703864,260.4612006,261.4581281,286.3158169,259.9548436,308.8270969,275.7374083,299.0008038,225.2841662,246.0189836,281.884097,287.7594349,280.2181095,278.6379837,252.6240271,269.597212,331.3767144,302.8468544,275.2504454,232.0917143,342.6576237,323.8290288,295.5726182,234.814301,293.2858288,225.2291487,284.2761722,305.2185677,259.8015995,261.378404,243.381312,307.6573412,299.7140336,254.7710309,295.4934294,244.7779254,286.90225,247.1744573,264.7600633,254.3462889,279.0036817,314.95903,268.5633392,1,1,0,0,0,3,0,0,1,0,0,0,1,2,0,0,0,3,0,0,0,3,0,0,0,3,0,0,0,3,0,0,0,3,0,0,0,3,0,0,1,0,0,0,0,3,0,0,1,1,0,0,0,3,0,0,0,3,0,0,0,3,0,0,0,3,0,0,0,3,0,0,0,3,0,0,0,3,0,0,789,1280,491,0.61640625,303,1086,2880,1794,0.377083333,960,303,320,17,0.946875,6,876,2240,1364,0.391071429,429,249,2880,2631,0.086458333,960,753,2880,2127,0.261458333,366,1119,2880,1761,0.388541667,201,2286,2880,594,0.79375,72,480,2880,2400,0.166666667,630,375,2880,2505,0.130208333,960,318,320,2,0.99375,2,1467,2880,1413,0.509375,429,483,1280,797,0.37734375,87,2019,2880,861,0.701041667,87,1455,2880,1425,0.505208333,105,474,2880,2406,0.164583333,960,345,2880,2535,0.119791667,960,1356,2880,1524,0.470833333,180,1188,2880,1692,0.4125,144,135,2880,2745,0.046875,960,0
3,train,increment,10,1800.001566,0.009772929,369.1733628,399.8982458,364.9800878,337.1532968,387.3294061,360.0544788,383.6141296,346.602729,338.11086,307.5191975,421.4798236,383.6595136,349.7204179,323.3673155,392.147941,328.716087,331.4071494,399.1567937,386.3085814,399.6311143,417.1149283,414.1693671,408.8660268,328.5573857,356.6537496,394.3821422,373.2044746,368.499469,359.6133142,425.0074943,385.2877503,391.9486292,446.4438961,336.2721116,395.7365618,399.1822204,397.4258098,415.3678244,373.6438737,312.6017693,372.5751139,416.75432,380.8437069,392.5399953,322.0214551,403.6060705,330.1260286,300.1668664,429.975576,377.3265677,387.5058922,431.2855757,357.7428661,407.0916495,432.437448,372.3648573,386.630546,344.7687538,441.8934087,427.5924002,386.5861892,309.8017185,433.6248627,341.4165627,427.0212238,385.7884663,334.2334408,438.9263947,384.5838781,349.667569,404.5854299,347.8013274,372.7482319,356.3844744,279.5993087,317.0745098,340.3071863,393.292797,453.426493,287.8311783,371.4282553,310.1918523,312.2918866,312.0792544,353.4962692,427.4369944,524.7480783,348.6441746,357.8297841,398.6834006,356.3052077,352.7854325,374.5510045,347.8239863,408.5234816,372.0932488,426.9496075,302.4116167,321.4410453,370.7299802,406.6011609,378.9253503,363.2813278,354.6765578,338.7230064,448.2496618,407.6899975,359.5316771,296.143194,453.0821597,438.1874588,387.7448638,313.4910754,394.9862428,309.1891643,391.6760239,393.4713076,343.1444423,363.6570158,338.002747,427.5869918,404.2354798,353.6594683,402.5977586,334.9135907,402.0981484,330.6701451,348.0082219,353.3214955,373.4963401,409.5050631,370.5053598,1,1,0,0,0,3,0,0,1,0,0,0,1,2,0,0,0,3,0,0,0,3,0,0,0,3,0,0,0,3,0,0,0,3,0,0,0,3,0,0,1,0,0,0,0,3,0,0,1,1,0,0,0,3,0,0,0,3,0,0,0,3,0,0,0,3,0,0,0,3,0,0,0,3,0,0,0,3,0,0,999,1280,281,0.78046875,147,1716,2880,1164,0.595833333,87,291,320,29,0.909375,6,1302,2240,938,0.58125,246,399,2880,2481,0.138541667,834,972,2880,1908,0.3375,150,1467,2880,1413,0.509375,306,2844,2880,36,0.9875,3,861,2880,2019,0.298958333,687,543,2880,2337,0.188541667,960,318,320,2,0.99375,2,1869,2880,1011,0.648958333,231,717,1280,563,0.56015625,24,2604,2880,276,0.904166667,9,2025,2880,855,0.703125,39,726,2880,2154,0.252083333,732,519,2880,2361,0.180208333,672,1659,2880,1221,0.576041667,63,1683,2880,1197,0.584375,141,207,2880,2673,0.071875,960,1
3,train,increment,11,1980.000215,0.018360459,467.4289253,557.02388,477.0012266,438.840003,538.9360734,465.0361073,511.3841071,459.2259771,457.364612,409.4910668,541.9580779,510.8880726,470.0452528,431.3439636,510.3995874,443.4919245,455.6421154,525.6220208,540.7341675,554.9062541,538.670962,579.1252076,530.222386,455.2920355,474.2878955,519.4344702,514.5578741,507.5297936,481.3682481,591.6616889,513.4432179,527.4606375,582.3955039,442.1039087,529.9010852,554.2703555,548.6512903,546.5702178,525.8832356,379.2728098,496.9301984,550.7142021,496.8530689,540.6081576,430.3084935,553.8041117,430.3852829,394.1310918,590.0754047,517.2127094,498.2494193,562.8549408,500.2619577,546.1561744,567.0533677,504.547709,518.7686407,458.3031655,565.970583,587.774498,533.7381185,412.0241254,590.4926651,432.4605925,617.1203735,545.0120943,447.7164187,565.4653359,521.5385183,467.2186821,546.610004,466.8039441,499.7391805,475.1535559,377.6285585,424.0825235,462.4951838,503.1092781,626.9796358,390.0151413,538.7483946,408.1128429,442.6367507,402.5845369,461.8145384,555.7264198,700.6872619,461.7185103,487.348737,522.7473146,478.7042285,470.8562459,488.0741209,479.9754519,538.0037908,489.8614946,585.5581345,412.2722911,419.1248105,504.3847989,567.3534592,512.5542721,486.788879,498.254824,455.0173324,612.1587192,542.6724178,511.2549736,383.2160348,604.5823283,574.9193262,510.129242,429.9451784,528.485019,427.7992214,519.3438919,503.8514981,462.6469587,492.2288278,447.6722343,582.6990311,523.5963337,489.4558458,548.6158008,432.0881484,537.1771751,482.3944122,456.1838451,471.4198483,504.7738471,548.1321608,498.141489,0,0,0,9,0,3,0,0,0,3,0,0,0,0,0,9,0,3,0,0,0,3,0,0,0,3,0,0,0,3,0,0,0,3,0,0,0,3,0,0,1,0,0,0,0,3,0,0,1,1,0,0,0,3,0,0,0,3,0,0,0,3,0,0,0,3,0,0,0,3,0,0,0,3,0,0,0,3,0,0,1551,8640,7089,0.179513889,960,2355,2880,525,0.817708333,9,363,2880,2517,0.126041667,960,1707,8640,6933,0.197569444,960,720,2880,2160,0.25,234,1173,2880,1707,0.407291667,78,1710,2880,1170,0.59375,66,2856,2880,24,0.991666667,3,1749,2880,1131,0.607291667,42,864,2880,2016,0.3,960,303,320,17,0.946875,5,2700,2880,180,0.9375,9,1161,1280,119,0.90703125,11,2820,2880,60,0.979166667,6,2439,2880,441,0.846875,12,1554,2880,1326,0.539583333,198,1170,2880,1710,0.40625,384,2010,2880,870,0.697916667,30,2193,2880,687,0.761458333,24,267,2880,2613,0.092708333,960,1
3,train,increment,12,2160.001178,0.046944895,629.6098328,723.1505554,661.27486,587.1143754,714.1255186,585.976141,655.4583869,573.7420489,632.861972,553.9356397,740.9871906,673.821619,613.0065549,576.5088245,660.7246319,638.8617527,578.5247682,724.7424422,703.756579,741.836476,745.84168,777.4579161,709.2866725,622.5904765,603.2529559,725.6570141,668.2682335,718.365651,640.6490981,745.5107783,677.9379657,752.9098733,754.0498101,619.9124809,720.3885071,765.3280285,754.7246167,756.2008877,702.6558976,537.3764069,643.2024705,685.1240829,664.1241469,725.5335293,533.4609502,719.75894,560.0573201,543.0869346,824.7628517,700.4300443,682.2760665,736.1784621,678.597132,740.9632896,751.5745423,669.8395989,731.8062496,572.5761842,778.2946658,827.8086933,730.924896,524.8891297,832.9680523,624.0705487,805.5922299,714.3233963,627.8401239,706.5416247,669.0639881,624.1029656,696.5744605,612.6668607,668.4275601,632.2045922,484.3372703,549.1773489,666.2016751,646.5469725,863.104599,541.3416425,699.06325,529.7252584,599.1305714,551.2851242,611.7269341,716.2152229,905.5857249,667.3789496,627.1839839,732.7596088,664.1937198,651.1679792,607.3453186,626.323864,694.158487,673.9996118,755.1184902,532.0659,561.8922043,638.1257176,811.1189646,677.2282957,670.3380497,669.6402182,608.280601,775.5763273,742.4521558,697.7584237,499.4017125,841.9623491,795.5518629,682.8859687,596.0104718,717.0456291,575.1965059,657.6907693,646.6753131,604.6008374,647.1267549,622.0593612,813.4879181,680.4086719,638.5301143,742.1624262,616.2755446,751.024033,665.6066987,603.0862487,644.2354025,670.7703879,755.2466185,669.1140854,0,0,0,9,0,3,0,0,0,3,0,0,0,0,0,9,0,3,0,0,0,3,0,0,0,3,0,0,0,3,0,0,0,3,0,0,0,3,0,0,0,3,0,0,0,0,0,9,1,1,0,0,0,0,0,9,0,3,0,0,0,3,0,0,0,3,0,0,0,3,0,0,0,3,0,0,0,3,0,0,2304,8640,6336,0.266666667,960,2283,2880,597,0.792708333,15,1083,2880,1797,0.376041667,198,2649,8640,5991,0.306597222,960,1020,2880,1860,0.354166667,180,1389,2880,1491,0.482291667,84,1938,2880,942,0.672916667,27,2871,2880,9,0.996875,3,2529,2880,351,0.878125,15,1458,2880,1422,0.50625,120,777,2880,2103,0.269791667,396,3327,8640,5313,0.385069444,960,1275,1280,5,0.99609375,3,3873,8640,4767,0.448263889,783,2262,2880,618,0.785416667,24,2631,2880,249,0.913541667,6,1134,2880,1746,0.39375,279,2445,2880,435,0.848958333,18,2793,2880,87,0.969791667,3,249,2880,2631,0.086458333,960,1
3,train,increment,13,2340.001025,0.053090972,827.6942162,1014.578494,853.5549042,768.2264456,1006.222597,736.392559,938.5449809,759.3733972,882.9146625,730.1098961,987.4498237,917.9424548,848.7865288,785.3833129,853.5589018,922.472691,832.0764894,1006.093007,883.1528884,959.8548595,1045.491131,1015.503903,956.4724207,815.0950095,813.3212556,1042.452795,924.3958688,934.5657381,824.9960868,1002.830222,901.6930309,1014.857545,1083.643022,850.1712722,961.0369369,955.2379009,1078.868163,1039.901645,893.6636716,719.3562771,877.2129452,883.5031893,880.8438909,998.4605818,748.3119373,982.2771558,759.4794424,711.5008757,1103.215011,938.940907,930.5895082,946.4829977,934.9998286,1006.6784,944.1586731,887.5449772,967.4676411,811.2796325,1047.747389,1106.51353,973.153136,703.1954698,1159.275775,818.6190871,1098.364183,984.5635036,872.9292677,957.8403516,893.8636324,849.0458543,913.7045169,786.0939153,907.7819147,808.6568488,646.298331,734.957826,910.7524259,835.4001374,1113.167673,735.1526378,954.5407181,730.690148,839.3006182,716.813389,783.9422224,967.3368811,1234.552125,925.8242685,869.1213908,1051.543264,893.4206984,932.0496246,821.2477266,826.7574719,887.3379026,898.4835863,954.2931103,731.8744464,799.2068957,896.4908519,1134.155293,894.8871666,924.4105175,960.7582033,790.0950547,1056.020228,1005.150556,994.5533747,674.6807177,1062.919933,1077.193704,894.7233783,823.7770122,976.2161606,757.1372241,905.2086112,856.8909526,859.2080848,867.2844345,802.9229602,1090.006236,948.244098,854.1838011,995.8977604,819.4632424,974.6326589,945.2020226,802.918336,887.9682777,887.055881,1054.81832,892.9154229,0,0,0,9,0,3,0,0,0,3,0,0,0,0,0,9,0,3,0,0,0,3,0,0,0,3,0,0,0,3,0,0,0,3,0,0,0,3,0,0,0,3,0,0,0,0,0,9,1,1,0,0,0,0,0,9,0,3,0,0,0,3,0,0,0,3,0,0,0,3,0,0,0,3,0,0,0,3,0,0,2772,8640,5868,0.320833333,960,2544,2880,336,0.883333333,15,1530,2880,1350,0.53125,84,3036,8640,5604,0.351388889,960,831,2880,2049,0.288541667,573,1707,2880,1173,0.592708333,63,2499,2880,381,0.867708333,15,2865,2880,15,0.994791667,3,2559,2880,321,0.888541667,9,1491,2880,1389,0.517708333,93,2025,2880,855,0.703125,24,5250,8640,3390,0.607638889,372,1269,1280,11,0.99140625,3,4890,8640,3750,0.565972222,432,2700,2880,180,0.9375,6,2730,2880,150,0.947916667,6,1746,2880,1134,0.60625,45,2859,2880,21,0.992708333,3,2871,2880,9,0.996875,3,753,2880,2127,0.261458333,477,1
3,train,increment,14,2520.00041,0.0752442,1095.236924,1434.967698,1174.943636,959.3970536,1347.37157,945.1603763,1259.450794,987.9973519,1215.496513,917.5123332,1277.997273,1262.717085,1116.016446,1066.284431,1126.583183,1250.957198,1159.435098,1469.657422,1157.614152,1370.904475,1336.311976,1392.942408,1300.856069,1056.321948,1158.176849,1312.213871,1167.337742,1282.495264,1058.900012,1321.267207,1246.982455,1382.997468,1465.282059,1160.704748,1311.508905,1252.043889,1450.760472,1420.527926,1187.963066,1007.726185,1166.993255,1200.178296,1231.889951,1332.979418,989.4637321,1313.263525,1034.775939,945.2132555,1584.189569,1268.401503,1159.600414,1279.801028,1246.673151,1351.238953,1300.83845,1214.777077,1306.651215,1144.316155,1340.673075,1472.763938,1294.858961,962.5471551,1454.667085,1104.962606,1416.402521,1314.706533,1130.093078,1283.797633,1247.841179,1196.918434,1125.099237,1097.032548,1183.165545,1092.341545,858.741607,1037.395825,1195.085953,1096.788046,1504.712728,1040.549231,1232.517646,953.2865438,1103.355927,1000.239595,1044.018071,1274.450113,1781.149132,1241.331852,1170.566255,1437.215303,1195.66111,1213.221112,1069.413939,1097.370583,1159.815658,1163.3952,1383.257188,951.5016198,1030.039198,1156.009843,1527.182732,1161.386018,1286.464291,1305.196783,1087.165748,1474.410999,1317.514123,1369.370302,935.5992626,1482.861721,1502.788009,1172.776457,1039.441918,1273.472422,1037.872661,1259.526527,1173.661243,1117.515723,1172.117278,1055.387846,1408.654574,1301.706297,1146.669058,1341.408367,1075.985531,1315.908226,1299.524322,1059.828624,1160.578758,1143.454337,1480.450484,1190.432617,0,0,0,9,0,3,0,0,0,3,0,0,0,0,0,9,0,3,0,0,0,3,0,0,0,3,0,0,0,3,0,0,0,3,0,0,0,3,0,0,0,3,0,0,0,0,0,9,1,1,0,0,0,0,0,9,0,3,0,0,0,3,0,0,0,3,0,0,0,3,0,0,0,3,0,0,0,3,0,0,3624,8640,5016,0.419444444,960,2727,2880,153,0.946875,6,2307,2880,573,0.801041667,30,3828,8640,4812,0.443055556,960,1281,2880,1599,0.444791667,240,2247,2880,633,0.780208333,21,2817,2880,63,0.978125,3,2868,2880,12,0.995833333,3,2805,2880,75,0.973958333,6,2031,2880,849,0.705208333,21,2625,2880,255,0.911458333,6,6708,8640,1932,0.776388889,69,1272,1280,8,0.99375,3,6006,8640,2634,0.695138889,78,2817,2880,63,0.978125,3,2856,2880,24,0.991666667,3,2265,2880,615,0.786458333,21,2868,2880,12,0.995833333,3,2880,2880,0,1,0,1116,2880,1764,0.3875,198,1
4,train,increment,1,180.1250135,0,24.38528305,26.97630619,26.12749715,25.77719521,24.27982943,26.41635307,25.61721992,26.68361076,24.84048086,24.94036861,25.65280801,24.49526899,24.29885962,25.75282322,25.26306602,25.93464593,26.73581127,26.0089036,25.89833715,24.47249814,25.63304475,25.86615765,25.25678768,25.33818544,26.12837409,25.7008883,25.47911365,25.60694565,25.77925596,24.27652985,25.83481189,25.04321619,25.68873186,27.46838959,25.54318424,26.65180491,25.23378785,26.65975505,25.03275068,26.86713802,25.24302475,25.95894897,25.97895765,24.07725785,26.79941858,25.6598081,25.1740145,26.50838997,26.64570777,25.90964714,24.62061305,25.10682517,27.0430293,25.01471281,24.88640585,26.5182067,26.98722994,26.60982171,24.54571862,25.02169633,25.23467589,25.70883768,25.23651742,25.03505179,25.85470192,25.6702537,27.23434822,25.3353863,25.91675593,26.04799047,25.13567331,25.69236615,26.8987254,26.30304401,28.30204637,27.18112163,24.66374164,25.68942833,26.39440749,26.05973009,24.16984846,26.03506685,26.74907268,26.55981128,27.23384713,25.9293782,25.67981417,25.1121904,25.77144252,26.71637365,26.02983961,25.62721161,25.52258509,25.41547929,26.80514711,24.58964067,26.40122912,27.69984695,25.3179557,26.18563149,26.36769732,24.8074053,25.87002238,26.49834284,26.29686146,26.58206311,24.46841105,24.97610035,25.2469597,25.02822218,26.70769869,26.09989891,24.16652358,25.38310379,24.59053065,27.28577591,25.69353276,26.70885304,26.26976006,26.15075472,27.10828493,25.28578708,25.13794007,25.58456607,25.80697728,25.05488644,25.60101592,24.59105113,25.821016,24.53658849,25.38292575,25.59885627,1,0,0,0,1,0,0,0,1,0,0,0,1,0,0,0,1,0,0,0,1,0,0,0,1,0,0,0,1,0,0,0,1,0,0,0,1,0,0,0,1,0,0,0,1,0,0,0,1,0,0,0,1,0,0,0,1,0,0,0,1,0,0,0,1,0,0,0,1,0,0,0,1,0,0,0,1,0,0,0,75,320,245,0.234375,203,87,320,233,0.271875,65,48,320,272,0.15,200,93,320,227,0.290625,134,18,320,302,0.05625,269,57,320,263,0.178125,81,81,320,239,0.253125,72,165,320,155,0.515625,65,21,320,299,0.065625,227,24,320,296,0.075,269,24,320,296,0.075,269,129,320,191,0.403125,134,54,320,266,0.16875,218,177,320,143,0.553125,83,132,320,188,0.4125,65,24,320,296,0.075,269,57,320,263,0.178125,242,111,320,209,0.346875,83,108,320,212,0.3375,110,6,320,314,0.01875,314,0
4,train,increment,2,360.0047634,0.000115647,31.03110825,35.05337865,33.24265287,33.46586901,32.58376798,34.03286273,32.69307887,37.11982457,34.97298731,33.32697174,36.41233864,33.94778221,33.46355566,35.57198059,32.72801452,34.95499665,36.01337745,36.2163503,34.46646078,33.57728474,35.08721558,35.76260924,35.74746784,34.63639503,35.46841303,37.10405496,35.24961547,34.48376187,34.4530919,34.566463,39.4670295,33.66118111,33.00602344,38.30352021,34.73770415,36.81821277,32.5093172,37.15435811,33.46568245,36.73598256,32.50382345,36.14817348,33.92392962,31.19448744,36.80010214,35.07483338,32.70947244,35.76568934,34.47242912,35.25597033,32.99875326,33.56251369,34.5359005,35.43257918,32.27029542,35.17640516,34.18267721,34.98084716,34.23666143,32.7796538,35.39027284,35.26890305,34.86457081,33.20433407,36.59666824,34.15400787,36.65047143,34.94381631,37.21097814,34.4280733,33.21221942,34.10644748,36.95528259,33.6094217,40.35602679,39.16487069,35.7081274,32.79821708,35.9353138,33.36212463,32.1456759,36.2515489,36.23329008,36.37578521,37.06085388,34.81710187,35.06340152,34.75349356,35.12179186,35.66063554,35.2695116,33.88828487,33.72766342,34.11519798,35.99080477,31.84514139,35.8915359,38.73308309,34.93097815,34.84940716,38.46266185,31.89462594,34.81977478,36.27204354,36.33826001,36.6401394,31.46688192,31.96554255,33.24981849,34.71103557,37.23979914,37.43604461,31.0990268,32.39005041,33.78300535,36.75383267,32.5755508,37.78587884,35.82247819,35.49467886,35.45525826,33.10948503,31.45642398,35.19827104,35.31867638,34.26286131,33.71907991,31.10200557,33.69508844,33.33015802,34.14138967,34.41829467,1,0,0,0,1,0,0,0,1,0,0,0,1,0,0,0,1,0,0,0,1,0,0,0,1,0,0,0,1,0,0,0,1,0,0,0,1,0,0,0,1,0,0,0,1,0,0,0,1,0,0,0,1,0,0,0,1,0,0,0,1,0,0,0,1,0,0,0,1,0,0,0,1,0,0,0,1,0,0,0,138,320,182,0.43125,179,138,320,182,0.43125,39,48,320,272,0.15,200,141,320,179,0.440625,92,27,320,293,0.084375,206,81,320,239,0.253125,33,132,320,188,0.4125,54,264,320,56,0.825,15,75,320,245,0.234375,212,27,320,293,0.084375,263,33,320,287,0.103125,218,168,320,152,0.525,92,57,320,263,0.178125,159,243,320,77,0.759375,15,192,320,128,0.6,80,57,320,263,0.178125,233,57,320,263,0.178125,248,171,320,149,0.534375,27,114,320,206,0.35625,80,6,320,314,0.01875,308,0
4,train,increment,3,540.0053193,0.004482909,45.16608971,48.17554472,46.07483084,46.33579399,42.00566442,46.4157238,44.3138251,51.43896753,45.15056087,43.85178225,49.09924025,47.32096484,44.23118692,46.83275138,44.28017903,44.62555589,47.90985672,48.95192042,46.91141366,44.94928539,48.73831116,46.14811465,44.57637189,47.64948078,46.94462857,46.45158442,47.05468676,43.1476736,44.8388419,46.10332204,54.66025976,46.81437676,44.48708622,50.98810689,49.21536926,51.25409458,43.7007678,51.00277835,42.84855155,50.70572432,42.52636538,46.67471848,46.46141422,41.23989866,49.29222947,45.96279355,43.93486715,49.07242084,46.97122427,47.45916755,46.17595338,42.89729782,46.45665659,49.48533376,42.97713923,48.78264588,45.2143324,43.16031692,45.14260733,43.2852919,46.53499074,47.32752493,45.95490877,45.47843587,49.86384436,46.37787273,49.33130176,48.77652241,53.02888311,42.306689,43.64596033,48.48324042,52.07871178,45.99561349,52.64337441,53.25475587,48.47127547,41.80591869,50.07167658,43.23998979,43.60023675,45.29330471,50.12761454,47.78702604,50.89947396,45.97074915,49.81214113,47.46500706,48.0450243,49.41704596,48.86601687,44.24033784,46.25638458,44.01594836,47.49957755,41.75894196,48.52021746,48.78785455,46.17565818,45.85568108,52.48817194,42.75607474,47.9709905,47.70936854,50.30469378,49.10253273,42.25917038,40.73672674,42.68753326,44.6908279,49.42010493,51.89385422,44.35657867,43.33611592,45.96769125,50.06965035,43.76408507,52.51109166,47.18227985,46.69178758,46.91607634,43.59089518,39.84415845,47.67872119,48.39397313,44.54940188,44.05629005,41.97563025,44.12833822,45.66273558,44.6518998,48.46861949,1,0,0,0,1,0,0,0,1,0,0,0,1,0,0,0,1,0,0,0,1,0,0,0,1,0,0,0,1,0,0,0,1,0,0,0,1,0,0,0,1,0,0,0,1,0,0,0,1,0,0,0,1,0,0,0,1,0,0,0,1,0,0,0,1,0,0,0,1,0,0,0,1,0,0,0,1,0,0,0,138,320,182,0.43125,158,198,320,122,0.61875,21,66,320,254,0.20625,167,171,320,149,0.534375,15,57,320,263,0.178125,209,69,320,251,0.215625,63,207,320,113,0.646875,12,288,320,32,0.9,6,141,320,179,0.440625,92,81,320,239,0.253125,81,54,320,266,0.16875,75,267,320,53,0.834375,6,129,320,191,0.403125,71,315,320,5,0.984375,3,258,320,62,0.80625,12,144,320,176,0.45,119,45,320,275,0.140625,113,210,320,110,0.65625,15,210,320,110,0.65625,12,9,320,311,0.028125,299,1
4,train,increment,4,720.0197424,0.025424053,56.3465918,62.29944061,59.36653279,61.94179071,55.02025132,61.68762762,61.35170385,66.67533517,58.29668812,59.13404443,64.59040887,61.6622067,60.63201086,64.11254027,57.44189229,64.79269436,66.67651823,64.30355421,62.89961951,57.68139355,65.67846708,62.08808196,57.01470947,68.02103747,60.0860138,63.35177767,65.14135216,59.9537915,58.43992792,63.22551698,74.19037392,60.16403031,58.80909697,69.83289906,66.28301602,66.55947899,57.66924972,65.16885283,59.19126937,67.1429168,56.80364935,58.37709055,58.33724066,54.12197185,64.93848718,60.5513752,61.89143324,64.84581086,59.82062068,63.37013521,60.42133644,58.81059884,62.89861217,67.39751535,60.35659663,64.16341853,59.70797758,54.85144538,60.98300303,63.26625847,63.03048534,64.09293917,62.8364467,61.39704574,68.11522989,64.26000588,66.50032057,64.24437236,75.43850539,56.98068224,58.74405693,64.76526464,71.65480229,60.43459749,71.7697046,71.78665151,60.25364191,54.72264601,69.41731575,57.04795334,58.94709377,60.74043145,66.87119401,62.98519231,71.52422044,65.85924856,71.37592447,63.47217479,65.00190722,66.79365215,66.77838012,58.32292945,63.90952071,60.4718431,61.28513245,56.68855522,66.46826643,66.7909744,60.6093573,61.42358186,72.26956787,59.91610744,68.98186043,64.30471504,65.6058604,64.9477795,58.61383349,56.02740069,54.31388256,63.5713064,63.52522615,72.06992834,62.56117129,58.19085093,60.77443955,64.8269079,59.6512215,67.68038491,59.84840078,59.3850594,62.84574857,59.00641221,55.91350571,63.65783351,67.27477227,58.17790033,62.35582585,56.47046167,59.45998926,61.13234854,63.60937884,66.60389454,1,0,0,0,0,3,0,0,1,0,0,0,0,3,0,0,0,3,0,0,1,0,0,0,1,0,0,0,0,3,0,0,1,0,0,0,1,0,0,0,1,0,0,0,0,3,0,0,1,0,0,0,0,3,0,0,1,0,0,0,1,0,0,0,1,0,0,0,0,3,0,0,1,0,0,0,1,0,0,0,213,320,107,0.665625,77,159,2880,2721,0.055208333,960,189,320,131,0.590625,15,237,2880,2643,0.082291667,960,111,2880,2769,0.038541667,903,177,320,143,0.553125,18,288,320,32,0.9,3,456,2880,2424,0.158333333,822,120,320,200,0.375,71,126,320,194,0.39375,27,87,320,233,0.271875,51,324,2880,2556,0.1125,882,81,320,239,0.253125,39,381,2880,2499,0.132291667,792,312,320,8,0.975,3,156,320,164,0.4875,35,75,320,245,0.234375,92,264,2880,2616,0.091666667,831,315,320,5,0.984375,3,30,320,290,0.09375,287,1
4,train,increment,5,900.0378617,0.028032671,75.98396629,89.09141605,81.97270727,82.28549362,73.17580205,84.71618715,85.28127668,91.19999329,79.41601431,79.75555268,87.90853602,84.78633359,81.37838091,89.48866122,79.14218486,86.14462879,87.27606006,91.72876119,81.88808076,80.71362597,85.37621282,81.71734771,78.42438295,96.12173508,82.59568456,83.51002356,89.17215631,81.07348981,75.76332977,87.52927278,101.3863543,82.94078156,79.63355365,94.09446689,89.16615848,93.04212469,76.4161008,86.93498755,84.17947944,89.56148669,77.37370765,82.32746534,80.98460819,73.97456996,89.56000267,84.04376661,82.8729888,87.43040354,82.23714996,87.4982272,78.44418416,77.0966495,81.64086167,92.05626496,80.98537193,87.3128265,80.18939185,76.69704107,89.44710088,84.15925606,85.28045278,84.09091354,83.63881771,86.79182249,90.64925569,89.86181169,89.80874237,85.78759134,106.9220714,75.49448888,77.75968033,86.54778547,93.59794577,82.55483933,98.33943592,95.41069428,83.41048951,75.10279953,94.64017943,79.28279384,77.61982266,82.87886304,87.46901611,85.96153523,94.10055791,85.01616535,98.98941646,83.66333109,80.15229982,96.41330879,87.17169813,80.87545995,87.33787482,82.16120064,81.68645131,77.85482541,88.83415869,88.6122088,82.982135,85.36233821,100.1020958,79.3524901,90.28695115,86.36616344,91.96418906,87.82082273,76.81145681,76.17238979,71.19445632,83.1509592,84.83618426,95.64936327,81.85841358,80.82238947,83.88996547,82.4859049,79.46882161,89.04059908,79.69400461,78.10826476,88.29307267,78.10642158,73.95241388,82.29157376,91.17773324,79.55229665,80.47377153,74.73615339,79.05827493,84.06520029,80.41352138,90.96626361,1,0,0,0,0,3,0,0,0,2,0,0,0,3,0,0,0,3,0,0,1,0,0,0,0,2,0,0,0,3,0,0,0,2,0,0,0,2,0,0,1,0,0,0,0,3,0,0,1,0,0,0,0,3,0,0,0,2,0,0,0,2,0,0,1,0,0,0,0,3,0,0,1,2,0,0,1,0,0,0,243,320,77,0.759375,30,423,2880,2457,0.146875,879,69,1920,1851,0.0359375,954,273,2880,2607,0.094791667,960,81,2880,2799,0.028125,960,264,320,56,0.825,8,348,1920,1572,0.18125,636,666,2880,2214,0.23125,672,225,1920,1695,0.1171875,681,126,1920,1794,0.065625,960,93,320,227,0.290625,152,387,2880,2493,0.134375,813,177,320,143,0.553125,12,606,2880,2274,0.210416667,714,363,1920,1557,0.1890625,660,228,1920,1692,0.11875,693,132,320,188,0.4125,42,396,2880,2484,0.1375,762,390,2240,1850,0.174107143,660,66,320,254,0.20625,254,0
4,train,increment,6,1080.015477,0.019331062,99.21684257,119.6599407,109.1617974,110.5307981,93.08821156,111.4520157,112.2052277,118.468663,104.9800568,101.1154122,123.8295524,111.3900543,110.0741416,114.5224505,99.74477306,114.7070572,117.0493571,120.153849,109.9520724,116.4270048,110.0181903,113.9829558,113.6276058,124.7085456,112.4142189,119.4377364,121.0808097,119.0158848,97.02046227,124.264481,134.5365134,109.1706805,112.1976625,120.9062011,122.6674005,126.2692957,108.1339842,116.5394543,116.172377,115.5727957,103.3933747,105.6299554,110.6093849,99.08857055,122.1779905,112.8052392,111.9870499,116.5490442,102.6071664,114.6180657,103.9964847,98.11980321,110.962769,127.5501316,110.5356672,110.9858949,104.0130222,98.20180568,118.5521093,112.3943095,107.1463486,110.4263536,114.8740594,112.4749467,123.2797248,125.5917508,124.1600951,119.9666515,149.7738966,100.118919,103.2401338,113.554293,121.8625856,117.3751852,133.0030879,127.6173541,109.7731348,99.87747862,129.6233908,100.4458925,105.9376323,107.1416192,114.3982124,111.1519074,125.1152906,107.609519,122.5318706,111.8223495,106.4348775,136.7855557,116.6367832,108.0296972,111.8314696,109.0123947,107.8762046,100.4236547,124.2325102,113.3079832,105.5687326,119.8331831,134.8970103,109.9327704,115.8268062,118.4066434,120.4195276,121.6829749,108.1992559,100.6068466,92.06033923,106.9699011,114.7866277,124.7619421,113.2330562,109.0048374,107.1917231,105.0850548,104.5562903,120.7662356,109.0511837,106.5295865,122.7326009,107.2766338,100.0879451,112.5500413,123.8514628,102.6174761,108.8517848,102.4598929,107.811412,117.2710052,107.8325164,119.5851667,1,0,0,0,0,3,0,0,0,2,0,0,0,3,0,0,0,3,0,0,1,0,0,0,0,2,0,0,0,3,0,0,0,2,0,0,0,2,0,0,1,0,0,0,0,3,0,0,1,0,0,0,0,3,0,0,0,2,0,0,0,2,0,0,1,0,0,0,0,3,0,0,1,2,0,0,1,0,0,0,312,320,8,0.975,3,363,2880,2517,0.126041667,960,120,1920,1800,0.0625,885,402,2880,2478,0.139583333,960,90,2880,2790,0.03125,960,270,320,50,0.84375,6,411,1920,1509,0.2140625,576,900,2880,1980,0.3125,609,156,1920,1764,0.08125,783,174,1920,1746,0.090625,927,111,320,209,0.346875,173,558,2880,2322,0.19375,840,231,320,89,0.721875,12,831,2880,2049,0.288541667,645,579,1920,1341,0.3015625,606,234,1920,1686,0.121875,801,102,320,218,0.31875,72,516,2880,2364,0.179166667,663,513,2240,1727,0.229017857,609,45,320,275,0.140625,266,0
4,train,increment,7,1260.017592,0.013827251,141.249411,170.1464917,145.1208337,142.1689177,122.6024251,149.7402673,146.2619526,152.1255372,139.9192146,130.6108217,165.4045062,148.8182105,149.3147761,144.3788807,136.7733535,156.8274353,150.1481833,160.5981487,151.2064429,162.6864826,141.4771013,147.7174803,163.9777494,163.3809245,149.6798892,166.1340769,170.2697075,169.4992235,124.8385291,158.2542864,189.1340012,154.7021961,153.7972968,152.9421854,159.2895628,163.8703403,152.1012522,159.1611209,158.2429519,162.3922869,138.5852221,149.1730487,146.0342937,132.5104467,172.9682972,154.954284,151.6608378,157.5079977,142.0541319,153.0235297,143.5657841,132.655773,147.2833638,170.1697743,147.7274509,144.2426806,142.908859,131.3948691,157.0340038,142.175443,133.6744925,141.8029745,155.9787356,154.3148256,159.5019875,166.8370456,167.1462834,154.2392476,204.6692127,130.0027208,132.7790883,148.7902504,166.0027002,161.5376036,185.5068346,162.1249156,148.7893298,142.6889016,171.2841112,139.0396229,144.8646746,155.017281,159.2704286,144.9366725,166.3672643,145.6845519,170.0512608,151.4542221,152.1552506,188.3214626,147.0516801,142.0701384,154.4488252,147.8403852,146.9156518,137.7509849,162.0941634,142.8194156,146.8351811,171.4940719,176.0561594,146.9866731,162.0198726,153.0748869,169.574361,160.7664014,153.2076556,144.4964934,122.489157,151.1183098,158.4844945,185.9927168,163.9615431,143.9386535,143.3116113,132.9371514,136.7748883,149.466162,153.4387058,139.4696387,169.6585702,140.5219507,129.0723896,149.9335969,171.9472912,131.8728065,154.3395103,138.2997415,151.6697456,149.6067551,144.5882805,151.496331,1,0,0,0,0,3,0,0,0,2,0,0,0,3,0,0,0,3,0,0,1,0,0,0,0,2,0,0,0,3,0,0,0,2,0,0,0,2,0,0,1,0,0,0,0,3,0,0,1,0,0,0,0,3,0,0,0,2,0,0,0,2,0,0,1,0,0,0,0,3,0,0,1,2,0,0,1,0,0,0,309,320,11,0.965625,3,651,2880,2229,0.226041667,834,204,1920,1716,0.10625,702,546,2880,2334,0.189583333,960,252,2880,2628,0.0875,960,309,320,11,0.965625,5,759,1920,1161,0.3953125,447,1185,2880,1695,0.411458333,465,315,1920,1605,0.1640625,390,264,1920,1656,0.1375,960,204,320,116,0.6375,38,798,2880,2082,0.277083333,681,288,320,32,0.9,9,1077,2880,1803,0.373958333,498,912,1920,1008,0.475,384,267,1920,1653,0.1390625,819,216,320,104,0.675,21,666,2880,2214,0.23125,498,741,2240,1499,0.330803571,426,63,320,257,0.196875,224,0
4,train,increment,8,1440.011037,0.01251433,182.8787891,240.7241202,199.995191,191.3535734,152.9729211,195.3475678,197.1443929,223.3676189,193.6253205,182.8341652,210.5564705,210.3299052,194.1959817,195.9368596,175.3292365,209.3447739,199.0287467,221.9186803,212.976729,222.4845558,200.4958897,200.5936514,215.8435492,230.609212,198.842334,214.4487821,240.7524749,217.3327027,166.2606206,225.9821231,250.1301711,207.4662583,195.9573721,208.0391493,224.7861189,207.510538,193.8241118,210.4252178,207.0308963,209.6574776,186.9836818,203.1932036,199.5236554,179.6777803,241.6749353,202.2449266,188.6428848,226.8457947,188.0668464,208.216019,192.8302577,187.2866601,199.7333963,231.0237145,192.5973981,198.8674997,183.5868396,173.0133797,208.8086005,193.5528919,186.9939033,182.9257529,206.3621264,199.8095889,203.7921564,229.5839192,216.1766077,201.0250549,273.9164388,179.5664326,181.0138158,201.39902,216.6181845,207.9742529,256.0369096,212.1712,188.1460814,199.0333363,239.4663176,182.068894,205.1508435,214.4611119,209.4180825,199.2566782,215.914791,197.2782395,240.0641889,205.0114427,204.2887044,242.0955279,195.4365608,188.8633471,202.5008003,201.2250221,190.2004335,178.1491913,206.1691289,204.6636146,203.4626056,228.6589021,238.0430431,200.0269726,228.8182092,193.5686438,247.5352023,216.2136027,200.6129826,185.6528808,171.6749309,217.8506002,202.4403714,261.4135595,214.9757486,195.5220157,187.2354356,171.367611,179.3316562,205.0829746,200.9463007,188.3920096,221.0190309,191.5324999,171.2539529,194.7042209,226.667334,179.0151437,204.6508858,188.7481109,198.318938,202.483604,188.0052438,195.3525794,1,0,0,0,0,3,0,0,0,2,0,0,0,3,0,0,0,3,0,0,1,0,0,0,0,2,0,0,0,3,0,0,0,2,0,0,0,2,0,0,1,0,0,0,0,3,0,0,1,0,0,0,0,3,0,0,0,2,0,0,0,2,0,0,1,0,0,0,0,3,0,0,1,2,0,0,1,0,0,0,315,320,5,0.984375,3,840,2880,2040,0.291666667,660,294,1920,1626,0.153125,684,642,2880,2238,0.222916667,960,306,2880,2574,0.10625,960,309,320,11,0.965625,3,1044,1920,876,0.54375,216,1560,2880,1320,0.541666667,321,429,1920,1491,0.2234375,609,348,1920,1572,0.18125,645,267,320,53,0.834375,11,1035,2880,1845,0.359375,642,318,320,2,0.99375,2,1437,2880,1443,0.498958333,417,1071,1920,849,0.5578125,216,501,1920,1419,0.2609375,636,315,320,5,0.984375,3,978,2880,1902,0.339583333,432,984,2240,1256,0.439285714,333,156,320,164,0.4875,140,1
4,train,increment,9,1620.003227,0.011186434,261.2468225,333.4518283,273.0166417,250.6380337,203.8524689,266.9264399,276.3133835,303.5954176,263.7691271,255.0065312,282.3628336,277.9779568,266.4178118,262.0117203,231.6112714,292.3467875,263.2450312,297.8539002,296.128367,301.8262157,280.7069685,271.5516004,275.2167466,300.6919175,264.7227517,276.9755141,322.2463233,279.0616896,221.0847761,298.7857517,344.1616404,283.9250134,254.6057019,271.6958855,313.0166636,284.7474171,262.6885735,285.5839401,291.454991,283.545422,256.8559829,267.0575741,253.168704,248.3462956,340.3531784,282.8957428,257.6038246,293.2567795,266.9497292,274.8843807,249.0695613,240.6524523,274.3193986,333.151843,254.4903011,260.3506835,243.9702289,248.0082121,285.8022996,273.1784701,249.8805233,256.6023977,274.6636823,264.5710074,268.4312467,285.2669355,285.4573928,271.2288384,368.4655555,232.1801725,238.8204712,279.3837942,269.9133937,292.2031487,353.574542,278.2869199,263.1759462,271.520508,350.888983,258.6971126,274.7811832,282.0905558,286.7481306,283.8615699,302.4123811,258.7417092,313.4334104,283.7646781,278.8102559,311.0952773,266.2084715,245.4022606,281.40704,255.8902761,256.4570502,231.6619928,268.4742777,261.2530636,267.5513884,293.9389598,326.2975942,277.783855,317.237457,261.3578001,317.9935755,305.5574606,281.9081481,244.2156539,241.9044144,302.7619092,262.4004789,347.817336,295.4444188,267.9781101,247.7080657,238.6526989,226.8440889,267.2710109,261.1152668,256.8811106,294.7239056,266.951272,238.0864836,254.0588591,309.3189935,244.3361532,287.5327425,261.9937376,273.2030354,265.6498753,262.6094979,265.2254142,1,0,0,0,0,3,0,0,0,2,0,0,0,3,0,0,0,0,0,9,0,3,0,0,0,3,0,0,0,3,0,0,0,3,0,0,0,2,0,0,0,3,0,0,0,3,0,0,1,0,0,0,0,3,0,0,0,3,0,0,0,3,0,0,1,0,0,0,0,3,0,0,1,2,0,0,1,0,0,0,318,320,2,0.99375,2,1299,2880,1581,0.451041667,699,189,1920,1731,0.0984375,819,975,2880,1905,0.338541667,642,297,8640,8343,0.034375,960,777,2880,2103,0.269791667,546,1503,2880,1377,0.521875,213,2241,2880,639,0.778125,138,666,2880,2214,0.23125,687,324,1920,1596,0.16875,696,600,2880,2280,0.208333333,885,1266,2880,1614,0.439583333,642,315,320,5,0.984375,3,1887,2880,993,0.655208333,81,1494,2880,1386,0.51875,120,576,2880,2304,0.2,663,300,320,20,0.9375,3,1167,2880,1713,0.405208333,222,1263,2240,977,0.563839286,114,276,320,44,0.8625,6,0
4,train,increment,10,1800.001797,0.008869415,371.2860062,447.7027746,377.3651427,319.0404086,274.9459602,348.7349165,382.6993079,405.7267717,361.5506358,361.6160002,354.4619901,356.7355411,345.6325433,349.6267432,313.8936242,394.6195001,332.233588,424.1937648,399.0492836,399.9735397,387.2839907,365.2379022,375.6317265,402.4492371,368.3255545,361.802842,424.806979,347.5420594,313.6093507,409.4801911,445.2400819,368.2312838,347.635776,377.8251026,444.7940748,386.3232733,360.1170474,372.6744634,376.4099073,385.9247535,335.9183494,357.8486564,346.3026863,326.0920468,450.9313392,386.1184201,353.509323,379.1363559,351.9010559,353.6356789,311.784176,317.9856511,375.8842026,450.0721929,341.1416656,358.9118468,322.6152708,303.8094657,397.6781384,367.6172326,330.5108712,346.5411846,396.2378253,369.2601939,369.3055452,372.4255438,384.55083,362.2400688,466.1967514,297.1398269,316.5578317,372.2060431,382.3781051,382.2673023,473.19131,379.192006,363.3964529,353.9116946,488.7866053,371.2952888,389.7175146,368.8518593,371.0196605,366.4735452,418.6719229,341.4416919,439.0994375,356.3753663,367.5687559,415.0267689,358.1239662,324.1876364,396.587362,333.5240506,345.3911409,333.0403442,349.8413168,346.5164194,339.2994764,390.0372129,437.0067571,369.9540397,434.6099066,357.8493489,430.92166,391.5981249,364.7020046,315.469062,308.6084201,411.8947494,335.2332274,438.5256952,432.4069575,377.1605262,327.6430442,322.0037198,304.4912329,355.7836156,345.429647,356.7240373,410.8723044,332.5622684,315.4779357,326.8034189,416.9388054,334.1851926,370.9178489,353.162771,386.1108646,343.2038322,355.2662012,352.6943372,1,0,0,0,0,3,0,0,0,2,0,0,0,3,0,0,0,0,0,9,0,3,0,0,0,3,0,0,0,3,0,0,0,3,0,0,0,2,0,0,0,3,0,0,0,3,0,0,1,0,0,0,0,3,0,0,0,3,0,0,0,3,0,0,1,0,0,0,0,3,0,0,1,2,0,0,1,0,0,0,315,320,5,0.984375,3,1572,2880,1308,0.545833333,393,243,1920,1677,0.1265625,765,1047,2880,1833,0.363541667,960,708,8640,7932,0.081944444,960,1092,2880,1788,0.379166667,105,2523,2880,357,0.876041667,12,2838,2880,42,0.985416667,3,870,2880,2010,0.302083333,360,519,1920,1401,0.2703125,648,786,2880,2094,0.272916667,609,1767,2880,1113,0.613541667,573,318,320,2,0.99375,2,2499,2880,381,0.867708333,12,2181,2880,699,0.757291667,27,888,2880,1992,0.308333333,510,318,320,2,0.99375,2,1596,2880,1284,0.554166667,57,1704,2240,536,0.760714286,33,294,320,26,0.91875,9,1
4,train,increment,11,1980.000501,0.03165353,502.9080503,589.3972458,496.463099,430.9342836,371.677462,460.2083566,525.159711,532.046983,473.8531042,494.3679089,473.7286945,474.1544629,450.4898231,474.2354656,414.1255482,524.6703127,441.1567186,563.505727,546.0274085,565.750462,494.4338859,491.6174529,481.4568218,542.6720427,496.4924936,479.825563,581.8974866,475.0681588,400.2906895,523.2323498,606.3930299,485.8224427,487.7105005,503.0297225,602.8339569,538.7973634,490.4270181,499.2043513,517.1628544,507.4890168,494.1216442,501.9821284,492.2626224,421.4420603,597.7465698,551.9298665,474.3455863,507.4206439,464.5655006,476.9777146,401.0545845,430.2552077,492.4341579,642.1685623,473.3984405,473.3704131,411.0646417,411.6117465,511.3121946,533.8338165,462.4243209,502.6333828,560.21148,513.9379087,517.0274457,487.9070714,511.7244261,499.5455834,612.7144715,386.8593968,445.0963931,500.4787086,518.2257107,493.3464243,617.5388628,525.303759,508.9643489,487.5112008,664.581562,514.3031815,541.396846,512.6546025,494.2380707,484.436911,564.9914876,477.7998607,574.6126247,480.3343828,509.0580724,555.5174436,469.6611298,409.0108869,534.2753334,447.9285204,462.0202124,459.1020873,455.3202419,437.5257659,464.0444408,524.9078829,578.0906377,508.6977685,609.4388402,478.7848901,590.0905563,521.4347733,511.6939119,412.1144285,423.5970709,539.0052832,452.5329647,572.1879847,564.5443728,501.3619783,408.7183347,408.8509015,431.1230682,470.2514182,463.8278565,476.0404276,561.2810904,417.4185948,428.408512,453.4924436,549.4483395,448.4273764,498.9858635,474.2656847,534.4482746,464.5874602,489.6003661,465.9718946,0,3,0,0,0,3,0,0,0,2,0,0,0,3,0,0,0,0,0,9,0,3,0,0,0,3,0,0,0,3,0,0,0,3,0,0,0,2,0,0,0,3,0,0,0,3,0,0,0,0,0,9,0,0,0,9,0,3,0,0,0,3,0,0,1,0,0,0,0,3,0,0,1,2,0,0,1,0,0,0,912,2880,1968,0.316666667,600,2202,2880,678,0.764583333,45,471,1920,1449,0.2453125,399,1566,2880,1314,0.54375,522,714,8640,7926,0.082638889,960,1200,2880,1680,0.416666667,60,2139,2880,741,0.742708333,12,2874,2880,6,0.997916667,3,1638,2880,1242,0.56875,54,648,1920,1272,0.3375,960,1251,2880,1629,0.434375,102,2808,2880,72,0.975,6,885,8640,7755,0.102430556,960,3771,8640,4869,0.436458333,960,2349,2880,531,0.815625,12,1494,2880,1386,0.51875,153,306,320,14,0.95625,3,2277,2880,603,0.790625,24,2139,2240,101,0.954910714,6,306,320,14,0.95625,3,1
4,train,increment,12,2160.001347,0.053422446,677.6342561,777.1090687,672.555172,581.1465539,492.6305482,610.9860881,714.3071136,718.8447681,615.6434481,665.2189529,622.502214,667.4438852,584.2116724,603.3493601,567.4394775,691.3192369,601.928893,720.8615996,682.5653156,749.3821327,623.6656712,628.5316727,635.3942168,728.2603899,666.8413887,649.1980019,816.7095978,638.092098,553.4727644,712.3313165,847.2146073,638.3623458,659.3232444,631.945358,803.7963957,730.4202192,654.7910809,674.7362486,667.3145481,689.5069212,670.6165017,693.6396181,664.5408384,585.4973055,820.2904978,725.2595973,618.5333238,676.0143697,668.5347571,638.8889408,548.9166619,549.4887982,680.311367,856.3229371,646.2320085,609.9311947,578.7116656,528.665337,688.7708614,740.631611,648.8348865,675.3823812,763.0673584,734.1980835,669.0733216,657.7582857,731.749944,676.407492,819.8465185,488.769062,637.0216873,655.5892036,657.1564363,688.2088283,802.97869,713.7830072,684.6470025,634.2213705,863.9458625,647.3457876,734.438305,724.8645437,667.2755572,627.2128662,779.8400486,677.121423,784.7025322,636.0844532,665.9885345,748.7114724,592.1035142,581.3213035,753.6846544,599.303283,607.9754621,612.595648,595.5145099,565.8755839,658.8827007,760.6681653,760.9703229,667.0492396,802.8663056,665.3118303,770.9144703,697.6266413,691.750861,524.4740527,583.6251661,726.1362294,602.9327453,758.5113056,747.3913936,670.4698911,547.1137518,559.8758205,603.3986511,608.0700401,628.6657872,614.1218461,796.7533879,560.6676236,551.7447528,614.323822,795.5935342,619.5732127,693.3341658,668.0857672,695.8305733,618.4892912,680.9509191,623.0208783,0,3,0,0,0,3,0,0,0,2,0,0,0,3,0,0,0,0,0,9,0,3,0,0,0,3,0,0,0,3,0,0,0,3,0,0,0,2,0,0,0,3,0,0,0,0,0,9,0,0,0,9,0,0,0,9,0,3,0,0,0,3,0,0,1,0,0,0,0,3,0,0,0,0,0,9,0,3,0,0,2196,2880,684,0.7625,39,2439,2880,441,0.846875,15,1041,1920,879,0.5421875,51,2193,2880,687,0.761458333,39,630,8640,8010,0.072916667,960,1302,2880,1578,0.452083333,192,2040,2880,840,0.708333333,24,2877,2880,3,0.998958333,3,2742,2880,138,0.952083333,6,1236,1920,684,0.64375,66,1392,2880,1488,0.483333333,135,3006,8640,5634,0.347916667,960,1737,8640,6903,0.201041667,960,4722,8640,3918,0.546527778,444,2637,2880,243,0.915625,12,2502,2880,378,0.86875,15,318,320,2,0.99375,2,2625,2880,255,0.911458333,9,3120,8640,5520,0.361111111,960,513,2880,2367,0.178125,960,1
4,train,increment,13,2340.000579,0.051381521,975.0811558,1039.226621,875.8901433,763.624193,667.7810849,849.8069321,966.9741477,986.9554909,816.3732548,886.8929489,853.0888227,888.4194556,793.8383114,825.959058,786.4676966,965.7776581,810.8550974,992.3262397,902.195942,967.6870566,811.8746931,820.0763232,875.4709447,984.4893622,909.6939964,910.3830445,1127.561505,877.0483175,737.6389402,1025.112846,1095.068429,900.6701636,902.7926783,848.418796,1061.849256,967.6169933,933.6493217,944.974767,915.5423326,998.5627013,927.2210693,914.5401656,913.0199623,756.1680287,1084.09368,979.4281045,852.7014876,849.4497728,893.8247006,821.722195,738.4806302,722.742868,947.7186745,1227.26008,854.6992544,776.2722189,780.5392899,699.205946,952.9019432,965.7956769,902.1829136,925.1385719,1075.647304,1002.021709,944.4293039,853.8920503,976.7698536,904.0610709,1122.142985,644.018697,881.0790373,890.5312906,889.0509139,886.1257494,1109.973185,982.5436176,931.8333447,876.3007999,1169.622975,843.1547643,959.4810005,935.2554698,871.9053918,857.3607938,1051.32259,894.5975643,1034.695477,859.2791737,914.757646,1053.191357,798.5446401,762.8848526,1019.030536,798.5235774,800.0560618,820.4065851,772.2046704,757.679343,886.7256349,988.8589669,1101.226716,900.4309204,1014.334593,903.0533133,1005.633176,915.771389,958.4126073,682.1398302,828.7472407,975.3628063,828.5466656,1031.413734,1011.222574,837.7115295,751.8963937,703.840072,761.5372965,821.7261941,832.6481443,777.1557919,1054.400305,776.4250777,757.2966478,829.0350462,1031.725824,810.6187813,962.0277176,910.6830749,952.0813895,805.489118,961.7529034,848.7098983,0,3,0,0,0,3,0,0,0,2,0,0,0,3,0,0,0,0,0,9,0,3,0,0,0,3,0,0,0,3,0,0,0,3,0,0,0,2,0,0,0,3,0,0,0,0,0,9,0,0,0,9,0,0,0,9,0,3,0,0,0,3,0,0,1,0,0,0,0,3,0,0,0,0,0,9,0,3,0,0,2661,2880,219,0.923958333,12,2658,2880,222,0.922916667,9,1389,1920,531,0.7234375,15,2742,2880,138,0.952083333,6,885,8640,7755,0.102430556,960,1845,2880,1035,0.640625,33,2490,2880,390,0.864583333,12,2844,2880,36,0.9875,6,2775,2880,105,0.963541667,3,1818,1920,102,0.946875,3,2082,2880,798,0.722916667,15,5094,8640,3546,0.589583333,816,2424,8640,6216,0.280555556,960,5511,8640,3129,0.637847222,72,2874,2880,6,0.997916667,3,2877,2880,3,0.998958333,3,309,320,11,0.965625,3,2841,2880,39,0.986458333,6,3723,8640,4917,0.430902778,960,1185,2880,1695,0.411458333,465,1
4,train,increment,14,2520.001786,0.072620318,1304.807286,1473.580229,1175.173546,1045.206347,879.2850636,1164.339811,1296.258793,1342.66167,1103.453644,1162.811982,1193.157372,1174.878824,1045.383194,1073.233898,1097.113527,1315.363841,1074.221759,1393.070372,1186.026838,1341.221958,1126.712649,1075.105009,1184.361656,1318.768222,1265.52821,1253.552395,1437.527075,1168.411244,971.6473523,1390.731796,1489.828444,1205.103603,1193.686295,1138.839023,1401.203178,1332.436249,1266.03917,1270.106584,1191.865765,1342.04738,1166.789716,1190.330992,1201.387261,983.3226855,1504.738299,1335.392056,1121.234345,1142.545444,1109.133576,1074.786812,989.5378569,1008.314391,1321.036094,1620.416776,1169.256855,1083.641528,1063.449713,919.4652697,1304.386533,1316.366276,1277.746065,1279.227345,1458.779434,1326.049082,1263.688344,1161.55028,1329.794218,1254.332544,1570.296329,850.9587178,1199.507513,1159.62579,1239.338176,1179.5677,1534.619333,1307.53943,1303.996517,1192.43284,1521.869677,1059.071226,1262.178116,1281.027282,1083.246248,1172.330421,1333.280339,1234.87132,1423.388087,1128.867755,1193.390523,1483.37947,1121.394464,1026.972593,1356.458349,1124.022384,1095.848351,1140.986345,1020.117082,968.41763,1215.192192,1344.977167,1513.51321,1202.201823,1299.967812,1203.008776,1291.29806,1304.007694,1297.64811,1005.703277,1107.933258,1279.595861,1139.834136,1372.320056,1349.271998,1131.614626,1015.013591,913.2970177,991.0581467,1108.367578,1189.565566,963.8525228,1432.514516,1025.667632,1032.650396,1122.627204,1362.351365,1092.109861,1325.281453,1201.101657,1323.502208,1043.264426,1320.021082,1163.851125,0,3,0,0,0,3,0,0,0,2,0,0,0,3,0,0,0,0,0,9,0,3,0,0,0,3,0,0,0,3,0,0,0,3,0,0,0,2,0,0,0,3,0,0,0,0,0,9,0,0,0,9,0,0,0,9,0,3,0,0,0,3,0,0,1,0,0,0,0,3,0,0,0,0,0,9,0,3,0,0,2856,2880,24,0.991666667,3,2769,2880,111,0.961458333,9,1656,1920,264,0.8625,12,2772,2880,108,0.9625,9,1623,8640,7017,0.187847222,960,2406,2880,474,0.835416667,18,2811,2880,69,0.976041667,6,2868,2880,12,0.995833333,3,2766,2880,114,0.960416667,6,1830,1920,90,0.953125,3,2745,2880,135,0.953125,6,6285,8640,2355,0.727430556,78,3540,8640,5100,0.409722222,459,6432,8640,2208,0.744444444,66,2847,2880,33,0.988541667,3,2820,2880,60,0.979166667,6,309,320,11,0.965625,3,2859,2880,21,0.992708333,3,4026,8640,4614,0.465972222,885,1581,2880,1299,0.548958333,120,1
5,train,increment,1,180.0949724,0,24.49263267,25.15834511,26.37826403,25.568241,25.94199204,26.61362413,23.95146868,25.9910191,26.64078159,25.50153681,24.93904916,25.21897293,25.94029518,26.50333095,24.58989085,26.82867213,26.05465681,26.10831618,25.43845914,25.94154619,24.88306043,24.93949881,26.99581623,26.20038708,25.08164882,25.76304401,24.66919808,24.80735264,26.33321046,25.78443883,26.30043979,25.6043024,24.83492261,26.08736823,25.88765102,26.09599474,25.82920307,24.96447188,27.73377047,26.33049133,26.07620493,24.19174676,26.44973112,25.76927869,24.93747462,25.41128779,26.56085142,25.70135585,25.81037525,26.50455026,27.33383463,23.76500294,25.19551174,24.70079435,25.24925665,25.93218523,24.61999182,25.35184525,26.66387861,25.98697393,25.51488463,24.34856641,25.15643551,24.80316475,26.03862862,24.53922279,27.4332823,24.5255253,24.52884216,25.39820787,25.30758771,27.34539486,24.10464026,24.85663065,25.27556768,26.65701019,25.91155191,25.02698912,25.92060903,25.56122009,24.40441717,26.14220767,25.39882034,25.77360376,26.33328615,24.69997806,25.79993034,25.76609747,24.9727209,25.71004744,27.63184864,26.40356174,26.80508786,26.01145266,25.58533833,25.326758,24.71901424,25.29938722,26.57715583,25.49722859,25.40420195,25.34259501,25.42484441,24.99712138,25.04699911,26.05191752,25.89993417,25.98211761,26.4236067,26.2258017,24.54978055,25.41148855,26.17432972,26.15448494,24.71427978,25.62916023,24.41109772,24.63525,25.68985323,25.40856818,25.03014907,26.01902244,26.36176386,26.8232423,26.35331674,25.06346859,24.6588846,25.41574324,26.25699202,26.5759664,25.21414292,24.81521831,1,0,0,0,1,0,0,0,1,0,0,0,1,0,0,0,1,0,0,0,1,0,0,0,1,0,0,0,1,0,0,0,1,0,0,0,1,0,0,0,1,0,0,0,1,0,0,0,1,0,0,0,1,0,0,0,1,0,0,0,1,0,0,0,1,0,0,0,1,0,0,0,1,0,0,0,1,0,0,0,90,320,230,0.28125,182,99,320,221,0.309375,119,27,320,293,0.084375,260,117,320,203,0.365625,161,24,320,296,0.075,287,66,320,254,0.20625,107,90,320,230,0.28125,113,192,320,128,0.6,113,69,320,251,0.215625,215,54,320,266,0.16875,233,33,320,287,0.103125,284,117,320,203,0.365625,134,42,320,278,0.13125,230,183,320,137,0.571875,113,102,320,218,0.31875,161,42,320,278,0.13125,233,51,320,269,0.159375,236,114,320,206,0.35625,116,120,320,200,0.375,161,15,320,305,0.046875,299,0
5,train,increment,2,360.020168,0,33.47824042,35.37469705,36.13994458,32.92198707,35.11738379,36.38946688,31.84771705,35.33732602,35.78419257,34.81913583,35.40213886,32.87725996,35.41140269,37.24467759,33.47059202,36.20520165,35.13492504,34.86670133,34.79860998,34.95632816,32.07309051,32.94249137,34.62523667,34.69185478,32.40216424,35.65216793,33.58008425,33.75832484,36.05043936,33.8787649,35.65589282,35.35957276,37.21542627,36.24173088,34.1099911,37.09711969,34.88461731,32.39757312,36.59590016,34.61102328,35.87225584,31.74175114,35.34335952,35.83165144,34.94355578,34.71835221,35.20228142,37.02443344,35.69516533,35.96348973,36.59073753,31.98632998,34.50017418,31.0432564,34.25979531,33.74725281,34.92841603,32.91750373,36.20208408,33.84326195,34.5133265,31.01400748,34.76307314,34.22961454,35.0356871,34.18351943,37.61350721,31.90145299,33.40618812,33.52420379,34.18086596,37.18612317,34.06691545,33.12021518,33.71549337,37.94096931,35.01309139,33.52386618,35.40092992,34.88533094,32.83123218,35.34971824,33.39092911,34.627172,35.16202883,34.64047327,35.78553832,35.64538576,34.20786897,34.1696499,38.32665779,33.70090906,37.59515101,36.38515258,33.36697694,34.74487275,32.63470222,31.52128209,37.38804969,36.51322604,33.2097002,34.38728145,33.99344275,31.82234173,32.42193328,37.08361638,35.40852022,34.88070428,35.97881944,32.72413945,33.16744632,34.21916875,36.55785274,34.13304537,34.06694047,33.79521021,34.02715579,33.3898082,35.48912114,34.39853705,32.79377979,36.8442233,35.43103481,35.3504069,34.48952436,32.58518763,32.83347698,32.09641492,37.21488221,34.74737835,33.97760571,33.65133895,1,0,0,0,1,0,0,0,1,0,0,0,1,0,0,0,1,0,0,0,1,0,0,0,1,0,0,0,1,0,0,0,1,0,0,0,1,0,0,0,1,0,0,0,1,0,0,0,1,0,0,0,1,0,0,0,1,0,0,0,1,0,0,0,1,0,0,0,1,0,0,0,1,0,0,0,1,0,0,0,108,320,212,0.3375,197,120,320,200,0.375,35,60,320,260,0.1875,185,153,320,167,0.478125,68,30,320,290,0.09375,218,48,320,272,0.15,74,153,320,167,0.478125,44,294,320,26,0.91875,26,51,320,269,0.159375,224,45,320,275,0.140625,227,24,320,296,0.075,236,192,320,128,0.6,68,48,320,272,0.15,158,252,320,68,0.7875,26,222,320,98,0.69375,32,66,320,254,0.20625,227,45,320,275,0.140625,257,156,320,164,0.4875,26,141,320,179,0.440625,32,9,320,311,0.028125,305,0
5,train,increment,3,540.0003113,0.002499531,46.5377697,48.97408055,50.39146472,44.75224258,47.44997656,50.3556078,41.32865949,49.05861223,49.26048055,46.28594338,44.1367137,45.37370723,46.73233355,48.77650948,44.95757636,47.18824737,45.03703883,48.80373481,48.42388636,47.22890354,43.65136901,44.41997633,48.00898616,47.17555058,43.52117216,46.24628857,44.24158467,45.21505341,50.11589404,44.64075723,45.80258463,46.29261104,48.14203215,49.17044342,42.90417052,52.11032907,45.69880679,43.88094983,48.91953723,46.6821134,49.43948552,42.53820958,48.42468245,49.21062121,45.06250565,46.96463773,47.30878366,49.54868575,46.18913727,49.85888731,47.89277715,41.33548469,47.42057336,40.27584807,47.81472067,44.68781963,43.91373245,44.27139172,48.11285654,45.68617633,47.14309121,41.96986546,46.04750322,47.22718746,48.27661118,46.11796312,51.09100006,41.69970895,44.10246164,44.84723463,46.87716669,48.99789696,45.81401052,47.11365801,47.12174997,51.74626348,44.54440705,45.04530978,46.73116205,44.3105345,42.86833387,47.83762698,44.57426076,47.01051279,48.14947797,48.10473851,46.15533705,46.75182301,43.41536098,48.65599613,50.33892914,45.97748652,48.75283217,49.4892883,44.67964389,45.52290052,43.55627943,41.82309054,49.0487555,48.53863851,46.1718813,50.40652804,44.57434326,41.47603776,41.21642933,48.89379582,47.81396928,46.91180027,45.91013232,43.72356851,46.9767162,47.37873765,47.46267283,44.01204905,48.92864302,47.39145763,45.7359125,45.5451826,46.20692288,43.97509138,42.18585135,50.41760529,45.81850066,47.16770829,46.71795676,43.67342897,43.26353586,41.2964144,51.11287768,48.33749729,46.04327436,48.04018846,1,0,0,0,1,0,0,0,1,0,0,0,1,0,0,0,1,0,0,0,1,0,0,0,1,0,0,0,1,0,0,0,1,0,0,0,1,0,0,0,1,0,0,0,1,0,0,0,1,0,0,0,1,0,0,0,1,0,0,0,1,0,0,0,1,0,0,0,1,0,0,0,1,0,0,0,1,0,0,0,120,320,200,0.375,80,204,320,116,0.6375,18,54,320,266,0.16875,185,141,320,179,0.440625,38,45,320,275,0.140625,230,105,320,215,0.328125,87,129,320,191,0.403125,36,279,320,41,0.871875,6,120,320,200,0.375,59,75,320,245,0.234375,44,51,320,269,0.159375,90,210,320,110,0.65625,15,117,320,203,0.365625,36,291,320,29,0.909375,6,204,320,116,0.6375,23,132,320,188,0.4125,59,60,320,260,0.1875,105,231,320,89,0.721875,9,189,320,131,0.590625,23,12,320,308,0.0375,290,1
5,train,increment,4,720.0081937,0.027593353,57.11001297,70.73294355,67.4269744,60.19544861,66.04467838,68.1507235,60.52136069,66.13898624,64.49070402,61.33642729,56.76772936,59.43585529,61.24307023,70.27509841,65.12190337,59.81188769,58.48099939,64.35560708,65.94323741,61.51108523,59.62097766,57.97294537,61.59681728,63.32600835,57.07054105,61.45725699,56.83367448,59.19327718,68.10253811,61.247531,60.05327743,56.77892416,66.64322045,65.99487973,58.47214849,75.07834607,64.2271567,58.98341281,64.23681336,62.83736058,67.97378756,63.53619678,64.17927427,63.14078007,63.0356215,63.76781562,61.37275822,63.8322369,66.53543871,60.70357455,64.21923432,57.59286623,61.86451656,56.81455337,62.52524287,61.92275463,57.08306192,57.87500174,61.15726067,61.87372746,63.96535965,57.80871755,61.06003489,61.93042339,67.1392575,59.85707898,68.94134877,54.54336718,59.12386442,58.846654,69.28445584,64.82954618,59.16429158,64.11171463,66.56321027,67.6169293,58.83111473,62.95801429,60.89354085,59.68866575,55.92503598,66.28336148,59.72609282,62.01894832,63.74217006,64.91872544,64.2959611,63.88118343,57.77575794,67.67091704,69.14766743,61.34598478,64.02975459,69.30826428,61.25264891,61.17431231,59.27933976,59.13680848,65.29975853,66.65865229,63.23741692,63.04644812,55.11503492,59.26495202,53.51074326,64.74575976,64.10756323,62.88260325,61.90553169,59.5942294,61.25621209,68.30318519,64.54849917,63.94171102,67.90997667,63.75550813,60.16788235,60.40288485,59.50074662,61.28401558,62.04311877,70.0756304,63.35549372,68.45661932,62.54312011,61.12361971,61.03377423,58.63951497,66.54974908,66.15982575,61.93598756,60.90915928,1,0,0,0,0,3,0,0,1,0,0,0,0,3,0,0,0,3,0,0,1,0,0,0,1,0,0,0,0,3,0,0,1,0,0,0,1,0,0,0,1,0,0,0,0,3,0,0,1,0,0,0,0,3,0,0,1,0,0,0,1,0,0,0,1,0,0,0,0,3,0,0,1,0,0,0,1,0,0,0,231,320,89,0.721875,30,180,2880,2700,0.0625,960,186,320,134,0.58125,15,273,2880,2607,0.094791667,960,87,2880,2793,0.030208333,960,189,320,131,0.590625,21,240,320,80,0.75,12,453,2880,2427,0.157291667,828,129,320,191,0.403125,24,132,320,188,0.4125,30,72,320,248,0.225,95,315,2880,2565,0.109375,798,141,320,179,0.440625,36,426,2880,2454,0.147916667,771,291,320,29,0.909375,6,159,320,161,0.496875,33,99,320,221,0.309375,107,255,2880,2625,0.088541667,867,291,320,29,0.909375,5,42,320,278,0.13125,269,1
5,train,increment,5,900.0053095,0.022629146,76.26718728,94.3641708,90.35166554,82.82454111,84.9628905,93.22591156,82.27346226,88.47660163,88.23617403,88.59102998,73.18160464,81.73437735,80.84883664,92.54764811,83.41573133,79.81564399,80.4750454,86.59144281,87.01881389,85.28897907,84.80277892,76.51269937,81.09325888,85.42888458,82.8201176,86.14367315,76.67603627,80.89644976,94.03147042,82.04381175,82.86663877,77.43467666,87.45732359,87.4034818,74.27931822,103.512372,90.53392231,76.40241319,88.77543327,83.26866619,92.62180805,85.21509724,84.12136422,88.43705212,84.07778531,81.74819323,87.08790212,88.17134856,89.3253371,88.6677505,89.63696477,77.77060741,83.01465873,76.44279118,82.61358039,86.09530884,83.38332909,77.20478369,80.09744967,79.97029925,84.95879533,73.50480412,79.7608212,82.35087849,88.09011049,78.1711106,91.92083147,73.86601765,80.01994385,79.78452367,95.43117955,81.64952786,81.94977379,85.29804098,91.93288073,93.00344643,79.39419377,83.55363248,87.4633623,81.57452173,74.48497778,84.98679987,80.99690246,87.04085583,84.24020158,87.1048849,88.10030951,85.21723992,79.85999179,89.92163597,91.95509413,84.05991953,77.85273402,92.71018827,78.65873737,83.25025989,78.30181424,80.58093248,84.7369971,86.32442649,85.88357185,88.46604106,77.31138624,83.89950398,72.81949864,85.23053263,90.22530655,83.63255773,84.82464611,83.79613336,85.146588,97.47880399,86.44088901,83.99240232,95.88266909,85.22160028,83.86648678,78.26527225,83.27674982,84.18717621,83.0897619,95.37465182,84.59239105,96.37840754,82.31826064,81.12909246,79.94644587,83.70872333,87.13094325,85.89349582,79.88385186,81.58695806,1,0,0,0,0,3,0,0,1,0,0,0,0,3,0,0,0,3,0,0,1,0,0,0,0,2,0,0,0,3,0,0,1,2,0,0,1,0,0,0,0,2,0,0,0,3,0,0,1,0,0,0,0,3,0,0,1,2,0,0,0,2,0,0,1,0,0,0,0,3,0,0,1,2,0,0,0,2,0,0,219,320,101,0.684375,42,351,2880,2529,0.121875,960,102,320,218,0.31875,44,249,2880,2631,0.086458333,888,63,2880,2817,0.021875,960,165,320,155,0.515625,20,288,1920,1632,0.15,690,678,2880,2202,0.235416667,684,165,2240,2075,0.073660714,795,117,320,203,0.365625,197,72,1920,1848,0.0375,960,375,2880,2505,0.130208333,960,165,320,155,0.515625,47,567,2880,2313,0.196875,720,465,2240,1775,0.207589286,672,132,1920,1788,0.06875,867,120,320,200,0.375,60,423,2880,2457,0.146875,720,390,2240,1850,0.174107143,726,27,1920,1893,0.0140625,960,0
5,train,increment,6,1080.014207,0.015574473,103.8328639,122.1657816,120.8831156,112.8352114,112.6564684,127.9908823,107.9240989,119.0939244,117.3536329,119.877066,101.2266527,103.3017415,103.2408621,126.8544683,117.2585509,108.5455952,107.7004412,120.6411589,119.5019841,108.7827384,115.1411983,107.7497216,104.5532901,113.7679429,110.8113516,109.6717686,95.37101325,106.3750595,131.1782883,111.3508374,107.3828238,105.6708458,115.4274725,122.7151097,99.21707081,137.2190618,119.6864009,94.5015785,117.3655132,108.4240796,121.6467406,115.9719374,106.1878483,118.5997029,113.7764209,109.5615324,108.1939188,110.4887656,120.5851163,113.9341833,117.913374,104.6953098,114.748236,100.9888877,109.647911,117.3843978,110.6907977,104.8873194,106.0889316,109.2576649,113.2136774,99.82712947,106.0639451,106.5937277,117.7142916,103.1085668,124.6319709,102.9542593,110.7167006,106.3687968,132.9526188,115.2297262,115.5702535,110.8114448,117.5160742,124.2466171,102.8786201,112.7779095,120.1617718,110.2799525,105.3890165,116.5559499,108.299254,118.9473845,112.6676138,121.3260553,121.5509457,112.2083311,106.7234457,125.4101993,114.7825103,107.5640964,101.8929982,126.7588835,103.4653547,111.2365727,104.5164202,119.5088279,111.0715509,122.9197092,118.0882793,117.8695417,100.669875,113.6157824,100.2202255,109.9013801,121.659585,113.3898638,111.0017511,104.9784221,120.7195391,128.3761681,115.5782402,114.07782,133.7443792,110.0275811,118.4036184,100.0910497,111.103518,108.1351226,107.7901282,138.0004785,115.4793603,133.4844201,111.4453423,100.7802789,108.5702973,108.5396985,114.2348826,116.1111666,110.2121247,108.6210473,1,0,0,0,0,3,0,0,1,0,0,0,0,3,0,0,0,3,0,0,1,0,0,0,0,2,0,0,0,3,0,0,1,2,0,0,1,0,0,0,0,2,0,0,0,3,0,0,1,0,0,0,0,3,0,0,1,2,0,0,0,2,0,0,1,0,0,0,0,3,0,0,1,2,0,0,0,2,0,0,318,320,2,0.99375,2,465,2880,2415,0.161458333,960,111,320,209,0.346875,24,384,2880,2496,0.133333333,960,99,2880,2781,0.034375,960,216,320,104,0.675,15,531,1920,1389,0.2765625,522,882,2880,1998,0.30625,597,195,2240,2045,0.087053571,660,183,320,137,0.571875,119,84,1920,1836,0.04375,960,558,2880,2322,0.19375,789,192,320,128,0.6,21,816,2880,2064,0.283333333,588,573,2240,1667,0.255803571,570,204,1920,1716,0.10625,840,111,320,209,0.346875,81,564,2880,2316,0.195833333,723,474,2240,1766,0.211607143,576,54,1920,1866,0.028125,960,0
5,train,increment,7,1260.000172,0.011318161,138.1907383,150.0355241,159.4930219,146.9386933,152.9831777,175.149129,141.0301287,163.2105264,159.9695751,165.9108688,139.6400894,142.4263073,139.480019,159.1274316,153.0354307,143.8979785,143.038888,160.9571514,159.3259145,150.3442277,163.0532211,142.4899109,134.8044942,144.2580549,146.8414498,146.9030974,126.7065848,142.7301196,178.3184353,142.2505884,136.5210991,149.1116213,146.3983014,165.5313205,136.2959785,188.1566671,158.9572358,121.3024132,148.7528213,136.6618664,162.0670205,155.4661813,142.9500873,164.7933794,159.6182168,147.3568282,150.1601551,151.4812132,156.8892503,145.4518401,161.9490448,138.405783,158.0139511,138.6969179,148.4372552,153.5694293,155.2973695,151.1538323,138.208602,146.8803685,155.0297827,132.2297865,143.5665309,148.7054634,159.4009235,141.5881046,168.3979512,139.5927132,144.700139,139.3781315,187.886727,153.5088396,159.5821417,138.4100438,155.9808123,166.1512503,133.9968929,151.787566,166.5715423,140.8633459,144.7928267,149.8612344,139.3657452,167.6848128,146.4528644,158.3190052,170.3208009,153.6079459,149.1351475,165.9991302,157.3687192,146.9577638,127.9054389,166.7762833,139.2963616,154.5555517,142.3425834,159.0919667,142.9833458,163.9756384,165.5425779,165.5057117,139.2676928,169.399626,128.3881888,155.4025801,166.3203022,152.4329373,148.447346,143.6399455,176.1231259,169.0990996,155.2622451,157.5117116,184.4906961,151.4466089,164.8652762,135.0319923,162.8782383,140.3462675,151.405728,181.1273585,159.1274099,172.9203247,151.748556,134.5724971,138.9786096,148.0982585,145.5506862,139.6733198,143.2798522,144.2092926,1,0,0,0,0,3,0,0,1,0,0,0,0,3,0,0,0,3,0,0,1,0,0,0,0,2,0,0,0,3,0,0,1,2,0,0,1,0,0,0,0,2,0,0,0,3,0,0,1,0,0,0,0,3,0,0,1,2,0,0,0,2,0,0,1,0,0,0,0,3,0,0,1,2,0,0,0,2,0,0,318,320,2,0.99375,2,672,2880,2208,0.233333333,921,126,320,194,0.39375,24,426,2880,2454,0.147916667,960,201,2880,2679,0.069791667,960,318,320,2,0.99375,2,858,1920,1062,0.446875,432,1209,2880,1671,0.419791667,450,267,2240,1973,0.119196429,663,291,320,29,0.909375,18,147,1920,1773,0.0765625,906,750,2880,2130,0.260416667,648,318,320,2,0.99375,2,981,2880,1899,0.340625,519,891,2240,1349,0.397767857,429,369,1920,1551,0.1921875,723,246,320,74,0.76875,26,693,2880,2187,0.240625,519,738,2240,1502,0.329464286,444,57,1920,1863,0.0296875,960,0
5,train,increment,8,1440.002497,0.012573971,183.1922508,197.5675172,220.1151445,201.521481,198.947314,236.410599,206.5712942,215.9002985,211.4998993,217.9328535,186.0137403,185.2222132,180.2247818,216.8568788,198.3620517,193.2982108,197.7997961,217.5266443,232.8125313,199.4933488,225.6774471,182.0118172,179.251499,186.684762,191.0817732,209.218315,167.1449641,188.7976242,240.9081241,188.7109089,180.499349,188.6269214,185.2786903,229.9899674,174.4444093,257.8415375,208.2022209,176.5644346,190.7025359,186.6454774,220.2270337,214.9430086,190.1267032,218.3790429,221.1749191,197.2077196,218.5913907,204.4451147,218.9530875,191.3685619,210.8208036,174.7602556,208.4386221,181.246519,195.8787712,199.5151958,217.4762829,207.8759047,188.0340356,198.2062359,208.409818,175.3116059,197.2507218,193.1345208,203.1256334,190.8299602,235.9866869,181.9967868,190.3001163,179.611165,246.3725153,211.9088553,222.4497302,186.5709016,201.8769721,214.1458247,169.5035909,200.3898644,220.4184952,199.6520821,197.9707931,187.1061733,188.1038148,240.3283207,194.7671808,218.5410982,215.1730504,202.8381805,197.3299758,230.9996372,206.4457735,191.5760413,178.2563344,213.8202118,187.5910421,210.3471488,199.1263668,199.8960487,188.458413,219.0362974,228.5288236,228.0643314,195.0180558,232.3720434,169.3664466,209.7386328,223.8196908,197.8549907,202.2895245,194.4469937,235.2545106,231.3500381,199.0621574,213.6352074,236.6492128,211.0172637,218.1957185,177.5478258,213.1897857,186.8733867,203.9884459,258.6844934,222.1781868,230.6460386,205.1426866,172.4349816,187.9923275,192.6299519,191.3936004,179.1564146,190.3401343,188.4197856,1,0,0,0,0,3,0,0,1,0,0,0,0,3,0,0,0,3,0,0,1,0,0,0,0,2,0,0,0,3,0,0,1,2,0,0,1,0,0,0,0,2,0,0,0,3,0,0,1,0,0,0,0,3,0,0,1,2,0,0,0,2,0,0,1,0,0,0,0,3,0,0,1,2,0,0,0,2,0,0,318,320,2,0.99375,2,906,2880,1974,0.314583333,768,243,320,77,0.759375,12,609,2880,2271,0.211458333,960,297,2880,2583,0.103125,876,306,320,14,0.95625,3,924,1920,996,0.48125,150,1497,2880,1383,0.519791667,312,366,2240,1874,0.163392857,321,303,320,17,0.946875,3,285,1920,1635,0.1484375,954,978,2880,1902,0.339583333,678,294,320,26,0.91875,6,1242,2880,1638,0.43125,423,1032,2240,1208,0.460714286,384,369,1920,1551,0.1921875,642,294,320,26,0.91875,5,801,2880,2079,0.278125,582,864,2240,1376,0.385714286,435,90,1920,1830,0.046875,885,1
5,train,increment,9,1620.001168,0.011689097,235.6806854,273.5567878,293.6875485,274.1223063,258.6444057,317.4261908,292.1170454,296.5956401,282.2495036,283.184224,229.6299551,244.0415419,227.0040287,290.842458,278.4785605,258.307199,282.8030803,286.3687282,318.2785957,272.9063815,294.2199829,268.3106525,250.3369473,247.66897,255.2301656,271.8394235,222.9979641,255.0637495,313.8210452,253.8908113,232.0861892,256.5182086,243.6871571,304.2083803,232.2227587,339.2964631,274.4278967,235.848432,250.2632621,267.582414,279.1897292,285.7621281,260.2621966,275.0698376,280.1609882,273.8702559,287.7949138,278.4163569,299.4972605,267.9872417,273.6889481,236.4735661,297.961284,248.0631219,261.5653426,259.8043596,293.2737265,293.2585305,262.5125365,268.5376779,284.3754836,224.552806,246.3913277,246.93258,274.65824,264.3559918,342.4601392,246.0066514,249.5214482,233.3679428,347.1899621,294.0516147,297.1103573,252.4928813,275.2962893,297.6867565,234.5957533,279.1482042,307.933624,268.4315966,274.9184439,270.0949821,258.2630664,334.7134059,267.9290273,308.3778798,290.722194,267.387375,252.7534666,317.7399887,291.5968707,259.3230221,244.9778982,278.296331,239.9489335,290.1857015,274.2183484,265.0687201,265.0062605,300.7869076,311.0911767,322.89768,258.4467119,326.5924043,231.5874268,263.3592289,304.3214593,261.5278993,267.1948147,264.2783834,337.9239386,321.0429092,275.6448507,290.6402561,327.7493605,289.3747008,306.1959964,247.8155891,279.5339952,258.0877474,280.5056514,363.6366419,301.6997188,319.0022379,258.0600438,233.3598851,248.1187318,256.8791499,261.2448045,223.3034992,253.8767849,247.799533,0,3,0,0,0,3,0,0,1,0,0,0,0,3,0,0,0,3,0,0,0,3,0,0,0,2,0,0,0,3,0,0,0,0,0,9,0,3,0,0,0,2,0,0,0,3,0,0,0,3,0,0,0,3,0,0,1,2,0,0,0,3,0,0,1,0,0,0,0,3,0,0,1,2,0,0,0,2,0,0,735,2880,2145,0.255208333,645,1134,2880,1746,0.39375,909,306,320,14,0.95625,3,942,2880,1938,0.327083333,834,255,2880,2625,0.088541667,960,1092,2880,1788,0.379166667,195,1185,1920,735,0.6171875,63,2202,2880,678,0.764583333,108,75,8640,8565,0.008680556,960,747,2880,2133,0.259375,513,312,1920,1608,0.1625,960,1377,2880,1503,0.478125,960,543,2880,2337,0.188541667,468,2004,2880,876,0.695833333,63,1404,2240,836,0.626785714,39,477,2880,2403,0.165625,960,267,320,53,0.834375,6,1236,2880,1644,0.429166667,96,1152,2240,1088,0.514285714,96,117,1920,1803,0.0609375,822,0
5,train,increment,10,1800.000275,0.008530309,327.5196401,372.800638,396.1042176,328.6556937,355.2960431,426.5934435,388.6833141,410.2288863,357.2286269,397.7619126,309.9871779,322.5577609,285.0888052,412.3752384,367.6595915,360.8779507,402.4763974,391.6287892,418.918818,366.5481035,422.2002749,364.6194483,328.8983016,348.1898957,346.7538959,376.3513979,289.1359802,323.3900849,433.0013965,337.593365,323.7938137,355.6930268,339.8337997,393.5431026,308.838117,451.3999862,375.6491662,333.2836571,328.9422273,380.2505775,391.7162677,380.3084619,351.480805,393.0172261,370.2601438,379.4068216,380.9079648,382.4987928,394.7270642,356.5762586,369.1245049,329.357999,419.0979266,322.8136458,364.490205,337.231915,384.4970112,393.8403897,342.9454668,355.095944,359.7927429,290.0207782,321.2985437,331.0356503,367.5296858,359.6430746,481.2936557,343.8045054,340.8747123,312.909406,487.0655855,392.289673,408.5976254,326.3873594,361.2106699,415.9354958,293.6613842,357.6378712,410.8580105,376.7373335,385.9712909,371.5896349,358.2119909,459.6163225,340.6225736,399.1593116,391.1649239,358.6128696,348.603838,425.4011548,398.3205517,337.6222105,320.3875053,377.7251013,317.5301489,403.6884308,381.4124079,336.4795632,353.0863765,411.4537046,401.9863524,425.5605409,345.4987525,456.9036978,301.4471826,362.7383637,391.259876,332.9067714,365.8663747,352.1697143,441.4056757,432.706264,387.632365,389.3580619,451.7058501,391.9324866,402.6166756,340.7895644,387.8575897,344.0032486,380.3227761,495.7004383,403.7179907,422.7872608,349.3606726,326.7227967,331.4509062,331.9893578,349.9275577,304.3231237,328.816894,325.8432283,0,3,0,0,0,3,0,0,1,0,0,0,0,3,0,0,0,3,0,0,0,3,0,0,0,2,0,0,0,3,0,0,0,0,0,9,0,3,0,0,0,2,0,0,0,3,0,0,0,3,0,0,0,3,0,0,1,2,0,0,0,3,0,0,1,0,0,0,0,3,0,0,1,2,0,0,0,2,0,0,1080,2880,1800,0.375,480,1644,2880,1236,0.570833333,354,309,320,11,0.965625,3,1305,2880,1575,0.453125,579,336,2880,2544,0.116666667,960,969,2880,1911,0.336458333,258,1380,1920,540,0.71875,21,2841,2880,39,0.986458333,6,693,8640,7947,0.080208333,960,495,2880,2385,0.171875,960,534,1920,1386,0.278125,414,1914,2880,966,0.664583333,258,702,2880,2178,0.24375,504,2784,2880,96,0.966666667,6,1971,2240,269,0.879910714,15,774,2880,2106,0.26875,642,303,320,17,0.946875,5,1710,2880,1170,0.59375,75,1692,2240,548,0.755357143,39,255,1920,1665,0.1328125,771,1
5,train,increment,11,1980.001788,0.011272553,448.152638,506.1274053,511.6148654,429.6382184,470.503236,566.9690195,526.3206536,561.7536136,476.6780653,500.5059845,425.6633538,419.8594016,404.4188915,560.6829242,528.9751781,462.3356127,544.4265946,536.8232162,577.0099408,467.5583357,550.5859688,501.7016392,429.2323893,463.8675927,468.7662916,510.5924317,393.0436578,425.4216743,572.575006,430.4854172,420.0254216,473.5276344,458.9225592,557.2140156,401.4235419,586.8351844,538.115877,485.3601303,437.7988085,540.2887658,522.3727948,518.042875,452.4484434,487.8949575,507.523884,541.3490228,552.5935986,504.2186401,524.2823992,519.0690553,481.5637398,450.3890258,564.0841872,448.8789152,471.2959125,452.7419365,502.612217,518.1929225,473.1231997,469.5460841,496.528041,401.9701655,414.2691223,447.0097085,476.3659796,478.6701185,648.2451865,451.2993479,469.233754,407.1960219,714.9904213,534.4055464,534.3631314,443.78436,478.6245327,585.5009564,418.9893234,482.8674491,553.9420997,484.1378385,534.077729,501.2074793,465.1164721,593.9881133,476.8652716,548.9599725,515.1069021,495.1350977,481.2537697,541.1262947,550.2476965,439.9715722,430.1449442,534.6960454,438.1519451,540.8608617,506.362856,437.718044,481.2977403,555.86671,568.4159046,565.0212721,443.4891558,634.4128531,396.8589954,484.2911629,530.2091916,426.9570333,488.0408361,486.6030759,629.3547998,605.4440815,519.1470407,545.5532633,597.2312542,534.2314018,533.5713777,439.6129473,517.2212832,470.6901854,484.5484456,644.6762993,526.4585751,563.9794368,453.4199918,413.8614278,447.1221991,452.5969133,483.4047431,430.0205523,444.538037,447.3633144,0,3,0,0,0,3,0,0,1,0,0,0,0,0,0,9,0,0,0,9,0,3,0,0,0,2,0,0,0,3,0,0,0,0,0,9,0,3,0,0,0,2,0,0,0,3,0,0,0,3,0,0,0,3,0,0,1,2,0,0,0,3,0,0,0,3,0,0,0,3,0,0,1,2,0,0,0,2,0,0,1611,2880,1269,0.559375,87,2391,2880,489,0.830208333,15,318,320,2,0.99375,2,975,8640,7665,0.112847222,960,786,8640,7854,0.090972222,960,1134,2880,1746,0.39375,81,1635,1920,285,0.8515625,9,2685,2880,195,0.932291667,9,1857,8640,6783,0.214930556,960,879,2880,2001,0.305208333,960,1215,1920,705,0.6328125,27,2376,2880,504,0.825,30,1323,2880,1557,0.459375,99,2871,2880,9,0.996875,3,2133,2240,107,0.952232143,9,1719,2880,1161,0.596875,57,1002,2880,1878,0.347916667,606,2007,2880,873,0.696875,24,2226,2240,14,0.99375,3,213,1920,1707,0.1109375,960,1
5,train,increment,12,2160.001731,0.02624643,601.4192194,670.9394159,660.1056726,555.1189348,644.279858,738.86953,753.9300238,744.7456498,631.4409028,669.3417998,581.2550023,554.8348299,527.5530748,787.0825417,710.3366367,624.5145539,744.0724163,699.4601804,798.6211953,597.9668219,729.8049172,631.6625186,556.4622776,641.2666528,648.0077629,673.2631595,551.77516,580.2991218,783.6456115,574.4487336,547.3924784,650.7089094,610.7763222,724.0216135,538.1906178,774.4297011,736.9067815,658.044791,596.5570282,738.4000784,761.7240411,655.6009496,627.8619934,643.4730512,688.3336486,710.9447906,785.6818818,647.8639553,753.2628117,671.7038204,667.3718506,597.5169767,754.0528479,609.8684182,624.5842718,634.5232505,669.2237477,685.4517302,613.2334209,653.3807904,691.102207,520.9750985,550.4109351,603.9501285,652.8039261,627.9524777,839.4443273,625.4708763,613.3640229,550.3076931,907.3274557,740.2540627,729.7043147,593.994931,664.1842697,788.753813,578.2719033,653.0215969,768.6216653,627.8249804,706.222097,656.1057674,664.5348198,785.2454133,648.9418835,704.1849422,703.6653359,709.383136,654.9279756,685.1442657,687.310232,615.8577569,563.4221673,738.2786627,603.313879,739.8321168,720.8319422,560.8584539,619.0382517,770.8527676,779.9671657,781.0029847,631.1479794,846.0432397,534.6599241,642.3057134,725.120379,558.7818427,640.0109442,667.1498835,830.3017434,820.7586962,687.2176712,752.4224824,807.9217152,721.1746757,675.300986,611.5704237,686.7290249,666.1040649,655.3987664,789.6498721,686.402922,765.9981029,635.4594849,536.7739575,600.1561803,629.5250448,688.8147445,590.3087864,602.5136389,602.8413098,0,3,0,0,0,3,0,0,1,0,0,0,0,0,0,9,0,0,0,9,0,3,0,0,0,2,0,0,0,3,0,0,0,0,0,9,0,3,0,0,0,2,0,0,0,3,0,0,0,3,0,0,0,3,0,0,1,2,0,0,0,3,0,0,0,3,0,0,0,3,0,0,1,2,0,0,0,2,0,0,2013,2880,867,0.698958333,54,2808,2880,72,0.975,3,315,320,5,0.984375,3,1581,8640,7059,0.182986111,960,645,8640,7995,0.074652778,960,1713,2880,1167,0.594791667,48,1794,1920,126,0.934375,9,2691,2880,189,0.934375,6,2232,8640,6408,0.258333333,960,1233,2880,1647,0.428125,402,1251,1920,669,0.6515625,21,2709,2880,171,0.940625,9,1704,2880,1176,0.591666667,57,2877,2880,3,0.998958333,3,2220,2240,20,0.991071429,3,2673,2880,207,0.928125,12,1446,2880,1434,0.502083333,174,2334,2880,546,0.810416667,18,2142,2240,98,0.95625,3,333,1920,1587,0.1734375,960,1
6,train,increment,1,180.0862714,0,26.16786041,24.34467111,26.61407812,24.81649293,25.74835494,25.48866758,25.2114155,25.47835541,25.75303162,25.34033775,24.11039043,26.29808785,27.00919167,25.28240083,25.90264601,26.18564875,25.21431573,25.8678549,24.92803066,25.3387121,27.04979916,27.1207538,24.74846391,23.73453513,26.41030793,25.62067527,26.36359146,26.1224301,24.90508477,27.22956998,27.1177627,26.24383332,26.52198056,25.50293244,25.6099656,28.0051808,25.0795705,26.42923924,25.17708785,25.71038915,26.22329093,25.01029385,25.15534464,25.34052734,27.13357852,26.20354288,25.75418124,25.47216357,26.52793502,24.91836117,25.25958141,26.18981161,25.9384683,26.88140102,25.2925649,25.84311869,27.21737974,25.11483577,24.71633167,24.88645483,26.44347903,26.09605396,25.51081267,25.56358235,26.13888245,27.42655003,25.44288586,25.75676343,25.67526784,25.01216233,25.73733468,26.4220834,25.30677261,24.92566329,24.86697782,25.01033283,25.66055776,25.97971588,24.59858224,25.03713159,25.18754702,25.76470759,24.75897227,25.54101727,24.27333312,24.5132661,25.73230463,25.03320563,26.73555683,25.28936698,25.08971418,27.0968628,25.16285303,25.10374552,26.08658803,25.29787765,25.74644805,27.07448863,25.68345009,26.61175159,25.48505712,26.45814492,24.86931987,25.82541024,25.64846235,25.68830586,24.93448199,24.34087923,25.80755515,24.57468209,25.42624712,25.87354521,25.40739023,26.69377348,25.2106821,25.91415709,24.49824836,26.31093816,24.64989241,24.53771072,24.51849105,25.98083734,25.83256727,25.05818347,27.11713239,24.7519604,25.68792622,25.5790325,25.8325326,24.82513547,25.8090609,26.03214709,1,0,0,0,1,0,0,0,1,0,0,0,1,0,0,0,1,0,0,0,1,0,0,0,1,0,0,0,1,0,0,0,1,0,0,0,1,0,0,0,1,0,0,0,1,0,0,0,1,0,0,0,1,0,0,0,1,0,0,0,1,0,0,0,1,0,0,0,1,0,0,0,1,0,0,0,1,0,0,0,111,320,209,0.346875,197,108,320,212,0.3375,74,39,320,281,0.121875,236,111,320,209,0.346875,152,24,320,296,0.075,206,54,320,266,0.16875,84,108,320,212,0.3375,104,204,320,116,0.6375,74,45,320,275,0.140625,224,24,320,296,0.075,266,24,320,296,0.075,284,129,320,191,0.403125,152,45,320,275,0.140625,218,165,320,155,0.515625,74,135,320,185,0.421875,107,42,320,278,0.13125,263,27,320,293,0.084375,269,99,320,221,0.309375,74,111,320,209,0.346875,107,18,320,302,0.05625,299,0
6,train,increment,2,360.0335359,0.000117495,33.40534787,32.30155796,35.19167026,31.54597097,33.51588121,34.68873954,32.69353169,35.42462382,34.25664798,32.32176825,32.28463569,36.34581079,35.05757461,33.25440297,32.97462042,36.81356368,35.22939795,34.10560899,32.72358777,35.56874316,36.84700507,35.19942949,34.34256914,30.34959943,35.42763952,35.51320405,33.80560103,33.6162489,34.51678816,39.06574035,36.54293732,34.73697175,35.64016682,33.00037981,34.7334063,37.8701441,33.01336506,32.54645317,34.8308501,33.79677684,35.7379268,31.84465679,34.46689592,35.04520779,35.87557704,35.84220276,34.02726571,34.59499239,36.22872353,32.65550461,33.00451288,34.87667357,31.17803111,35.81901818,34.49401392,35.87044743,35.85134619,35.52010413,35.0120525,33.45130306,36.4163481,37.89024414,34.18670776,35.02530529,34.46423904,37.65051831,33.73304164,33.75026457,32.49749257,32.70493728,34.50825855,37.72238119,36.1132542,34.29634037,33.28013964,31.99648334,33.15255127,34.5537071,31.84295343,32.76693425,34.60610997,33.55354042,33.99569854,33.33378353,32.58198761,31.30685893,33.40423249,31.7241846,35.13579702,33.9749073,34.62996851,35.8378644,35.26542125,33.58428555,34.47790632,32.11358364,35.17813432,37.65686378,34.99071684,34.77992166,33.48413879,35.49779668,32.91497817,34.27987838,35.96303366,33.5984906,35.32823971,33.4895496,33.15024979,32.61480635,36.10784146,35.06928729,32.93040741,33.92264383,33.13990525,34.06644555,32.88078148,33.13315776,33.71261646,33.99489718,32.07961929,35.58545753,33.83262367,35.39704661,36.25326809,34.49462415,34.11096524,33.08598124,33.85619563,34.39798298,35.30357968,34.14525632,1,0,0,0,1,0,0,0,1,0,0,0,1,0,0,0,1,0,0,0,1,0,0,0,1,0,0,0,1,0,0,0,1,0,0,0,1,0,0,0,1,0,0,0,1,0,0,0,1,0,0,0,1,0,0,0,1,0,0,0,1,0,0,0,1,0,0,0,1,0,0,0,1,0,0,0,1,0,0,0,108,320,212,0.3375,200,141,320,179,0.440625,56,33,320,287,0.103125,164,114,320,206,0.35625,137,30,320,290,0.09375,230,60,320,260,0.1875,81,123,320,197,0.384375,30,270,320,50,0.84375,14,78,320,242,0.24375,176,42,320,278,0.13125,269,45,320,275,0.140625,114,171,320,149,0.534375,107,66,320,254,0.20625,185,237,320,83,0.740625,20,174,320,146,0.54375,35,60,320,260,0.1875,236,54,320,266,0.16875,236,162,320,158,0.50625,20,123,320,197,0.384375,51,12,320,308,0.0375,302,0
6,train,increment,3,540.0533235,0.0030261,43.72442993,46.38223594,44.93579844,40.54061936,44.86363579,47.91081039,44.76647548,46.69842887,46.72466081,40.34743843,42.81118703,50.16730101,48.2754711,45.58283256,45.83607219,47.58852207,45.40377218,45.27744751,42.46402191,46.60700651,53.35619379,46.98010929,47.26790327,40.92699317,49.58143083,44.82414453,45.5493166,48.25903429,48.31052451,53.24819094,50.70416385,44.12293048,48.74474517,42.75992398,46.41043196,49.17171779,45.09921073,45.400497,45.26618634,46.50126801,52.45374375,45.88154502,43.78453538,46.17664168,45.79978993,47.16443662,44.85522972,46.81047645,47.13564404,42.77152823,40.85489474,46.19446908,44.76267372,45.91136612,47.81592917,49.44003227,49.94706756,50.01433166,46.22791095,45.51375072,51.12167035,49.27605148,46.48276598,46.70202802,45.75015794,51.16908883,45.87481803,46.522559,44.4678302,44.40461696,44.72853675,50.01077692,47.45043783,49.01364447,43.20050278,44.15422312,42.76361797,46.6103791,43.05519456,44.14182055,46.33900918,46.53858845,46.02526407,43.74385872,42.37320574,42.21382529,42.43081941,46.2372849,48.79003567,43.31060944,48.52867935,49.12620888,48.33700458,48.2628844,48.59152025,42.14067277,48.81877657,49.63871889,46.24900879,46.29522597,48.93089524,46.0724261,45.83456846,46.13718144,50.11148401,47.76679459,47.12563714,45.56880377,43.02215254,44.11214985,48.51261964,47.09534139,44.1543455,45.66668506,46.20473421,45.54821823,44.5822418,44.79261029,44.16217663,45.26510613,40.57296416,51.26588575,42.64038902,47.49017407,47.6709713,47.5332787,47.48865671,43.37305638,45.68415017,44.95165013,47.49049137,44.63772519,1,0,0,0,1,0,0,0,1,0,0,0,1,0,0,0,1,0,0,0,1,0,0,0,1,0,0,0,1,0,0,0,1,0,0,0,1,0,0,0,1,0,0,0,1,0,0,0,1,0,0,0,1,0,0,0,1,0,0,0,1,0,0,0,1,0,0,0,1,0,0,0,1,0,0,0,1,0,0,0,141,320,179,0.440625,131,207,320,113,0.646875,18,81,320,239,0.253125,212,162,320,158,0.50625,27,27,320,293,0.084375,224,108,320,212,0.3375,33,156,320,164,0.4875,18,294,320,26,0.91875,6,123,320,197,0.384375,128,69,320,251,0.215625,120,60,320,260,0.1875,98,255,320,65,0.796875,14,87,320,233,0.271875,69,306,320,14,0.95625,3,219,320,101,0.684375,14,135,320,185,0.421875,128,57,320,263,0.178125,81,192,320,128,0.6,21,225,320,95,0.703125,24,24,320,296,0.075,293,1
6,train,increment,4,720.057923,0.028160273,56.41922097,63.18781488,61.36655494,53.7992886,61.71459449,67.62389455,61.54515394,66.32023696,60.09233809,53.30849232,54.79149066,65.29402629,64.57176396,62.26993282,62.84556878,61.47930786,58.26577863,58.00134334,58.73841827,60.92904385,70.8053147,61.18823836,63.80474444,52.26413631,69.84245454,57.16387046,66.60181198,66.27743134,63.3151673,70.44652292,66.32782162,59.96006828,68.886775,56.57328752,64.63114012,71.52044935,62.04786523,61.06551687,55.63225588,66.01560249,71.85703842,61.53095487,58.33494834,62.74598117,60.23494935,59.27990947,61.12030053,60.39207181,62.92917454,59.32603238,53.08502123,67.73904452,58.10512374,62.51744164,64.44888224,66.34012477,67.55402584,67.62987716,61.81080332,59.82021376,69.13036842,62.45332506,60.85402842,62.89170258,61.26763454,66.91703985,64.94758187,60.79014366,58.34934115,58.95343739,60.15254781,66.16752228,65.06623778,69.43036338,57.93509821,57.4203828,58.46503754,63.39473388,57.73599,59.07703371,64.30926809,58.89839629,62.434147,59.87752696,57.19237372,56.30289647,59.49563369,59.60080312,65.09743523,59.9570644,69.87781721,63.27901087,63.59785684,66.40389622,67.67788648,61.39898995,61.33317497,66.31249347,62.63241371,61.97428799,69.3722948,63.77389403,62.08423271,65.77834261,71.62378256,62.90081141,65.22593456,60.86184529,58.82687598,57.39449303,64.73707656,59.67536364,58.67906344,64.00960972,58.69815835,58.934285,61.15212492,57.57952711,61.14016147,61.59345683,54.62027553,64.80143255,56.22557594,61.80368031,64.73883666,65.69581901,63.49160836,61.0465389,59.53991988,59.38548974,62.12304804,60.97101282,1,0,0,0,0,3,0,0,1,0,0,0,0,3,0,0,0,3,0,0,1,0,0,0,1,0,0,0,0,3,0,0,1,0,0,0,1,0,0,0,1,0,0,0,0,3,0,0,1,0,0,0,0,3,0,0,1,0,0,0,1,0,0,0,1,0,0,0,0,3,0,0,1,0,0,0,1,0,0,0,222,320,98,0.69375,21,318,2880,2562,0.110416667,960,99,320,221,0.309375,48,174,2880,2706,0.060416667,960,66,2880,2814,0.022916667,960,165,320,155,0.515625,39,279,320,41,0.871875,6,555,2880,2325,0.192708333,729,141,320,179,0.440625,21,96,320,224,0.3,83,96,320,224,0.3,33,228,2880,2652,0.079166667,840,90,320,230,0.28125,101,447,2880,2433,0.155208333,804,291,320,29,0.909375,6,138,320,182,0.43125,33,78,320,242,0.24375,149,258,2880,2622,0.089583333,804,246,320,74,0.76875,12,30,320,290,0.09375,266,1
6,train,increment,5,900.0075051,0.02625451,76.28693473,90.46236187,81.90239667,74.90104681,84.68004433,93.33070906,82.06109698,94.24145943,85.36972713,75.37623501,75.36189129,83.54613439,92.52441812,80.37761827,82.82470512,82.74611612,83.01799135,78.61010984,76.74247596,85.65642945,95.66810895,83.69668862,85.40210274,66.04527503,91.30671815,75.98053905,93.6055929,93.20390316,88.9433106,97.83368337,90.89340987,80.56726499,92.62421926,75.79677309,81.65261916,96.43705859,86.18667684,82.33421665,78.54634004,92.69025255,95.81864651,81.69783951,78.94356262,79.04964468,74.1928851,82.19094156,84.40074774,78.79699141,83.07246782,78.44645014,71.88364501,93.92988815,73.58449603,86.39329571,87.74465581,96.83535194,85.4023834,88.49486676,82.69554544,84.19040903,94.61259123,83.00472119,83.24569641,88.99978393,86.46741132,93.12561163,91.93232818,81.01178393,71.99497165,78.00636196,78.77538296,84.00484735,85.02059815,89.95152612,84.52979298,76.72781245,78.12981836,81.86974588,77.09892565,80.50482445,87.58083973,72.19934322,83.93405093,85.90201737,77.66614497,74.5184016,82.68107413,76.99925316,86.47855664,83.49353289,86.98016461,83.55481854,84.20505972,93.89002772,88.2254458,81.13238169,81.16719668,91.38492004,90.39187376,83.51885598,91.57172534,87.65276006,81.94390003,87.68698164,94.18970511,84.66131662,89.59824109,85.2485605,78.48502003,79.59741614,88.60332144,76.59222748,78.22342159,89.52626592,78.69982732,77.09879114,81.49637739,76.6358209,83.44854254,82.17087479,76.88409571,81.46197099,78.59033128,81.29376777,89.52210684,91.30799051,83.63354153,84.91690302,79.69906879,81.37116672,81.91061254,85.65890102,1,0,0,0,0,3,0,0,0,2,0,0,0,3,0,0,0,3,0,0,1,0,0,0,0,2,0,0,0,3,0,0,0,2,0,0,0,2,0,0,0,2,0,0,0,3,0,0,1,0,0,0,0,3,0,0,1,0,0,0,1,2,0,0,1,0,0,0,0,3,0,0,1,2,0,0,1,0,0,0,303,320,17,0.946875,3,408,2880,2472,0.141666667,690,117,1920,1803,0.0609375,957,321,2880,2559,0.111458333,795,123,2880,2757,0.042708333,960,264,320,56,0.825,9,309,1920,1611,0.1609375,642,696,2880,2184,0.241666667,675,267,1920,1653,0.1390625,702,138,1920,1782,0.071875,960,51,1920,1869,0.0265625,960,444,2880,2436,0.154166667,789,177,320,143,0.553125,33,627,2880,2253,0.217708333,681,315,320,5,0.984375,3,306,2240,1934,0.136607143,720,90,320,230,0.28125,99,405,2880,2475,0.140625,747,390,2240,1850,0.174107143,642,33,320,287,0.103125,287,0
6,train,increment,6,1080.002811,0.020357965,105.0626659,117.0452111,109.0175404,100.4504413,114.7404547,120.6431475,111.6233243,127.6281572,107.6442564,101.063108,101.0307242,111.8694397,124.326161,112.7975008,114.4742682,118.5707411,116.456553,109.3248278,101.8880002,117.1962604,128.6149043,114.5554542,108.8135315,87.32344882,119.7250959,102.7907763,120.1869499,124.591215,123.0967017,126.2527284,115.1969921,106.6443626,125.6572749,105.0397471,109.788387,131.2332225,117.1953251,112.7974772,109.8705466,124.7774324,137.0947171,110.3365721,104.8113749,100.6086465,97.66866664,115.2512035,114.8338754,109.1380655,111.1661503,104.3065313,99.73249842,131.7041289,102.1188229,111.2671517,122.4262213,128.9124302,107.8936907,112.8842119,113.9228102,114.8931078,131.7342417,107.7986334,111.872604,111.8873119,116.8880703,127.8447253,129.5765668,108.7791062,97.6264628,105.215692,102.3539256,117.8000765,113.4956835,111.8984022,117.241071,105.0003094,106.3567918,103.9195663,105.8385623,111.7876805,116.1311755,97.3596326,113.9961549,118.3852655,104.6257937,98.76762442,113.9210302,101.6920801,118.9557131,120.1751395,119.9253514,109.4676137,113.7584411,120.8685032,119.2573378,106.5555056,105.1346949,121.6473492,126.2640549,116.2645774,121.7689873,113.7472215,113.3191151,122.8631452,131.1582984,117.9173948,125.3395945,121.7361483,113.3048718,102.5385267,120.108988,103.5549744,104.3767138,121.422709,103.2870966,103.8441685,114.1705164,103.2325352,114.3441792,109.5482023,108.0157598,109.928834,105.9663367,107.9216747,123.5172969,129.4008079,104.675836,110.1834829,111.3968494,109.3117239,103.0426662,113.9537517,1,0,0,0,0,3,0,0,0,2,0,0,0,3,0,0,0,3,0,0,1,0,0,0,0,2,0,0,0,3,0,0,0,2,0,0,0,2,0,0,0,2,0,0,0,3,0,0,1,0,0,0,0,3,0,0,1,0,0,0,1,2,0,0,1,0,0,0,0,3,0,0,1,2,0,0,1,0,0,0,303,320,17,0.946875,6,432,2880,2448,0.15,654,138,1920,1782,0.071875,915,339,2880,2541,0.117708333,813,153,2880,2727,0.053125,960,276,320,44,0.8625,8,501,1920,1419,0.2609375,552,708,2880,2172,0.245833333,642,417,1920,1503,0.2171875,615,138,1920,1782,0.071875,960,138,1920,1782,0.071875,819,501,2880,2379,0.173958333,732,246,320,74,0.76875,9,771,2880,2109,0.267708333,651,312,320,8,0.975,3,441,2240,1799,0.196875,645,195,320,125,0.609375,54,507,2880,2373,0.176041667,750,549,2240,1691,0.245089286,651,39,320,281,0.121875,254,1
6,train,increment,7,1260.011391,0.01536947,137.6834332,154.2968658,143.4416761,138.4138992,159.0775587,159.7524432,151.8862954,177.942928,152.0903774,138.5125577,137.1306374,152.5411384,166.5242644,150.996141,155.3712745,167.3847855,159.0732641,145.709716,130.4992537,159.4002001,166.7777059,149.7269592,138.3950449,113.9056675,157.23452,133.758638,163.9311667,172.3608167,166.1088412,171.7115276,159.5242734,143.0452219,159.6391164,143.2336769,138.4686559,180.109901,150.5850435,147.2219647,147.3588034,169.3183077,179.3009023,143.5733152,142.2555532,133.2423814,126.2367157,149.7853121,155.85324,156.4175002,156.315096,135.0760854,127.3925007,173.4578541,130.4567995,153.4611459,164.8910371,171.2159973,140.4135712,152.4157302,159.3827395,152.5434447,181.09144,142.1003662,151.3588819,142.3471216,165.8192272,171.9034829,183.3499409,151.1680023,131.2513411,139.673367,141.1098387,161.4398426,159.7600587,153.9875393,156.4005019,137.8877416,133.6471928,146.78918,145.6988722,152.3035269,153.347954,140.7783353,157.8786566,162.8248329,127.3768367,135.0453588,156.6599927,125.7606826,166.5631682,163.5506569,152.2272799,143.1833435,155.3380094,164.8617164,159.7451689,145.5360933,142.0140822,163.6698929,170.4752885,151.2414125,168.6314162,152.5760389,149.119047,175.7883057,179.1635987,169.2308077,165.9313312,164.283684,154.6605664,136.1350839,159.0514453,141.5773839,137.1477641,162.5797614,134.1371204,135.0960568,162.894041,138.0131017,150.5758706,150.3164392,151.6250889,145.9976538,144.4651501,137.2408155,162.5472411,166.4044826,144.4275475,142.2201665,153.7240912,145.0710759,134.8610286,157.2137399,0,3,0,0,0,3,0,0,0,2,0,0,0,3,0,0,0,3,0,0,0,3,0,0,1,2,0,0,0,3,0,0,0,3,0,0,0,3,0,0,0,2,0,0,0,3,0,0,1,0,0,0,0,3,0,0,0,3,0,0,0,3,0,0,0,3,0,0,0,3,0,0,0,3,0,0,1,0,0,0,486,2880,2394,0.16875,735,570,2880,2310,0.197916667,960,174,1920,1746,0.090625,852,537,2880,2343,0.186458333,807,129,2880,2751,0.044791667,960,315,2880,2565,0.109375,771,633,2240,1607,0.282589286,312,1149,2880,1731,0.398958333,501,276,2880,2604,0.095833333,867,198,2880,2682,0.06875,960,153,1920,1767,0.0796875,960,771,2880,2109,0.267708333,675,255,320,65,0.796875,9,1062,2880,1818,0.36875,513,855,2880,2025,0.296875,516,300,2880,2580,0.104166667,960,177,2880,2703,0.061458333,960,681,2880,2199,0.236458333,516,708,2880,2172,0.245833333,549,138,320,182,0.43125,41,0
6,train,increment,8,1440.000731,0.011025874,183.6151178,201.5343459,201.0766658,180.9924173,216.6693714,217.9808871,199.9833646,253.0733875,221.2665133,189.1257967,187.7197973,196.6839717,221.1443683,204.5406847,207.9381113,211.2523223,218.9449766,200.0159832,175.976833,218.4525529,228.513658,202.1404562,184.9977281,159.5911511,207.0354517,183.8872357,223.6039032,221.6055739,222.3445849,227.106759,218.5535249,194.516336,203.4733798,185.1633833,192.4307913,255.1646028,207.8844842,202.4557499,200.2281391,233.6862695,248.4922583,184.9078873,197.3440368,180.1861087,172.2203847,209.0180849,213.3506292,205.3369449,211.5744224,181.1500739,170.876264,220.9508397,175.9562399,211.4048137,242.747465,226.7429199,189.943067,207.7782219,203.1242781,202.3557582,232.0123507,193.5519878,204.6522789,200.459121,216.2647936,227.1562306,249.054361,197.4187842,188.6350935,176.3660256,190.7641101,219.2642113,223.7541131,207.009315,200.8526816,191.2835812,183.1581783,200.3473988,185.5932696,197.8362259,209.6786839,178.8932965,214.7908718,234.5281404,179.6406289,180.6292102,196.3737282,159.430255,223.7639048,225.4883332,203.7877239,199.7797722,213.2217827,228.5467572,215.8466033,196.2376642,180.1703326,218.0180293,228.8100724,191.0571071,243.7189325,205.6837476,195.281137,237.1695178,239.6008413,226.6255619,227.3696595,214.776757,197.4798679,192.7890338,216.8661308,184.4880235,175.2200177,218.4011847,180.0977564,184.8274095,221.1161588,185.1735496,194.7194235,196.1652426,219.5154432,197.5864413,190.4096936,181.4505221,219.4159953,232.9572855,190.787463,177.289626,192.9168292,195.6855541,182.6955683,200.2512282,0,3,0,0,0,3,0,0,0,2,0,0,0,3,0,0,0,3,0,0,0,3,0,0,1,2,0,0,0,3,0,0,0,3,0,0,0,3,0,0,0,2,0,0,0,3,0,0,1,0,0,0,0,3,0,0,0,3,0,0,0,3,0,0,0,3,0,0,0,3,0,0,0,3,0,0,1,0,0,0,654,2880,2226,0.227083333,675,792,2880,2088,0.275,960,303,1920,1617,0.1578125,624,660,2880,2220,0.229166667,657,201,2880,2679,0.069791667,960,504,2880,2376,0.175,627,828,2240,1412,0.369642857,210,1497,2880,1383,0.519791667,321,408,2880,2472,0.141666667,684,264,2880,2616,0.091666667,960,153,1920,1767,0.0796875,960,885,2880,1995,0.307291667,648,318,320,2,0.99375,2,1374,2880,1506,0.477083333,429,972,2880,1908,0.3375,381,366,2880,2514,0.127083333,960,294,2880,2586,0.102083333,960,888,2880,1992,0.308333333,462,852,2880,2028,0.295833333,546,105,320,215,0.328125,209,0
6,train,increment,9,1620.000325,0.007959571,250.3330315,264.1610773,265.8813918,242.3874391,272.4776213,282.2501703,268.4179759,343.0728012,287.1791443,248.0891642,235.1219491,257.6795547,266.1254024,267.764677,282.1151091,298.9771813,309.2536785,255.3480518,234.3870722,309.8993154,315.0367426,265.7034743,234.0683511,223.8244629,276.4799855,241.7519386,297.1085691,297.9166738,294.1037623,309.3370276,293.3854133,276.1332413,272.0299212,241.7892235,267.4322909,350.5857242,286.7577943,266.7199582,271.2438482,310.9700412,323.884908,249.1308765,257.6028034,243.4453995,234.2634542,279.3485565,285.4075895,268.1366236,276.0490299,235.6479593,224.3634733,295.0697417,244.1752269,286.6839341,330.3013123,287.3930062,259.207577,279.5895236,269.5364547,265.6507941,309.3683047,272.0137584,283.7891894,257.3216081,285.301143,302.5723107,346.7139419,254.2455062,260.0066152,242.8451979,245.7491674,305.7287278,285.1584331,288.2759581,262.1910463,266.6039704,252.7672736,250.2815112,239.7275993,264.4066773,284.5606635,232.8979189,273.2384041,317.4470382,231.3353547,238.3816382,257.9464092,217.9203106,312.7914998,294.1562114,258.8985948,263.5660189,274.3348802,302.1325961,295.7817073,276.460353,238.1388542,272.0098012,309.7492433,257.7775179,313.7647677,268.2486326,260.1872502,339.5543061,307.768596,310.6928018,307.8802191,286.8288733,277.9516621,260.1760645,295.3629499,229.0605544,226.7052444,323.3535542,222.303994,241.9832639,303.479505,249.7556503,253.1024355,258.6571234,299.8830844,265.5590546,249.1263965,249.0477324,289.6881043,309.7100081,256.6258892,247.1359731,267.3644567,270.0273035,244.1578844,268.2637694,0,3,0,0,0,3,0,0,0,2,0,0,0,3,0,0,0,3,0,0,0,3,0,0,1,2,0,0,0,3,0,0,0,3,0,0,0,3,0,0,0,2,0,0,0,3,0,0,1,0,0,0,0,3,0,0,0,3,0,0,0,3,0,0,0,3,0,0,0,3,0,0,0,3,0,0,1,0,0,0,885,2880,1995,0.307291667,588,1086,2880,1794,0.377083333,960,369,1920,1551,0.1921875,531,1011,2880,1869,0.351041667,594,219,2880,2661,0.076041667,960,570,2880,2310,0.197916667,621,1200,2240,1040,0.535714286,63,2226,2880,654,0.772916667,120,555,2880,2325,0.192708333,696,435,2880,2445,0.151041667,960,294,1920,1626,0.153125,960,1335,2880,1545,0.463541667,648,315,320,5,0.984375,3,1863,2880,1017,0.646875,162,1431,2880,1449,0.496875,210,606,2880,2274,0.210416667,960,480,2880,2400,0.166666667,786,1278,2880,1602,0.44375,192,1212,2880,1668,0.420833333,375,144,320,176,0.45,173,0
6,train,increment,10,1800.000784,0.005946311,322.8589371,351.0480056,346.9093517,328.2492688,367.6513358,378.1411031,356.4448968,456.2927702,365.2898448,312.0845448,321.1369427,371.6660798,355.0930526,353.486757,371.4060939,410.0384824,420.630574,331.7246692,298.5245661,391.1862178,436.7387355,381.1177816,324.4412111,298.4743173,363.7336737,326.6944947,381.4698966,414.5278617,406.0305403,411.835905,401.5776268,373.819197,359.8546046,316.71276,356.9120743,508.1694909,379.1973421,357.0122649,363.0684334,420.1368314,444.7733855,332.7827148,330.3367479,323.7864244,305.1379485,370.4312522,377.5444137,369.8697712,367.5724636,323.6740014,321.5354705,384.5448961,324.9960719,402.7200112,438.6148497,407.4699155,334.5689948,386.8170075,361.5833801,350.6161091,405.7078099,366.0355957,397.3584183,367.0192351,380.3783883,413.0228636,480.4142671,323.9678053,356.8940199,341.5796014,317.2796174,394.6102703,388.5226079,363.9014778,340.3437129,339.3066713,338.9728547,342.0407182,311.7737417,346.5134423,375.9819584,315.2518952,367.8384852,410.20214,301.0806094,314.6249671,349.9760017,294.5190252,413.341046,394.1314584,368.6479472,339.0797919,366.8554302,413.1524612,382.4650165,390.7351212,309.8521737,363.4501305,399.7998544,354.9581171,458.719157,358.7341342,332.9947332,436.9646911,410.8306598,413.3407473,401.9634921,387.2508948,385.0304753,364.3027051,412.4955838,312.6076745,305.3626494,397.8675432,316.4063169,319.8602104,406.5045061,318.6052822,334.6960588,340.7508645,410.742781,366.1462263,355.1019333,338.734479,386.5546707,419.896643,346.489844,319.3785101,341.4990039,361.4049732,330.4274796,369.8948565,0,3,0,0,0,3,0,0,0,2,0,0,0,3,0,0,0,3,0,0,0,3,0,0,1,2,0,0,0,3,0,0,0,3,0,0,0,3,0,0,0,2,0,0,0,3,0,0,1,0,0,0,0,3,0,0,0,3,0,0,0,3,0,0,0,3,0,0,0,3,0,0,0,3,0,0,1,0,0,0,1164,2880,1716,0.404166667,420,1395,2880,1485,0.484375,246,501,1920,1419,0.2609375,402,1278,2880,1602,0.44375,420,351,2880,2529,0.121875,960,759,2880,2121,0.263541667,522,1473,2240,767,0.657589286,24,2841,2880,39,0.986458333,6,783,2880,2097,0.271875,564,483,2880,2397,0.167708333,960,366,1920,1554,0.190625,960,1752,2880,1128,0.608333333,612,315,320,5,0.984375,3,2181,2880,699,0.757291667,15,1947,2880,933,0.676041667,33,948,2880,1932,0.329166667,417,693,2880,2187,0.240625,816,1500,2880,1380,0.520833333,102,1710,2880,1170,0.59375,99,180,320,140,0.5625,128,0
6,train,increment,11,1980.001829,0.006410979,436.8502652,493.2574826,453.6247608,433.0593002,508.1736805,534.7231625,504.9860028,590.4055235,535.0934675,403.3765912,450.2462048,503.0406418,470.666397,464.5968658,497.2981622,565.5039595,549.6160793,442.4047983,382.7038969,572.0010638,566.8192836,518.0212318,412.4618936,390.3287085,517.6777822,442.0890338,491.6274107,533.0239378,561.4422567,547.3855972,550.3930182,517.9380308,482.0406122,413.4905662,474.6798285,656.339237,525.404533,483.6809824,495.2159457,559.2483735,603.2252581,441.2690231,440.556227,452.0696795,421.9589112,501.5539031,492.3286942,483.4425448,502.8998363,452.2232732,455.6742104,504.9889328,432.0715577,562.8274541,557.9033065,540.3092115,474.6057792,547.6829505,459.3034537,467.5673291,567.5786621,485.5296083,526.6581667,458.5161417,556.0536956,547.5316368,596.1278574,436.2889939,459.837222,466.0694974,420.3227195,531.2746359,530.945782,510.0562246,465.9088979,452.1571185,467.3688275,431.3533549,413.7099944,489.6281851,511.537404,442.5530777,499.6820444,545.7503942,398.5268794,431.2365346,439.7701975,412.9956057,561.0295228,573.1623036,517.4872218,490.0593436,494.7154687,540.8168739,546.5702784,558.4141092,402.8208134,503.5208333,545.3664965,491.2842702,590.0082434,490.5478746,455.1414879,584.7054303,570.7578243,585.0623214,537.6765728,530.4750384,507.6074334,486.2636384,537.1955781,414.9231901,409.3970851,524.2837533,437.9811187,434.3957341,545.5939676,411.8365832,465.8804891,463.9668407,538.661997,495.1146547,520.5791445,462.1058353,511.7083946,561.5198775,432.2461577,442.1706308,474.9045473,505.1054363,449.5842885,476.4422745,0,3,0,0,0,3,0,0,0,2,0,0,0,3,0,0,0,3,0,0,0,3,0,0,1,2,0,0,0,3,0,0,0,3,0,0,0,3,0,0,0,2,0,0,0,3,0,0,1,0,0,0,0,3,0,0,0,3,0,0,0,3,0,0,0,3,0,0,0,3,0,0,0,3,0,0,1,0,0,0,1560,2880,1320,0.541666667,273,1878,2880,1002,0.652083333,39,660,1920,1260,0.34375,168,1749,2880,1131,0.607291667,159,399,2880,2481,0.138541667,960,963,2880,1917,0.334375,249,1743,2240,497,0.778125,21,2868,2880,12,0.995833333,6,1602,2880,1278,0.55625,138,852,2880,2028,0.295833333,960,981,1920,939,0.5109375,72,2505,2880,375,0.869791667,57,318,320,2,0.99375,2,2598,2880,282,0.902083333,9,2382,2880,498,0.827083333,21,1974,2880,906,0.685416667,111,1263,2880,1617,0.438541667,315,2145,2880,735,0.744791667,24,2166,2880,714,0.752083333,39,234,320,86,0.73125,32,1
6,train,increment,12,2160.002051,0.042943567,617.1895664,654.7349224,624.036964,604.72039,749.9413112,742.3247127,683.0114649,803.8153688,674.2493224,545.4386542,602.4341086,670.0984279,646.3849753,628.1834069,644.2372489,712.2603519,753.9624643,601.320482,507.9632988,728.1860995,733.0516201,720.9614103,552.0460944,516.4274044,712.255935,565.5874148,679.2526008,740.2020793,744.276336,766.3946987,721.3843634,735.0198087,617.9894575,541.4572288,659.5745206,888.22768,671.348756,664.1614173,654.2868473,789.6493106,755.4379088,588.4273124,591.9075787,625.2618173,603.2091055,722.7867941,647.0766372,609.42674,675.6424889,587.0489857,603.7443674,667.1571454,619.3238583,814.2305793,709.4079093,682.0688588,635.6857105,708.0019206,640.488068,621.3319045,737.2005683,648.5801217,731.0458645,599.3948542,793.3058065,749.5510962,807.8446362,606.6937599,616.4223888,607.8638201,549.1091002,702.9376492,711.959946,686.5462531,627.2165834,588.3203372,611.7520994,586.298468,545.0271867,669.4056617,703.5105013,568.2057146,698.7462782,724.9855157,528.8358795,572.884668,571.6387789,565.5350958,753.2979413,807.3144705,677.6516292,651.3255235,713.0188455,702.639791,746.6378084,707.9007412,526.3847887,711.510613,724.0170886,693.111429,840.5948938,668.2755288,589.4954434,783.0486238,753.6329506,739.7408839,717.1787066,732.4136584,687.3073372,656.8145113,722.5952941,583.4887984,530.5998816,699.6066854,635.3155382,602.5742497,716.0655308,535.7156564,616.7497358,615.4019373,699.343372,652.4183776,715.4319384,645.7801867,661.7691241,753.5409108,572.3471533,579.9189762,667.8207904,625.7023065,643.9572346,641.8911758,0,3,0,0,0,3,0,0,0,2,0,0,0,3,0,0,0,3,0,0,0,3,0,0,1,2,0,0,0,0,0,9,0,3,0,0,0,3,0,0,0,2,0,0,0,3,0,0,1,0,0,0,0,3,0,0,0,0,0,9,0,3,0,0,0,3,0,0,0,3,0,0,0,3,0,0,1,0,0,0,2151,2880,729,0.746875,42,2733,2880,147,0.948958333,9,975,1920,945,0.5078125,120,2115,2880,765,0.734375,18,612,2880,2268,0.2125,711,1524,2880,1356,0.529166667,78,2172,2240,68,0.969642857,3,4551,8640,4089,0.526736111,648,1701,2880,1179,0.590625,42,1074,2880,1806,0.372916667,612,984,1920,936,0.5125,60,2853,2880,27,0.990625,3,318,320,2,0.99375,2,2811,2880,69,0.976041667,3,3543,8640,5097,0.410069444,960,1953,2880,927,0.678125,45,2106,2880,774,0.73125,66,2598,2880,282,0.902083333,12,2703,2880,177,0.938541667,6,261,320,59,0.815625,14,1
6,train,increment,13,2340.001305,0.056790165,823.601377,895.3103896,861.1532317,803.8739061,978.6033575,1038.002777,860.9717257,1072.458145,947.4861655,739.5353731,816.4521345,884.8160944,887.343406,877.8140317,862.6146415,954.7315335,1077.433194,787.2355534,718.3483331,981.7479818,998.8272612,970.1138545,763.4951547,630.5160397,973.5767311,792.6253784,966.7493935,950.3725046,1001.926996,1021.340073,949.7711643,971.4312811,876.664427,774.4843477,871.078112,1222.631612,945.2270747,887.5147607,899.1161385,1125.641073,965.1482062,816.5421631,756.1825185,841.5040992,826.4158325,958.5689907,845.1867052,849.7527306,890.4250949,765.9968899,741.7807923,918.4232954,824.5865852,1067.1615,948.2733764,938.5629826,830.564268,896.4615855,877.2598648,827.4963606,970.0005199,852.8292827,977.4327568,846.7866062,1056.12274,1033.789723,1036.318698,836.2723154,826.1143146,784.7088122,751.8758005,931.7620374,901.7026265,875.1978057,846.2929888,732.9428664,832.2608378,818.0725839,727.3420184,903.91586,925.7167691,767.4505121,917.5539397,949.0052582,715.9787728,755.1878057,776.4516257,790.4462201,1009.817751,1045.747868,920.4498721,892.9537875,994.5600276,932.2728965,1005.675033,953.2073303,646.6722218,970.9063016,934.8271796,944.3303531,1142.692212,933.9686363,741.0359137,1037.364608,1044.169741,979.1121605,971.5683802,981.2473748,915.2411785,898.1208297,958.6021592,791.3249494,731.0600736,924.6536831,885.3515545,837.3809881,929.6147286,710.3081784,836.5596154,840.210361,858.683333,876.7252544,949.9976284,890.6828357,855.8981541,1040.914197,817.9997265,789.2183923,887.422893,849.2964251,869.2601717,880.0631241,0,3,0,0,0,3,0,0,0,2,0,0,0,3,0,0,0,3,0,0,0,3,0,0,1,2,0,0,0,0,0,9,0,3,0,0,0,3,0,0,0,2,0,0,0,3,0,0,1,0,0,0,0,3,0,0,0,0,0,9,0,3,0,0,0,3,0,0,0,3,0,0,0,3,0,0,1,0,0,0,2748,2880,132,0.954166667,6,2802,2880,78,0.972916667,6,1605,1920,315,0.8359375,15,2055,2880,825,0.713541667,30,1173,2880,1707,0.407291667,180,1938,2880,942,0.672916667,24,2238,2240,2,0.999107143,2,5907,8640,2733,0.683680556,105,1749,2880,1131,0.607291667,33,1560,2880,1320,0.541666667,78,1353,1920,567,0.7046875,21,2871,2880,9,0.996875,3,318,320,2,0.99375,2,2853,2880,27,0.990625,6,4368,8640,4272,0.505555556,687,2451,2880,429,0.851041667,15,2748,2880,132,0.954166667,6,2730,2880,150,0.947916667,6,2799,2880,81,0.971875,6,309,320,11,0.965625,3,1
6,train,increment,14,2520.000533,0.096396092,1067.023344,1176.855992,1111.681555,1050.48745,1320.999936,1401.201733,1215.044947,1388.692638,1200.463978,994.8409839,1131.832624,1241.687513,1219.05488,1172.442488,1096.883181,1245.359142,1437.684914,1037.703781,979.1838949,1313.353235,1226.679077,1316.720317,1043.356039,832.1214568,1285.671852,1058.138053,1420.092113,1318.643789,1229.901569,1385.733743,1267.472132,1304.075811,1230.432823,998.3342522,1203.791527,1631.747674,1340.2127,1201.588836,1157.988658,1589.048295,1280.875302,1064.431725,1007.665606,1068.660788,1157.009469,1281.114209,1172.479187,1170.269943,1166.339437,1040.985952,1000.32601,1189.703555,1108.332997,1473.08389,1346.302175,1261.801588,1083.377016,1154.709223,1260.003678,1112.37217,1317.781686,1149.575988,1242.485601,1108.586888,1502.958833,1454.292506,1355.231144,1149.235686,1077.486668,1056.127789,1048.919135,1351.987399,1195.213439,1183.951274,1169.452455,1001.887316,1092.79553,1126.248874,996.7236658,1147.016182,1232.654833,1053.537824,1187.24671,1330.428498,955.6215277,1016.348441,1009.745645,1105.695013,1361.452526,1442.557806,1312.026084,1146.721356,1240.795852,1234.903128,1401.772847,1201.991021,862.2432106,1354.589328,1317.650872,1347.137342,1501.728454,1282.100115,1021.42766,1413.115784,1419.859134,1240.67709,1374.708517,1315.424933,1223.383942,1111.800178,1296.542837,1048.229181,968.2505191,1250.700222,1190.884943,1105.866051,1227.111253,938.1685158,1208.937997,1166.663614,1145.628581,1230.923171,1232.47619,1154.22287,1135.378279,1413.464048,1103.959587,1082.406745,1189.449626,1138.187542,1172.625379,1127.298689,0,3,0,0,0,3,0,0,0,2,0,0,0,3,0,0,0,3,0,0,0,3,0,0,1,2,0,0,0,0,0,9,0,3,0,0,0,3,0,0,0,2,0,0,0,3,0,0,1,0,0,0,0,3,0,0,0,0,0,9,0,3,0,0,0,3,0,0,0,3,0,0,0,3,0,0,1,0,0,0,2868,2880,12,0.995833333,3,2853,2880,27,0.990625,3,1779,1920,141,0.9265625,6,2232,2880,648,0.775,12,1779,2880,1101,0.617708333,51,2454,2880,426,0.852083333,12,2235,2240,5,0.997767857,3,7113,8640,1527,0.823263889,27,2073,2880,807,0.719791667,18,1923,2880,957,0.667708333,39,1473,1920,447,0.7671875,27,2844,2880,36,0.9875,6,297,320,23,0.928125,9,2862,2880,18,0.99375,3,4953,8640,3687,0.573263889,396,2784,2880,96,0.966666667,3,2712,2880,168,0.941666667,9,2727,2880,153,0.946875,6,2880,2880,0,1,0,318,320,2,0.99375,2,1
7,train,increment,1,180.0094245,0,25.80331106,25.17596962,26.39191004,24.39460779,25.860005,25.79203069,24.83987563,25.96406076,25.24498449,24.46095027,25.24289842,25.15999909,25.66279157,25.07759365,25.66398156,24.84396657,25.63095859,25.18494776,24.94462932,26.62106592,25.47741281,24.26807253,24.33898243,25.38947351,25.89774617,27.57523894,24.51050137,25.41254747,25.54458958,25.96304255,24.90771007,24.3574966,26.65976531,26.72271354,25.96721252,24.94308078,25.89864162,26.09236611,24.65363556,26.07439636,24.3326555,25.10446125,25.6065862,25.76997334,27.73285944,24.15691255,24.92133405,25.89339884,26.26205474,27.63114773,25.59863273,26.86510247,23.89836752,26.48814595,26.34480918,27.16183471,26.30243185,25.73693993,25.2939685,25.72097649,27.15410108,25.66609313,25.45079244,25.95147373,25.05550201,24.7061515,25.65841704,25.32661409,25.81936672,25.40426464,24.31201401,26.20345835,25.03901625,24.25546869,25.15767439,24.56793984,26.00400456,25.73496521,26.04240135,25.37774085,24.51914318,26.29195262,26.48651812,26.49067281,24.96205947,26.40473327,24.59316133,24.92125727,26.14819175,25.11907849,27.15777412,26.43324663,25.68766617,24.96955946,25.78182502,28.17414191,25.03094631,26.89623113,26.30303676,25.23294483,25.42691969,26.31613082,26.88421315,25.15831485,26.28482605,25.02907512,24.79334538,26.2812953,24.1342754,25.81613618,24.47406875,25.54821661,25.5437355,26.11537576,27.15409955,24.7082757,25.47139596,25.64714061,24.81504679,24.10999186,25.12268543,26.59278472,25.59066695,23.92999042,24.73645951,24.89357691,27.31911738,25.63833282,27.23456682,24.7944417,26.01383303,26.53316569,1,0,0,0,1,0,0,0,1,0,0,0,1,0,0,0,1,0,0,0,1,0,0,0,1,0,0,0,1,0,0,0,1,0,0,0,1,0,0,0,1,0,0,0,1,0,0,0,1,0,0,0,1,0,0,0,1,0,0,0,1,0,0,0,1,0,0,0,1,0,0,0,1,0,0,0,1,0,0,0,69,320,251,0.215625,251,105,320,215,0.328125,77,21,320,299,0.065625,239,75,320,245,0.234375,104,18,320,302,0.05625,254,75,320,245,0.234375,137,84,320,236,0.2625,68,225,320,95,0.703125,71,48,320,272,0.15,227,15,320,305,0.046875,272,30,320,290,0.09375,266,126,320,194,0.39375,104,45,320,275,0.140625,233,186,320,134,0.58125,92,114,320,206,0.35625,71,39,320,281,0.121875,272,24,320,296,0.075,287,102,320,218,0.31875,92,75,320,245,0.234375,71,18,320,302,0.05625,299,0
7,train,increment,2,360.0470941,0,35.07489349,33.50486054,33.97465245,33.84814863,34.37976987,34.71855322,33.99490104,34.63590297,32.12764027,34.2582139,37.10140868,32.99121539,34.36662954,33.27191163,33.51229956,32.87126001,33.55668652,33.09883173,33.60731951,35.98484788,34.83207035,34.61995663,30.90167016,34.21495071,35.83265489,36.02028031,34.22751856,33.01014801,34.10085948,35.92330536,32.38293749,33.59708164,36.90159521,36.11968395,34.54140829,33.41868368,33.61157483,38.2753529,32.1776052,34.92347569,31.97511221,33.52226081,32.65137063,32.63270686,36.79446691,31.08605957,34.81000944,36.52560634,35.71866315,36.79497529,33.93171376,34.75314481,32.34225987,36.5322823,34.42301947,40.10016773,35.55617169,34.90638733,34.24362863,33.51361409,36.77837925,35.13607887,32.09893097,32.64045337,34.33532132,33.16128716,32.21210691,36.28519891,35.47114188,35.43690661,34.25874274,35.18576422,34.39036652,32.35971592,34.60991902,31.65935642,35.4543134,33.6341435,36.09404067,34.10606536,35.12426932,34.66093311,36.49545409,36.70393433,30.77516609,37.57360598,34.50455383,31.28019829,34.24842229,34.15062137,35.029793,36.83324092,33.75828908,32.27698858,34.88002165,38.09868371,33.69241274,36.97793309,35.24808093,34.2019057,32.5964442,35.85397768,36.83249704,34.10741156,35.48741521,33.29243252,32.85594555,34.32567986,32.96728434,36.97674423,32.63732432,35.38096173,34.16689227,35.7828152,35.59743585,32.5441172,34.48018231,33.98996639,32.41700853,33.93056218,34.1944598,34.64935564,33.7454895,33.25431376,32.92793487,31.35592051,38.79640453,34.27861515,36.20783459,33.5643543,32.49909139,36.25129235,1,0,0,0,1,0,0,0,1,0,0,0,1,0,0,0,1,0,0,0,1,0,0,0,1,0,0,0,1,0,0,0,1,0,0,0,1,0,0,0,1,0,0,0,1,0,0,0,1,0,0,0,1,0,0,0,1,0,0,0,1,0,0,0,1,0,0,0,1,0,0,0,1,0,0,0,1,0,0,0,123,320,197,0.384375,176,108,320,212,0.3375,42,51,320,269,0.159375,194,96,320,224,0.3,135,21,320,299,0.065625,263,78,320,242,0.24375,87,114,320,206,0.35625,33,228,320,92,0.7125,24,57,320,263,0.178125,224,36,320,284,0.1125,230,42,320,278,0.13125,218,117,320,203,0.365625,69,75,320,245,0.234375,182,207,320,113,0.646875,24,141,320,179,0.440625,101,54,320,266,0.16875,230,21,320,299,0.065625,254,93,320,227,0.290625,68,120,320,200,0.375,101,24,320,296,0.075,296,0
7,train,increment,3,540.0177623,0.002333796,49.70816807,43.79555742,46.43254097,46.83414247,46.42629739,47.68503402,45.02315655,47.68228138,41.77014179,43.32646502,49.81832358,43.29790621,47.05401235,45.39392634,44.72389643,43.16666923,44.7731219,44.78556713,47.16525323,50.51479511,45.74640133,48.65060109,40.85982853,48.4516536,45.98661966,50.30692099,48.29654195,43.93369695,43.9732405,47.23243963,44.57778452,43.57583936,51.06742063,49.65984085,45.80929736,44.09081604,46.21488325,52.36718552,45.52345686,45.38034136,45.73399103,46.89593251,43.43584895,42.35334761,48.08608058,40.07650704,44.95342184,49.8628175,50.83361629,49.44789825,46.90207892,46.1033233,43.21583627,50.24874528,47.8684381,51.59224052,50.50792445,44.53268594,47.38851892,48.20126289,48.01445899,47.89944075,43.0916727,44.91122064,45.33568801,45.14541667,43.21826578,46.82195315,47.19057377,46.90162562,44.87482062,45.4617584,47.95021169,45.12376712,46.18992202,41.70698879,48.24584923,47.27274277,46.40294613,43.45242901,48.46925611,46.3690051,49.61166921,51.15440347,43.4676533,50.27641204,47.84041099,41.57717031,46.61465186,45.88268867,47.51309615,49.71557625,44.57461195,41.64483892,48.70450051,52.74149157,42.51895796,51.49360514,47.19810389,48.03076233,39.80259623,47.92882922,48.87334269,44.19179746,47.16270755,45.07576021,44.71138915,46.4323535,42.60244893,46.84247497,43.2147695,49.90735361,45.01358893,49.70820825,50.39366596,42.73407947,46.67759765,47.03412235,43.8360286,46.4214703,45.50329357,46.00427416,42.39705745,43.58119601,44.98393299,42.59578981,53.9279037,46.06163932,47.75798795,42.95949274,47.00859816,47.12815403,1,0,0,0,1,0,0,0,1,0,0,0,1,0,0,0,1,0,0,0,1,0,0,0,1,0,0,0,1,0,0,0,1,0,0,0,1,0,0,0,1,0,0,0,1,0,0,0,1,0,0,0,1,0,0,0,1,0,0,0,1,0,0,0,1,0,0,0,1,0,0,0,1,0,0,0,1,0,0,0,126,320,194,0.39375,158,222,320,98,0.69375,15,48,320,272,0.15,164,192,320,128,0.6,27,48,320,272,0.15,176,87,320,233,0.271875,51,150,320,170,0.46875,24,273,320,47,0.853125,6,144,320,176,0.45,59,90,320,230,0.28125,84,48,320,272,0.15,149,243,320,77,0.759375,15,84,320,236,0.2625,74,288,320,32,0.9,6,273,320,47,0.853125,6,135,320,185,0.421875,59,51,320,269,0.159375,242,204,320,116,0.6375,18,243,320,77,0.759375,12,18,320,302,0.05625,302,1
7,train,increment,4,720.0110345,0.02690113,69.22604002,58.26951017,61.38781388,61.11296336,62.51940884,65.53432705,63.20737652,62.21764055,55.82605537,61.29644651,62.9448917,59.08734327,60.65810314,60.19930236,64.41454486,57.7506631,60.32516614,60.60290247,62.4108882,72.92370355,64.86636337,62.64013498,52.8064866,63.91025707,61.3496518,64.45170867,64.33892603,60.23281679,59.01389503,64.04220781,59.04816349,60.57291053,70.27101871,69.04224494,58.93392872,56.23149761,59.35988085,71.09602169,58.40542509,62.18532321,58.39520829,59.46157038,54.95406188,57.11218925,64.95025203,51.54928229,61.19038218,64.74804653,67.47064979,66.00285415,63.00307852,60.91836168,59.02360051,71.01328075,65.80068924,70.13871055,71.90194966,58.59115665,59.94103107,64.05847234,66.91203938,62.54858461,60.10657486,63.18255296,61.90982015,62.00970054,57.92361028,61.22573703,63.73133015,67.12037783,63.48441621,58.62466408,62.94999097,60.26796912,60.05170253,54.33170251,65.69647861,63.32993536,56.83785841,56.22577289,64.9377065,63.47691556,62.72915088,68.88999755,61.2282242,64.51219911,64.10522377,56.53442068,61.86272223,56.43827784,63.48193754,69.79205102,60.46153461,57.47921469,63.5107945,70.01071631,52.68723288,67.97074635,65.52267148,69.23823041,51.86436092,64.95649221,66.44264726,57.4548549,60.86748634,58.59865012,60.3370007,59.88210552,57.75907939,62.82192313,58.42924957,70.34351905,60.41300048,66.57687618,68.56407874,59.88150706,60.16641673,60.32212696,55.93060348,57.40024412,61.16567815,62.9418335,56.4908192,58.10933945,59.83475412,60.82937761,68.87516028,62.97738082,64.76181287,56.77266536,65.78025486,61.674068,1,0,0,0,0,3,0,0,1,0,0,0,0,3,0,0,0,3,0,0,1,0,0,0,1,0,0,0,0,3,0,0,1,0,0,0,1,0,0,0,1,0,0,0,0,3,0,0,1,0,0,0,0,3,0,0,1,0,0,0,1,0,0,0,1,0,0,0,0,3,0,0,1,0,0,0,1,0,0,0,225,320,95,0.703125,62,282,2880,2598,0.097916667,849,102,320,218,0.31875,41,318,2880,2562,0.110416667,960,30,2880,2850,0.010416667,960,168,320,152,0.525,23,234,320,86,0.73125,12,468,2880,2412,0.1625,768,138,320,182,0.43125,50,93,320,227,0.290625,41,78,320,242,0.24375,60,327,2880,2553,0.113541667,891,111,320,209,0.346875,30,438,2880,2442,0.152083333,792,282,320,38,0.88125,6,138,320,182,0.43125,38,60,320,260,0.1875,98,276,2880,2604,0.095833333,792,270,320,50,0.84375,3,33,320,287,0.103125,287,0
7,train,increment,5,900.0152149,0.026416637,91.00103351,78.31722559,78.40927496,78.26206267,83.4773433,84.27879455,86.31717581,85.27303776,76.832227,79.5741215,85.41099446,84.60386157,79.06092776,76.76999978,91.10772347,78.99845606,82.64832237,80.57847871,84.06540232,97.2129717,86.34389768,83.89471501,67.03712171,84.746295,80.44360004,89.41310534,87.50979156,76.97207233,77.91991224,89.50105247,77.00463711,85.93083842,90.60185285,92.908337,79.13888239,76.54406285,77.74965649,94.37331024,80.27300263,85.4675469,76.05187361,81.53320241,77.09385063,78.15090785,89.65921298,71.02378264,81.05159298,83.26286732,89.31268425,91.14469561,85.93310453,79.07024077,78.11822208,92.95869709,83.10494377,93.15288887,93.64802112,80.01850375,80.87210315,89.4270601,91.7384609,82.57195467,81.84687787,84.70664413,83.07550013,78.97285209,78.83099587,80.91653513,85.68423809,89.19129798,90.33817854,81.5966937,87.58173339,83.24492853,80.2740427,72.47916404,89.74884848,89.59925177,72.36722906,72.22779978,87.43061371,91.01239898,84.75367857,90.84418732,78.46352971,90.79183671,90.06783351,76.80488168,84.55321718,75.60147067,81.80052443,97.37363565,79.26717465,77.59455859,83.60248996,95.14611647,73.89467374,90.56522141,90.29300749,89.4771138,71.96542748,87.78052025,93.60172868,81.24675101,77.18878845,79.91912957,82.26522945,81.1568375,77.89997256,84.09215826,76.64433888,89.85446723,83.53708524,86.69434961,86.5752186,84.45128068,78.56768534,81.78902426,73.84540336,76.99378826,79.08313641,81.93112252,82.34390917,73.50355672,83.85394227,83.85597221,92.03879307,84.46265825,82.27458553,72.26284505,89.45748245,82.07208134,1,0,0,0,0,3,0,0,1,0,0,0,0,3,0,0,0,3,0,0,1,0,0,0,1,0,0,0,0,3,0,0,1,0,0,0,1,0,0,0,1,0,0,0,0,3,0,0,1,0,0,0,0,3,0,0,1,0,0,0,1,0,0,0,1,0,0,0,0,3,0,0,1,0,0,0,1,0,0,0,231,320,89,0.721875,26,315,2880,2565,0.109375,789,123,320,197,0.384375,35,240,2880,2640,0.083333333,960,96,2880,2784,0.033333333,960,198,320,122,0.61875,15,291,320,29,0.909375,6,570,2880,2310,0.197916667,726,189,320,131,0.590625,18,108,320,212,0.3375,60,75,320,245,0.234375,51,474,2880,2406,0.164583333,780,186,320,134,0.58125,15,651,2880,2229,0.226041667,729,282,320,38,0.88125,6,210,320,110,0.65625,12,114,320,206,0.35625,54,420,2880,2460,0.145833333,783,285,320,35,0.890625,6,66,320,254,0.20625,197,1
7,train,increment,6,1080.002002,0.032430148,122.777251,101.958322,106.0638265,106.9255795,113.4665837,113.4081097,115.7673852,117.0651295,96.44024993,107.4329135,114.237116,112.03086,107.7785209,109.5714436,131.556632,107.050524,106.8317863,112.0199858,112.6371806,134.4633721,115.8038423,111.5146176,87.25258437,117.6265545,105.3797155,119.6115161,123.448521,102.9071341,110.3907599,116.1563317,102.8399643,113.1238908,123.8393775,122.2143931,110.8431012,99.19025236,116.2382683,132.0590081,106.8180785,108.4465469,101.691653,106.7375129,107.2715118,104.1481849,121.831,97.55641511,109.5959628,109.9427187,113.4998603,120.687614,107.8624263,104.3356615,108.653568,115.1604049,102.8932932,128.287571,131.8806103,105.2687416,110.7645024,123.3599935,123.3178163,107.5730597,110.9441294,114.1574447,110.0920589,107.3236583,109.0188333,108.6370418,107.9787177,122.1977358,115.410247,112.1280053,118.7368949,109.9207866,109.3512318,99.57731974,115.8985378,118.9365099,104.6908551,93.62397572,121.6034948,125.4977739,116.0047903,120.9208248,101.1438901,116.6735673,118.692168,107.0876869,111.6828594,101.5893908,108.4744042,128.4051339,104.8500598,108.5966268,109.2820044,128.0779206,101.2957456,124.5878248,119.0484101,113.8864813,96.32028973,114.005554,128.0826596,112.3454657,100.2400102,108.6106119,108.0813914,108.5663392,105.4171727,114.4322046,112.5530563,112.4214172,121.5455466,114.4112785,115.6106665,112.5105616,114.4810908,114.367606,95.23731481,105.2877221,109.7141024,115.4692566,112.6687281,93.90971163,122.3123674,118.346699,122.6587071,117.2601098,107.1979623,96.68746947,115.2029842,108.1344906,1,0,0,0,0,3,0,0,1,0,0,0,0,3,0,0,0,3,0,0,0,3,0,0,0,3,0,0,0,3,0,0,0,3,0,0,0,3,0,0,1,0,0,0,0,3,0,0,1,0,0,0,0,3,0,0,0,3,0,0,0,3,0,0,1,0,0,0,0,3,0,0,0,3,0,0,1,0,0,0,300,320,20,0.9375,6,444,2880,2436,0.154166667,960,108,320,212,0.3375,27,375,2880,2505,0.130208333,960,120,2880,2760,0.041666667,960,402,2880,2478,0.139583333,708,474,2880,2406,0.164583333,612,906,2880,1974,0.314583333,537,327,2880,2553,0.113541667,723,96,2880,2784,0.033333333,960,105,320,215,0.328125,176,555,2880,2325,0.192708333,711,261,320,59,0.815625,12,792,2880,2088,0.275,615,615,2880,2265,0.213541667,648,237,2880,2643,0.082291667,714,135,320,185,0.421875,39,516,2880,2364,0.179166667,720,510,2880,2370,0.177083333,762,60,320,260,0.1875,257,0
7,train,increment,7,1260.013196,0.022808603,158.0598066,141.0568201,143.0799687,140.1083752,159.4141993,144.8356103,151.4184907,142.0079502,130.0075982,144.1760849,159.818318,155.0794157,153.4160695,146.9587689,174.5194921,147.0069226,151.1862935,145.1406571,148.8193766,178.4154909,154.2229421,154.3031506,121.7943972,162.9971879,140.8308093,164.347417,170.7927355,137.7772978,145.0299065,158.1883946,140.6773011,151.5306064,165.9095528,155.4203102,149.3384353,129.0753945,163.4155987,175.8324073,143.1325631,144.5661014,130.4767605,147.2656997,138.1296364,138.993087,162.4749694,126.0424848,136.9687805,151.9948263,153.1933782,154.3297859,149.8106544,127.8432779,160.0658173,155.8495446,138.774479,170.0798177,162.4443648,147.7645024,147.4345833,152.9120565,175.6993494,141.4066571,146.7208038,152.1601295,142.7193452,140.7536325,146.6582292,144.5392212,144.2097462,161.2087914,157.5920747,148.3462286,165.3911186,134.9749987,149.2870108,130.8226166,155.7242231,152.6646759,140.6661687,128.2220934,162.426843,175.7712358,160.1682463,155.3291829,129.6834653,156.6198225,158.4139392,143.6790925,143.5311224,140.8883895,147.4361919,180.1262083,134.8115767,144.6286941,144.4900486,177.6988055,132.7559676,163.2063288,171.2262029,151.3344648,127.4358974,152.9165792,170.8497458,162.9093972,141.8926012,151.1609745,152.343193,140.774784,137.4333431,154.4627357,161.0212327,141.3448295,165.5430315,155.9012641,157.2242379,144.8087145,152.2610297,161.2374749,120.8251451,135.4674145,152.8405977,162.4129754,149.8620593,117.9075105,167.6968504,164.7094494,157.6397195,153.8926628,139.9933068,128.8332187,149.2995634,152.9230513,1,0,0,0,0,3,0,0,1,0,0,0,0,3,0,0,0,3,0,0,0,3,0,0,0,3,0,0,0,3,0,0,0,3,0,0,0,3,0,0,1,0,0,0,0,3,0,0,1,0,0,0,0,3,0,0,0,3,0,0,0,3,0,0,1,0,0,0,0,3,0,0,0,3,0,0,1,0,0,0,315,320,5,0.984375,3,618,2880,2262,0.214583333,873,135,320,185,0.421875,18,528,2880,2352,0.183333333,960,189,2880,2691,0.065625,960,405,2880,2475,0.140625,585,756,2880,2124,0.2625,453,1170,2880,1710,0.40625,468,294,2880,2586,0.102083333,885,207,2880,2673,0.071875,960,192,320,128,0.6,86,756,2880,2124,0.2625,735,288,320,32,0.9,6,1197,2880,1683,0.415625,468,675,2880,2205,0.234375,525,291,2880,2589,0.101041667,960,180,320,140,0.5625,42,750,2880,2130,0.260416667,552,573,2880,2307,0.198958333,699,63,320,257,0.196875,257,0
7,train,increment,8,1440.00936,0.016375517,222.5815951,190.416801,192.7422028,181.5398342,207.3158583,203.7269655,199.773823,196.3630781,180.4211728,191.7284585,223.1867686,207.1673926,205.9062442,205.1896628,237.5265951,196.3728538,217.8299503,198.8506308,199.9177353,239.0036784,208.0650281,205.8048419,166.439618,239.1853729,186.6990296,218.9718399,231.4899586,186.750446,197.5267355,210.7385968,184.6679547,208.1960189,208.7583052,208.207199,216.1510316,169.7053465,212.3623778,222.4504716,195.8808799,194.5641732,170.9455773,189.1213593,198.6930908,189.4077484,228.2888912,172.6007717,175.1453608,209.8091711,208.6762641,214.4044852,200.4658713,170.1236655,220.916292,207.6377771,180.7879746,228.8777049,218.5001094,205.2753623,183.4009701,209.3838872,240.5245838,188.6439377,193.5935583,212.9593572,187.33182,202.0764085,184.9455719,193.4011405,193.1342354,201.628787,205.5667001,189.7270264,224.2930888,175.0938986,208.297975,185.4209799,200.5887153,206.7757147,186.28562,178.2941171,234.5830299,250.5832197,210.8081257,200.9909138,165.9247615,218.0249266,198.5982681,184.326577,186.3733136,186.8996622,198.3786504,245.437856,187.951884,200.3563546,189.8767676,241.7193239,173.3182078,220.0230441,216.1745459,205.3985399,170.4457658,206.4724972,239.5925171,218.5272885,199.9254542,186.7153778,196.9634609,196.7883379,185.3647454,217.5722291,213.8588256,192.3524972,228.363189,213.0054537,216.6618684,195.3331985,222.0764108,224.0183891,162.749489,179.0462745,208.0093358,217.0218247,202.7320748,157.5108346,229.5209927,212.103937,217.6586094,213.2231277,192.4394336,174.2371666,198.9255005,203.6643303,1,0,0,0,0,3,0,0,1,0,0,0,0,3,0,0,0,3,0,0,0,3,0,0,0,3,0,0,0,3,0,0,0,3,0,0,0,3,0,0,1,0,0,0,0,3,0,0,1,0,0,0,0,3,0,0,0,3,0,0,0,3,0,0,1,0,0,0,0,3,0,0,0,3,0,0,1,0,0,0,315,320,5,0.984375,3,849,2880,2031,0.294791667,720,129,320,191,0.403125,39,585,2880,2295,0.203125,960,297,2880,2583,0.103125,960,585,2880,2295,0.203125,594,1116,2880,1764,0.3875,315,1569,2880,1311,0.544791667,312,393,2880,2487,0.136458333,834,324,2880,2556,0.1125,960,288,320,32,0.9,17,960,2880,1920,0.333333333,648,300,320,20,0.9375,9,1326,2880,1554,0.460416667,384,1026,2880,1854,0.35625,429,405,2880,2475,0.140625,960,276,320,44,0.8625,17,756,2880,2124,0.2625,540,885,2880,1995,0.307291667,519,78,320,242,0.24375,242,0
7,train,increment,9,1620.001332,0.012422,280.7311639,255.2923774,261.4838462,258.9079862,288.3630268,272.2699677,268.3989704,264.4756078,246.3800528,269.5826057,292.144219,286.535307,280.4660651,269.9978873,311.4939141,266.2094575,280.7494687,261.1243106,262.250854,352.2495957,292.4672481,269.7558788,230.7621925,318.8674192,251.4266716,290.4746955,327.1468994,250.1979089,262.5717377,280.2556456,253.3532015,280.8686178,274.4144626,275.0223947,295.1164114,224.6142404,280.6999811,298.9080659,249.5883347,260.2690872,232.5423141,261.3975625,267.4700208,251.7055597,295.2664372,240.3198915,228.7447661,290.3267751,267.9337516,292.9174303,258.3024697,239.0582316,288.5958986,281.751763,229.1638176,300.0094585,300.7611538,285.772087,259.3132787,287.3530555,327.6680107,269.6710152,264.759466,281.9195642,241.4083895,279.8297519,240.7129331,267.0608454,252.0309086,282.5135423,261.8780318,255.8611363,306.1437191,231.8068261,281.8002284,252.8011175,266.3621292,273.1567371,248.3294569,237.4740453,309.8459789,332.1301386,286.535101,266.6783275,216.4010854,289.5610212,280.309801,257.6036401,237.3117909,260.4015258,254.3529531,313.3438588,260.2803197,263.9386528,257.1679006,321.7724488,242.4651014,288.8862369,275.605343,282.2542398,229.3454757,265.9177455,313.2148409,306.3918327,260.9814679,253.434939,269.5767416,279.979013,242.8162169,290.5054393,259.2216348,260.4810668,298.3642499,294.8418381,283.0173007,267.9264253,306.2029141,304.1853498,217.4940003,238.3632417,272.8345867,296.8750791,249.0335183,205.6557391,301.3628672,288.7400347,281.9159449,303.6342669,248.9408609,227.2587542,256.4189809,278.9862116,1,0,0,0,0,3,0,0,1,0,0,0,0,3,0,0,0,3,0,0,0,3,0,0,0,3,0,0,0,3,0,0,0,3,0,0,0,3,0,0,1,0,0,0,0,3,0,0,1,0,0,0,0,3,0,0,0,3,0,0,0,3,0,0,1,0,0,0,0,3,0,0,0,3,0,0,1,0,0,0,315,320,5,0.984375,3,1149,2880,1731,0.398958333,642,195,320,125,0.609375,15,852,2880,2028,0.295833333,810,417,2880,2463,0.144791667,960,762,2880,2118,0.264583333,267,1536,2880,1344,0.533333333,96,2349,2880,531,0.815625,111,486,2880,2394,0.16875,765,360,2880,2520,0.125,960,315,320,5,0.984375,3,1323,2880,1557,0.459375,648,318,320,2,0.99375,2,1887,2880,993,0.655208333,192,1524,2880,1356,0.529166667,111,483,2880,2397,0.167708333,687,318,320,2,0.99375,2,1164,2880,1716,0.404166667,192,1290,2880,1590,0.447916667,390,162,320,158,0.50625,60,0
7,train,increment,10,1800.002656,0.012555742,373.2845279,338.3830579,355.1127112,328.8130437,407.3089285,376.2857319,360.8974302,384.230277,332.798218,334.4801837,410.9439885,399.4323014,386.2390962,340.8817871,436.1128706,376.5820907,384.9093766,363.7494342,359.544298,453.5967103,399.5608084,361.9453639,307.4760524,416.9481104,335.2911595,371.2818597,456.4446802,341.5278085,347.091489,361.814541,339.2696536,367.1011515,341.3497508,376.7792445,397.4475338,321.8867698,399.5395449,397.3130479,368.6763512,346.2298098,336.0111698,346.6464219,355.6742412,329.4476059,420.8868885,310.3644045,295.7835771,409.8084442,379.3725514,379.0818769,357.058708,332.5003117,397.4759964,365.05426,300.2880638,396.0032508,431.1836519,403.3215376,344.1754134,376.1930275,459.3437094,352.8031031,362.7457347,374.6716692,330.1066458,387.1921183,311.8717057,352.9745499,328.2784891,374.1244195,381.4025617,341.5273735,401.3376831,314.7335739,360.7113357,354.2748857,336.5324033,363.3960931,344.7241124,328.9377915,407.1224262,469.053295,368.506844,359.5202384,288.8002583,376.929106,386.2434834,354.8570241,308.7989123,334.386117,326.3976801,414.1826049,332.0947084,350.0025778,341.9640735,430.9817462,325.8397084,389.9176654,361.8840565,394.9173412,314.8507413,371.7144503,432.9240291,410.9462016,356.3109244,356.7535668,381.8175366,398.0723529,330.7144616,385.7800579,345.2239955,330.6580297,435.4980649,385.895521,383.8056333,351.4016629,421.2515298,416.1732603,298.1925672,295.4822233,382.7757149,375.8950514,354.8406343,287.4401872,421.4461716,363.7493674,357.5168471,397.4730775,331.1150938,327.1906234,339.2096252,368.8978525,1,0,0,0,0,3,0,0,1,0,0,0,0,3,0,0,0,3,0,0,0,3,0,0,0,3,0,0,0,3,0,0,0,3,0,0,0,3,0,0,1,0,0,0,0,3,0,0,1,0,0,0,0,3,0,0,0,3,0,0,0,3,0,0,1,0,0,0,0,3,0,0,0,3,0,0,1,0,0,0,318,320,2,0.99375,2,1386,2880,1494,0.48125,363,201,320,119,0.628125,18,1215,2880,1665,0.421875,651,879,2880,2001,0.305208333,375,1071,2880,1809,0.371875,132,2070,2880,810,0.71875,72,2808,2880,72,0.975,3,978,2880,1902,0.339583333,288,501,2880,2379,0.173958333,960,315,320,5,0.984375,3,1941,2880,939,0.673958333,135,315,320,5,0.984375,3,2532,2880,348,0.879166667,9,2079,2880,801,0.721875,27,876,2880,2004,0.304166667,642,318,320,2,0.99375,2,1557,2880,1323,0.540625,117,1632,2880,1248,0.566666667,150,318,320,2,0.99375,2,1
7,train,increment,11,1980.004595,0.013829685,488.290454,437.0731397,464.5946435,429.5927006,554.1745442,523.4739358,478.5103124,515.4175677,470.6355735,460.80661,530.9993802,547.6585492,493.2428829,485.5301353,584.9686596,503.3819458,512.0266748,486.8849224,516.0127329,622.5866288,520.8976084,503.1789003,408.4990135,551.4461676,452.7021976,483.206959,635.5523592,470.4932352,444.7572305,495.8866339,431.318325,488.4728097,435.4012205,504.4490643,507.7882365,423.0135572,531.5562247,557.4034311,484.3307393,458.5187272,453.4174424,473.6797089,475.7377057,427.2195619,591.9500998,431.6583105,380.8641427,553.5273886,490.8582273,527.5102998,490.1285467,431.7099888,555.2415755,479.8427666,405.4771888,524.2920054,602.256998,556.0232916,467.1462176,484.8216274,571.496916,460.6399875,491.2376491,483.6355716,437.7116224,530.804824,424.3843805,475.098971,476.9137133,522.9440042,525.3586588,453.8634594,574.9053514,410.9708017,488.4655067,461.6313864,444.1504348,491.8467107,459.2315085,437.0611803,527.9339213,612.5896238,516.958204,503.5581937,380.1083944,500.8787598,551.0117936,477.3842274,424.1311008,450.4803181,418.7041706,590.8180376,455.2233377,467.8203961,498.0251184,560.5386256,441.0751265,520.2687419,504.2104051,527.3620938,428.2962289,493.9593215,560.2602607,558.1087316,443.5735572,498.9738446,515.7878039,526.7328914,458.7053352,537.8982599,467.5168667,447.1594836,583.5290063,564.9100839,505.3225223,492.5742889,553.2444396,580.2108826,414.6426844,388.5239528,524.9183546,492.6233447,479.7787084,374.7260096,589.0313051,496.0680277,478.2953619,525.6406957,442.4397948,412.1526857,450.6681949,484.1225156,0,3,0,0,0,3,0,0,0,3,0,0,0,3,0,0,0,0,0,9,0,3,0,0,0,3,0,0,0,3,0,0,0,3,0,0,0,3,0,0,0,3,0,0,0,3,0,0,1,0,0,0,0,3,0,0,0,3,0,0,0,3,0,0,0,3,0,0,0,3,0,0,0,3,0,0,1,0,0,0,1392,2880,1488,0.483333333,420,2064,2880,816,0.716666667,21,417,2880,2463,0.144791667,948,1560,2880,1320,0.541666667,384,372,8640,8268,0.043055556,960,1335,2880,1545,0.463541667,45,1881,2880,999,0.653125,57,2877,2880,3,0.998958333,3,1569,2880,1311,0.544791667,60,942,2880,1938,0.327083333,960,1176,2880,1704,0.408333333,108,2328,2880,552,0.808333333,63,318,320,2,0.99375,2,2544,2880,336,0.883333333,12,2358,2880,522,0.81875,18,1887,2880,993,0.655208333,66,1242,2880,1638,0.43125,249,1947,2880,933,0.676041667,27,2226,2880,654,0.772916667,21,174,320,146,0.54375,104,1
7,train,increment,12,2160.000484,0.048259694,645.214992,531.3946203,577.5023579,541.8209309,772.7748772,701.4787391,684.1413933,724.4645299,653.6800443,626.3163779,688.1541848,720.3930566,687.0035802,614.3704318,806.6794173,679.0707247,711.4055616,657.7975014,711.5003791,793.5409692,669.2392215,625.2154546,498.1646237,772.298806,611.8790738,629.7046082,828.6950582,628.0054911,578.0305088,657.8770187,546.6285654,680.9631952,577.3128986,622.5472394,709.7723934,606.7709238,749.0489352,746.3158056,639.2007409,632.4939629,629.4554993,633.9847053,636.1156038,603.5277623,824.3942197,593.8488418,511.0807689,758.5732479,657.9141195,696.0695264,682.3299284,596.4071553,717.4167898,634.7492612,559.7533618,680.5368706,806.891906,744.5575591,599.6848535,628.5493813,746.2229934,606.1518068,645.5080851,655.2064898,558.103741,723.0006336,546.0856243,632.3148681,612.7287084,714.3332599,730.0221221,601.4550226,768.3484386,537.8283874,710.720196,630.4516778,578.6122592,664.7907657,601.7070958,585.7095045,739.3294052,766.5552648,727.2540193,669.1684456,526.278753,678.6928425,779.9522466,608.085206,557.6674487,611.5062875,537.0934594,789.6767477,601.8955844,622.4881675,669.5942715,825.5823142,598.2774119,692.0363982,707.3823288,753.9347943,552.502004,606.4978663,730.971154,755.595355,568.7915061,639.705802,689.1866876,732.1216044,626.6685683,741.4540403,605.0675318,612.1849215,779.9017566,737.3573096,684.6456084,655.5444062,781.6229104,751.2746937,553.0365942,506.9058849,717.8209458,667.861015,616.0590266,551.156382,746.9783854,677.4019066,614.811363,702.4897878,598.3935004,562.2630226,650.5407801,649.2313346,0,3,0,0,0,3,0,0,0,3,0,0,0,3,0,0,0,0,0,9,0,3,0,0,0,3,0,0,0,3,0,0,0,3,0,0,0,3,0,0,0,3,0,0,0,0,0,9,0,3,0,0,0,0,0,9,0,3,0,0,0,3,0,0,0,3,0,0,0,3,0,0,0,3,0,0,1,0,0,0,2118,2880,762,0.735416667,69,2277,2880,603,0.790625,15,1068,2880,1812,0.370833333,312,2292,2880,588,0.795833333,54,567,8640,8073,0.065625,960,1284,2880,1596,0.445833333,96,1983,2880,897,0.688541667,18,2880,2880,0,1,0,2448,2880,432,0.85,27,1185,2880,1695,0.411458333,501,1590,2880,1290,0.552083333,78,3288,8640,5352,0.380555556,960,978,2880,1902,0.339583333,234,3801,8640,4839,0.439930556,960,2583,2880,297,0.896875,12,2481,2880,399,0.861458333,12,1260,2880,1620,0.4375,108,2622,2880,258,0.910416667,9,2847,2880,33,0.988541667,3,318,320,2,0.99375,2,1
7,train,increment,13,2340.000243,0.050924103,864.5239162,716.5247768,762.8130801,753.0275711,1062.367109,946.0965235,910.3665428,977.4795374,884.854827,859.2122995,926.5669551,940.5542729,890.1541611,826.6893827,1090.770771,947.89984,927.4004766,892.969442,919.8801599,1045.21947,905.1546711,816.1760729,670.1298097,995.7649455,811.2273446,854.8426362,1128.55061,830.3877123,790.8369414,925.214128,743.1811753,913.4868475,792.8993242,796.1692561,956.760417,811.2543063,994.7835052,992.0926157,839.9902343,787.2998016,824.7097763,845.9041045,858.0863471,841.9881014,1168.913162,801.3000098,645.9334079,984.9766532,861.0892735,1002.634767,937.5012021,813.559256,985.4153721,876.9793771,764.3878263,923.5322921,1008.765237,924.9392078,818.838674,878.3669032,996.2467252,837.8246639,883.8725279,922.0048128,744.9357683,998.9633455,729.832138,811.1225587,844.918169,919.0243925,1006.5181,826.9586719,1057.521067,709.9793233,888.2276844,818.1038875,751.7802628,888.9114503,801.9047616,755.6734256,1010.22928,1049.959481,996.4504338,830.8872066,660.0366049,955.51691,1065.529966,784.4704985,771.6177572,845.9015326,706.6737798,1025.216443,830.3632957,862.8363717,854.9496789,1027.421962,808.6595835,961.192489,989.819224,1026.91114,779.3520746,843.5091753,1009.982877,1009.244161,739.9718055,874.6109406,929.7761052,1060.392837,813.2964837,1010.35681,813.6761582,789.0949181,1010.851081,1007.871827,932.9014628,882.9706545,1033.541053,1018.362015,767.5910482,683.2274471,951.5282696,926.7279348,810.9788233,751.5222748,1006.763752,862.2012389,829.8951651,963.9327346,807.72906,716.6617662,919.632095,864.4420697,0,3,0,0,0,3,0,0,0,3,0,0,0,3,0,0,0,0,0,9,0,3,0,0,0,3,0,0,0,3,0,0,0,3,0,0,0,3,0,0,0,3,0,0,0,0,0,9,0,3,0,0,0,0,0,9,0,3,0,0,0,3,0,0,0,3,0,0,0,3,0,0,0,3,0,0,1,0,0,0,2736,2880,144,0.95,9,2655,2880,225,0.921875,9,1485,2880,1395,0.515625,78,2769,2880,111,0.961458333,6,774,8640,7866,0.089583333,960,1776,2880,1104,0.616666667,36,2325,2880,555,0.807291667,18,2880,2880,0,1,0,2784,2880,96,0.966666667,6,1998,2880,882,0.69375,39,1929,2880,951,0.669791667,30,4686,8640,3954,0.542361111,960,2409,2880,471,0.836458333,24,5217,8640,3423,0.603819444,309,2550,2880,330,0.885416667,9,2595,2880,285,0.901041667,9,1257,2880,1623,0.436458333,222,2859,2880,21,0.992708333,3,2871,2880,9,0.996875,3,318,320,2,0.99375,2,1
7,train,increment,14,2520.001991,0.072792273,1135.63165,956.4449544,1016.081441,963.428881,1296.56636,1285.140682,1224.864184,1369.938944,1220.49131,1116.758453,1211.117415,1274.89709,1263.374707,1090.252697,1416.393525,1327.138524,1213.231684,1131.593282,1172.98944,1420.304264,1178.841375,1100.570672,898.3158799,1285.466964,1148.572153,1114.347155,1526.342882,1081.191675,1073.382535,1304.68116,1011.859793,1215.092645,1036.159886,1010.117128,1370.0968,1105.712992,1370.826657,1290.319576,1088.978444,1098.344941,1199.962346,1102.394289,1220.165866,1129.646643,1580.004723,1107.742651,908.3192853,1377.225474,1119.368294,1350.181892,1335.713061,1115.362728,1386.108162,1191.733664,1095.169988,1276.740811,1337.931873,1175.413675,1099.799949,1125.69736,1326.563915,1145.976628,1170.223156,1258.782314,1068.482458,1325.287314,1032.69864,1138.805946,1114.572166,1168.814148,1292.612563,1085.620822,1391.42444,926.1810669,1234.172497,1131.568881,1018.323365,1204.274398,1079.846913,991.8282052,1379.119265,1373.224707,1246.441344,1143.456372,918.3740365,1331.190735,1515.250253,1028.032583,1056.592747,1157.092796,947.2534137,1345.293228,1136.570685,1185.9267,1187.392894,1411.899871,1113.022166,1176.634342,1327.766267,1351.11217,1116.580313,1182.565027,1375.957071,1313.803359,978.2218446,1157.43562,1222.740345,1536.955782,1060.698198,1321.437962,1032.563318,1040.899463,1420.62892,1351.537653,1234.706805,1134.678813,1411.496378,1405.34157,1017.884358,873.2692091,1262.30279,1227.94691,1081.404336,945.7042197,1289.38971,1167.161773,1121.218832,1306.878814,1037.121987,991.0665535,1263.703933,1182.010404,0,3,0,0,0,3,0,0,0,3,0,0,0,3,0,0,0,0,0,9,0,3,0,0,0,3,0,0,0,3,0,0,0,3,0,0,0,3,0,0,0,3,0,0,0,0,0,9,0,3,0,0,0,0,0,9,0,3,0,0,0,3,0,0,0,3,0,0,0,3,0,0,0,3,0,0,1,0,0,0,2853,2880,27,0.990625,3,2712,2880,168,0.941666667,9,1965,2880,915,0.682291667,45,2811,2880,69,0.976041667,6,1725,8640,6915,0.199652778,960,2388,2880,492,0.829166667,12,2853,2880,27,0.990625,3,2880,2880,0,1,0,2781,2880,99,0.965625,9,2421,2880,459,0.840625,12,2760,2880,120,0.958333333,9,6303,8640,2337,0.729513889,159,2694,2880,186,0.935416667,12,6081,8640,2559,0.703819444,54,2790,2880,90,0.96875,6,2796,2880,84,0.970833333,6,1800,2880,1080,0.625,60,2874,2880,6,0.997916667,3,2850,2880,30,0.989583333,6,312,320,8,0.975,3,1
8,train,increment,3,540.0169531,0.004919054,48.33915117,49.02615161,42.68464133,42.17172226,47.22091585,45.86027895,47.52663287,42.71163632,46.59691195,45.49756139,45.64924518,50.31979113,43.12259657,46.57677093,49.80967853,48.24277698,46.21864529,46.1615605,48.89681126,44.69900375,44.31862464,43.59292669,50.43003641,43.85140049,47.1607925,44.46830601,47.02926562,46.47698443,49.08379536,40.31921454,50.47257071,51.99906327,46.46356548,51.22389052,46.67162966,49.56041993,42.96404436,45.0536043,49.11844727,48.54572346,44.90953991,50.38315241,44.51169468,51.8653405,46.34914893,45.26968962,45.40172397,52.61144699,48.79769498,47.38690237,45.28798475,51.400867,43.23390691,41.54614258,48.6957532,49.19939309,41.14327092,48.81214123,44.96743494,44.41900988,48.05126971,43.11660926,48.41044383,43.952532,45.07608001,45.28737257,52.69612745,46.15928441,42.33004692,50.03719788,41.8702804,45.04662891,40.94339181,46.2262521,49.45218274,46.61349499,45.85147852,48.85079683,41.5272462,44.48648474,44.7352413,45.39689746,46.13312055,47.39483618,45.65255406,44.56307886,45.89136569,45.21277937,46.74331223,47.30022363,47.00923731,42.84197017,47.51581659,44.00309758,46.33435951,47.68523852,48.45924572,51.54777634,45.04443567,48.2813206,45.052035,42.14343196,47.83160311,43.65198868,45.82280982,43.92838056,48.55018335,45.07341961,46.63866304,43.12505744,43.42228414,41.81229387,46.38415963,42.67116859,45.38910773,49.05210203,40.54143954,48.99521667,48.59686069,48.42494991,44.386025,48.18424794,45.22683162,48.3877744,46.437253,46.35408991,48.16469711,46.35466768,43.83933386,48.07893928,47.02279211,46.41226773,1,0,0,0,1,0,0,0,1,0,0,0,1,0,0,0,1,0,0,0,1,0,0,0,1,0,0,0,1,0,0,0,1,0,0,0,1,0,0,0,1,0,0,0,1,0,0,0,1,0,0,0,1,0,0,0,1,0,0,0,1,0,0,0,1,0,0,0,1,0,0,0,1,0,0,0,1,0,0,0,153,320,167,0.478125,128,186,320,134,0.58125,33,60,320,260,0.1875,188,201,320,119,0.628125,24,15,320,305,0.046875,179,93,320,227,0.290625,36,177,320,143,0.553125,51,306,320,14,0.95625,3,147,320,173,0.459375,131,111,320,209,0.346875,83,75,320,245,0.234375,84,270,320,50,0.84375,9,102,320,218,0.31875,66,294,320,26,0.91875,3,270,320,50,0.84375,6,156,320,164,0.4875,131,69,320,251,0.215625,209,207,320,113,0.646875,12,204,320,116,0.6375,20,27,320,293,0.084375,278,1
8,train,increment,4,720.0039317,0.025157714,68.52607015,67.42619032,55.94284638,57.17978704,64.88165019,63.9428268,64.05543452,59.98434132,61.13227025,64.11567844,58.3611427,67.70215596,53.6540437,63.32358017,68.97800665,65.96399503,58.6380762,60.43806578,69.22113624,61.56796737,58.54856728,60.43415957,65.65987479,61.07162244,60.52268196,61.59749448,62.52060822,64.07895238,65.74298653,53.90668975,63.1032155,65.69869936,62.84611612,63.67950795,63.47307525,67.50596147,59.4883707,60.38131216,63.83491595,66.17635489,58.32862144,71.43098772,57.48330249,69.74502045,64.14435393,62.09628996,60.64032609,71.04574217,66.23839307,61.60651585,61.03456964,75.18701938,65.86539069,60.37885744,66.09438436,67.1792105,53.77312608,65.49872743,60.98126056,59.45322892,66.44050951,57.85886031,65.89018336,55.40120331,60.77785841,61.33876716,71.47933826,62.74717151,59.30255555,69.14410688,56.37564602,64.80935241,51.1094419,59.7402911,69.14366767,58.939864,60.94229556,62.85757297,55.73480691,59.75752703,59.05334877,64.14560623,63.23591444,63.34925465,62.65168105,57.53404989,58.88879963,60.74328099,59.98250903,66.91196471,66.30286201,61.03513716,62.7330411,60.43486513,60.06935157,58.40217817,63.89498292,71.24846752,58.48593295,61.80025812,59.33241127,58.11586867,65.92440503,58.6592835,64.63242862,62.15323112,62.97828688,61.30023306,64.78568172,59.91468046,57.09067744,55.29283921,64.39392952,56.568523,60.12494294,66.09337938,58.81260784,69.72665759,61.94713887,66.84257899,58.42970383,64.2205434,62.56182473,67.58887375,60.184972,64.96772749,62.60213578,64.6944815,61.44267105,61.64833509,62.79397042,61.93154356,1,0,0,0,0,3,0,0,1,0,0,0,0,3,0,0,0,3,0,0,1,0,0,0,1,0,0,0,0,3,0,0,1,0,0,0,1,0,0,0,1,0,0,0,0,3,0,0,1,0,0,0,0,3,0,0,1,0,0,0,1,0,0,0,1,0,0,0,0,3,0,0,1,0,0,0,1,0,0,0,177,320,143,0.553125,39,150,2880,2730,0.052083333,960,156,320,164,0.4875,18,246,2880,2634,0.085416667,960,66,2880,2814,0.022916667,960,207,320,113,0.646875,12,258,320,62,0.80625,9,441,2880,2439,0.153125,759,105,320,215,0.328125,78,129,320,191,0.403125,48,93,320,227,0.290625,48,333,2880,2547,0.115625,900,102,320,218,0.31875,24,498,2880,2382,0.172916667,750,276,320,44,0.8625,6,141,320,179,0.440625,45,108,320,212,0.3375,50,294,2880,2586,0.102083333,852,267,320,53,0.834375,12,27,320,293,0.084375,233,0
8,train,increment,5,900.0488977,0.0217226,89.49429561,91.0347264,73.98918038,79.91423108,89.62410104,90.5354055,86.66191108,80.29553926,84.22059176,86.46247876,76.76507967,91.36775791,67.78090651,87.16930852,92.52824579,85.54163293,85.35229892,77.79011052,93.05308766,81.24555168,85.20647001,80.9034128,90.89301032,76.54717237,85.02178157,83.48603226,83.64451835,85.18557206,88.76598312,71.05065598,81.15178476,87.40226824,85.6162884,88.82158322,80.73804882,85.44065662,85.50072092,78.89760453,84.79484502,92.22979634,79.1457435,98.65986401,74.84547269,89.87426398,84.85784081,82.76459338,82.39406952,95.42607808,87.79734033,78.94927056,79.89062666,98.2297523,85.82268586,81.69591093,91.28725801,90.19206725,74.3813752,87.10845873,84.84909241,78.41823275,88.30508896,80.20436218,87.14811274,71.8157793,85.43799241,83.53761772,96.21597763,85.72889381,79.3509927,91.67507966,74.86152481,84.21381744,70.36146371,78.38019166,88.13551538,79.09275383,84.36178211,83.20207673,72.07658313,81.76073768,81.74792969,85.75994934,85.42170722,86.26455416,86.96861356,76.8409067,79.80165746,84.75793019,80.27649966,96.34308097,94.15452327,84.47563173,79.37164406,80.38030158,81.60857277,80.58449196,86.3957045,103.57447,77.90310968,83.1259755,79.66240776,71.50548153,86.86546647,76.3875291,88.39905608,80.0545173,87.57677559,82.97297496,83.4046055,84.55921969,76.87169436,74.43373006,85.59698312,74.0643408,75.54198619,85.93245008,74.35451466,94.301658,81.41227109,91.06754519,77.07265775,85.0972223,80.20910707,90.51089794,81.49423572,87.79270465,86.93656821,90.42611354,80.20727189,83.2989171,88.89368913,79.13557393,1,0,0,0,0,3,0,0,1,0,0,0,0,3,0,0,0,3,0,0,1,0,0,0,1,0,0,0,0,3,0,0,1,0,0,0,1,0,0,0,1,0,0,0,0,3,0,0,1,0,0,0,0,3,0,0,1,0,0,0,1,0,0,0,1,0,0,0,0,3,0,0,1,0,0,0,1,0,0,0,273,320,47,0.853125,18,339,2880,2541,0.117708333,960,108,320,212,0.3375,41,279,2880,2601,0.096875,960,87,2880,2793,0.030208333,960,201,320,119,0.628125,15,291,320,29,0.909375,3,528,2880,2352,0.183333333,753,174,320,146,0.54375,18,111,320,209,0.346875,57,126,320,194,0.39375,48,381,2880,2499,0.132291667,759,186,320,134,0.58125,18,558,2880,2322,0.19375,744,300,320,20,0.9375,3,201,320,119,0.628125,12,114,320,206,0.35625,39,354,2880,2526,0.122916667,786,270,320,50,0.84375,6,30,320,290,0.09375,263,1
8,train,increment,6,1080.012701,0.032289081,129.9475757,120.3563764,96.07842125,106.1060649,122.9724844,129.2358326,117.9773489,108.5746961,110.5504109,119.7064737,109.4176488,130.4239138,84.78211041,113.9697089,124.3148931,110.790524,116.5706273,99.59731744,129.9813168,108.6368687,113.3612874,110.6640865,122.7231902,97.25899615,112.7225172,108.0975408,115.4298163,113.9416196,119.7010828,96.19895265,108.1001958,121.4684269,114.2668614,114.1008391,109.4028288,112.7855476,120.6987897,110.3953167,114.2234347,128.5334022,103.4704771,139.7816121,94.88438843,118.9406131,112.2088579,109.1908729,114.2421148,131.3151349,113.9373996,110.6916254,104.0450045,126.4355794,119.2865406,112.2539252,127.4973369,118.2806552,97.1512109,126.4627669,118.7907135,103.5689853,115.4621017,105.6005385,117.2482201,99.05226654,113.7795913,113.9496139,130.5720894,113.5451249,108.7378803,123.4787253,99.13870415,110.6585007,88.36974414,111.6481428,125.5837686,103.7541898,112.6925458,112.4976937,89.87664305,108.9957689,110.0712295,115.8359493,117.3921244,114.0625875,119.3052033,98.40010949,106.3626662,114.7794958,105.518338,134.9336941,126.2797504,110.4534823,111.1976217,115.199624,108.641115,106.2321524,115.4860289,145.9239533,103.8660155,113.2296731,113.25792,95.5260293,114.718659,102.5802923,111.7215589,104.2401943,122.7693116,108.5831336,115.1247122,108.1512655,100.7731284,98.48567688,119.6850077,96.16355863,99.03569074,112.9449958,98.65075251,132.5393986,112.4484884,128.595122,105.6680636,120.8438627,111.4198642,118.8827574,108.3030155,120.7224023,116.2362593,121.1395614,108.0075807,114.6795161,120.5177987,105.6150596,0,3,0,0,0,3,0,0,0,3,0,0,0,3,0,0,0,3,0,0,1,0,0,0,0,3,0,0,0,3,0,0,0,3,0,0,0,3,0,0,1,0,0,0,0,3,0,0,1,0,0,0,0,3,0,0,1,0,0,0,0,3,0,0,1,0,0,0,0,3,0,0,0,3,0,0,1,0,0,0,228,2880,2652,0.079166667,906,516,2880,2364,0.179166667,735,138,2880,2742,0.047916667,942,297,2880,2583,0.103125,816,168,2880,2712,0.058333333,960,252,320,68,0.7875,6,636,2880,2244,0.220833333,639,720,2880,2160,0.25,642,330,2880,2550,0.114583333,780,246,2880,2634,0.085416667,693,156,320,164,0.4875,57,519,2880,2361,0.180208333,738,255,320,65,0.796875,9,726,2880,2154,0.252083333,648,318,320,2,0.99375,2,516,2880,2364,0.179166667,732,138,320,182,0.43125,57,489,2880,2391,0.169791667,648,495,2880,2385,0.171875,657,57,320,263,0.178125,245,0
8,train,increment,7,1260.001224,0.025683645,169.783245,163.0293739,130.6056248,152.726184,165.6492655,166.6695673,159.3394901,142.8346488,146.645234,159.7580043,154.5207516,173.2292023,117.7894374,158.5543597,171.9704606,148.4953686,160.429572,145.3842962,171.2807399,153.049249,163.3926644,147.9314248,167.5855915,128.6965621,146.8977312,148.0650197,146.5809826,158.7541227,152.1669558,131.3651418,150.8811815,159.5738055,157.5328665,146.5465595,144.9334215,148.9290319,155.1695097,145.5791572,158.9535022,171.0231179,139.3227611,187.8235727,128.3395565,159.0117984,150.8153312,145.6144163,150.1295324,180.9538449,144.7066908,139.0951109,140.4222624,172.1811258,158.1098229,137.63547,170.420682,159.6989835,127.5973097,172.9432694,158.4143794,139.6950589,158.8558847,134.0161972,153.8088811,130.6619674,155.3805462,141.8841654,186.2278493,157.51942,150.9565447,164.3281999,129.7487953,147.6307518,119.7546683,149.4283459,171.4898503,133.2387814,159.2062687,145.0745099,125.4317383,144.2022646,149.6064122,160.6592799,150.7978488,157.84406,155.1973488,137.4912856,146.7404782,153.6375342,141.5620439,177.1877168,166.6960992,149.9276282,156.6855747,155.887357,152.0618257,133.6134938,149.5905542,189.5379914,139.8073956,152.2067493,152.9924487,131.2546556,149.981514,136.677161,165.2494428,136.5929172,163.6167539,144.8393553,145.6227297,142.3478033,139.7815712,137.1180241,153.2236492,130.6511459,128.2600346,149.4197133,132.6647998,169.557268,153.5700879,167.7223288,139.154288,157.7837729,147.9952863,171.042269,142.8707148,161.5285299,159.9159722,164.3708019,155.627217,144.6751258,170.2041635,138.9316607,0,3,0,0,0,3,0,0,0,3,0,0,0,3,0,0,0,3,0,0,1,0,0,0,0,3,0,0,0,3,0,0,0,3,0,0,0,3,0,0,1,0,0,0,0,3,0,0,1,0,0,0,0,3,0,0,1,0,0,0,0,3,0,0,1,0,0,0,0,3,0,0,0,3,0,0,1,0,0,0,513,2880,2367,0.178125,735,759,2880,2121,0.263541667,735,264,2880,2616,0.091666667,798,453,2880,2427,0.157291667,705,153,2880,2727,0.053125,960,309,320,11,0.965625,3,639,2880,2241,0.221875,696,924,2880,1956,0.320833333,645,702,2880,2178,0.24375,615,252,2880,2628,0.0875,960,195,320,125,0.609375,110,585,2880,2295,0.203125,660,315,320,5,0.984375,3,990,2880,1890,0.34375,630,315,320,5,0.984375,3,819,2880,2061,0.284375,645,300,320,20,0.9375,3,651,2880,2229,0.226041667,633,660,2880,2220,0.229166667,651,123,320,197,0.384375,128,1
8,train,increment,8,1440.002356,0.020035305,226.1861561,225.6748552,174.0551693,204.1729194,228.0197305,225.4071627,204.1903363,196.9707658,188.3567388,226.0179273,219.3632554,235.0529202,151.8506859,217.7472748,227.8166542,194.6742214,218.6543657,195.972693,214.6004582,194.5889337,217.017036,204.2784073,221.660493,177.742088,196.1034433,204.8471207,192.7562241,219.2481726,207.702198,165.5620902,205.8541384,206.4310927,222.6824975,194.742142,202.0570218,191.5988814,201.2642388,192.8284498,216.8436114,224.5158743,188.7191865,257.9594873,169.4546489,217.1746982,210.6333127,179.7854041,208.522284,246.4168479,199.4409312,185.3437363,188.4323159,237.9118163,210.0366149,184.0190501,224.45989,211.914773,168.4515792,238.9028662,210.5133469,178.0760781,205.4646629,185.5739815,207.5028813,180.4791465,223.2420997,200.689727,234.7546106,203.373927,190.6108537,221.4430026,169.0496856,184.5098785,169.4885625,198.3301684,224.7646072,182.5636877,207.5009202,193.0181794,171.2433081,182.05498,204.1896819,234.1195286,204.8595587,210.9919993,206.3219014,179.1317514,205.2122315,215.1489968,194.5762339,241.1708035,226.4786591,208.792965,207.6124724,208.5724874,205.8979401,182.5484858,203.9018773,264.0880908,197.0541141,203.5945072,223.3863107,166.8058263,208.7430281,180.8839032,221.2497031,191.0377585,217.6840834,192.4459276,194.3902956,191.1325825,183.5646372,190.0840515,200.3521708,184.8852322,175.5155603,198.1615365,184.5843049,234.4127945,210.6947263,232.6599387,176.8737324,214.3668663,195.9007264,227.5942396,202.43575,224.0503901,214.3541601,219.7511942,204.9326618,189.4149189,244.483591,198.9558475,0,3,0,0,0,3,0,0,0,3,0,0,0,3,0,0,0,0,0,9,0,3,0,0,0,3,0,0,0,3,0,0,0,3,0,0,0,3,0,0,1,0,0,0,0,3,0,0,0,3,0,0,0,3,0,0,0,3,0,0,0,3,0,0,1,0,0,0,0,3,0,0,0,3,0,0,1,0,0,0,633,2880,2247,0.219791667,702,897,2880,1983,0.311458333,870,246,2880,2634,0.085416667,858,708,2880,2172,0.245833333,705,180,8640,8460,0.020833333,960,492,2880,2388,0.170833333,381,846,2880,2034,0.29375,303,1644,2880,1236,0.570833333,333,429,2880,2451,0.148958333,669,279,2880,2601,0.096875,960,216,320,104,0.675,75,996,2880,1884,0.345833333,960,351,2880,2529,0.121875,915,1398,2880,1482,0.485416667,333,1116,2880,1764,0.3875,378,432,2880,2448,0.15,795,291,320,29,0.909375,6,831,2880,2049,0.288541667,486,900,2880,1980,0.3125,588,141,320,179,0.440625,131,0
8,train,increment,9,1620.000502,0.014482675,298.87342,303.1147337,236.3007216,287.7625541,307.1509762,320.5367835,268.7989061,258.7823091,240.7665875,288.5649637,294.0412172,315.1788048,194.5612952,287.431171,308.3084663,267.4940968,285.1413563,254.963659,294.4040296,263.1691863,305.7772719,270.5095185,287.2146263,236.3219881,277.6013106,279.2803702,265.4988564,293.0200576,282.4962314,230.7356921,284.5280416,279.6361317,315.2389627,259.1120446,269.0599499,240.4029708,254.9651464,271.2221344,304.8519978,320.2759958,236.6924743,351.9358485,229.4762183,290.5504774,282.6712371,226.8129018,290.1938387,334.5259778,254.7353606,248.3185524,263.6419721,304.1173955,304.4133754,227.6661213,306.3698139,266.8211595,227.3459071,332.8933244,288.096815,242.1224005,276.4464195,249.0306458,293.878965,230.2834855,298.9757308,269.000345,325.4320618,273.733565,265.3533332,287.4374836,219.4703072,241.437276,225.3947602,267.1987614,277.2502719,252.7470688,286.0832766,267.4796901,232.5369554,250.6781833,279.2455554,318.2401372,276.5682053,275.9324007,273.2482556,249.1379978,269.5370168,301.9059965,264.9131914,342.7269502,284.521251,286.1210652,279.2769469,262.2169105,275.6810628,248.0882421,268.913282,366.3748714,249.7101325,285.038297,296.1566788,222.4894966,282.6724966,240.0285557,293.6718683,263.7929035,297.4687435,261.8384702,263.4493338,262.4821839,253.8437292,249.8311225,270.7935123,254.1651801,241.5226851,263.4237927,254.5956798,296.6177631,294.9238668,303.8580097,244.7491129,304.4646884,280.0952414,306.3749077,282.7641214,305.6895192,292.6556627,293.7457416,280.8070954,239.1120767,321.2982949,267.9529677,0,3,0,0,0,3,0,0,0,3,0,0,0,3,0,0,0,0,0,9,0,3,0,0,0,3,0,0,0,3,0,0,0,3,0,0,0,3,0,0,1,0,0,0,0,3,0,0,0,3,0,0,0,3,0,0,0,3,0,0,0,3,0,0,1,0,0,0,0,3,0,0,0,3,0,0,1,0,0,0,870,2880,2010,0.302083333,636,1254,2880,1626,0.435416667,960,342,2880,2538,0.11875,870,1083,2880,1797,0.376041667,669,231,8640,8409,0.026736111,960,585,2880,2295,0.203125,540,1089,2880,1791,0.378125,330,2259,2880,621,0.784375,72,528,2880,2352,0.183333333,771,426,2880,2454,0.147916667,960,213,320,107,0.665625,89,1383,2880,1497,0.480208333,960,447,2880,2433,0.155208333,834,1896,2880,984,0.658333333,102,1638,2880,1242,0.56875,114,516,2880,2364,0.179166667,960,300,320,20,0.9375,6,1164,2880,1716,0.404166667,255,1278,2880,1602,0.44375,168,171,320,149,0.534375,95,0
8,train,increment,10,1800.015702,0.010677614,415.4663653,386.7910571,312.3819415,403.5043525,412.7625984,422.8419837,355.2691246,348.2388091,298.9308597,395.6676571,401.3390494,408.3271989,254.2256337,385.2710791,424.6099593,372.1483792,376.1961436,332.3384954,400.9366643,356.4415741,404.262243,374.4530134,390.2626287,314.3224274,355.6613074,353.0753228,353.7599626,400.9121236,377.1980298,290.2266473,380.0340677,368.085725,439.2844731,343.6777014,386.718621,329.8511355,325.613258,357.5760719,415.1666642,453.0716915,332.1912627,469.9893215,308.1044774,391.1636867,371.8149409,298.7080413,395.9624617,461.2365886,339.7447119,309.7789988,361.3909429,424.1823748,421.4162178,303.9509212,418.7779044,377.3359933,306.951511,459.8446963,379.4224035,330.4512798,350.7048951,351.6493116,412.330502,308.3201764,398.1621234,344.6836633,432.9592983,357.8907501,356.8616871,378.2495751,290.5293217,300.1169882,314.6497342,350.6689751,365.5438238,332.4932892,396.359574,345.0273871,310.9553202,346.4430053,343.2351863,433.3600783,378.4356621,377.538435,354.4282496,343.089944,355.6712567,408.0612634,358.0192501,467.0637418,395.9569411,370.7196739,378.1786877,353.5893435,366.8366652,325.5279246,348.8922867,495.5380127,308.7528006,399.4779506,404.9535829,302.255034,386.2180753,325.8048739,402.188924,341.3676622,426.8712074,356.6588352,361.7398986,356.9992111,327.7946314,329.3250267,358.8156774,334.6352225,324.6547005,341.7854425,340.8277887,383.1703422,413.8214156,408.3621286,342.7752189,406.2549634,354.3166383,404.2796875,352.3679813,422.5403515,402.7658093,392.1531365,380.3324127,308.8392529,416.830078,378.1004781,0,3,0,0,0,3,0,0,0,3,0,0,0,3,0,0,0,0,0,9,0,3,0,0,0,3,0,0,0,3,0,0,0,3,0,0,0,3,0,0,1,0,0,0,0,3,0,0,0,3,0,0,0,3,0,0,0,3,0,0,0,3,0,0,1,0,0,0,0,3,0,0,0,3,0,0,1,0,0,0,1143,2880,1737,0.396875,477,1470,2880,1410,0.510416667,297,549,2880,2331,0.190625,711,1323,2880,1557,0.459375,516,315,8640,8325,0.036458333,960,783,2880,2097,0.271875,291,1398,2880,1482,0.485416667,144,2850,2880,30,0.989583333,3,642,2880,2238,0.222916667,726,564,2880,2316,0.195833333,960,291,320,29,0.909375,9,1875,2880,1005,0.651041667,228,648,2880,2232,0.225,237,2742,2880,138,0.952083333,6,1938,2880,942,0.672916667,42,696,2880,2184,0.241666667,789,315,320,5,0.984375,3,1695,2880,1185,0.588541667,66,1617,2880,1263,0.561458333,87,300,320,20,0.9375,6,1
8,train,increment,11,1980.002788,0.047345121,556.7551905,518.9493749,408.0922699,544.6375853,568.5445077,587.8993773,495.9835421,453.8173161,381.1595395,541.990727,554.8187673,541.4629496,328.199064,528.1062628,567.7405848,513.9124452,500.3667976,446.3934814,549.1952683,488.2603107,547.5388005,501.0758393,511.3743787,410.0995625,470.1158505,495.7986919,465.0815056,518.6772924,491.8754824,391.874177,502.7564865,509.0053828,578.916642,459.4669205,535.847476,438.4289317,448.7350726,490.4330931,540.7905573,592.430073,433.4096267,622.7867189,427.8353712,519.568926,485.003359,395.570285,564.0176403,625.603433,444.0143125,424.1664128,478.654295,558.4531543,544.9788211,406.0931112,550.5283546,492.5105893,415.3918818,605.7977722,536.1022826,448.3335342,465.6853231,505.9826786,543.1857188,414.1959392,552.7120568,473.8665154,606.1078684,466.5612367,488.1387581,516.8537321,371.4292542,412.5847902,443.1440168,448.623376,507.4195796,446.3864411,499.0866386,472.5525113,433.6047035,474.9841457,444.4197734,596.5303264,531.1386796,518.8799539,473.6473014,462.2457182,491.334772,547.8601517,473.6122478,666.0354041,549.4507301,481.5095113,501.1778425,475.1485964,493.2613934,430.1530089,494.2355061,650.6572615,430.252212,520.5515958,539.4005815,428.7799442,510.2728488,442.2375074,525.9595307,435.6407514,575.2408318,476.3705938,495.8294631,478.0718447,429.9624799,446.3962791,486.2648698,472.9111567,444.5536399,475.6905319,435.0387518,518.8553059,540.5559545,556.4602735,484.4423133,555.8197933,493.854384,551.1269412,471.8392735,581.7627029,597.5098041,505.4218879,546.4924619,405.5301449,567.2769233,528.5550328,0,3,0,0,0,3,0,0,0,3,0,0,0,3,0,0,0,0,0,9,0,3,0,0,0,3,0,0,0,3,0,0,0,3,0,0,0,3,0,0,1,0,0,0,0,3,0,0,0,3,0,0,0,0,0,9,0,3,0,0,0,3,0,0,1,0,0,0,0,0,0,9,0,3,0,0,1,0,0,0,1599,2880,1281,0.555208333,270,1926,2880,954,0.66875,30,660,2880,2220,0.229166667,798,1896,2880,984,0.658333333,231,666,8640,7974,0.077083333,960,948,2880,1932,0.329166667,198,1716,2880,1164,0.595833333,69,2877,2880,3,0.998958333,3,1641,2880,1239,0.569791667,180,810,2880,2070,0.28125,960,312,320,8,0.975,3,2457,2880,423,0.853125,81,1008,2880,1872,0.35,345,3393,8640,5247,0.392708333,780,2436,2880,444,0.845833333,12,1578,2880,1302,0.547916667,180,318,320,2,0.99375,2,1860,8640,6780,0.215277778,960,2439,2880,441,0.846875,18,318,320,2,0.99375,2,1
8,train,increment,12,2160.001098,0.048535985,769.0121322,734.5240021,530.9023277,709.1825628,755.2074649,771.9658529,669.0016071,596.8618321,537.6182146,712.6297491,723.0962096,751.5597368,447.603436,721.4118952,759.9878224,703.1394991,685.1463174,619.6275188,744.224066,638.7906341,792.4590855,721.7186575,678.3704613,531.5887097,615.4254531,673.5553348,592.5075215,668.6978696,651.8110077,548.6412198,681.9795998,693.52222,753.8803965,630.3531617,743.3608997,590.3635474,596.0873067,671.2422627,685.4665871,845.8666578,576.7820068,785.5412355,587.6855928,679.6067259,628.0375674,514.963743,720.1570456,804.9175191,578.32546,601.3936625,636.0412126,732.2335213,748.8027378,517.4395367,738.1941555,647.4647053,525.296847,769.9601559,668.3230342,651.256598,626.2826053,723.3592188,750.2045948,570.4699271,721.8848168,623.9809095,840.1205776,615.0227321,671.3900324,702.708205,465.3026933,556.1417593,615.9108289,610.7503587,692.7526866,619.8323895,689.7974518,586.8081459,596.1258637,667.4867154,600.822467,806.0274879,695.2052176,702.2829108,648.0010808,643.9784179,705.8389787,742.8170428,640.6430009,927.0471138,733.3104933,645.3741948,683.5055445,611.4282434,671.7542931,584.9928264,665.5046152,850.83488,549.9601371,685.1903492,686.7116079,608.3934341,657.2138972,615.4811932,740.7949495,627.041665,794.1258285,671.4575327,656.3655613,665.5884415,556.1210498,577.6011682,663.4566303,641.266254,580.8816249,617.5542107,606.1332251,692.8627645,753.754751,745.2401747,663.6192209,746.0141393,655.1000639,740.6216304,670.8754573,785.6857508,806.8120796,705.3310881,741.4342347,542.3280933,767.1223549,710.1931446,0,3,0,0,0,3,0,0,0,3,0,0,0,0,0,9,0,0,0,9,0,3,0,0,0,3,0,0,0,3,0,0,0,3,0,0,0,3,0,0,0,3,0,0,0,3,0,0,0,3,0,0,0,0,0,9,0,3,0,0,0,3,0,0,0,3,0,0,0,0,0,9,0,3,0,0,0,3,0,0,2136,2880,744,0.741666667,54,2562,2880,318,0.889583333,6,1032,2880,1848,0.358333333,270,2037,8640,6603,0.235763889,960,633,8640,8007,0.073263889,960,1386,2880,1494,0.48125,135,2238,2880,642,0.777083333,12,2859,2880,21,0.992708333,3,2808,2880,72,0.975,6,1398,2880,1482,0.485416667,219,1047,2880,1833,0.363541667,210,2874,2880,6,0.997916667,3,1860,2880,1020,0.645833333,60,4359,8640,4281,0.504513889,327,2010,2880,870,0.697916667,24,2562,2880,318,0.889583333,9,912,2880,1968,0.316666667,432,2601,8640,6039,0.301041667,960,2730,2880,150,0.947916667,6,285,2880,2595,0.098958333,960,1
8,train,increment,13,2340.001008,0.062243543,989.5451958,1049.557268,751.944409,938.8942827,997.1464491,1084.388581,884.4448538,787.5959955,697.5932581,945.8584778,948.3637792,1060.081077,615.7294752,980.8134438,1042.787238,946.8106046,894.7402683,883.0206701,1031.335196,831.4022659,995.2130431,1002.588584,929.8761731,710.7337759,809.1775314,915.611022,801.4043887,868.9850066,857.8780436,780.1171401,910.6936656,934.3033284,1034.154793,853.250278,1028.989452,801.4052732,792.6634542,897.7009762,921.0882157,1119.181688,818.6678505,1055.044846,817.8341174,860.9116542,874.0803651,681.6893468,908.9315565,1109.329763,811.8849789,796.4017036,882.1728225,1042.916245,995.7655916,698.9843671,1005.383323,859.3982251,698.5003635,1025.096153,885.2599298,893.2972077,802.530744,932.9079471,997.9546047,757.1017386,952.0720806,846.1989563,1113.855108,831.154541,909.4411012,962.5475406,624.5234348,726.5684379,854.0276587,795.8379193,941.9153642,832.9078323,959.3851387,843.9800143,816.6441132,911.6982268,835.9378675,1117.88869,904.6250351,928.8734019,880.8906889,916.536198,1002.216511,1022.841133,864.5110743,1322.462179,1040.037506,831.4305467,945.8892607,817.9909984,851.2630015,800.7595497,881.659161,1086.434725,750.1148135,907.3431741,933.6241541,846.6270537,866.0693598,878.1797093,944.0122664,852.7440122,1011.884772,959.1368866,883.1848988,946.9095827,730.4613001,787.9969124,930.081518,843.422128,740.0929329,842.8529037,815.0132925,948.6587832,954.1977609,992.9991525,905.6705717,978.7615371,897.8815789,973.9379735,909.2715927,1034.07939,1109.758449,988.1492773,1023.969138,718.1085719,1048.615866,970.3693922,0,3,0,0,0,3,0,0,0,3,0,0,0,0,0,9,0,0,0,9,0,3,0,0,0,3,0,0,0,3,0,0,0,3,0,0,0,3,0,0,0,3,0,0,0,3,0,0,0,3,0,0,0,0,0,9,0,3,0,0,0,3,0,0,0,3,0,0,0,0,0,9,0,3,0,0,0,3,0,0,2826,2880,54,0.98125,6,2463,2880,417,0.855208333,18,1821,2880,1059,0.632291667,48,2448,8640,6192,0.283333333,960,828,8640,7812,0.095833333,960,1833,2880,1047,0.636458333,54,2688,2880,192,0.933333333,6,2874,2880,6,0.997916667,3,2820,2880,60,0.979166667,6,2520,2880,360,0.875,9,1743,2880,1137,0.605208333,39,2877,2880,3,0.998958333,3,2676,2880,204,0.929166667,6,5499,8640,3141,0.636458333,171,1998,2880,882,0.69375,27,2670,2880,210,0.927083333,6,1215,2880,1665,0.421875,336,3207,8640,5433,0.371180556,720,2841,2880,39,0.986458333,3,411,2880,2469,0.142708333,960,1
8,train,increment,14,2520.000664,0.096396114,1299.713785,1414.827102,1054.841309,1218.737646,1342.145353,1490.760456,1221.101539,1031.253051,942.7099236,1252.708251,1328.402979,1452.131604,843.9042455,1316.196288,1397.067508,1284.404375,1281.428367,1208.697793,1323.696876,1149.264004,1335.121505,1291.302607,1285.157258,919.114656,1073.146798,1208.718129,1092.610769,1180.82591,1204.087213,974.4110331,1257.894313,1318.705904,1366.778816,1098.216143,1368.310617,1063.057553,1090.777763,1196.68682,1181.96621,1480.738031,1099.22791,1406.949317,1169.262371,1143.910725,1188.774184,930.2173471,1209.22057,1452.593151,1130.125605,1068.675028,1131.085626,1344.06614,1299.933949,967.8658079,1310.632713,1176.07503,954.0266111,1355.85321,1201.058943,1195.581231,1032.210204,1267.235868,1317.441236,954.2019526,1305.677172,1141.147233,1615.446533,1112.3403,1182.342174,1284.554791,833.0129012,949.4750502,1135.385042,1097.65553,1204.445061,1155.049664,1310.706013,1188.304044,1142.700094,1198.55204,1081.690838,1539.672126,1217.723954,1265.575904,1228.181874,1281.131504,1458.399255,1416.951534,1229.522087,1857.340218,1328.761088,1054.389254,1308.430034,1077.658915,1141.401482,1083.285467,1140.75705,1485.59486,1035.31257,1196.517245,1257.970085,1145.745936,1119.002379,1231.58939,1285.228265,1084.388868,1341.753728,1340.96073,1124.931554,1252.002679,954.119245,1003.832581,1249.66365,1129.922847,1017.104495,1093.646742,1057.760433,1317.252832,1331.955691,1376.287839,1187.913383,1302.442272,1268.456516,1301.933309,1231.626939,1462.184181,1528.131163,1315.671571,1381.530466,923.586757,1396.270058,1299.186357,0,3,0,0,0,3,0,0,0,3,0,0,0,0,0,9,0,0,0,9,0,3,0,0,0,3,0,0,0,3,0,0,0,3,0,0,0,3,0,0,0,3,0,0,0,3,0,0,0,3,0,0,0,0,0,9,0,3,0,0,0,3,0,0,0,3,0,0,0,0,0,9,0,3,0,0,0,3,0,0,2826,2880,54,0.98125,6,2595,2880,285,0.901041667,9,2079,2880,801,0.721875,36,2541,8640,6099,0.294097222,960,1773,8640,6867,0.205208333,960,2304,2880,576,0.8,12,2805,2880,75,0.973958333,6,2874,2880,6,0.997916667,3,2805,2880,75,0.973958333,3,2709,2880,171,0.940625,9,2130,2880,750,0.739583333,21,2880,2880,0,1,0,2826,2880,54,0.98125,6,6078,8640,2562,0.703472222,147,2076,2880,804,0.720833333,24,2862,2880,18,0.99375,3,1716,2880,1164,0.595833333,75,4086,8640,4554,0.472916667,768,2805,2880,75,0.973958333,6,519,2880,2361,0.180208333,960,1
9,train,increment,1,180.0378373,0,25.89217107,24.69488226,26.65729865,25.0708751,24.88707842,26.17689247,24.39310645,26.02252863,24.6588044,24.92018958,26.47232685,25.23779674,26.94247434,25.70956255,25.88057412,25.13889107,26.61142328,25.65630454,25.83667326,24.54998893,27.31083478,25.18827023,25.52144672,25.83859621,25.47411285,25.6597712,25.90524697,26.4160152,25.93880897,26.52128335,25.49054483,25.58907686,26.54106696,25.26343988,25.23577343,26.03672616,24.42671337,24.79900646,26.60605214,25.57707797,24.70610364,25.22195181,25.28727357,24.75859838,25.78606715,24.88487836,24.67043683,25.0870996,24.73514701,25.81296017,24.71262026,26.73520509,25.77871597,25.36617505,26.05798415,25.22292681,25.82596298,24.71861589,26.03532952,25.58301445,26.43114267,26.69244402,26.12333008,25.84381389,26.01196696,26.02033282,26.49549511,25.91461025,24.69892683,24.46440065,26.39947569,25.30967285,24.91553523,26.06230016,24.16650502,24.91753504,25.84850786,28.46358156,26.50748842,24.54397504,24.7247442,26.90094457,25.68250974,24.90277931,25.7687083,26.28483992,25.44125912,25.27225047,24.97836006,26.17603194,26.555546,25.3902751,25.56286752,26.21454064,24.82855748,26.26629975,25.92633566,26.98830609,25.53075116,23.76639243,24.24212197,25.70859746,26.60408618,26.28021181,24.4417086,26.75095581,25.80226551,24.80214857,26.79959119,26.30321583,25.56865728,25.49900446,25.46391124,26.80029549,24.97672641,25.38342159,25.56658928,24.12182225,26.14957367,24.02120218,25.37909029,25.51116242,24.97090606,25.39841174,25.22185265,25.61266913,26.53937183,25.033772,26.23351403,26.10565134,26.06892898,25.28434273,1,0,0,0,1,0,0,0,1,0,0,0,1,0,0,0,1,0,0,0,1,0,0,0,1,0,0,0,1,0,0,0,1,0,0,0,1,0,0,0,1,0,0,0,1,0,0,0,1,0,0,0,1,0,0,0,1,0,0,0,1,0,0,0,1,0,0,0,1,0,0,0,1,0,0,0,1,0,0,0,87,320,233,0.271875,221,93,320,227,0.290625,113,42,320,278,0.13125,239,102,320,218,0.31875,158,33,320,287,0.103125,257,81,320,239,0.253125,74,102,320,218,0.31875,77,198,320,122,0.61875,95,24,320,296,0.075,233,36,320,284,0.1125,254,12,320,308,0.0375,278,111,320,209,0.346875,158,24,320,296,0.075,200,159,320,161,0.496875,95,120,320,200,0.375,98,42,320,278,0.13125,254,27,320,293,0.084375,287,126,320,194,0.39375,95,105,320,215,0.328125,98,18,320,302,0.05625,302,0
9,train,increment,2,360.0616716,0,33.79037726,34.85468064,34.24010953,34.20622527,32.33111514,35.92970963,33.95641593,35.20066137,32.90437095,35.98154042,35.38716316,32.42913002,35.94370808,32.94642872,33.38487726,32.82871326,35.86018323,34.50276405,35.65071088,32.2852556,36.73387856,34.49060519,33.6818212,33.35861951,34.14109757,33.51512374,34.38608391,36.87460508,33.7761815,34.95651683,31.77953766,35.65021269,39.05964928,34.65417944,32.18385268,35.99856855,32.35870226,31.74295858,36.72382045,34.79788707,32.90576338,33.98068423,32.98958017,31.27594349,34.54502645,33.25183897,33.68457066,34.77505655,32.11448843,35.99160806,33.4676576,37.79453496,34.296368,34.57688576,32.54620952,32.96844614,35.69049276,33.44890678,36.01523472,34.84871989,35.71497357,36.60179156,35.14436071,32.99118742,33.98876994,33.25106592,35.80386769,34.5107145,32.49974672,33.35759665,35.77176471,34.0685742,33.70119278,34.83592882,33.13613438,33.5124238,33.90000466,38.86068964,37.91237705,31.54778818,34.69158916,37.08896947,34.68795403,34.02130447,34.85763215,33.83906543,35.17050083,32.92148437,33.3640913,35.62825949,35.3458398,34.74099337,33.41184977,33.66698964,35.4228292,32.83381213,34.34906389,35.11962432,34.87451464,34.13260905,34.51861658,36.76334981,36.73067226,35.44062486,31.59666264,36.67053753,34.50829138,35.68604088,33.95945344,34.23700898,33.0995019,34.08686032,34.08241774,35.47908111,33.93376906,35.09428356,35.58366573,31.26551913,34.12921731,31.47867824,34.90247488,33.70536499,31.92582952,33.7922253,33.4538024,35.22025815,34.89890282,33.95039749,33.84708619,34.62265713,35.77935527,33.39679107,1,0,0,0,1,0,0,0,1,0,0,0,1,0,0,0,1,0,0,0,1,0,0,0,1,0,0,0,1,0,0,0,1,0,0,0,1,0,0,0,1,0,0,0,1,0,0,0,1,0,0,0,1,0,0,0,1,0,0,0,1,0,0,0,1,0,0,0,1,0,0,0,1,0,0,0,1,0,0,0,135,320,185,0.421875,176,129,320,191,0.403125,50,51,320,269,0.159375,215,114,320,206,0.35625,86,48,320,272,0.15,236,99,320,221,0.309375,33,111,320,209,0.346875,21,270,320,50,0.84375,20,60,320,260,0.1875,188,27,320,293,0.084375,218,60,320,260,0.1875,69,147,320,173,0.459375,45,72,320,248,0.225,116,270,320,50,0.84375,14,171,320,149,0.534375,89,51,320,269,0.159375,218,42,320,278,0.13125,254,168,320,152,0.525,18,141,320,179,0.440625,89,12,320,308,0.0375,305,0
9,train,increment,3,540.0141845,0.001948338,45.72228867,45.34037682,46.08310512,43.74991221,44.97454976,46.93226745,44.27472315,48.86343003,41.5533158,48.65780496,48.51659094,42.35108178,49.26866528,43.16755668,46.18171408,43.57274403,46.638922,44.25179867,46.17169944,42.57424294,51.90261728,46.94186909,49.88476393,42.20811073,45.57738641,47.03571684,46.93532952,48.3018663,45.92177892,45.76343164,41.86195858,47.38135299,53.85085764,48.05092932,43.31310475,48.77153561,43.05436525,46.09080466,50.80004409,47.83135342,44.0288789,44.64352703,43.42696551,43.03976189,45.76737642,45.24378477,45.14201449,46.22945724,43.70123121,49.18542663,44.29992251,48.84990253,45.9999669,48.99500687,41.23453777,42.68204792,53.34630212,44.60478388,48.86237898,47.03262291,48.38772162,47.40485987,47.29587592,46.73049797,46.16851823,46.02874674,48.695972,46.87852874,42.61362067,44.64265717,51.39302044,45.65354375,45.29758444,46.17799586,43.95071578,46.81333649,44.91202397,54.48400484,48.00641449,41.37056668,44.47991338,54.10538004,43.69744881,48.07519388,46.74321536,43.1253893,51.24659355,47.87978323,46.43847018,48.36218986,48.24575011,46.46850185,42.39140892,42.89077728,49.28071246,43.767863,46.67675338,45.86573804,47.46634325,46.98783201,49.32013042,49.38883899,50.81992981,46.44891999,41.65067139,49.77617203,46.98330565,48.99306152,45.95602979,47.28730413,43.74769026,43.33894862,46.27936561,50.08954089,46.30223391,48.03378357,48.17443258,42.70326952,44.28502312,44.85768176,50.30082904,43.97835857,42.66842981,45.75328696,43.88795667,46.27848471,46.81631448,44.56281241,45.53116882,43.10368007,46.78347524,49.23007022,1,0,0,0,1,0,0,0,1,0,0,0,1,0,0,0,1,0,0,0,1,0,0,0,1,0,0,0,1,0,0,0,1,0,0,0,1,0,0,0,1,0,0,0,1,0,0,0,1,0,0,0,1,0,0,0,1,0,0,0,1,0,0,0,1,0,0,0,1,0,0,0,1,0,0,0,1,0,0,0,144,320,176,0.45,105,183,320,137,0.571875,18,81,320,239,0.253125,173,114,320,206,0.35625,77,54,320,266,0.16875,170,90,320,230,0.28125,78,135,320,185,0.421875,51,297,320,23,0.928125,3,96,320,224,0.3,128,78,320,242,0.24375,194,72,320,248,0.225,86,180,320,140,0.5625,62,99,320,221,0.309375,44,252,320,68,0.7875,9,234,320,86,0.73125,14,114,320,206,0.35625,161,108,320,212,0.3375,51,147,320,173,0.459375,36,177,320,143,0.553125,21,12,320,308,0.0375,305,1
9,train,increment,4,720.0379207,0.027889525,57.73697332,56.55369381,59.73392503,62.0914914,61.04433461,62.60467445,60.92547858,65.30859255,57.80249644,63.76887368,68.53568136,52.61692183,67.20868097,59.94234694,63.03984543,60.21729895,60.5479422,57.19129552,58.19574426,58.97714749,69.77758763,60.18821516,71.41156818,56.85997315,58.32527357,62.67628043,63.01512473,67.32090863,66.40052788,60.23302907,57.17394812,62.03468067,71.59585441,69.18207155,57.89152305,69.03059206,58.4529896,60.7259125,67.29050926,64.94029392,61.00079461,55.79351799,56.90648615,58.70274383,61.98047507,63.69431713,61.72294356,63.44407936,56.96888014,66.49128534,60.50689457,62.8891503,61.62834834,63.71521767,55.85111831,57.46996498,70.98301913,65.18538035,65.11263179,61.84571005,66.15258801,60.74051419,63.36543961,63.10517524,58.98603018,60.84889886,63.10625325,59.6119409,60.94683568,63.8286356,66.14225347,59.22947356,60.91796144,63.07578162,61.27126537,66.3940936,59.33707735,78.32538943,65.10592704,54.32332983,59.54902073,72.31731418,58.02295324,61.95860645,60.02663234,54.69928813,64.57236892,64.39198553,64.00359913,65.51469672,64.84681473,62.03998563,57.08599913,58.36908707,66.18878035,54.40384805,65.41859994,63.49017617,60.97405908,63.41935375,67.51733028,67.46114174,67.65864842,63.44802626,56.6759041,66.90805132,65.69908422,64.1385512,57.22143012,67.35279278,59.72411068,60.51699655,64.3726703,66.91679767,62.69157716,64.06647352,64.38676155,62.68973202,60.02217389,62.5746179,69.88196389,58.76379375,58.72893613,58.24542258,61.31014206,62.94856338,63.43258168,59.95784752,61.17441506,58.76215555,59.65808571,62.51185539,1,0,0,0,0,3,0,0,1,0,0,0,0,3,0,0,0,3,0,0,1,0,0,0,1,0,0,0,0,3,0,0,1,0,0,0,1,0,0,0,1,0,0,0,0,3,0,0,1,0,0,0,0,3,0,0,1,0,0,0,1,0,0,0,1,0,0,0,0,3,0,0,1,0,0,0,1,0,0,0,177,320,143,0.553125,140,237,2880,2643,0.082291667,960,138,320,182,0.43125,45,210,2880,2670,0.072916667,960,36,2880,2844,0.0125,960,153,320,167,0.478125,17,240,320,80,0.75,21,420,2880,2460,0.145833333,777,117,320,203,0.365625,54,105,320,215,0.328125,44,111,320,209,0.346875,33,300,2880,2580,0.104166667,960,114,320,206,0.35625,60,438,2880,2442,0.152083333,810,276,320,44,0.8625,6,141,320,179,0.440625,29,111,320,209,0.346875,75,312,2880,2568,0.108333333,831,300,320,20,0.9375,3,24,320,296,0.075,174,0
9,train,increment,5,900.0155349,0.023692685,78.00708599,73.43446772,75.73806154,83.81420678,79.75950365,80.66733412,82.7095759,88.35880123,80.01566978,84.82965223,87.89551459,71.17117804,87.57326217,81.5583952,82.13574837,82.30588134,82.65964268,70.87402984,78.28608332,74.2376895,96.16461979,80.15690225,95.87351428,78.17094146,81.58355483,82.96032512,85.04246915,89.81366707,95.56281906,79.54035529,79.65521042,85.71892224,98.55716493,95.89763036,76.86836401,93.14256787,81.6028818,81.31983972,95.98078017,85.7188788,84.76986857,75.11055101,71.39496681,77.49733692,85.57595947,90.31958527,79.8788243,86.67434389,74.32267102,87.37477448,77.37628204,80.26330868,81.06121363,86.14924937,74.5184911,75.7978985,102.6604806,91.32309514,88.13223653,82.84848645,86.36813502,78.76491527,90.56466503,87.6510667,77.03988792,81.59560279,84.92665302,81.99832977,77.66572505,82.4169122,92.42803584,82.84852923,80.92320735,82.11502956,82.88258656,90.46598076,82.88263725,102.1910741,83.35041965,70.8300157,81.8664003,97.40129386,82.63517146,85.3594603,84.20534392,75.01646721,85.37746679,82.36386838,88.69939209,86.25466557,86.40019332,83.81044518,75.27277644,78.34781972,88.63742626,72.18834432,90.17107419,86.63155066,82.1184214,85.08391457,87.03715968,92.74709061,88.09432249,89.76957817,76.09126967,94.37684954,86.11910386,90.68021955,77.2684008,87.76155154,81.41643135,84.97166404,85.31345602,90.72546829,81.48959383,85.05106682,88.98847997,82.01396882,78.86671227,84.16870235,95.09206313,79.7685543,80.46996813,80.59468857,81.71605482,86.55268771,83.84867259,79.5041852,80.60559148,76.29965892,83.42653948,82.45557327,1,0,0,0,0,3,0,0,1,0,0,0,0,3,0,0,0,3,0,0,1,0,0,0,1,0,0,0,0,3,0,0,1,0,0,0,1,0,0,0,1,0,0,0,0,3,0,0,1,0,0,0,0,3,0,0,1,0,0,0,1,0,0,0,1,0,0,0,0,3,0,0,1,0,0,0,1,0,0,0,225,320,95,0.703125,68,399,2880,2481,0.138541667,813,105,320,215,0.328125,71,285,2880,2595,0.098958333,867,51,2880,2829,0.017708333,960,195,320,125,0.609375,12,285,320,35,0.890625,6,612,2880,2268,0.2125,717,183,320,137,0.571875,21,132,320,188,0.4125,71,108,320,212,0.3375,30,462,2880,2418,0.160416667,762,207,320,113,0.646875,12,627,2880,2253,0.217708333,729,285,320,35,0.890625,6,222,320,98,0.69375,15,132,320,188,0.4125,42,363,2880,2517,0.126041667,729,309,320,11,0.965625,6,42,320,278,0.13125,242,1
9,train,increment,6,1080.005622,0.033010185,104.8559434,106.3120436,99.43482217,116.5345324,102.1665085,112.4076523,110.4804675,123.4052763,111.881375,110.3594012,124.2045731,97.36614893,113.0374524,114.4142454,110.6279685,111.127604,111.165524,99.86425427,107.9808711,104.2689143,131.4349584,111.5457049,127.3148752,110.7828809,107.7091652,108.2126125,114.4651654,121.3677214,131.1636651,103.8921029,102.9358889,109.7273396,131.7066835,125.3465615,101.5953732,121.5960586,110.0898123,111.0881843,126.6366565,118.2737695,112.3562315,101.5852321,99.56931185,103.0073114,118.9526531,116.2214234,113.1346823,115.5241374,99.67004644,117.0522568,99.95638381,109.3040612,113.2896018,110.9846054,102.7214418,104.5927168,137.724616,124.1397672,115.4802365,103.7711121,115.7665088,102.2145254,118.8632195,120.915565,98.75955103,111.3752247,112.8266947,107.8012616,110.6788995,113.5681173,128.650863,110.8124241,109.7775525,109.6187001,114.1298116,122.4838268,109.8633641,139.2689736,116.8694515,94.05131997,107.6451947,139.8221365,117.5970882,118.7084729,112.3367336,98.06668624,120.0833746,114.8079796,117.8641444,114.2864601,117.1173247,116.808688,103.4013929,106.5151583,120.1941075,95.76813281,120.4696418,120.8106578,108.6624743,118.8598083,112.779368,126.6436352,119.0134585,124.8692637,102.9267307,122.1999223,110.8875571,122.3888999,102.1463726,118.2700271,113.2269741,113.2292767,116.0588063,110.8320787,107.6427787,121.8496597,116.3187018,106.1219029,104.196444,106.5449503,130.2900803,106.5899146,106.7423206,114.0957479,109.1688215,110.1382262,106.5892192,104.6491265,108.9958427,102.1749515,121.7435085,108.6133439,0,3,0,0,0,3,0,0,0,3,0,0,0,3,0,0,0,3,0,0,1,0,0,0,0,3,0,0,0,3,0,0,0,3,0,0,0,3,0,0,1,0,0,0,0,3,0,0,1,0,0,0,0,3,0,0,1,0,0,0,0,3,0,0,1,0,0,0,0,3,0,0,0,3,0,0,1,0,0,0,237,2880,2643,0.082291667,894,549,2880,2331,0.190625,810,126,2880,2754,0.04375,960,327,2880,2553,0.113541667,846,186,2880,2694,0.064583333,960,267,320,53,0.834375,9,627,2880,2253,0.217708333,660,708,2880,2172,0.245833333,657,402,2880,2478,0.139583333,699,198,2880,2682,0.06875,960,144,320,176,0.45,41,525,2880,2355,0.182291667,753,285,320,35,0.890625,6,726,2880,2154,0.252083333,657,303,320,17,0.946875,3,492,2880,2388,0.170833333,744,174,320,146,0.54375,33,477,2880,2403,0.165625,708,441,2880,2439,0.153125,744,54,320,266,0.16875,248,0
9,train,increment,7,1260.000307,0.025851533,142.3311239,154.069613,142.3822351,152.226551,145.6744942,161.2784474,150.1910295,161.5744692,149.1991916,147.5217588,167.9318829,128.193511,152.7122382,157.6348654,152.7363342,149.7932765,155.6177583,143.5859832,142.5606331,140.7987417,161.3303827,159.992675,164.5750076,157.6315929,137.6630007,150.7404874,151.0637064,163.042585,177.7140125,139.2096021,129.4343898,145.9491328,175.324943,164.7023346,139.192174,162.1671276,145.6539463,152.8814735,165.6341392,162.7701011,149.9287128,140.8401758,143.363804,140.3157196,156.6916998,164.2847458,150.4910269,152.0771734,128.3252134,154.2021531,132.0925465,141.3962547,146.717815,144.1688863,137.8493193,137.7179308,180.2990912,162.8926144,143.1169129,134.4003023,158.6953961,135.9219527,165.8397309,151.9773979,125.1045329,142.9707221,157.4377743,147.6356747,147.6068035,149.9018137,176.1615635,151.4083663,147.131964,153.3233769,150.8877329,154.0296657,145.4728955,198.5992432,163.623281,131.6691573,142.7537771,194.7340627,149.688184,156.7930591,161.4054156,134.2872165,150.6775577,157.8661204,160.6291682,143.9265727,157.3440186,153.8509943,140.7611616,145.8635335,165.0031144,127.2307765,166.6876844,156.7919627,147.4168883,157.2630975,150.8451731,159.6769451,158.5566454,158.8712456,135.9184286,169.6489291,151.3146037,160.9446214,133.7259388,166.9399982,154.4152187,153.7395633,149.667757,149.8981892,137.1139855,153.7175909,146.1679183,146.878501,128.8378643,139.0544708,179.1228728,141.175973,139.0561046,149.245945,151.802968,137.9699996,144.0922735,138.2687857,145.3454941,143.0902438,168.9391756,151.5262133,0,3,0,0,0,3,0,0,0,3,0,0,0,3,0,0,0,3,0,0,1,0,0,0,0,3,0,0,0,3,0,0,0,3,0,0,0,3,0,0,1,0,0,0,0,3,0,0,1,0,0,0,0,3,0,0,1,0,0,0,0,3,0,0,1,0,0,0,0,3,0,0,0,3,0,0,1,0,0,0,534,2880,2346,0.185416667,774,693,2880,2187,0.240625,675,252,2880,2628,0.0875,825,600,2880,2280,0.208333333,735,132,2880,2748,0.045833333,960,309,320,11,0.965625,3,666,2880,2214,0.23125,657,1032,2880,1848,0.358333333,636,669,2880,2211,0.232291667,603,180,2880,2700,0.0625,960,171,320,149,0.534375,89,702,2880,2178,0.24375,651,297,320,23,0.928125,3,1173,2880,1707,0.407291667,555,318,320,2,0.99375,2,870,2880,2010,0.302083333,642,258,320,62,0.80625,15,762,2880,2118,0.264583333,573,720,2880,2160,0.25,642,66,320,254,0.20625,245,1
9,train,increment,8,1440.000556,0.019949466,177.4130727,210.5401052,189.7949719,201.3738292,198.6882443,221.5764733,193.1669275,221.5936744,195.4652058,201.6234529,216.6809158,167.4752719,198.1981251,217.6954832,199.3311676,207.8598224,200.4775562,190.250918,188.0720625,192.1580845,207.5916312,209.3860641,218.9642801,210.8226275,188.4426173,206.9957592,206.8131455,225.8998459,234.5329815,180.6674899,176.9748412,186.6095635,239.9267843,231.2947119,183.1363959,215.8929418,193.6379617,215.5504264,219.2692492,215.6769973,201.7239579,190.9006931,179.993941,187.2433621,213.7637454,211.9505041,204.5586872,205.3522698,167.5922468,209.2239828,185.3374156,192.1419064,209.7006859,198.4828946,193.5153802,183.7291495,258.60743,221.9726502,179.7189391,178.7744788,217.7494032,187.5387734,224.0537698,200.8502183,167.9522546,195.3753843,213.2767351,203.2208635,189.8986654,212.0620721,252.9780975,198.5756252,186.6212687,199.5716298,193.0881769,195.3618516,199.9646042,274.7028113,219.6330839,160.6043742,199.1660687,256.0336247,205.4236114,198.4912117,213.2907365,174.6036663,187.8434453,215.8205818,218.9540518,184.8066801,222.2669449,225.188416,201.1496232,202.4947461,234.6059228,166.9265123,230.469707,205.9183298,213.2424829,216.4650089,215.730989,218.9816477,203.7427325,208.672068,180.4389762,222.2739223,190.5418802,217.329614,175.2960175,229.875562,206.0682176,202.2737694,211.0692981,202.3268562,182.9329264,208.3239915,202.1474715,193.4608521,174.3366543,191.0005134,242.5493555,193.3156415,180.9561243,201.9663016,193.9597236,177.8427143,196.0515762,187.4046001,194.8566031,194.3612814,224.6614263,219.1466475,0,3,0,0,0,3,0,0,0,3,0,0,0,3,0,0,0,0,0,9,0,3,0,0,0,3,0,0,0,3,0,0,0,3,0,0,0,3,0,0,0,3,0,0,0,3,0,0,1,0,0,0,0,3,0,0,0,3,0,0,0,3,0,0,1,0,0,0,0,3,0,0,0,3,0,0,1,0,0,0,570,2880,2310,0.197916667,636,825,2880,2055,0.286458333,615,369,2880,2511,0.128125,780,732,2880,2148,0.254166667,756,180,8640,8460,0.020833333,960,387,2880,2493,0.134375,813,909,2880,1971,0.315625,300,1806,2880,1074,0.627083333,294,384,2880,2496,0.133333333,768,351,2880,2529,0.121875,672,213,2880,2667,0.073958333,960,981,2880,1899,0.340625,663,291,320,29,0.909375,3,1437,2880,1443,0.498958333,342,1161,2880,1719,0.403125,324,471,2880,2409,0.163541667,738,309,320,11,0.965625,3,963,2880,1917,0.334375,450,945,2880,1935,0.328125,516,126,320,194,0.39375,167,0
9,train,increment,9,1620.004817,0.014441031,237.6894913,281.0786327,253.8904636,266.7290129,255.4098583,300.485505,280.0651681,300.8014709,255.8234029,267.966408,293.0689418,223.938916,253.1509618,289.7436917,275.3456119,279.2148993,278.780881,253.6712587,251.9950509,238.0578167,265.6980662,275.363576,302.3497743,273.6987598,248.5901504,288.7509066,273.9147223,311.8386769,284.1335842,243.0707333,238.1489708,254.3135732,307.4025197,326.6668544,257.4288837,299.634344,264.3872521,286.67644,286.0222495,299.7079065,256.8844704,264.1316632,233.4988306,259.5322764,300.1491919,289.1879099,264.5705708,272.2157546,218.3111686,281.6322924,255.6555956,264.8207397,293.4890651,261.2817276,237.6935161,247.4713394,337.0722881,311.4637757,245.8385219,240.3214484,278.8556538,239.2936021,304.3175499,274.0785435,239.6202457,250.273,284.2563264,279.557339,256.5694818,300.3093669,336.9169184,268.2308541,246.3043123,268.1671813,263.3364025,261.7162108,277.5412273,355.8221113,284.048307,207.196176,264.0417015,343.059317,256.4307759,270.6776544,286.6524376,237.0305417,241.4491426,300.1654595,283.921102,247.7099652,299.0524527,313.216563,266.8357726,287.4518967,320.7003208,223.836848,289.7274822,301.4408597,286.5256373,285.8685212,283.0323937,295.1396872,265.5135341,282.845116,241.2812121,310.4748409,252.6082541,282.6020074,239.2656305,300.588122,279.706073,271.6899524,287.6047286,257.9799579,244.6293728,272.0826697,267.1580671,255.6350415,232.2332649,241.6621517,337.7910746,256.3025632,248.047119,256.0625749,258.6527184,229.3965422,256.5303365,244.9148674,280.297588,272.1920378,294.9456155,283.7521197,0,3,0,0,0,3,0,0,0,3,0,0,0,3,0,0,0,0,0,9,0,3,0,0,0,3,0,0,0,3,0,0,0,3,0,0,0,3,0,0,0,3,0,0,0,3,0,0,1,0,0,0,0,3,0,0,0,3,0,0,0,3,0,0,1,0,0,0,0,3,0,0,0,3,0,0,1,0,0,0,957,2880,1923,0.332291667,609,1116,2880,1764,0.3875,960,324,2880,2556,0.1125,792,1050,2880,1830,0.364583333,573,213,8640,8427,0.024652778,960,633,2880,2247,0.219791667,615,1098,2880,1782,0.38125,351,2139,2880,741,0.742708333,108,627,2880,2253,0.217708333,642,279,2880,2601,0.096875,960,261,2880,2619,0.090625,960,1419,2880,1461,0.492708333,642,315,320,5,0.984375,3,1947,2880,933,0.676041667,135,1536,2880,1344,0.533333333,108,546,2880,2334,0.189583333,669,318,320,2,0.99375,2,1254,2880,1626,0.435416667,207,1311,2880,1569,0.455208333,246,234,320,86,0.73125,24,0
9,train,increment,10,1800.002554,0.011164646,315.7630454,390.8684154,364.6577981,348.0372385,346.8274888,386.6239174,399.4674714,414.7896132,349.6651507,355.621371,413.1290225,303.2663538,331.6211943,413.4663709,366.9408885,370.6038359,376.5486865,334.492114,330.9733863,315.493056,351.1754631,363.2072328,413.5116357,362.5411687,346.8698764,373.6988193,355.9760448,428.3198484,375.6746594,333.75515,314.4304352,353.3448621,412.5295239,431.2557034,370.9813045,392.4769192,336.2990861,385.3082101,397.6798248,418.0740029,335.7920943,348.2605347,326.1714287,363.5330567,386.414475,395.2869363,377.7495428,381.3521006,295.9497398,395.2682603,346.677177,339.0485425,407.2674983,348.6615801,328.4042279,317.3824682,437.9674886,426.0056769,333.0405307,335.0145887,367.7456122,335.5267358,408.1268893,378.4873614,317.45717,325.4125782,390.0216467,360.2070185,345.5733337,403.3101085,444.6850262,369.2014205,334.2701186,361.8875425,350.0727064,353.5949805,375.5572556,462.2068724,376.4292752,288.3299681,364.5829939,437.1801019,342.5031805,383.6762383,385.22618,327.4072348,345.3365833,400.4311133,386.5049228,349.3595125,398.6733025,403.0568458,344.335462,366.7088471,428.3432038,291.6553272,375.1079604,395.0188513,390.2900472,379.9827106,381.8696951,397.1890004,346.3536187,355.6320035,337.5318234,429.9397187,334.8755424,378.6559527,320.2106689,409.317557,365.846987,375.9114001,374.9849904,360.8481268,310.7012174,374.7949502,371.1164362,351.7652241,327.2274204,323.1680711,457.4667092,363.9929302,330.8769311,350.6334587,347.0528954,304.5443403,357.106855,309.5315554,390.7221059,387.0441023,404.5293575,355.6856137,0,3,0,0,0,3,0,0,0,3,0,0,0,3,0,0,0,0,0,9,0,3,0,0,0,3,0,0,0,3,0,0,0,3,0,0,0,3,0,0,0,3,0,0,0,3,0,0,1,0,0,0,0,3,0,0,0,3,0,0,0,3,0,0,1,0,0,0,0,3,0,0,0,3,0,0,1,0,0,0,1149,2880,1731,0.398958333,459,1485,2880,1395,0.515625,252,480,2880,2400,0.166666667,825,1272,2880,1608,0.441666667,462,363,8640,8277,0.042013889,960,912,2880,1968,0.316666667,192,1572,2880,1308,0.545833333,69,2766,2880,114,0.960416667,6,849,2880,2031,0.294791667,294,444,2880,2436,0.154166667,960,435,2880,2445,0.151041667,960,1719,2880,1161,0.596875,639,312,320,8,0.975,3,2343,2880,537,0.813541667,12,1986,2880,894,0.689583333,36,813,2880,2067,0.282291667,648,318,320,2,0.99375,2,1419,2880,1461,0.492708333,81,1548,2880,1332,0.5375,150,318,320,2,0.99375,2,1
9,train,increment,11,1980.000648,0.049645729,408.9836404,512.8342882,502.8145457,486.0926381,465.0904454,523.8540609,519.300754,595.4914896,449.4979109,498.213073,595.0076552,419.7258793,419.8380931,537.7675986,486.5012422,518.7810712,493.2028755,451.9002838,431.5505831,423.4295613,487.268626,473.4258977,564.4375163,488.7654159,458.6067704,543.8016195,491.9692371,579.5246097,546.8481389,436.8381724,418.1472595,476.6359055,566.2112429,571.0684435,510.9768564,526.3855717,440.6427931,517.8197609,484.3962509,531.9788088,457.7126863,459.1564611,433.5600783,478.2197366,521.8681507,523.4449189,526.5997799,498.5573617,407.8801428,556.4762847,464.047466,452.6849372,567.4235176,474.7200812,453.9427374,411.6364026,585.7490867,559.6473033,465.3715016,452.5260882,465.8711741,461.4557699,544.6158747,523.0090364,420.8399361,465.6584427,527.8121688,468.4787226,455.4289689,536.4075388,592.4974475,486.3507797,473.8564253,475.0074846,479.7213922,463.2924246,518.5154504,618.1192304,492.9644239,383.1424584,530.9555547,607.6883446,449.756354,499.939056,530.2012833,440.7225258,457.1827003,528.9203516,563.6804003,467.7181732,567.712707,559.1580719,465.7189122,501.752041,583.6917411,402.6122322,474.6694415,538.8109126,507.5916484,503.5182482,498.1008463,529.3228075,477.8750261,486.0932486,436.8423325,572.2331159,469.9653187,484.7962951,453.5759417,552.706811,504.2350651,486.3457671,511.2483624,474.8529603,420.5644063,497.8118886,488.3280253,486.5518032,422.2917867,416.3403431,621.0640768,501.6266436,466.0917484,446.4557265,500.3926004,398.1685446,491.6741412,408.1654285,525.3999741,500.4304891,593.4770661,487.1695933,0,3,0,0,0,3,0,0,0,3,0,0,0,3,0,0,0,0,0,9,0,3,0,0,0,3,0,0,0,3,0,0,0,3,0,0,0,3,0,0,0,3,0,0,0,3,0,0,0,3,0,0,0,0,0,9,0,3,0,0,0,3,0,0,1,0,0,0,0,0,0,9,0,3,0,0,1,0,0,0,1530,2880,1350,0.53125,252,1992,2880,888,0.691666667,42,657,2880,2223,0.228125,753,1626,2880,1254,0.564583333,246,426,8640,8214,0.049305556,960,987,2880,1893,0.342708333,387,1656,2880,1224,0.575,72,2880,2880,0,1,0,1533,2880,1347,0.532291667,138,789,2880,2091,0.273958333,960,762,2880,2118,0.264583333,549,2391,2880,489,0.830208333,111,963,2880,1917,0.334375,243,2943,8640,5697,0.340625,960,2589,2880,291,0.898958333,9,1392,2880,1488,0.483333333,249,315,320,5,0.984375,3,1311,8640,7329,0.151736111,960,2355,2880,525,0.817708333,12,318,320,2,0.99375,2,1
9,train,increment,12,2160.003366,0.048797308,518.0258644,671.1136979,678.2257219,632.1831865,630.1259794,682.4194523,677.1615519,815.1232458,598.9105801,684.0474377,802.9310268,519.2602015,528.521557,696.4749413,672.6921482,669.3218245,644.3754662,582.4568787,572.7676033,587.5388386,675.3644385,631.2640081,725.681801,665.4067462,655.8864344,715.064961,639.0873066,831.0663444,704.6508496,587.0151846,545.1197238,626.4527604,767.1500328,756.9086953,666.8138418,711.7780704,611.8123401,705.1381093,657.1040889,690.7333583,604.5047945,627.867801,592.6904957,658.3960316,655.7448063,710.2292041,689.3418502,615.3539116,538.392985,764.7854416,598.8148332,612.5550982,735.7101693,623.4412546,640.7736424,535.0355536,776.9356318,788.490948,670.2727843,598.1343496,633.0938177,596.8641456,757.8593484,689.4280436,546.3125977,659.7698786,707.6781079,604.9407918,641.86891,695.4551667,783.3800769,614.1243826,660.2244363,594.1526944,651.8492777,608.4985104,698.3060949,843.6737847,639.6416475,509.0386172,694.4945364,776.8755728,607.885602,704.9880796,729.9045272,602.5404715,598.3299075,730.7000577,796.5324648,624.1241775,739.6121673,785.8289526,671.3594396,673.6076787,763.4438195,526.5256204,610.3756492,685.6774655,695.1392813,655.1592373,692.6380424,731.0580039,674.6759313,689.2247878,575.610468,781.8823998,614.0845036,639.470346,603.3062656,734.6023256,686.5832304,663.1832588,679.4726269,616.6895978,570.8202311,668.8871661,670.3716704,627.756054,555.0074687,568.7157822,840.7074518,672.7338267,619.8589387,584.0187616,699.3575849,573.4657052,647.8392948,539.581959,722.3778282,649.8649781,789.9175922,652.3759376,0,3,0,0,0,3,0,0,0,3,0,0,0,3,0,0,0,0,0,9,0,3,0,0,0,3,0,0,0,0,0,9,0,3,0,0,0,3,0,0,0,3,0,0,0,0,0,9,0,3,0,0,0,0,0,9,0,3,0,0,0,3,0,0,1,0,0,0,0,0,0,9,0,3,0,0,0,3,0,0,2139,2880,741,0.742708333,24,2655,2880,225,0.921875,21,894,2880,1986,0.310416667,357,2217,2880,663,0.769791667,21,549,8640,8091,0.063541667,960,1230,2880,1650,0.427083333,120,2415,2880,465,0.838541667,21,4119,8640,4521,0.476736111,705,1914,2880,966,0.664583333,27,1059,2880,1821,0.367708333,219,846,2880,2034,0.29375,153,3438,8640,5202,0.397916667,627,1722,2880,1158,0.597916667,33,5091,8640,3549,0.589236111,204,2832,2880,48,0.983333333,6,2094,2880,786,0.727083333,24,318,320,2,0.99375,2,3150,8640,5490,0.364583333,669,2823,2880,57,0.980208333,6,435,2880,2445,0.151041667,960,1
9,train,increment,13,2340.001616,0.042704772,657.5723683,852.5216408,916.0215334,871.2891036,819.6131696,942.4346016,884.7304858,1123.783707,822.097841,895.352547,1046.753096,662.3921399,658.5648232,923.0792827,871.2638568,869.5834284,821.1207673,778.9349506,737.3954738,799.9328038,890.3621561,841.9720337,929.438758,955.1021306,918.7902271,963.4661073,852.1037039,1114.881014,921.9920494,828.8166778,746.166063,808.2301313,992.1115549,994.0817524,882.0325569,933.4243184,841.9065715,927.4488185,857.2098044,902.2584141,815.9582481,810.7634316,823.527548,846.9811184,825.2652355,945.7231175,942.6359032,839.4537246,732.0091253,983.9242489,822.4937778,855.9892371,959.9765621,827.9867255,858.6777653,732.8196945,1069.356835,1060.417352,885.815521,806.63577,824.7793904,782.6447537,1018.447611,916.4117564,760.2150458,942.4673556,905.7801817,763.7945673,871.8008972,910.3727014,1066.128114,862.4889435,839.9484128,801.2315164,877.1055621,815.3789246,924.9192275,1163.798526,833.4464746,692.7526232,922.5720284,1052.251152,809.2830066,985.2028364,970.0039269,848.4412753,834.0653254,979.9409389,1069.01596,826.147734,957.188589,983.3714447,896.1186005,878.2127407,988.2094436,702.0571734,804.8724314,981.3182973,988.3932359,828.6374915,931.9455254,965.1934839,849.2269179,888.64806,744.421938,982.8470926,770.1714587,872.6094325,827.3672924,994.5393325,872.7346866,882.2327822,901.2521568,855.3583455,755.1667858,871.99503,921.0576344,842.8973971,792.6142401,799.4375093,1111.944169,825.8003141,870.100265,818.9988468,936.5242959,763.5789874,897.9544656,705.1798171,954.5803235,889.7525636,1064.010926,861.1966031,0,3,0,0,0,3,0,0,0,3,0,0,0,3,0,0,0,0,0,9,0,3,0,0,0,3,0,0,0,0,0,9,0,3,0,0,0,3,0,0,0,3,0,0,0,0,0,9,0,3,0,0,0,0,0,9,0,3,0,0,0,3,0,0,1,0,0,0,0,0,0,9,0,3,0,0,0,3,0,0,2751,2880,129,0.955208333,6,2835,2880,45,0.984375,3,1788,2880,1092,0.620833333,72,2697,2880,183,0.936458333,6,1023,8640,7617,0.118402778,960,2004,2880,876,0.695833333,30,2778,2880,102,0.964583333,6,5463,8640,3177,0.632291667,297,1977,2880,903,0.686458333,57,1653,2880,1227,0.573958333,150,1392,2880,1488,0.483333333,102,4122,8640,4518,0.477083333,960,1860,2880,1020,0.645833333,24,6432,8640,2208,0.744444444,129,2862,2880,18,0.99375,3,2583,2880,297,0.896875,9,318,320,2,0.99375,2,4104,8640,4536,0.475,402,2853,2880,27,0.990625,3,1110,2880,1770,0.385416667,657,1
9,train,increment,14,2520.00091,0.052670026,821.82577,1162.394706,1239.911607,1164.335815,1078.700181,1370.72084,1332.935452,1508.830589,1058.094543,1239.277698,1334.393546,932.0699771,829.3913332,1267.985087,1230.264237,1186.09756,1090.682617,1018.203914,987.1445285,1042.023369,1213.826095,1078.566788,1294.98189,1313.959328,1175.018241,1321.271109,1157.725099,1577.288515,1226.043734,1134.455015,965.9648249,1116.588222,1290.150258,1296.494242,1153.671261,1250.879286,1067.86606,1283.134319,1091.204181,1234.549242,1109.124962,1118.772391,1099.385476,1141.624064,1167.751764,1258.91038,1291.515764,1133.1366,1011.312735,1335.821457,1069.886694,1104.11551,1252.680746,1099.037535,1222.662948,1004.998014,1344.830831,1547.736099,1178.716847,1074.108052,1160.275018,1064.457427,1345.646653,1214.640845,1041.636112,1301.530573,1300.989055,1006.648431,1188.56707,1186.009274,1416.599802,1155.072817,1138.244283,1128.294343,1227.764986,1058.384889,1152.594823,1492.952886,1135.216484,873.6506087,1215.894585,1285.571246,1083.316552,1307.461827,1223.087079,1069.5567,1135.942196,1261.37216,1462.972535,1112.631233,1252.892671,1288.802613,1124.219998,1166.456784,1263.658066,889.1504525,1104.297232,1299.120975,1383.483697,1174.356403,1233.973338,1330.505086,1186.541319,1195.580887,991.4869979,1383.144409,1019.908297,1142.54893,1057.999682,1290.033107,1153.444078,1244.7363,1211.104583,1149.076831,1087.800228,1112.514258,1226.281467,1177.015096,986.9107517,1096.675497,1544.811243,1094.638426,1210.06563,1114.425933,1244.609706,991.2287684,1227.012082,931.5815449,1266.925203,1220.825565,1440.053614,1168.633018,0,3,0,0,0,3,0,0,0,3,0,0,0,3,0,0,0,0,0,9,0,3,0,0,0,3,0,0,0,0,0,9,0,3,0,0,0,3,0,0,0,3,0,0,0,0,0,9,0,3,0,0,0,0,0,9,0,3,0,0,0,3,0,0,1,0,0,0,0,0,0,9,0,3,0,0,0,3,0,0,2841,2880,39,0.986458333,3,2820,2880,60,0.979166667,6,2310,2880,570,0.802083333,27,2856,2880,24,0.991666667,3,2055,8640,6585,0.237847222,960,2715,2880,165,0.942708333,6,2880,2880,0,1,0,6426,8640,2214,0.74375,84,2151,2880,729,0.746875,21,2151,2880,729,0.746875,42,2421,2880,459,0.840625,18,6414,8640,2226,0.742361111,150,2634,2880,246,0.914583333,9,8406,8640,234,0.972916667,6,2850,2880,30,0.989583333,3,2814,2880,66,0.977083333,6,315,320,5,0.984375,3,5172,8640,3468,0.598611111,192,2844,2880,36,0.9875,3,1377,2880,1503,0.478125,609,1
9,train,increment,15,2700.000674,0.086196905,1019.249325,1577.957242,1700.288517,1479.264907,1444.334301,1899.867695,1782.706666,1934.274449,1389.698012,1642.265744,1787.402247,1281.590767,1129.58093,1666.177904,1755.626417,1593.681727,1431.261196,1384.374952,1295.005194,1375.503183,1617.510581,1546.002272,1722.996283,1709.997952,1565.402114,1797.718207,1557.377956,2106.095433,1629.954126,1556.435915,1324.88703,1489.798587,1643.36473,1679.636818,1500.451364,1721.186332,1458.885563,1688.799955,1449.678017,1660.377968,1523.776677,1607.522751,1442.724121,1518.095458,1450.03451,1727.981756,1828.235031,1506.004982,1325.386284,1808.688984,1463.546351,1539.326578,1735.813185,1517.15153,1685.109071,1341.399533,1769.210407,2109.119835,1593.425562,1451.422857,1569.910101,1515.613945,1894.937659,1688.46542,1385.795662,1852.80044,1787.504365,1344.221914,1541.416056,1685.78748,1895.951808,1572.035571,1671.458496,1490.522695,1772.029208,1513.702583,1539.906755,1992.908787,1532.49803,1209.079485,1567.419178,1648.591991,1512.611885,1884.410244,1651.276508,1427.431036,1548.024427,1732.381717,2042.463046,1403.549578,1835.150076,1681.258838,1356.237096,1514.577568,1741.597432,1239.094206,1450.717564,1690.633354,1972.922412,1541.002835,1773.723043,1810.875006,1664.809245,1599.01533,1369.846386,1782.009299,1499.508838,1535.314942,1402.399463,1707.528067,1568.874538,1699.744601,1590.788038,1583.625194,1454.915481,1549.392531,1574.973974,1628.572342,1327.709177,1468.148622,2078.526091,1464.600277,1648.537835,1625.19823,1661.244954,1274.908771,1646.737378,1249.911585,1667.875573,1720.540694,1939.148705,1613.220278,0,3,0,0,0,3,0,0,0,3,0,0,0,3,0,0,0,0,0,9,0,3,0,0,0,3,0,0,0,0,0,9,0,3,0,0,0,3,0,0,0,3,0,0,0,0,0,9,0,3,0,0,0,0,0,9,0,3,0,0,0,3,0,0,1,0,0,0,0,0,0,9,0,3,0,0,0,3,0,0,2880,2880,0,1,0,2814,2880,66,0.977083333,3,2358,2880,522,0.81875,27,2751,2880,129,0.955208333,9,2784,8640,5856,0.322222222,960,2838,2880,42,0.985416667,3,2877,2880,3,0.998958333,3,7515,8640,1125,0.869791667,15,2493,2880,387,0.865625,12,2529,2880,351,0.878125,12,2685,2880,195,0.932291667,6,7677,8640,963,0.888541667,18,2721,2880,159,0.944791667,9,8598,8640,42,0.995138889,3,2880,2880,0,1,0,2850,2880,30,0.989583333,6,318,320,2,0.99375,2,5910,8640,2730,0.684027778,57,2754,2880,126,0.95625,6,2043,2880,837,0.709375,60,1
10,train,increment,1,180.0420749,0,25.45090781,26.76540845,26.46425551,25.66415115,25.20111863,25.82258111,26.04924914,26.66963543,25.44608473,25.01818595,25.00972022,25.3950075,24.94462382,25.15010328,25.4309331,26.30680886,26.51933918,24.98733458,25.94342681,25.22937682,25.05691026,24.44587376,24.01232182,25.81028151,26.300841,27.42563211,27.58795856,25.63937664,24.86556457,24.9965222,24.53556293,24.98255366,25.41205263,25.79807209,26.26396978,25.42772669,24.60976995,25.94211994,24.30140655,26.44622611,24.69418793,24.4050568,25.01665479,25.14848302,25.44496102,26.34500865,25.50528341,25.27025715,26.59247125,26.37424673,26.67699147,24.70810956,25.58024899,25.1490543,24.72620486,26.33095581,25.96164748,25.72661194,25.8278738,25.8744657,25.4714891,24.66840719,24.76562731,25.11458393,25.02766252,24.68616527,24.72743122,24.78354923,24.20186767,25.19254213,25.92555876,25.73648932,23.81250213,24.29991398,24.97947858,24.59917683,26.03723814,25.27830694,26.66581017,25.71680456,23.84447378,25.93654083,26.06822683,25.16823161,25.22768205,25.04667922,24.78441443,24.81795534,25.95782693,25.47678798,25.54567416,26.2338389,24.70885485,26.33300469,25.09212335,26.03554938,24.90456645,25.03531452,24.73242643,26.80470881,25.4252061,27.08029785,24.58185926,25.99881588,24.98339483,26.20110051,25.50170399,26.62515945,24.93811347,25.7979134,25.86740339,23.99075879,26.18968004,25.1698287,26.52146038,25.62400221,25.99725526,26.66028764,26.07574391,25.20530404,26.68171065,24.73315486,25.21942676,25.79786719,24.8170516,25.55567571,26.04878476,23.75303704,26.22105974,24.80183549,25.40361252,24.51529513,1,0,0,0,1,0,0,0,1,0,0,0,1,0,0,0,1,0,0,0,1,0,0,0,1,0,0,0,1,0,0,0,1,0,0,0,1,0,0,0,1,0,0,0,1,0,0,0,1,0,0,0,1,0,0,0,1,0,0,0,1,0,0,0,1,0,0,0,1,0,0,0,1,0,0,0,1,0,0,0,60,320,260,0.1875,242,117,320,203,0.365625,89,39,320,281,0.121875,239,78,320,242,0.24375,173,33,320,287,0.103125,269,60,320,260,0.1875,89,84,320,236,0.2625,122,204,320,116,0.6375,89,51,320,269,0.159375,221,45,320,275,0.140625,251,33,320,287,0.103125,233,90,320,230,0.28125,170,60,320,260,0.1875,98,162,320,158,0.50625,95,132,320,188,0.4125,89,42,320,278,0.13125,224,15,320,305,0.046875,296,84,320,236,0.2625,95,123,320,197,0.384375,89,15,320,305,0.046875,302,0
10,train,increment,2,360.0041658,0,34.27593427,34.62081655,34.95440663,32.37212977,33.82394379,33.04084688,36.28755646,34.28389871,34.90238981,34.58342705,31.91524816,34.68115285,32.49073793,35.53644345,33.98733716,35.87643404,35.47810534,34.34509821,35.67122951,33.66494811,35.3556988,31.94851483,33.44535037,32.55141695,34.11177405,38.59371139,35.81850836,34.64200992,34.72600336,34.55927757,32.17870363,30.70617942,35.36045542,35.75409204,34.38482978,34.19116977,33.77511144,36.54093409,32.38084437,38.2992949,34.24309873,31.38659619,34.64278125,34.50755126,35.52097313,36.12459771,33.41328006,33.62462838,35.64207672,35.32827276,34.98925657,31.85067017,36.55360933,35.11581178,32.7618919,35.76259031,36.4863359,34.32388365,33.87764587,31.44908939,35.22212319,32.84416939,34.801326,34.26570811,33.24950753,33.77016626,34.54938212,33.29092981,32.96566335,36.64320465,34.39536444,33.55351613,33.24001619,32.98189554,32.4258236,32.49980533,34.62660713,31.61021558,37.17279116,34.01777385,31.68487284,35.50392063,33.7951481,32.47427308,32.74399593,31.32430135,34.0045551,32.05698163,33.46367658,35.10754631,35.35115836,36.41183358,34.31968175,35.5689765,33.19616308,32.81140058,32.45993398,34.2612669,33.09102764,36.02974712,33.78761796,35.50633617,35.80047309,35.58150743,31.83105717,37.15960275,34.716183,35.07190761,33.67693278,36.67410023,34.53147215,30.68236293,34.09915022,32.60814868,37.22921301,32.3719417,36.82436199,37.26490274,33.73873957,34.06074706,38.51170706,34.55010508,34.84877029,35.2879797,32.04693538,33.28876678,36.36123578,30.1002577,33.79606732,33.50320306,34.02844345,33.76330551,1,0,0,0,1,0,0,0,1,0,0,0,1,0,0,0,1,0,0,0,1,0,0,0,1,0,0,0,1,0,0,0,1,0,0,0,1,0,0,0,1,0,0,0,1,0,0,0,1,0,0,0,1,0,0,0,1,0,0,0,1,0,0,0,1,0,0,0,1,0,0,0,1,0,0,0,1,0,0,0,111,320,209,0.346875,179,120,320,200,0.375,29,48,320,272,0.15,188,120,320,200,0.375,119,27,320,293,0.084375,242,75,320,245,0.234375,96,159,320,161,0.496875,36,273,320,47,0.853125,23,60,320,260,0.1875,191,66,320,254,0.20625,191,48,320,272,0.15,218,162,320,158,0.50625,83,69,320,251,0.215625,218,219,320,101,0.684375,26,183,320,137,0.571875,23,72,320,248,0.225,191,69,320,251,0.215625,197,138,320,182,0.43125,27,174,320,146,0.54375,24,24,320,296,0.075,296,0
10,train,increment,3,540.0081036,0.000760601,44.96988166,50.2580635,49.81971996,42.48306414,43.64224031,47.99576489,47.15662524,47.52841239,50.21717289,46.33405736,42.92213778,45.70736087,42.05159256,46.30209017,44.35606095,47.79561231,48.37883356,45.46512046,44.94845897,43.22403993,49.30697298,42.92816221,43.7310732,43.88510671,47.78985696,53.87945263,47.70869322,47.3132874,46.98650643,43.92792086,40.74581734,42.34019146,49.10488087,47.75336331,48.31343551,44.20152278,43.890136,49.13582939,43.07497162,52.22475373,43.78869727,40.48370762,45.84635456,48.58034318,49.81304654,48.67800051,47.1888287,46.38216589,47.71122853,45.34376351,45.66566543,41.38359762,49.39552794,46.09476408,41.02969362,46.00488109,51.09452603,45.37651966,45.83051284,43.55483135,48.58724259,47.27256731,45.74565771,46.37611009,40.41665719,44.29351117,46.1907506,45.65779475,43.63524653,49.96982959,46.95934482,46.09385538,45.8673565,42.9800027,43.59450677,41.78079744,44.71047664,42.01293818,53.67475221,46.63177123,42.41408222,45.31053679,42.40494507,43.52598664,44.51834084,38.97437472,46.76564205,42.77833413,45.38833445,46.48341001,49.57903376,50.79558578,44.34412254,46.28979489,42.00995421,43.98185753,44.74521407,45.41981677,43.81634844,47.46960968,45.48911167,48.88526463,47.30433637,44.97801868,44.30013647,48.36549087,44.79687366,43.60860267,43.51669352,48.60827177,48.17914542,39.5997082,47.28587422,42.87464001,51.81613114,44.50684773,50.50663725,48.57392262,46.19530388,46.7503836,53.49307078,44.40565872,46.70848981,47.04880584,43.40006219,46.65861512,48.49833847,41.25323623,46.52701233,44.47692177,47.46891266,45.05377256,1,0,0,0,1,0,0,0,1,0,0,0,1,0,0,0,1,0,0,0,1,0,0,0,1,0,0,0,1,0,0,0,1,0,0,0,1,0,0,0,1,0,0,0,1,0,0,0,1,0,0,0,1,0,0,0,1,0,0,0,1,0,0,0,1,0,0,0,1,0,0,0,1,0,0,0,1,0,0,0,174,320,146,0.54375,95,183,320,137,0.571875,20,72,320,248,0.225,122,147,320,173,0.459375,38,48,320,272,0.15,170,66,320,254,0.20625,75,162,320,158,0.50625,21,252,320,68,0.7875,9,123,320,197,0.384375,113,45,320,275,0.140625,218,42,320,278,0.13125,77,252,320,68,0.7875,32,117,320,203,0.365625,135,264,320,56,0.825,9,231,320,89,0.721875,20,93,320,227,0.290625,113,48,320,272,0.15,236,150,320,170,0.46875,24,204,320,116,0.6375,33,12,320,308,0.0375,308,1
10,train,increment,4,720.0136665,0.033491324,60.14841392,64.99343401,65.18538062,56.32896007,57.78942169,66.46108623,63.52194706,64.38839398,67.6620965,61.14773086,58.41727129,63.35215768,56.03009922,63.99430624,59.38916114,62.91445463,67.85295238,59.01656988,61.90193317,57.3830588,70.93345337,56.77840271,55.80586331,56.91564716,63.86397523,77.05204752,63.26500223,58.98601334,61.92265649,58.34761911,53.23465371,57.42880916,65.96231307,62.32615756,66.17752796,57.47163825,57.89927257,65.02593196,60.88938317,72.76400483,59.72135687,53.71617162,59.98852877,64.00365934,63.37590311,65.85079309,63.29222512,64.14600394,66.84394457,60.34987936,59.93515449,57.40040088,66.69931608,64.43489986,57.55964308,60.73501175,72.63006285,60.98936467,60.71039759,58.90345343,65.86878049,63.96503348,57.04779453,62.85861934,54.72019075,60.54270991,61.51891443,58.32064398,59.59715531,64.57088508,65.36511716,63.09930115,60.85352424,57.35777035,58.74862995,55.88776453,58.12197615,54.91925538,73.95074795,64.87628661,55.9347862,61.28598279,56.94437189,60.19199728,60.62907258,52.99235316,61.35269688,57.39780644,59.12117746,63.60380906,63.58704379,66.82204729,58.13904871,61.92641917,56.79102436,55.59290809,61.85496061,62.05583725,60.48353653,66.6291378,61.66100029,66.76381864,63.78764114,64.46689954,59.24715672,66.54537428,58.68543617,54.59660741,56.1940092,61.00600273,65.09233113,53.28008708,65.24708132,56.5353002,74.73564976,57.43215052,67.83967908,71.70110073,61.08127655,62.15884874,68.52189749,56.60566762,62.29184719,62.72002055,58.15679805,62.83344988,62.27814526,55.87873851,58.77303062,61.54239566,64.58309473,62.20257322,0,3,0,0,0,3,0,0,1,0,0,0,1,0,0,0,1,0,0,0,1,0,0,0,1,0,0,0,0,3,0,0,1,0,0,0,1,0,0,0,1,0,0,0,1,0,0,0,1,0,0,0,0,3,0,0,0,3,0,0,1,0,0,0,1,0,0,0,1,0,0,0,0,3,0,0,0,3,0,0,201,2880,2679,0.069791667,840,300,2880,2580,0.104166667,927,66,320,254,0.20625,194,189,320,131,0.590625,38,78,320,242,0.24375,69,162,320,158,0.50625,24,270,320,50,0.84375,12,507,2880,2373,0.176041667,738,123,320,197,0.384375,42,81,320,239,0.253125,179,96,320,224,0.3,53,255,320,65,0.796875,12,90,320,230,0.28125,66,441,2880,2439,0.153125,741,327,2880,2553,0.113541667,780,120,320,200,0.375,96,114,320,206,0.35625,48,315,320,5,0.984375,3,312,2880,2568,0.108333333,828,36,2880,2844,0.0125,960,0
10,train,increment,5,900.0266928,0.026358548,83.36137586,90.62815711,85.74702894,76.01459613,77.85886846,91.70006503,86.83360677,84.09355754,91.47867164,83.39075458,81.21240775,88.69174224,75.46773666,82.8554371,78.70288461,87.85464785,93.79002675,76.55911981,84.89989778,82.59554638,100.5880047,77.80702744,73.52371114,79.57949446,88.74971609,97.46998717,86.54969811,76.89207769,84.10506105,86.38133441,70.99673751,75.42855703,86.27554847,81.97201034,92.05667544,76.95280744,80.53659785,86.01390516,84.70858614,96.37148686,81.86383869,74.10421729,82.44358045,77.02289935,81.24739396,90.72145294,81.78056072,86.59907355,93.36744752,76.54129802,84.1664957,81.66582307,87.7106844,84.82080144,74.93022572,80.54280901,97.55193117,79.70177126,80.41999761,74.97627888,92.39160184,82.22226369,78.14128874,82.11004901,72.27825636,82.06091807,86.35746436,77.52902211,77.62117573,85.04568556,83.13446177,80.83434591,79.20424791,77.34731804,79.08495416,75.04943846,81.15164644,72.92544308,96.77234896,87.24425553,76.85510379,83.2891445,81.61631788,84.16198838,77.99091289,68.4595577,88.7016168,79.6292719,78.92729455,84.48509677,85.51173064,85.20761687,73.29470378,82.5862474,76.49345825,77.04240117,85.15864121,82.07568708,86.22400002,84.97210594,78.40487898,89.25691078,86.23781202,84.67565767,79.32522416,87.22172489,82.08040021,75.08842988,74.58715812,81.09516952,89.34402474,72.26708007,89.54856789,72.74281859,99.97415881,78.7545829,96.30212091,92.02305352,80.15763697,86.37596453,92.96976293,80.18549511,85.5825648,85.78897319,78.68131087,89.37750806,80.92692438,75.46702644,78.49459909,82.30585572,88.26509383,81.14633277,0,3,0,0,0,3,0,0,1,0,0,0,1,0,0,0,1,0,0,0,1,0,0,0,1,0,0,0,0,3,0,0,1,0,0,0,1,0,0,0,1,0,0,0,1,0,0,0,1,0,0,0,0,3,0,0,0,3,0,0,1,0,0,0,1,0,0,0,1,0,0,0,0,3,0,0,0,3,0,0,378,2880,2502,0.13125,822,495,2880,2385,0.171875,813,123,320,197,0.384375,104,252,320,68,0.7875,9,57,320,263,0.178125,161,186,320,134,0.58125,15,297,320,23,0.928125,6,747,2880,2133,0.259375,648,168,320,152,0.525,20,117,320,203,0.365625,152,84,320,236,0.2625,36,312,320,8,0.975,3,141,320,179,0.440625,27,555,2880,2325,0.192708333,648,423,2880,2457,0.146875,651,156,320,164,0.4875,146,111,320,209,0.346875,147,312,320,8,0.975,3,348,2880,2532,0.120833333,753,51,2880,2829,0.017708333,960,1
10,train,increment,6,1080.016792,0.026563718,112.41563,127.7792289,118.8659079,97.99714721,101.3675074,123.9089079,120.1702348,105.0877815,124.0392958,111.4657603,109.2510623,115.7452373,103.1973655,104.9893232,107.8904854,120.1171271,127.6704299,105.390926,111.4231842,117.2905934,132.6473673,98.47083654,95.07675167,105.1601549,125.188042,128.1197387,106.4824501,98.83486989,118.5315096,115.0428697,98.63887931,97.14383576,116.601358,117.1811507,119.6637872,101.4560328,106.0574581,118.0519722,116.8702824,134.7730083,108.8748259,103.1332698,116.9864025,106.6668382,106.157477,121.0036856,104.9977125,111.539911,121.0311793,99.23129761,114.172485,110.9281094,127.5765404,110.5308905,108.6095655,111.3691366,133.2169414,106.3741944,107.167824,98.62723982,129.3526107,110.7730257,106.8994279,111.7880229,95.83120014,104.0271436,123.5700879,100.7986324,104.4021235,115.8976367,116.3835246,111.9539701,107.9971526,105.853485,107.4387214,94.72830408,109.5071117,98.88958156,135.4362506,121.0397949,104.5696409,116.8644264,106.5547313,106.4379244,102.0909671,94.34884994,121.4683727,104.1705778,103.891324,103.7531415,118.8976743,113.4936544,98.98806904,116.1976867,106.2266866,103.3434118,119.1861068,110.6128908,108.8376052,118.563632,100.8834859,123.3486614,109.6648708,109.9255381,106.813124,111.4407179,101.0641803,103.5408294,104.4757891,103.2210026,122.0945225,99.02960606,119.6520609,98.84895934,132.5211519,106.0015113,131.0576607,127.136876,103.0858181,116.8449254,125.7874064,108.9033045,114.7834479,110.5998675,106.8405457,114.0622351,108.5998172,98.09319389,103.7780455,110.5951091,114.9327602,107.7534235,0,3,0,0,0,3,0,0,1,0,0,0,0,3,0,0,0,3,0,0,1,0,0,0,0,3,0,0,0,3,0,0,1,0,0,0,0,3,0,0,0,3,0,0,0,3,0,0,1,0,0,0,0,3,0,0,0,3,0,0,1,0,0,0,1,0,0,0,0,3,0,0,0,3,0,0,0,3,0,0,405,2880,2475,0.140625,678,501,2880,2379,0.173958333,774,177,320,143,0.553125,53,513,2880,2367,0.178125,798,108,2880,2772,0.0375,960,258,320,62,0.80625,12,411,2880,2469,0.142708333,603,897,2880,1983,0.311458333,648,207,320,113,0.646875,12,69,2880,2811,0.023958333,960,93,2880,2787,0.032291667,960,639,2880,2241,0.221875,810,210,320,110,0.65625,36,816,2880,2064,0.283333333,570,693,2880,2187,0.240625,573,153,320,167,0.478125,132,156,320,164,0.4875,48,492,2880,2388,0.170833333,672,498,2880,2382,0.172916667,678,60,2880,2820,0.020833333,960,0
10,train,increment,7,1260.001357,0.018685069,156.5034967,178.1308321,164.7512113,129.1299263,130.3676279,170.1130097,151.3240497,143.4419345,162.3158488,157.2955254,149.6814153,157.6820228,138.6461835,133.7158768,158.5621578,157.374105,178.0955167,138.5747958,148.0983239,160.3456241,183.1557266,134.4690068,127.2667355,140.1178481,156.5946807,176.191612,151.0130179,125.5334066,145.5556611,154.2491352,127.9188016,131.4215814,157.3589936,160.7325289,155.4265512,133.1766611,143.5113731,155.621381,160.1328872,167.140396,151.5837895,139.8245828,166.7398519,146.818153,140.2558413,160.6745234,142.3444641,147.9759892,167.6731336,130.0248697,149.7800258,152.2358252,169.3891663,142.6965779,141.5202904,151.6081403,180.6270599,141.5631396,143.2945251,125.6560627,165.3668003,148.9909717,142.8815199,149.2150152,124.3200595,134.486927,168.1898963,150.0942614,141.3860134,147.8248269,160.2512129,148.430921,150.8881471,147.3623188,142.5354626,133.2000146,141.398975,138.3815902,192.9905998,153.3738379,132.7762993,162.3691611,146.5010377,144.1755185,134.4596952,124.7096537,160.2053968,143.0124856,143.7719191,152.1515214,169.8131099,152.329862,132.1098227,163.5574432,135.6515778,133.7479874,157.2692847,147.8620725,148.2115475,155.1776039,130.9891293,171.7749714,154.1491312,141.8144184,134.2981407,158.6716837,137.0552719,137.4018148,145.7966521,125.6822254,166.35942,138.9242756,154.2739142,129.4217879,179.9772356,146.4411489,174.4286838,174.2492897,147.5012263,153.2660434,177.6362516,148.4090251,160.6105196,141.705881,146.1920896,154.3338792,145.1431369,136.4322819,148.3486631,151.4277776,164.5215067,147.8139674,0,3,0,0,0,3,0,0,1,0,0,0,0,3,0,0,0,3,0,0,1,0,0,0,0,3,0,0,0,3,0,0,1,0,0,0,0,3,0,0,0,3,0,0,0,3,0,0,1,0,0,0,0,3,0,0,0,3,0,0,1,0,0,0,1,0,0,0,0,3,0,0,0,3,0,0,0,3,0,0,462,2880,2418,0.160416667,729,531,2880,2349,0.184375,909,201,320,119,0.628125,59,537,2880,2343,0.186458333,729,129,2880,2751,0.044791667,960,279,320,41,0.871875,9,627,2880,2253,0.217708333,654,1182,2880,1698,0.410416667,504,192,320,128,0.6,12,186,2880,2694,0.064583333,960,126,2880,2754,0.04375,960,726,2880,2154,0.252083333,660,279,320,41,0.871875,9,1056,2880,1824,0.366666667,534,825,2880,2055,0.286458333,561,234,320,86,0.73125,71,222,320,98,0.69375,14,729,2880,2151,0.253125,537,660,2880,2220,0.229166667,561,63,2880,2817,0.021875,960,0
10,train,increment,8,1440.005319,0.01819286,215.8158735,235.976638,218.0087982,175.7968891,174.5492025,223.103127,215.3042334,190.6962473,209.4584141,223.6708227,208.1597287,214.0216641,194.7842782,188.2855559,213.8535288,211.3575655,228.554607,191.6013237,192.6472879,201.2891701,250.1907524,176.1920638,174.0778135,192.2271543,227.533228,242.0119084,206.3180316,173.1623108,183.8236902,205.2290331,177.4493254,174.4567506,211.7815553,209.3606397,203.902375,175.3918746,176.6337729,212.8433918,219.5233342,214.0733277,197.2858598,183.3885845,219.0429642,181.870541,189.7202209,217.0692195,183.8082472,207.8244512,228.41897,171.9491961,192.3057711,211.3984945,234.501869,186.4639792,195.2227065,209.4235303,247.6811689,176.7984813,195.962145,171.3613646,228.1867086,203.0953781,199.2211649,206.7944665,173.972456,174.995213,228.4544431,200.1993582,191.8714331,203.7041619,208.9877101,202.3536849,201.9889029,197.6264616,193.3340742,174.9744742,200.7664498,187.4486725,262.2127979,193.6046133,176.639064,215.5796605,197.9360872,179.8926637,189.6255848,151.0122763,220.0925403,201.3843186,186.673651,199.3839592,221.9529707,209.3673462,175.8343722,232.0603024,180.2659964,176.4615107,208.7830354,214.3785013,197.7948743,204.5897292,173.7234127,230.87696,207.5527958,195.416271,182.0549683,208.9363715,180.8699078,188.4277874,191.5634396,166.0462731,238.8434682,193.0530317,194.0557508,168.3958318,259.6961007,197.9944623,240.154712,221.269824,196.8031411,208.0948302,228.3503126,205.6779492,204.241239,193.6091536,197.006496,217.9528405,203.0233887,169.2682317,201.113754,193.5887889,226.3192313,201.1858658,0,3,0,0,0,3,0,0,1,0,0,0,0,3,0,0,0,3,0,0,1,0,0,0,0,3,0,0,0,3,0,0,1,0,0,0,0,3,0,0,0,3,0,0,0,3,0,0,1,0,0,0,0,3,0,0,0,3,0,0,1,0,0,0,1,0,0,0,0,3,0,0,0,3,0,0,0,3,0,0,606,2880,2274,0.210416667,708,729,2880,2151,0.253125,648,303,320,17,0.946875,3,783,2880,2097,0.271875,696,177,2880,2703,0.061458333,900,318,320,2,0.99375,2,789,2880,2091,0.273958333,564,1485,2880,1395,0.515625,387,318,320,2,0.99375,2,366,2880,2514,0.127083333,807,189,2880,2691,0.065625,960,957,2880,1923,0.332291667,645,318,320,2,0.99375,2,1224,2880,1656,0.425,417,1170,2880,1710,0.40625,399,318,320,2,0.99375,2,315,320,5,0.984375,3,720,2880,2160,0.25,420,954,2880,1926,0.33125,543,96,2880,2784,0.033333333,960,1
10,train,increment,9,1620.007129,0.018405106,280.735471,317.4303161,300.2998295,236.8523986,233.5703108,299.4380065,296.9975809,254.8012802,289.070791,290.3030564,289.3237449,298.8819923,257.4426317,246.4349248,287.5614178,269.7429083,288.7714039,249.06297,252.9706886,266.3440589,349.060526,224.9549897,238.6558342,251.5189525,317.8380072,330.1636524,288.742272,233.5102109,256.5773357,273.8585907,235.1977517,237.755805,274.5775271,273.330024,292.9680582,236.1472944,236.6921354,305.3464416,280.1159157,292.2509185,262.5454658,241.4290672,307.8641808,241.5479771,245.2772197,284.8743114,260.5175609,273.8765233,301.7065738,220.161019,263.5954328,288.624115,318.5386457,251.1442442,262.5583695,277.4834415,316.9702743,257.02275,264.1045434,235.8061241,298.0634209,287.256602,260.7432064,280.4612773,232.3074753,242.2058164,318.1611041,286.3175918,250.5046258,273.7688979,281.4407938,286.1235971,271.6308736,268.2525929,256.0624683,233.2373919,281.8941337,251.9216136,355.9424097,241.9924693,241.8995886,304.7471092,256.4912662,237.4767656,253.1089874,208.1684664,294.8267316,277.274188,235.4581002,278.9300109,286.4263969,280.8901654,233.6404699,323.6442978,245.8889314,234.4313437,279.7643735,276.5116843,266.1323282,284.0632835,240.194427,300.6839518,279.9411136,273.0133631,251.3604891,283.9688979,250.8972871,257.2039929,259.5154747,211.8233534,312.5217937,245.3303895,249.027181,208.5940418,370.9458512,283.2215676,314.5906138,290.5165878,249.5976023,265.2034992,300.7701233,276.5736165,287.5084275,247.7898906,277.244851,281.1269969,283.8370551,214.2126932,287.4049114,263.0226282,300.1558105,271.4660768,0,3,0,0,0,3,0,0,1,0,0,0,0,0,0,9,0,3,0,0,0,3,0,0,0,3,0,0,0,3,0,0,0,3,0,0,0,3,0,0,0,3,0,0,0,3,0,0,1,0,0,0,0,3,0,0,0,3,0,0,0,3,0,0,0,3,0,0,0,3,0,0,0,3,0,0,0,3,0,0,852,2880,2028,0.295833333,642,1272,2880,1608,0.441666667,561,312,320,8,0.975,6,948,8640,7692,0.109722222,960,249,2880,2631,0.086458333,960,894,2880,1986,0.310416667,153,1137,2880,1743,0.394791667,174,2511,2880,369,0.871875,9,750,2880,2130,0.260416667,387,297,2880,2583,0.103125,960,318,2880,2562,0.110416667,960,1308,2880,1572,0.454166667,648,309,320,11,0.965625,3,1878,2880,1002,0.652083333,69,1776,2880,1104,0.616666667,45,372,2880,2508,0.129166667,960,378,2880,2502,0.13125,960,1203,2880,1677,0.417708333,135,1365,2880,1515,0.473958333,102,192,2880,2688,0.066666667,960,0
10,train,increment,10,1800.004026,0.013589377,378.7674092,423.7279827,411.4074079,304.0277073,320.4573404,386.9765645,381.9523641,310.5303599,389.2565474,397.0348594,395.3695707,420.5321882,343.708997,334.234749,376.7195442,363.436633,398.2728806,353.4270434,355.4611644,360.2392214,462.6198825,294.8529666,318.1121899,316.2480924,431.1207639,447.8700877,396.9627636,312.7433616,363.8694411,370.424103,314.5849436,333.8157695,352.498904,368.0111876,401.6307643,333.572646,324.1179605,444.9859559,353.5966486,411.4287326,355.0924174,337.6922028,402.1101215,323.1452829,334.9038788,360.2083114,359.0370783,379.1855513,377.9907073,289.6860409,364.9814652,397.7294352,414.3012939,333.346559,359.030968,393.6543499,399.6503907,334.5249487,361.8350037,283.7368586,421.630402,390.7100448,342.3852036,388.2226055,305.4337318,303.19712,427.9028832,370.8483813,330.0688217,366.7127899,382.5785094,383.3797595,377.3201192,356.6511778,339.9542631,319.7495652,363.8141873,335.8746535,467.7748424,316.4806,340.6490663,408.0944228,343.4197824,309.2879517,328.6598364,284.6294693,388.7505234,398.3634103,314.3497906,376.3470522,383.4184951,388.2719381,297.1940396,443.3600988,324.0651657,306.2402807,361.5327574,362.5610437,380.6579415,382.963375,322.2924895,391.904047,385.3824482,352.9277947,317.0100158,398.0447715,355.0930071,352.5870667,333.8212154,286.4411879,405.8193199,339.6469548,325.5652248,286.1986642,487.397042,372.8167907,421.1792566,386.9862049,355.516223,362.9317222,438.8755485,392.7380061,396.6030333,339.7686067,385.8304597,370.1438288,396.4329302,275.2379393,382.4298141,380.6801014,395.5508197,359.0085619,0,3,0,0,0,3,0,0,1,0,0,0,0,0,0,9,0,3,0,0,0,3,0,0,0,3,0,0,0,3,0,0,0,3,0,0,0,3,0,0,0,3,0,0,0,3,0,0,1,0,0,0,0,3,0,0,0,3,0,0,0,3,0,0,0,3,0,0,0,3,0,0,0,3,0,0,0,3,0,0,1104,2880,1776,0.383333333,453,1494,2880,1386,0.51875,408,318,320,2,0.99375,2,1251,8640,7389,0.144791667,960,315,2880,2565,0.109375,960,951,2880,1929,0.330208333,519,1608,2880,1272,0.558333333,168,2787,2880,93,0.967708333,6,855,2880,2025,0.296875,408,510,2880,2370,0.177083333,960,573,2880,2307,0.198958333,960,1623,2880,1257,0.563541667,630,318,320,2,0.99375,2,2349,2880,531,0.815625,18,1875,2880,1005,0.651041667,39,999,2880,1881,0.346875,432,765,2880,2115,0.265625,639,1695,2880,1185,0.588541667,66,1647,2880,1233,0.571875,57,189,2880,2691,0.065625,960,0
10,train,increment,11,1980.000538,0.011945038,506.5338571,560.8543631,588.7387103,436.3675155,475.8176427,531.0475774,506.6601534,427.2785768,523.853226,514.8957368,544.6335477,599.7967744,435.3386794,453.056232,505.2988953,510.4533962,548.8773174,471.7768904,465.1325625,491.2783737,597.9461558,403.8966627,407.3225096,392.8003367,574.0814939,594.002372,546.7019842,416.1099216,476.1639119,533.0369282,438.3717338,464.7778903,457.5871532,485.7350084,519.7917241,428.9276181,467.1547174,609.4665272,468.5980153,540.5504034,484.3871865,454.4864876,523.8487681,439.2619556,449.1270596,490.7121364,470.9964261,521.426052,531.7621764,368.5408975,467.9400258,520.5353558,535.4476333,449.5207386,472.7418432,506.8428529,554.5963214,450.6318427,463.5813408,388.6514613,570.2972249,518.5115396,463.0519517,519.4856823,415.3845611,407.2124843,585.467725,526.671597,422.1063124,525.214045,510.9944941,520.4796596,499.044351,459.869236,425.657959,415.5293577,470.9573669,430.2031347,631.0741878,449.0746537,438.263725,556.9777482,458.2730611,411.4799264,458.8752342,380.046759,550.7875861,522.6140984,412.0872635,516.7464593,510.6989972,531.1913823,407.5794021,637.6193842,426.7186435,420.6052694,491.8559557,481.5577422,500.1067817,481.5748177,451.198118,536.9746596,522.2628853,470.6226443,454.9330767,519.1770123,480.4621501,459.7941504,461.437746,386.3538659,539.1698899,427.1851074,455.5163039,375.9921544,641.8389915,490.9879462,544.7463005,525.9427079,489.539732,507.8971746,590.8094885,545.7990374,517.988217,458.1921887,526.0931365,478.4169104,548.127596,344.3548961,535.3747783,531.379841,511.9885412,454.6001077,0,3,0,0,0,3,0,0,1,0,0,0,0,0,0,9,0,3,0,0,0,3,0,0,0,3,0,0,0,3,0,0,0,3,0,0,0,3,0,0,0,3,0,0,0,3,0,0,1,0,0,0,0,3,0,0,0,3,0,0,0,3,0,0,0,3,0,0,0,3,0,0,0,3,0,0,0,3,0,0,1383,2880,1497,0.480208333,342,2097,2880,783,0.728125,36,315,320,5,0.984375,3,1746,8640,6894,0.202083333,960,393,2880,2487,0.136458333,960,1290,2880,1590,0.447916667,144,1752,2880,1128,0.608333333,45,2832,2880,48,0.983333333,3,1581,2880,1299,0.548958333,66,879,2880,2001,0.305208333,960,1068,2880,1812,0.370833333,255,2376,2880,504,0.825,75,318,320,2,0.99375,2,2556,2880,324,0.8875,12,2283,2880,597,0.792708333,30,1761,2880,1119,0.611458333,129,1287,2880,1593,0.446875,318,1998,2880,882,0.69375,36,2151,2880,729,0.746875,33,258,2880,2622,0.089583333,960,1
10,train,increment,12,2160.001082,0.046345052,672.1063513,761.3329347,772.4194578,582.5724206,655.2464894,692.6507135,692.2190444,585.2224596,723.2201576,711.1780351,705.4252077,827.5200305,581.3013955,629.5510734,731.2058237,696.2434749,719.713777,607.7471234,651.9755696,691.2053676,827.3436927,549.8912019,535.4176936,518.8561989,702.9660475,798.4247786,681.9448116,603.7784171,605.9497583,762.7256298,584.1168619,612.4411627,594.9517027,683.0538479,752.3822919,599.573755,662.7502807,806.9846666,625.013412,738.9385636,676.1276731,573.9086404,682.6422911,617.31172,590.7950511,675.3349617,692.5019033,677.5993279,679.9367652,474.25356,686.233224,670.011918,699.7397148,593.3639235,637.5995923,688.378764,720.3728922,599.6110805,606.1131703,510.7966454,761.0824063,730.9524592,587.4722127,708.0472463,543.9168917,571.3520722,813.3837272,747.7824945,575.2027701,738.4260053,732.2732783,711.3718389,676.7101971,622.5217971,550.4330668,548.1286477,683.7237692,546.762314,864.8145239,565.8642957,612.2066748,762.5259156,593.6376945,605.0812779,616.7860296,529.2948758,728.98821,696.8660768,540.9235004,705.9448461,705.447828,742.3125028,549.6887162,880.8553007,577.6228524,590.7167292,688.2158812,613.7492494,621.5807863,615.8964304,604.2735011,704.4821577,706.8556194,638.4830346,610.0545551,701.8766727,685.6397385,609.0817245,644.1199344,518.5390436,705.4861865,587.2334113,600.6005085,465.5769081,840.5723561,682.105574,754.7045048,727.6812669,628.5806504,671.0215171,821.1935951,728.3730495,662.6366754,582.2960556,714.1634105,606.0870558,731.3389369,482.9759415,709.8866461,687.1458856,703.3432011,591.1269115,0,3,0,0,0,3,0,0,1,0,0,0,0,0,0,9,0,3,0,0,0,3,0,0,0,3,0,0,0,0,0,9,0,3,0,0,0,3,0,0,0,3,0,0,0,3,0,0,0,3,0,0,0,0,0,9,0,3,0,0,0,3,0,0,0,3,0,0,0,3,0,0,0,3,0,0,0,3,0,0,1896,2880,984,0.658333333,36,2838,2880,42,0.985416667,3,318,320,2,0.99375,2,1926,8640,6714,0.222916667,960,555,2880,2325,0.192708333,783,1893,2880,987,0.657291667,24,2829,2880,51,0.982291667,6,4359,8640,4281,0.504513889,585,1962,2880,918,0.68125,18,927,2880,1953,0.321875,486,1053,2880,1827,0.365625,396,2868,2880,12,0.995833333,3,765,2880,2115,0.265625,594,3930,8640,4710,0.454861111,414,2676,2880,204,0.929166667,6,1998,2880,882,0.69375,54,1374,2880,1506,0.477083333,60,2616,2880,264,0.908333333,12,2625,2880,255,0.911458333,9,375,2880,2505,0.130208333,960,1
10,train,increment,13,2340.000839,0.061578684,900.0016889,1049.709557,1062.641272,823.8347175,913.7213558,893.1277574,925.1084063,779.7312145,1037.546825,969.6779237,980.7022857,1159.347549,740.5843805,836.4810862,976.3229057,958.2185963,961.7897426,796.9777486,848.8800566,874.1296054,1075.037005,730.434153,727.4284179,671.5413755,938.8111324,1044.759501,882.0264044,867.3735081,797.8466092,1025.550602,760.4076078,810.6029405,756.8271633,919.3802501,946.5910379,759.6171735,881.2881672,1129.906661,838.6683137,1046.889676,977.652271,757.8808919,934.3223534,824.9426686,773.5944809,924.9496444,915.8418261,947.6160686,904.3474669,614.2501345,924.2060277,910.6489842,987.5909576,799.5001966,897.2503669,920.4561784,980.149874,826.5570196,821.8009232,706.3876931,1053.044526,1000.343685,843.1855828,938.1869316,715.8773979,811.1479671,1095.786922,994.4129493,764.9378878,963.4548825,1000.791421,931.2875256,927.4570728,825.8637862,772.7181374,703.5652098,901.9410417,669.6863574,1123.725717,737.2678582,847.0794275,1015.352215,809.5289479,841.1581038,857.3520489,707.5363437,972.4833171,958.4832383,709.4858832,895.4210809,1024.743214,997.5343131,756.673312,1163.334701,801.2929475,753.6794989,881.830204,803.6991088,804.2186549,774.9934376,793.7069981,880.8721682,918.9065018,853.4844998,825.066596,915.7171496,889.4229126,844.1998799,901.4284414,713.6241376,985.1000781,764.8624642,765.7664974,648.2209038,1180.994632,890.1799141,961.4992717,994.5713735,844.9436906,900.1454225,1115.977891,1018.568651,875.7873398,759.066002,971.8443711,856.7708493,991.5665195,638.1540315,898.9463534,912.7702481,974.6449718,750.705402,0,3,0,0,0,3,0,0,1,0,0,0,0,0,0,9,0,3,0,0,0,3,0,0,0,3,0,0,0,0,0,9,0,3,0,0,0,3,0,0,0,3,0,0,0,3,0,0,0,3,0,0,0,0,0,9,0,3,0,0,0,3,0,0,0,3,0,0,0,3,0,0,0,3,0,0,0,3,0,0,2256,2880,624,0.783333333,18,2868,2880,12,0.995833333,3,318,320,2,0.99375,2,1863,8640,6777,0.215625,960,1326,2880,1554,0.460416667,111,2376,2880,504,0.825,15,2877,2880,3,0.998958333,3,5499,8640,3141,0.636458333,183,1731,2880,1149,0.601041667,30,1332,2880,1548,0.4625,570,1281,2880,1599,0.444791667,75,2868,2880,12,0.995833333,3,1587,2880,1293,0.551041667,66,5067,8640,3573,0.586458333,273,2604,2880,276,0.904166667,12,2034,2880,846,0.70625,36,1239,2880,1641,0.430208333,186,2838,2880,42,0.985416667,6,2697,2880,183,0.936458333,9,453,2880,2427,0.157291667,960,1
10,train,increment,14,2520.000166,0.099490639,1237.229339,1407.305007,1375.924183,1050.686196,1258.067036,1257.296764,1213.151115,1042.055525,1307.876635,1307.729545,1287.903233,1640.237813,922.4355031,1085.651036,1384.956958,1321.487589,1374.991375,1020.145817,1151.390457,1201.197711,1332.142322,896.1737055,941.6047924,889.4339593,1241.075604,1353.057218,1200.767725,1198.242401,1118.02985,1315.446431,1073.17206,1076.543207,1044.375221,1211.542298,1291.79437,1016.701977,1205.298933,1529.629589,1192.092152,1396.736314,1377.481409,975.5794411,1206.333939,1089.616771,1032.783099,1255.445066,1262.034085,1215.380132,1112.927091,781.7071878,1270.945875,1214.914628,1290.443799,1060.791002,1259.221099,1202.317479,1307.336633,1098.307664,1155.158619,988.7314672,1458.306747,1340.5097,1138.673393,1250.877322,956.7018997,1156.023073,1443.011072,1347.470395,1020.401583,1314.432292,1393.075731,1242.771937,1245.517516,1037.636413,1019.787025,975.2172667,1150.532526,939.0164343,1580.47372,971.9972293,1262.922129,1374.632532,1142.634723,1094.810302,1295.165661,952.8754075,1335.214393,1285.574825,956.4616006,1195.0368,1299.995399,1335.762584,999.864846,1499.341535,1066.324619,1071.015585,1145.011055,1088.116472,1053.29613,1036.501783,1051.268994,1211.627385,1192.879644,1149.924305,1134.439751,1225.598785,1283.462138,1121.11861,1214.99263,946.389441,1260.334799,1013.974217,1094.146432,820.1685278,1554.765514,1140.273953,1332.249005,1383.380513,1144.783663,1209.025764,1490.569181,1326.933707,1202.348258,1034.373677,1338.618128,1118.492811,1326.058369,870.235803,1196.657568,1157.6638,1371.832505,1008.434241,0,3,0,0,0,3,0,0,1,0,0,0,0,0,0,9,0,3,0,0,0,3,0,0,0,3,0,0,0,0,0,9,0,3,0,0,0,3,0,0,0,3,0,0,0,3,0,0,0,3,0,0,0,0,0,9,0,3,0,0,0,3,0,0,0,3,0,0,0,3,0,0,0,3,0,0,0,3,0,0,2481,2880,399,0.861458333,15,2880,2880,0,1,0,318,320,2,0.99375,2,2031,8640,6609,0.235069444,960,1656,2880,1224,0.575,69,2595,2880,285,0.901041667,6,2871,2880,9,0.996875,3,6240,8640,2400,0.722222222,63,2133,2880,747,0.740625,21,1779,2880,1101,0.617708333,63,1626,2880,1254,0.564583333,45,2880,2880,0,1,0,2049,2880,831,0.711458333,24,5802,8640,2838,0.671527778,135,2580,2880,300,0.895833333,9,2355,2880,525,0.817708333,15,1617,2880,1263,0.561458333,108,2877,2880,3,0.998958333,3,2871,2880,9,0.996875,3,897,2880,1983,0.311458333,390,1
11,train,increment,1,180.0193366,0,25.73266146,25.15563231,24.57854663,24.75059339,27.22628961,25.46273529,25.03201426,26.06271793,25.21489723,24.47563105,25.49472178,27.03149428,26.00852514,24.37188659,26.61744578,25.27470348,24.72232446,26.01395192,25.68427558,27.24031506,25.22765498,26.16088325,26.61472452,24.04665377,25.26367883,25.02780222,26.72189367,25.62466364,25.1561266,24.59991295,25.66154451,25.72310885,25.15080163,25.28617777,24.27660035,24.637988,25.95209035,25.39271906,26.01652505,25.95555707,26.97555693,26.02150941,24.69192402,24.21689773,25.95252423,25.82641856,24.43408964,25.21204479,24.98016698,23.9232163,25.54522124,26.67136294,24.20046563,26.75280887,24.6370917,26.34783755,26.25903677,25.18241806,25.2571907,25.33601967,26.44685864,24.52200787,24.20662609,26.0481467,27.0237647,25.08237355,26.89627998,24.11257391,25.46989728,24.5625428,25.97501535,25.31097939,26.0852478,24.90533631,24.23172275,25.11218779,26.57051088,25.3294555,26.35780423,26.33927943,24.65212444,25.97193629,25.56334471,25.05574208,25.47006264,25.31980534,24.40233827,24.20419507,25.41541808,26.93442552,24.25994258,24.97457517,26.42682881,24.90173487,26.88975553,26.70665544,25.42454109,24.87536109,25.24079133,25.28302554,25.41495559,26.7351822,27.10914379,25.04228418,24.81316775,25.36321324,25.02696493,24.4956829,26.70911907,23.26206485,26.55687982,25.74488697,25.78817977,25.29166517,23.80705195,26.36096911,25.43036129,25.04720519,24.06675534,26.56314109,24.8434719,25.75152893,25.42356728,26.55295769,24.97800837,24.9490102,25.58015273,26.24705468,23.86822943,25.99005252,24.00109743,25.20493279,1,0,0,0,1,0,0,0,1,0,0,0,1,0,0,0,1,0,0,0,1,0,0,0,1,0,0,0,1,0,0,0,1,0,0,0,1,0,0,0,1,0,0,0,1,0,0,0,1,0,0,0,1,0,0,0,1,0,0,0,1,0,0,0,1,0,0,0,1,0,0,0,1,0,0,0,1,0,0,0,51,320,269,0.159375,218,84,320,236,0.2625,110,39,320,281,0.121875,224,54,320,266,0.16875,179,30,320,290,0.09375,269,78,320,242,0.24375,75,87,320,233,0.271875,38,198,320,122,0.61875,98,48,320,272,0.15,248,27,320,293,0.084375,251,15,320,305,0.046875,275,120,320,200,0.375,170,51,320,269,0.159375,209,162,320,158,0.50625,110,147,320,173,0.459375,98,54,320,266,0.16875,251,45,320,275,0.140625,269,96,320,224,0.3,110,120,320,200,0.375,125,6,320,314,0.01875,314,0
11,train,increment,2,360.0191066,0,34.46957909,32.98995333,33.55836107,33.35369872,35.71293858,35.37609768,35.97002813,36.39185752,34.23816897,31.6659599,33.7093283,36.07842788,32.61282051,33.10809351,34.05372836,35.28466272,33.98658636,33.18015197,33.20125079,37.21663395,32.22869207,34.17119017,33.74120816,32.72911396,33.94975347,31.97289375,37.45647187,34.90535843,34.00392496,31.7546099,32.5030942,33.7766023,34.89712136,33.28587521,33.45926898,33.39881122,36.18312123,34.41483511,34.80357415,33.60157731,37.07148571,33.16980664,33.28663918,34.9153231,35.92652566,36.14686239,32.45586102,32.72437544,30.64664335,31.49541104,35.61730504,33.37319289,33.47877994,36.82623886,32.68400882,34.94017151,35.52512967,34.15830897,34.71629909,33.8665656,36.12583765,32.66151995,33.47086848,37.11109193,34.27361573,34.03626773,35.813154,32.01590718,34.41636628,34.49490971,33.16899086,35.92437848,35.13763021,35.28256364,31.86484735,35.74865081,35.50080862,33.17189534,35.84444123,36.200887,34.7299225,35.19072036,35.01219839,34.64754606,34.53343426,32.20319802,34.37122824,32.49940317,34.91676076,34.85015233,32.75290261,32.34391432,36.93498364,31.52115155,37.4735385,38.11295246,36.11330458,33.39217104,32.27217456,34.59381438,36.11306977,35.94577814,35.62424914,33.59612904,31.13694338,36.01993177,33.97856735,33.82015157,35.69299528,32.7203323,35.49278463,34.03480812,35.19305223,34.55729505,30.26046395,35.6552933,33.44726208,33.53521596,33.1403926,37.13075716,33.08824825,36.45211081,35.31023126,36.23200591,34.12593253,32.23582066,33.7010558,34.50038124,34.00963743,35.88352518,33.43997376,34.41823961,1,0,0,0,1,0,0,0,1,0,0,0,1,0,0,0,1,0,0,0,1,0,0,0,1,0,0,0,1,0,0,0,1,0,0,0,1,0,0,0,1,0,0,0,1,0,0,0,1,0,0,0,1,0,0,0,1,0,0,0,1,0,0,0,1,0,0,0,1,0,0,0,1,0,0,0,1,0,0,0,123,320,197,0.384375,191,126,320,194,0.39375,42,39,320,281,0.121875,212,117,320,203,0.365625,110,42,320,278,0.13125,209,60,320,260,0.1875,62,99,320,221,0.309375,65,300,320,20,0.9375,6,87,320,233,0.271875,191,54,320,266,0.16875,191,30,320,290,0.09375,284,153,320,167,0.478125,110,87,320,233,0.271875,69,243,320,77,0.759375,12,174,320,146,0.54375,24,93,320,227,0.290625,191,45,320,275,0.140625,248,168,320,152,0.525,30,144,320,176,0.45,45,15,320,305,0.046875,302,0
11,train,increment,3,540.0066337,0.001492537,46.09083516,47.80091817,43.98280195,46.25666881,48.80441119,45.19042313,49.95318019,47.83580777,43.90461583,41.15795248,45.18854807,48.14581518,43.0260041,46.08164633,44.22725566,48.63710182,47.62125569,42.92810196,43.072454,49.33540514,41.78456314,47.698749,44.44525049,44.17140595,47.64639276,44.09735108,52.29861212,49.31291921,43.77603474,43.22303124,43.89461331,45.98155766,46.39030647,42.05659631,46.30906404,47.74261467,50.66334055,49.60517326,46.13086193,47.76249493,49.88094099,44.0712912,47.08762358,47.29147849,46.26592779,49.50132534,45.86374061,46.64001739,38.39401454,40.11646568,47.64888167,45.13336009,45.02805094,49.29359139,43.33666177,46.40625434,49.06605018,50.03224338,48.41757105,44.09813752,46.93452981,45.28892357,46.8936137,50.24672828,46.64534606,47.02664982,46.24280059,41.27641564,45.89754738,48.16368252,43.50477522,46.88060477,48.30477156,47.95207388,44.03267314,48.0757392,48.84149668,45.17287012,46.50102628,48.26133616,48.4338824,49.3397646,46.98665393,47.20456804,47.40971563,44.62863558,45.48741467,42.15484221,48.92091747,45.55086132,46.15345823,44.78251881,46.02183675,43.26317269,49.87290679,50.49245051,48.36951702,42.63318255,44.84009539,48.26520066,48.10835699,48.61380117,47.73379922,46.6751326,41.80972374,46.88864331,46.0767411,45.37461159,48.89871468,42.50741621,46.54688534,42.76028733,45.27830971,43.4837665,41.67550477,44.87185723,47.98226761,43.9321278,45.89365275,47.55356801,43.09972242,46.6423072,48.06041909,50.36798142,45.20777831,46.28706998,44.42245605,47.07843576,46.74559028,47.62534676,45.52436765,46.03355986,1,0,0,0,1,0,0,0,1,0,0,0,1,0,0,0,1,0,0,0,1,0,0,0,1,0,0,0,1,0,0,0,1,0,0,0,1,0,0,0,1,0,0,0,1,0,0,0,1,0,0,0,1,0,0,0,1,0,0,0,1,0,0,0,1,0,0,0,1,0,0,0,1,0,0,0,1,0,0,0,165,320,155,0.515625,128,165,320,155,0.515625,21,96,320,224,0.3,104,156,320,164,0.4875,50,42,320,278,0.13125,158,111,320,209,0.346875,54,162,320,158,0.50625,45,294,320,26,0.91875,3,57,320,263,0.178125,119,60,320,260,0.1875,143,48,320,272,0.15,72,174,320,146,0.54375,29,93,320,227,0.290625,33,264,320,56,0.825,9,249,320,71,0.778125,12,96,320,224,0.3,143,114,320,206,0.35625,56,174,320,146,0.54375,15,207,320,113,0.646875,27,33,320,287,0.103125,287,1
11,train,increment,4,720.0092281,0.025632117,62.36273984,62.96218061,55.41459909,66.09674929,64.12059845,59.37952107,69.96432531,64.63347272,60.52544253,54.14054489,60.04465264,64.42686574,58.93964231,58.45062805,55.5300841,63.91407905,62.57562101,61.54127812,56.87547444,66.70147815,55.28915431,65.29420566,57.27783575,59.93996107,62.97224136,59.36859861,68.45949368,64.179803,57.56571515,60.20004328,56.96440446,62.70498051,63.19804158,58.09851647,59.06789899,64.85973397,67.46300072,66.98776253,62.25337452,64.11519586,67.32202813,57.84707471,60.37610817,64.50150933,59.99050205,62.92751416,57.98803663,58.52189333,52.35869119,54.81224061,60.81494895,60.79620569,60.36064256,63.6959614,59.46706259,61.26864818,68.86005073,64.35384566,64.76526192,57.37392127,61.49851956,61.96902315,60.56944745,69.28135515,62.80311334,59.00207543,62.78226688,54.91532596,61.05527414,65.65506721,57.10699964,62.28947044,62.41846566,65.63553434,56.59054372,67.95061104,65.84177152,64.13348742,65.44981758,68.4278298,62.82839619,64.54359969,60.44272035,65.3265126,63.50705187,59.19419526,62.27681389,55.41322395,65.04454731,60.06599341,60.09633695,58.7874458,58.1751301,57.01568574,64.10718249,68.1682822,62.21959865,60.83045046,57.5575267,62.73533254,62.75675051,61.2704868,57.78804286,59.83610006,52.53026629,63.71082607,63.98173122,59.39738077,66.14628871,52.81559922,63.52523804,60.67185997,59.24401465,58.37051781,54.15999658,60.23190943,65.69514184,60.77618639,61.18248332,64.69169252,58.24860115,62.06507059,67.9056643,64.20413175,59.62804361,59.31111109,63.45455481,63.19662071,66.99071986,67.14245971,59.39425692,61.47711795,1,0,0,0,0,3,0,0,1,0,0,0,0,3,0,0,0,3,0,0,1,0,0,0,1,0,0,0,0,3,0,0,1,0,0,0,1,0,0,0,1,0,0,0,0,3,0,0,1,0,0,0,0,3,0,0,1,0,0,0,1,0,0,0,1,0,0,0,0,3,0,0,1,0,0,0,1,0,0,0,201,320,119,0.628125,101,231,2880,2649,0.080208333,960,105,320,215,0.328125,68,273,2880,2607,0.094791667,960,27,2880,2853,0.009375,960,168,320,152,0.525,15,228,320,92,0.7125,18,441,2880,2439,0.153125,744,114,320,206,0.35625,60,75,320,245,0.234375,87,81,320,239,0.253125,54,321,2880,2559,0.111458333,855,117,320,203,0.365625,57,474,2880,2406,0.164583333,798,261,320,59,0.815625,9,87,320,233,0.271875,63,93,320,227,0.290625,69,315,2880,2565,0.109375,798,216,320,104,0.675,21,24,320,296,0.075,290,1
11,train,increment,5,900.013482,0.028321993,77.57144984,85.63020649,68.58177634,90.19593092,85.56659111,77.19856953,98.3582539,88.91309114,76.32664839,71.80494003,78.93039917,86.44898913,80.88206809,80.67198164,73.72969186,85.29776009,81.59767644,84.78068391,78.59527479,86.19454437,80.26205339,91.71882032,74.84533496,84.63945276,80.59427289,82.08229177,91.26756859,85.89295688,79.13317945,76.10561589,72.97061943,82.3168916,82.91312875,75.20759208,77.28021987,85.94134033,93.67297074,86.44838469,80.62590241,83.70450965,90.13817532,77.96147881,84.16024586,85.96765554,81.58222141,80.90826846,77.67672794,79.9536171,69.98423236,75.75778372,84.06742301,83.72030135,81.20207206,86.75495004,79.53780748,83.83420087,92.02288022,88.48201977,89.1790424,77.27186589,83.3519726,80.41216459,80.25662593,92.90263085,84.36062067,80.89072708,88.38713554,72.51125442,79.87875207,87.39987544,80.31032391,78.11361241,82.88488243,83.37766579,73.19397504,87.19483976,85.690674,86.37527239,87.29648948,90.6882362,84.04638859,93.03458571,79.73784201,91.06355453,89.46192067,81.02608641,84.99709169,77.48913427,91.39400694,76.00218703,78.92709551,78.93131747,77.45359706,77.09463675,86.72483063,94.22780152,82.88574024,79.54529202,79.58522867,84.46501425,80.51003719,80.21464736,78.48980924,81.75509353,69.26012182,85.04344422,89.42819305,79.60981762,85.79736663,67.3080111,81.60474885,83.65174775,78.31535194,78.48351143,80.34485929,82.6132133,90.95457543,78.86730703,78.15480135,88.52152085,76.57475062,81.96189931,93.36436488,83.85530127,85.11169025,80.41964819,83.7307428,85.65928202,91.99997278,91.72978652,86.14797794,77.93279887,1,0,0,0,0,3,0,0,0,2,0,0,0,3,0,0,0,3,0,0,1,0,0,0,0,2,0,0,0,3,0,0,0,2,0,0,0,2,0,0,1,0,0,0,0,3,0,0,1,0,0,0,0,3,0,0,0,2,0,0,0,2,0,0,1,0,0,0,0,3,0,0,1,2,0,0,1,0,0,0,264,320,56,0.825,15,417,2880,2463,0.144791667,708,78,1920,1842,0.040625,960,270,2880,2610,0.09375,960,90,2880,2790,0.03125,960,240,320,80,0.75,9,378,1920,1542,0.196875,597,657,2880,2223,0.228125,699,282,1920,1638,0.146875,678,108,1920,1812,0.05625,960,96,320,224,0.3,81,402,2880,2478,0.139583333,807,210,320,110,0.65625,33,612,2880,2268,0.2125,747,408,1920,1512,0.2125,684,240,1920,1680,0.125,648,102,320,218,0.31875,83,357,2880,2523,0.123958333,825,369,2240,1871,0.164732143,717,42,320,278,0.13125,272,0
11,train,increment,6,1080.009782,0.019406714,111.6537563,112.9872372,86.73238588,121.9725322,113.8137957,111.6962871,127.0076683,121.5247303,98.67379526,97.12889636,103.7784185,112.4274808,109.1057525,105.1819999,94.60475454,107.9616307,111.8644364,111.2702431,109.4747561,110.3550956,116.5810645,127.7462646,95.66106801,110.5238673,108.3208131,115.7553369,128.551492,115.078467,110.1899047,99.90587047,98.76921027,109.5159679,112.6453736,108.1086106,101.2396582,111.4139892,117.0298358,112.2097762,112.2897794,120.8475597,120.8031284,104.5848539,119.6152807,123.5942537,116.4035287,107.1781893,109.3497114,107.2149601,94.31399258,99.76706927,118.4422435,104.8286417,105.6791626,114.3634952,106.6555296,105.1828631,114.1328705,121.3442085,116.6782661,97.6092644,107.9482988,106.4073232,103.2858106,117.4354391,118.4599463,111.7487073,118.493545,100.4793854,102.5904451,113.5125156,107.0394915,103.3173974,118.4002259,110.3847647,103.0708358,116.6510068,120.0025234,124.6756263,122.3276033,111.083729,109.8743849,121.4247912,108.7384378,121.5614521,117.4681097,110.0154157,119.1778454,103.3790072,126.1268837,95.14646204,110.0810155,108.7336964,102.9502697,104.6974776,116.7307252,129.3579226,114.5899538,109.6471534,104.7112854,114.7250359,113.26717,113.5291743,106.0563399,105.8820773,99.86109342,120.1096981,122.3979823,110.13471,121.5443135,93.33183318,119.3958516,114.8275238,104.543601,109.3066503,107.4889768,109.0394004,124.2728902,95.86934123,108.2296623,119.0389294,105.8125336,112.8755251,132.1362441,116.7132615,107.8345881,106.5154017,110.8287165,110.5598602,121.573811,124.820492,118.2068668,101.9754643,1,0,0,0,0,3,0,0,0,2,0,0,0,3,0,0,0,3,0,0,1,0,0,0,0,2,0,0,0,3,0,0,0,2,0,0,0,2,0,0,1,0,0,0,0,3,0,0,1,0,0,0,0,3,0,0,0,2,0,0,0,2,0,0,1,0,0,0,0,3,0,0,1,2,0,0,1,0,0,0,318,320,2,0.99375,2,474,2880,2406,0.164583333,879,123,1920,1797,0.0640625,909,405,2880,2475,0.140625,960,123,2880,2757,0.042708333,960,240,320,80,0.75,9,483,1920,1437,0.2515625,561,873,2880,2007,0.303125,597,186,1920,1734,0.096875,765,201,1920,1719,0.1046875,960,81,320,239,0.253125,230,594,2880,2286,0.20625,960,195,320,125,0.609375,18,756,2880,2124,0.2625,633,663,1920,1257,0.3453125,561,225,1920,1695,0.1171875,813,144,320,176,0.45,69,471,2880,2409,0.163541667,750,528,2240,1712,0.235714286,576,48,320,272,0.15,257,0
11,train,increment,7,1260.005075,0.014096042,152.8473106,157.6959319,114.7512799,161.3314553,160.5990465,148.2496694,167.1594273,175.1462375,134.1495458,135.8209592,137.4757001,161.4228625,151.8693187,137.6852244,126.576116,144.7589478,155.747652,144.2932315,150.7474856,158.840452,155.5238393,169.921248,131.832569,151.5743829,142.7820943,157.0612144,174.8473842,156.3052051,155.7665719,133.2160924,127.5665569,154.4444658,155.9249525,145.6080231,138.4117785,150.716075,164.1078724,151.4331467,156.1101023,160.5487193,166.9871749,139.3365145,152.9599308,168.2949054,149.1281966,145.5602384,148.2401449,144.7675248,130.4164181,132.2229149,152.8314732,144.5002612,145.932339,158.5844602,143.7675878,143.907346,149.8551079,165.4537126,150.3647926,131.819396,160.5397226,147.1276187,141.004028,169.8614392,166.1882665,151.1969049,161.1123394,137.1193936,142.6589054,156.2979156,145.449834,130.8996706,155.7484475,150.0806828,145.4437278,149.0759013,161.1583873,177.9435069,155.3224564,148.0288336,150.7565288,161.3686453,141.9859382,168.8208075,156.7374562,143.6439425,159.8892796,137.2401661,161.8504558,120.9656686,143.6684829,147.8181253,137.8245367,142.7239078,158.7982027,165.3140784,154.5374508,150.7895436,141.7384537,161.4998045,142.5044403,146.0095924,147.5017852,141.1111522,140.2710159,157.9483064,169.4633195,152.9089579,163.2136205,132.6962164,152.5088928,150.3340161,154.5535901,143.9904468,141.8006991,145.8501406,167.7809634,125.5328571,140.096799,161.2098867,143.1935441,157.0970809,169.4788164,146.6892748,149.8600239,152.5576962,143.359252,144.3821863,166.0613758,172.6410336,167.1033084,138.5672287,1,0,0,0,0,3,0,0,0,2,0,0,0,3,0,0,0,3,0,0,1,0,0,0,0,2,0,0,0,3,0,0,0,2,0,0,0,2,0,0,1,0,0,0,0,3,0,0,1,0,0,0,0,3,0,0,0,2,0,0,0,2,0,0,1,0,0,0,0,3,0,0,1,2,0,0,1,0,0,0,318,320,2,0.99375,2,603,2880,2277,0.209375,810,147,1920,1773,0.0765625,885,450,2880,2430,0.15625,960,177,2880,2703,0.061458333,939,309,320,11,0.965625,3,669,1920,1251,0.3484375,456,1101,2880,1779,0.382291667,546,234,1920,1686,0.121875,555,261,1920,1659,0.1359375,720,126,320,194,0.39375,84,714,2880,2166,0.247916667,729,267,320,53,0.834375,9,1044,2880,1836,0.3625,504,744,1920,1176,0.3875,438,297,1920,1623,0.1546875,753,183,320,137,0.571875,27,675,2880,2205,0.234375,591,648,2240,1592,0.289285714,516,57,320,263,0.178125,242,0
11,train,increment,8,1440.000619,0.011851681,198.7743733,207.9542561,151.9456778,209.71528,212.977715,196.7088507,228.326349,233.8184003,174.0920004,177.4969947,185.863736,226.8400421,197.4834045,179.1468189,175.8177568,204.1982172,204.3719987,199.7274649,199.1162707,213.7639041,208.3767976,225.6032954,168.6770615,206.628918,188.3610443,216.9750484,218.4389694,216.8650978,207.6123911,178.7278046,190.0716993,202.5759664,209.3039958,190.8086254,190.3000897,202.7323558,216.793455,206.7032442,222.6926472,224.8699476,218.4622285,182.6922173,216.2828212,226.1188979,207.1702419,192.052178,199.2902022,193.0050551,176.7080752,180.8397721,212.0671942,189.4766816,199.7345076,219.3394375,199.5847779,192.8286172,205.3203203,228.1098943,203.3638335,182.0876918,214.4996173,207.3901707,194.207793,224.1015584,234.7953429,199.8498731,215.3849833,183.8548812,180.8191536,208.2915362,206.6216232,184.7053166,205.3149224,206.8626819,192.4109391,205.853784,232.2514552,230.6037709,206.1099668,192.5785158,191.7137445,230.2545266,197.1923274,231.0868787,220.6894702,191.0378471,222.9256421,186.6119658,213.3345632,166.4441723,201.7507892,193.5096849,198.5579946,187.6030935,210.3205338,219.3408179,197.1460487,207.1380884,194.0725903,211.7894557,199.8109718,191.1644318,201.918464,190.8587218,192.2483086,218.3986542,237.1534951,199.5667069,216.8219021,175.4424717,198.2352907,199.1457216,223.2638605,201.7721915,182.8957572,190.6758567,216.0104364,168.9343066,185.8419493,216.5349464,185.5828185,214.5919356,222.2844001,191.8940047,200.0307958,205.2228679,183.9302105,185.0703091,223.8381898,233.4044466,221.0222165,181.4791778,1,0,0,0,0,3,0,0,0,2,0,0,0,3,0,0,0,3,0,0,1,0,0,0,0,2,0,0,0,3,0,0,0,2,0,0,0,2,0,0,1,0,0,0,0,3,0,0,1,0,0,0,0,3,0,0,0,2,0,0,0,2,0,0,1,0,0,0,0,3,0,0,1,2,0,0,1,0,0,0,318,320,2,0.99375,2,888,2880,1992,0.308333333,723,267,1920,1653,0.1390625,642,594,2880,2286,0.20625,960,279,2880,2601,0.096875,960,312,320,8,0.975,3,1122,1920,798,0.584375,204,1596,2880,1284,0.554166667,279,426,1920,1494,0.221875,357,327,1920,1593,0.1703125,669,261,320,59,0.815625,11,921,2880,1959,0.319791667,654,309,320,11,0.965625,3,1209,2880,1671,0.419791667,453,1113,1920,807,0.5796875,261,390,1920,1530,0.203125,666,297,320,23,0.928125,3,867,2880,2013,0.301041667,495,837,2240,1403,0.373660714,279,108,320,212,0.3375,158,1
11,train,increment,9,1620.001727,0.009740343,270.0019372,277.4515986,207.5627719,279.7245503,277.9661038,270.2486305,305.7699854,295.3662753,224.5526734,238.5355333,240.7284822,290.8776726,254.8150449,238.2423362,238.5570413,276.0584837,272.6634932,269.5039799,269.2529031,295.806753,266.5664088,320.7949967,229.7915299,271.265444,259.7565164,294.1609345,278.3381952,303.5156095,274.0847465,220.9129076,271.2335076,270.9540947,282.2620404,271.5074368,249.1448889,277.4469954,298.6394491,264.142453,312.4969174,285.7997287,298.6592289,244.7857488,279.3552272,290.1993489,282.2117186,257.9385063,271.8398465,244.4900377,250.7429846,231.615608,293.9628225,255.3676783,272.503987,289.4205241,268.088949,272.5936589,285.5389597,310.4459144,270.3089501,248.8693707,278.8733147,274.7451338,256.6888771,311.112935,325.7744858,274.1367064,297.1600802,256.4408347,244.8609223,284.0477384,276.0918744,253.1077635,286.2158135,260.5259689,260.8975925,270.2270503,315.7604815,307.4531665,296.1014907,259.2784389,257.3718867,310.6297264,250.2583069,310.5967451,300.7719466,262.3049253,290.7238284,249.6675688,290.7261566,218.3254918,256.0947149,267.3220865,259.3585189,240.6089438,295.6599153,302.0930039,270.7250373,290.272425,252.9589865,266.7449627,263.3114827,261.0053841,282.647344,255.5255618,262.2127062,289.1054404,338.8808835,267.8169673,272.5512862,230.1412284,253.034404,263.3622185,311.2271376,252.1477497,241.0212469,263.4540015,275.5416971,235.3249176,251.3291715,302.590882,238.0987877,286.6077549,304.2189399,251.9882678,266.7127668,282.9907728,245.44151,256.9680802,307.7602106,316.3669956,290.8185678,249.695397,1,0,0,0,0,0,0,9,0,2,0,0,0,3,0,0,0,3,0,0,0,3,0,0,0,3,0,0,0,3,0,0,0,3,0,0,0,2,0,0,0,3,0,0,0,3,0,0,1,0,0,0,0,3,0,0,0,3,0,0,0,3,0,0,1,0,0,0,0,3,0,0,1,2,0,0,1,0,0,0,318,320,2,0.99375,2,723,8640,7917,0.083680556,960,552,1920,1368,0.2875,651,792,2880,2088,0.275,960,564,2880,2316,0.195833333,960,1008,2880,1872,0.35,192,1644,2880,1236,0.570833333,171,2175,2880,705,0.755208333,105,525,2880,2355,0.182291667,816,573,1920,1347,0.2984375,474,411,2880,2469,0.142708333,960,1287,2880,1593,0.446875,645,318,320,2,0.99375,2,1908,2880,972,0.6625,189,1395,2880,1485,0.484375,138,726,2880,2154,0.252083333,651,318,320,2,0.99375,2,1176,2880,1704,0.408333333,240,1218,2240,1022,0.54375,177,228,320,92,0.7125,26,0
11,train,increment,10,1800.001254,0.007798612,370.3686837,379.2822342,272.6837572,369.9066649,383.8101811,374.4381216,418.1406079,422.802583,304.9114752,334.3574407,323.3941237,385.443713,339.2361334,309.8605353,332.1604342,350.6821669,381.8199394,355.8254069,351.0602247,393.7436774,363.3653196,425.4486757,296.0330669,342.6714619,351.097571,412.2638729,365.6458112,404.3744969,388.0053576,268.4096212,343.6041875,375.8777551,378.4034026,363.4334842,358.3735132,350.3675708,402.6076617,334.6153749,417.2396429,406.919076,409.6360048,329.8148911,359.526045,388.9733986,409.60732,335.3967353,367.2782334,341.5185428,329.1305427,329.0840278,385.1672477,345.1500399,379.1150091,423.2415036,371.5448003,371.5350126,407.497465,395.7012966,349.990141,345.8571262,376.274096,382.4347993,361.2932408,429.6791496,438.7376207,370.7165049,395.8051744,328.6771245,330.2004093,379.1111905,379.2356192,351.5401751,376.029594,358.0965532,348.2634526,372.6994696,439.9492849,421.4164957,401.6084759,354.5625403,328.9023156,415.6705185,335.2790809,421.39176,412.1732446,346.8184615,395.8699125,326.0324717,401.9269775,293.4212518,343.6946219,375.3447164,354.365677,319.2637967,413.6019416,404.1053543,370.811057,358.9173427,341.9172656,371.420793,369.5922553,361.2455368,386.9932711,354.1812999,366.561792,379.6481673,455.7088207,357.81192,350.7432112,304.8134075,344.4954435,381.8100301,432.6382116,350.2259418,314.6054692,356.7666701,363.9363779,308.7852391,334.9412771,421.497692,323.6684974,399.6144292,376.2264775,333.4274912,379.4690366,370.9485901,337.0749471,355.2815359,406.9048777,425.0307682,413.1299641,335.5445303,1,0,0,0,0,0,0,9,0,2,0,0,0,3,0,0,0,3,0,0,0,3,0,0,0,3,0,0,0,3,0,0,0,3,0,0,0,2,0,0,0,3,0,0,0,3,0,0,1,0,0,0,0,3,0,0,0,3,0,0,0,3,0,0,1,0,0,0,0,3,0,0,1,2,0,0,1,0,0,0,318,320,2,0.99375,2,1623,8640,7017,0.187847222,960,288,1920,1632,0.15,765,1059,2880,1821,0.367708333,819,729,2880,2151,0.253125,960,984,2880,1896,0.341666667,267,2247,2880,633,0.780208333,36,2865,2880,15,0.994791667,3,816,2880,2064,0.283333333,402,471,1920,1449,0.2453125,882,633,2880,2247,0.219791667,960,1695,2880,1185,0.588541667,459,315,320,5,0.984375,3,2439,2880,441,0.846875,12,2052,2880,828,0.7125,51,831,2880,2049,0.288541667,642,315,320,5,0.984375,3,1533,2880,1347,0.532291667,102,1710,2240,530,0.763392857,18,312,320,8,0.975,3,1
11,train,increment,11,1980.000627,0.032260608,526.6067571,522.0846477,343.0723949,494.0431045,521.3515153,487.4887024,581.4327595,571.4443244,415.9004164,436.3970328,424.6704206,502.6768673,439.2301467,383.6181127,483.697864,481.4347357,515.4107011,464.855921,463.2726586,533.3667658,482.1875766,555.344556,368.2010426,468.2387367,511.5667339,565.7930659,465.258364,533.0407624,552.383324,368.0459218,451.8003926,523.8647594,490.1899678,502.3332451,490.160636,491.7230072,558.4339579,484.9144312,532.1316292,522.0148364,532.9828774,444.5545288,483.8132379,505.9806253,529.3898346,420.6399416,470.3162329,498.7139013,453.9599045,425.2920096,539.1949387,478.6618465,473.2696704,546.7131078,468.8147581,500.6976958,552.4190413,523.2440052,445.9273004,463.8768236,466.3358217,503.2920887,473.2130834,616.7608852,567.5925987,479.7270869,503.5356434,453.2814689,460.242194,534.7257776,537.0601753,471.7737976,516.5540634,490.8828954,481.2122408,517.2221836,544.045799,582.4381481,545.2425466,494.2645174,427.1965318,549.3074072,455.3115781,588.4806146,560.5595047,472.6710121,557.5732384,441.7177676,510.0431017,373.2222853,446.7086482,500.8630255,478.528496,445.9651478,536.0591355,538.6335632,485.9798209,459.4109468,460.2288659,526.927096,496.1618538,510.594258,507.370649,489.5241769,505.965585,536.7206042,555.4297273,494.1590107,497.4115403,382.2767619,445.427731,507.798914,569.2284792,455.5791113,398.8934179,467.5101846,498.4241098,426.837671,438.8001464,574.891085,441.8944713,546.1406685,518.2649247,442.5406058,491.2945026,498.7566124,450.4674187,479.8032769,566.5222463,616.8862607,571.4396775,470.6724348,0,3,0,0,0,0,0,9,0,2,0,0,0,3,0,0,0,3,0,0,0,3,0,0,0,3,0,0,0,3,0,0,0,3,0,0,0,2,0,0,0,3,0,0,0,3,0,0,0,0,0,9,0,0,0,9,0,3,0,0,0,3,0,0,1,0,0,0,0,3,0,0,1,2,0,0,1,0,0,0,942,2880,1938,0.327083333,552,2058,8640,6582,0.238194444,960,489,1920,1431,0.2546875,462,1572,2880,1308,0.545833333,312,660,2880,2220,0.229166667,528,1239,2880,1641,0.430208333,93,2115,2880,765,0.734375,15,2874,2880,6,0.997916667,3,1569,2880,1311,0.544791667,66,681,1920,1239,0.3546875,705,1113,2880,1767,0.386458333,117,2670,2880,210,0.927083333,15,807,8640,7833,0.093402778,960,3672,8640,4968,0.425,621,2265,2880,615,0.786458333,15,1539,2880,1341,0.534375,198,309,320,11,0.965625,3,2130,2880,750,0.739583333,36,2187,2240,53,0.976339286,3,315,320,5,0.984375,3,1
11,train,increment,12,2160.000983,0.052434485,723.3900404,682.9839578,465.3086113,658.7368001,675.0415044,640.9285162,839.0597733,790.3004264,533.3398624,551.6421202,562.3434461,668.4093973,603.5454047,495.9781916,649.6960523,647.1741119,685.3890981,615.0767278,641.4195633,690.6006118,673.4037002,699.9617417,510.1758813,648.3367286,701.3495259,746.5783028,626.3909471,683.4060591,789.9135067,492.1131508,594.0486424,697.8101668,669.7634354,671.1749348,657.1882526,658.1852924,748.2189625,667.0488335,699.1370264,678.3084588,692.8231079,618.6091882,652.0869065,686.6938666,714.7734355,554.3247662,607.9657361,636.7339753,603.871116,582.895665,701.2993977,625.2031141,624.2806085,795.5422165,647.8549953,640.6251864,746.2453628,714.0706825,620.4527151,588.7257758,586.8433028,644.1002815,659.6964477,854.2660271,751.0313486,652.7066037,689.8242576,633.277474,623.5602194,666.2399076,721.351765,676.2889916,706.9458133,654.3716512,673.8002296,687.4501759,755.1853467,801.1195411,727.8365743,658.349745,545.1977349,725.0657158,561.3857952,790.2148386,766.1571874,608.1477061,772.1790814,598.917485,715.2340932,509.8699291,587.3708256,664.1299348,661.6427127,603.3003269,744.7131448,751.6374164,638.734396,651.0711737,631.1253799,693.0095754,677.1538692,655.1541166,655.668861,669.6815217,700.0706313,741.0182862,767.4322113,701.5254063,685.5876911,555.3487163,581.254358,670.4478144,724.3260219,625.3197388,535.3464333,626.2038857,630.4538299,581.6695094,580.185118,761.6163698,632.7304715,757.4678915,716.8726014,607.0329201,636.4713708,685.7281856,596.0896431,630.294572,761.344456,853.4196499,744.7685957,653.2701197,0,3,0,0,0,0,0,9,0,2,0,0,0,3,0,0,0,3,0,0,0,3,0,0,0,3,0,0,0,3,0,0,0,3,0,0,0,2,0,0,0,3,0,0,0,0,0,9,0,0,0,9,0,0,0,9,0,3,0,0,0,3,0,0,1,0,0,0,0,3,0,0,0,0,0,9,0,3,0,0,2115,2880,765,0.734375,33,2538,8640,6102,0.29375,960,834,1920,1086,0.434375,84,2277,2880,603,0.790625,69,558,2880,2322,0.19375,864,1311,2880,1569,0.455208333,69,1986,2880,894,0.689583333,30,2871,2880,9,0.996875,3,2634,2880,246,0.914583333,12,1224,1920,696,0.6375,87,1308,2880,1572,0.454166667,177,3237,8640,5403,0.374652778,960,1824,8640,6816,0.211111111,960,4599,8640,4041,0.532291667,492,2784,2880,96,0.966666667,6,2469,2880,411,0.857291667,12,318,320,2,0.99375,2,2592,2880,288,0.9,9,3141,8640,5499,0.363541667,960,390,2880,2490,0.135416667,960,1
11,train,increment,13,2340.000037,0.048604773,977.8695944,876.4904888,659.0665998,869.7225282,873.0205829,869.5052962,1088.354986,1020.880808,725.460219,745.8500231,750.0474897,879.3054689,811.4501788,716.2949981,869.194051,855.5568593,913.4748657,795.1650195,877.6585374,918.9951876,933.9232054,979.743471,675.4177466,885.518219,968.8493732,1020.472565,848.7684678,903.9686757,1055.790647,676.5762538,771.9568496,968.6791721,952.3333445,913.6918599,864.6786264,856.7147978,1028.268027,870.6487557,944.4546758,864.0986898,920.5814677,820.1797318,896.8983265,951.5008886,937.9833907,789.4852178,798.4683371,829.7916668,791.5509092,796.0379722,912.4313949,846.3060626,827.6984624,1020.42909,874.8059837,872.3684919,1023.878556,1014.632065,809.0309514,775.89386,769.4633791,848.7161127,910.4836569,1126.825661,1076.929789,859.7917265,948.4729188,854.7822083,837.931902,873.9157376,876.6507941,936.7411392,975.1909691,835.9387469,934.5336927,871.1902858,986.5948453,1105.315444,971.1422431,936.5223557,747.5270003,1053.324356,763.2767872,1034.306819,1036.719136,826.5074289,966.8637189,791.3617719,977.625699,712.8593822,765.7879517,902.8671046,898.7010094,800.1262868,902.4316935,1000.715783,807.8356822,846.4364401,862.3970006,943.1242722,885.2595759,824.8643391,855.8671829,891.9996388,957.8065202,994.1952086,1020.362938,942.5845187,909.3728463,732.9167579,757.7710533,888.5070049,933.3581463,882.8812144,667.2097324,882.0735758,805.4650527,785.2788561,769.2948025,1110.484657,853.3212821,1015.253814,947.8333396,750.9487921,862.8073309,963.2766085,822.8212054,828.1088517,1054.990043,1267.306246,1031.440141,884.6386518,0,3,0,0,0,0,0,9,0,2,0,0,0,3,0,0,0,3,0,0,0,3,0,0,0,3,0,0,0,3,0,0,0,3,0,0,0,2,0,0,0,3,0,0,0,0,0,9,0,0,0,9,0,0,0,9,0,3,0,0,0,3,0,0,1,0,0,0,0,3,0,0,0,0,0,9,0,3,0,0,2586,2880,294,0.897916667,18,2736,8640,5904,0.316666667,960,1311,1920,609,0.6828125,21,2562,2880,318,0.889583333,9,804,2880,2076,0.279166667,717,1818,2880,1062,0.63125,57,2370,2880,510,0.822916667,21,2862,2880,18,0.99375,3,2829,2880,51,0.982291667,3,1686,1920,234,0.878125,12,1800,2880,1080,0.625,45,4914,8640,3726,0.56875,960,2436,8640,6204,0.281944444,960,5598,8640,3042,0.647916667,120,2868,2880,12,0.995833333,3,2829,2880,51,0.982291667,3,318,320,2,0.99375,2,2847,2880,33,0.988541667,3,3576,8640,5064,0.413888889,960,1107,2880,1773,0.384375,606,1
11,train,increment,14,2520.000407,0.070410943,1347.635664,1197.960497,861.7373289,1131.531723,1160.275964,1096.969198,1401.255873,1371.380174,998.7467927,990.4043153,1052.857263,1228.095242,1082.287941,972.8588482,1153.118803,1255.348874,1260.918075,1050.861457,1201.42489,1197.910706,1212.633734,1339.747888,887.1792612,1191.639969,1269.434496,1401.935055,1203.955077,1216.966349,1456.517542,894.6420312,993.0367936,1301.964468,1211.690216,1130.56392,1143.387704,1138.091549,1381.124448,1211.142676,1325.610946,1232.899221,1192.659764,1108.622716,1247.731723,1289.434794,1207.133145,1023.357113,1072.930398,1155.768847,1061.388004,1088.005376,1313.150913,1157.022865,1095.072519,1345.082809,1178.851548,1117.606657,1364.464395,1450.551196,1113.386884,1075.099247,1014.046021,1215.663916,1203.48456,1567.37611,1427.046448,1105.584294,1341.010086,1144.327408,1137.941405,1152.736948,1116.397006,1231.080909,1362.301985,1182.45618,1209.220068,1111.455921,1304.910073,1471.118515,1284.795158,1259.721173,996.3697501,1431.056898,990.4055833,1452.067105,1401.048369,1196.567047,1268.789849,1069.402525,1421.916403,983.8453505,1034.164832,1223.169861,1247.574878,1095.283891,1231.271128,1361.245766,1136.159946,1166.538766,1131.665401,1220.226468,1237.889638,1087.560846,1129.235062,1189.614626,1317.069255,1235.492496,1354.464414,1385.402111,1195.631596,1055.773484,1074.268423,1199.270087,1299.676186,1232.591079,858.9588191,1199.768643,1154.248861,1081.253648,1057.144471,1413.145299,1145.502203,1282.171234,1268.300616,987.4997375,1187.064046,1329.328393,1070.428513,1183.490502,1370.306698,1691.891291,1442.490137,1214.21161,0,3,0,0,0,0,0,9,0,2,0,0,0,3,0,0,0,3,0,0,0,3,0,0,0,3,0,0,0,3,0,0,0,3,0,0,0,2,0,0,0,3,0,0,0,0,0,9,0,0,0,9,0,0,0,9,0,3,0,0,0,3,0,0,1,0,0,0,0,3,0,0,0,0,0,9,0,3,0,0,2853,2880,27,0.990625,3,3075,8640,5565,0.355902778,960,1410,1920,510,0.734375,24,2730,2880,150,0.947916667,6,1314,2880,1566,0.45625,117,2268,2880,612,0.7875,12,2847,2880,33,0.988541667,3,2877,2880,3,0.998958333,3,2805,2880,75,0.973958333,3,1797,1920,123,0.9359375,6,2778,2880,102,0.964583333,6,6216,8640,2424,0.719444444,102,3669,8640,4971,0.424652778,663,6816,8640,1824,0.788888889,24,2871,2880,9,0.996875,3,2841,2880,39,0.986458333,3,318,320,2,0.99375,2,2871,2880,9,0.996875,3,4122,8640,4518,0.477083333,930,1743,2880,1137,0.605208333,153,1
12,train,increment,1,180.0130499,0,25.51168527,26.19225776,25.78654616,26.30489861,25.61010621,26.69833907,26.73612216,26.08887736,25.49005319,26.04708088,27.08302471,24.9445384,25.12717896,25.97908421,26.88488773,26.54743948,24.96889828,25.61173861,26.37130444,26.24747975,25.45631183,25.18679425,25.54899279,25.68019957,25.91771021,26.61509228,26.53186931,26.43953247,25.98905104,26.45497174,25.9265859,24.1305718,27.21163396,25.91303061,24.42973939,25.27017497,26.39834628,26.19298359,25.50240345,25.2066289,25.09944455,24.87780132,26.06409217,25.40451084,26.49674086,25.09500118,26.08874091,26.25920673,25.59217553,25.37145653,25.76873054,25.64958005,25.0337313,24.5611253,25.26601155,25.98753863,26.36971996,26.06920323,27.26901468,25.06395833,25.12047997,26.56672875,25.59646812,26.39389189,25.14019106,25.38327757,25.27043597,25.1269232,24.42285281,26.33955528,26.82210952,27.80075058,24.42801759,26.07123222,25.48795452,25.4914266,24.67000816,25.10103302,25.21251864,27.17160048,24.78920303,27.31984453,26.42117079,25.71483045,26.70284801,24.51381755,24.59968838,26.37194256,24.88859739,24.49094027,25.35781686,24.45445665,26.38161814,24.69967692,24.76948603,25.87048359,26.06437116,25.47543387,26.18944843,25.85126023,27.5746682,26.87028785,24.42847705,25.46308765,26.01892607,24.2414106,26.7355734,25.92544544,25.21385354,24.79774542,26.20555873,23.95540557,25.33757447,26.70746376,26.25809638,24.2143241,27.82178304,25.2858466,24.65018615,25.44765425,26.86764268,25.54285799,24.95113252,24.29688535,27.38043017,27.63252732,26.61551765,24.79397672,24.99106565,25.81795699,25.63305341,27.63252477,1,0,0,0,1,0,0,0,1,0,0,0,1,0,0,0,1,0,0,0,1,0,0,0,1,0,0,0,1,0,0,0,1,0,0,0,1,0,0,0,1,0,0,0,1,0,0,0,1,0,0,0,1,0,0,0,1,0,0,0,1,0,0,0,1,0,0,0,1,0,0,0,1,0,0,0,1,0,0,0,75,320,245,0.234375,215,114,320,206,0.35625,92,48,320,272,0.15,230,72,320,248,0.225,194,24,320,296,0.075,263,78,320,242,0.24375,77,117,320,203,0.365625,74,195,320,125,0.609375,83,75,320,245,0.234375,221,36,320,284,0.1125,281,18,320,302,0.05625,299,87,320,233,0.271875,194,33,320,287,0.103125,182,162,320,158,0.50625,83,132,320,188,0.4125,86,33,320,287,0.103125,269,30,320,290,0.09375,263,108,320,212,0.3375,83,102,320,218,0.31875,104,9,320,311,0.028125,311,0
12,train,increment,2,360.0138487,0,35.53545716,33.82784597,34.3101867,34.91995422,33.86495348,35.5696355,37.1813164,34.69629341,33.65134035,33.09781303,36.32859222,32.98518793,34.09584141,36.06712061,34.38620451,35.82418022,31.84960169,35.20154049,35.47818956,38.26284686,32.90354542,33.21566177,31.70911195,36.50968275,35.91582914,37.12906769,36.84908749,36.10630491,34.488927,34.03736441,33.90177568,33.32308257,33.55641571,35.62610309,32.31610578,35.03294816,35.85964921,37.29053713,33.9185187,35.13251385,35.52674058,32.72217387,39.06520733,36.82963366,34.34346459,32.71041703,35.73413901,37.2330408,36.30296625,35.1989588,35.07889213,35.63098005,35.78972856,33.11504493,32.38892708,34.28869019,34.09816352,35.24519245,34.32068906,35.48000667,34.93859615,35.29613309,34.04430442,35.96523355,33.1140696,34.99909805,33.55389679,34.53611586,32.4922198,35.87629411,35.79186121,38.46381158,30.4981788,34.65068121,36.74783805,35.55288826,34.65450458,33.62144905,34.33903634,38.23119062,32.89409645,36.29572268,35.84867416,32.9536308,37.17401509,31.37666298,34.73242772,34.32299455,34.35793552,33.65322726,34.83244773,31.51870774,36.15696106,32.09865181,31.18670703,33.89013501,34.91229638,32.98021085,33.70436155,36.58101508,33.66923394,35.62731441,34.01955153,36.34400593,38.01395552,33.30849676,35.03483902,34.80122616,34.05652117,32.13287326,35.47580927,32.32428006,32.1000002,35.54239951,34.89871201,32.9325102,36.82021952,35.82284866,32.23036111,31.87589122,36.81472848,33.27470293,34.88333768,33.64223462,36.64505144,36.99242954,33.89309745,35.21004026,34.55271349,34.26658068,38.19817508,37.243022,1,0,0,0,1,0,0,0,1,0,0,0,1,0,0,0,1,0,0,0,1,0,0,0,1,0,0,0,1,0,0,0,1,0,0,0,1,0,0,0,1,0,0,0,1,0,0,0,1,0,0,0,1,0,0,0,1,0,0,0,1,0,0,0,1,0,0,0,1,0,0,0,1,0,0,0,1,0,0,0,102,320,218,0.31875,200,129,320,191,0.403125,65,45,320,275,0.140625,206,135,320,185,0.421875,50,18,320,302,0.05625,254,78,320,242,0.24375,51,147,320,173,0.459375,71,264,320,56,0.825,23,57,320,263,0.178125,191,54,320,266,0.16875,236,42,320,278,0.13125,209,174,320,146,0.54375,50,84,320,236,0.2625,119,276,320,44,0.8625,38,177,320,143,0.553125,24,45,320,275,0.140625,227,66,320,254,0.20625,194,183,320,137,0.571875,41,141,320,179,0.440625,104,15,320,305,0.046875,296,1
12,train,increment,3,540.0497794,0.016242318,46.23352926,46.20895365,47.19689559,42.17612574,46.64327078,47.22027501,53.51893086,45.01232691,44.31143214,45.73181114,51.37784559,45.36299411,45.24101895,48.84323574,46.01496729,47.05619726,45.64198654,48.49258012,49.93910079,52.85828443,42.14781432,43.42789266,42.78554967,49.28400459,46.34789814,46.95378747,50.21398331,50.9177733,43.03567775,45.18281928,48.47668975,47.78662009,44.63292922,45.99581921,45.84355056,50.19491949,48.99893995,50.77722153,46.37237324,47.29366662,48.02368416,44.64949677,53.92192345,49.79245003,46.73898926,39.30967937,46.88225942,53.39387256,49.70012654,46.56681618,45.91711363,45.93285807,48.00687062,45.36805125,44.65858738,46.42598239,45.35492962,46.95177567,48.50694351,47.7910876,47.78905577,47.92100521,44.49504783,46.93693554,44.25796342,44.64735635,46.07123249,47.24187062,41.45937991,47.2666674,47.87709988,51.93041897,42.23499669,47.46000822,46.22414322,48.87920793,47.69986905,46.53501157,46.18200281,51.37050592,45.31979058,47.35505292,48.31141233,43.33017568,50.2344776,40.27143285,44.50679149,47.3425574,46.28277284,42.35702785,46.44432815,45.09706837,47.65079471,42.86891501,41.94073558,43.22083104,47.73405916,43.53912226,43.82872444,47.76639676,45.73406565,47.53809966,45.72160254,46.61934476,48.83502653,43.73500507,47.65668619,46.54239418,46.22672538,43.8644721,47.51227939,45.61877846,41.46251708,48.69706284,48.08296792,44.16918637,45.88889728,50.58316355,44.80249789,40.7300859,48.12009691,43.68745683,45.77458918,47.33920117,49.44777917,49.39001471,45.47856052,47.74904768,46.82314414,45.61228946,53.99509836,52.13256662,1,0,0,0,1,0,0,0,1,0,0,0,1,0,0,0,1,0,0,0,1,0,0,0,0,3,0,0,0,3,0,0,1,0,0,0,1,0,0,0,1,0,0,0,1,0,0,0,1,0,0,0,0,3,0,0,0,3,0,0,1,0,0,0,0,3,0,0,0,3,0,0,1,0,0,0,1,0,0,0,126,320,194,0.39375,134,177,320,143,0.553125,110,48,320,272,0.15,182,162,320,158,0.50625,56,45,320,275,0.140625,254,111,320,209,0.346875,137,150,2880,2730,0.052083333,888,372,2880,2508,0.129166667,819,114,320,206,0.35625,102,51,320,269,0.159375,188,57,320,263,0.178125,263,204,320,116,0.6375,56,78,320,242,0.24375,99,351,2880,2529,0.121875,795,201,2880,2679,0.069791667,849,102,320,218,0.31875,120,84,2880,2796,0.029166667,954,195,2880,2685,0.067708333,843,219,320,101,0.684375,45,21,320,299,0.065625,293,0
12,train,increment,4,720.0041235,0.010893499,58.85552008,63.36840159,63.50842986,56.84729374,62.59408525,66.3693333,79.0269086,60.64135877,61.83640905,58.93951828,66.46529258,59.47090257,64.3599176,63.30914218,61.8364424,70.38220507,59.88127782,67.25220616,69.03556407,71.52086757,55.94670426,57.72347467,57.52189173,62.5088392,61.57910459,61.68006699,63.21701007,70.29416685,57.23755955,59.94875911,63.89998422,61.71845934,60.15621646,63.77971299,65.05812123,69.01255032,69.38683176,69.12324355,62.37210366,64.22563436,65.24444809,60.27904214,70.24950904,64.64952723,64.45462075,52.63143964,62.05559492,72.03941879,64.75048168,61.45145156,64.11186359,61.51042472,63.95228231,64.52816122,62.99059069,62.72550648,60.29731082,62.99834734,65.17681894,63.61060362,63.73559971,63.74442409,57.28966518,62.41955057,60.88023267,60.89878375,63.23372794,61.9698388,53.87819785,63.82072951,62.69784576,66.43169807,57.15984318,60.86837081,65.15332561,64.59802296,63.75556158,60.89517728,60.32200777,68.22715146,60.05299815,62.27732572,68.59213472,59.64293216,70.8773675,51.39199415,57.66231231,64.19996988,61.23546506,59.9004027,61.3750825,63.08626314,66.40611758,52.83278117,56.9971769,56.97070473,65.76102251,56.42319157,60.66096562,62.46297171,61.68603035,62.43887246,65.92458707,60.82262197,63.24224808,60.97000919,65.32819753,65.15660065,64.12783993,57.87321867,65.1401534,58.45635935,56.04056428,64.31486807,60.72868561,59.48067018,61.4558064,70.17099644,60.03761523,55.44382471,63.13905005,59.32144398,62.08650593,68.32694629,66.5536985,65.77072249,57.69110762,60.03227152,59.80982327,57.57587964,73.80480236,70.00813335,1,0,0,0,1,0,0,0,1,0,0,0,1,0,0,0,1,0,0,0,1,0,0,0,0,3,0,0,0,3,0,0,1,0,0,0,1,0,0,0,1,0,0,0,1,0,0,0,1,0,0,0,0,3,0,0,0,3,0,0,1,0,0,0,0,3,0,0,0,3,0,0,1,0,0,0,1,0,0,0,150,320,170,0.46875,119,258,320,62,0.80625,20,72,320,248,0.225,128,228,320,92,0.7125,9,51,320,269,0.159375,269,138,320,182,0.43125,80,258,2880,2622,0.089583333,828,498,2880,2382,0.172916667,786,108,320,212,0.3375,80,123,320,197,0.384375,83,69,320,251,0.215625,233,312,320,8,0.975,3,105,320,215,0.328125,36,459,2880,2421,0.159375,765,297,2880,2583,0.103125,717,132,320,188,0.4125,56,108,2880,2772,0.0375,960,279,2880,2601,0.096875,828,255,320,65,0.796875,20,6,320,314,0.01875,311,0
12,train,increment,5,900.0374467,0.013991559,77.74770013,85.17761159,85.46823705,79.67841744,81.74042419,87.12486548,103.3853429,77.7432878,80.72616906,84.88897262,92.27386695,80.76140051,84.92773697,83.01434776,81.22773791,97.94241903,80.27725842,90.37573081,88.37106808,93.0559898,72.65823123,74.28921293,77.68104078,82.83457594,81.41541078,80.55518973,89.42946937,99.36266784,80.62303585,76.97262019,89.57077259,82.12752117,83.8947224,85.83876636,86.58212739,95.67120855,98.16342651,91.27027632,88.34652787,87.67246177,83.22977331,84.43819572,90.24995941,85.46211266,85.92179985,74.11246654,84.00522703,96.1777558,90.73930703,82.87268026,82.52990376,80.69481955,83.48146109,85.55384815,89.48322949,84.44893885,82.07451014,86.87930142,92.73505003,91.42014506,84.05969462,89.5157357,75.29322381,86.77953323,82.35868702,78.00228722,82.99863926,82.40175638,75.51030904,87.02201791,81.88126118,90.21275341,72.55189247,77.96672659,90.38649056,81.83709214,84.04669414,77.31620811,79.81085474,88.74046333,78.2446933,83.76587188,96.05688651,80.14790192,90.98566251,69.52822108,75.81457339,88.1003094,84.43427535,77.34033005,85.47073431,82.24787059,86.31496792,72.26183429,74.73589904,76.66181649,87.22349708,76.01918638,84.83913302,85.82993111,79.24218058,84.62685837,88.51606814,80.95014041,89.32855235,81.38626164,82.43917088,88.73066672,92.41390252,80.49064072,87.63741115,76.65969381,82.22841237,87.26435122,86.67868549,78.11928501,82.42609209,93.34695818,78.19901442,77.66062383,81.53023821,80.50131251,80.26052838,93.91319172,93.07592429,89.21442981,81.67059902,77.71763421,74.99879916,70.44217134,95.95864063,91.97334058,1,0,0,0,1,0,0,0,1,0,0,0,1,0,0,0,1,0,0,0,1,0,0,0,0,3,0,0,0,3,0,0,1,0,0,0,1,0,0,0,1,0,0,0,1,0,0,0,1,0,0,0,0,3,0,0,0,3,0,0,1,0,0,0,0,3,0,0,0,3,0,0,1,0,0,0,1,0,0,0,258,320,62,0.80625,9,291,320,29,0.909375,6,177,320,143,0.553125,30,261,320,59,0.815625,6,81,320,239,0.253125,80,258,320,62,0.80625,18,369,2880,2511,0.128125,816,666,2880,2214,0.23125,696,87,320,233,0.271875,33,120,320,200,0.375,41,102,320,218,0.31875,161,291,320,29,0.909375,6,171,320,149,0.534375,24,549,2880,2331,0.190625,684,354,2880,2526,0.122916667,693,126,320,194,0.39375,42,156,2880,2724,0.054166667,957,384,2880,2496,0.133333333,768,297,320,23,0.928125,6,36,320,284,0.1125,212,1
12,train,increment,6,1080.007969,0.026627685,105.3690651,112.2201728,109.8519064,101.7887087,109.6542606,118.8706057,128.3599492,107.13982,105.0239255,118.3441175,120.7522079,105.9639887,114.7806987,109.6772135,109.5021115,130.70226,104.8260297,128.7684248,116.3367337,124.2607379,98.65575897,98.96850126,102.1707141,109.2140523,111.155651,107.6407203,118.1768348,145.1640123,108.6893992,102.628922,120.1630773,113.5609005,110.4525165,117.1253838,116.2005544,125.2585966,134.4562955,118.5264454,123.4639629,125.8564963,112.0092469,114.2984629,121.6490664,117.5021922,119.0288256,99.39097297,109.8883365,128.622988,123.6986806,114.4830766,118.3722997,111.3088132,109.4937531,115.4490304,123.0056334,117.8758569,104.1408598,114.8963646,121.1531141,124.202271,110.3811945,117.9727177,105.4158428,113.968785,107.7821817,105.6076959,115.0811962,110.7264309,100.5712887,115.4456174,112.3189904,117.0611576,102.2655886,101.2225929,125.8243708,110.2274099,118.9002243,108.8741386,105.3481686,120.415845,101.887281,109.2354164,129.2861965,106.7490794,117.5865394,93.05511318,104.3627563,122.6751297,124.8184021,109.8145989,115.6158565,109.2001264,119.8901963,97.10334454,101.1787253,108.0144713,113.412451,101.4380607,110.8440336,116.4792522,114.0829188,114.5832633,123.3534347,110.4848071,118.2070207,108.3889863,108.3907595,117.2524668,127.223209,107.0942686,121.4589695,105.3190993,112.1117414,114.0104692,117.7032032,101.1577373,116.3201914,125.6424114,109.3810792,104.6918875,111.8376108,110.0849441,106.9948543,123.6207826,122.87475,129.3586317,118.220272,107.41947,99.68886135,95.77123984,129.1470077,118.1027452,0,3,0,0,0,3,0,0,1,0,0,0,1,0,0,0,1,0,0,0,1,0,0,0,0,3,0,0,0,3,0,0,0,3,0,0,1,0,0,0,1,0,0,0,0,3,0,0,0,3,0,0,0,3,0,0,0,3,0,0,0,3,0,0,0,3,0,0,0,3,0,0,0,3,0,0,1,0,0,0,252,2880,2628,0.0875,882,525,2880,2355,0.182291667,828,144,320,176,0.45,51,318,320,2,0.99375,2,192,320,128,0.6,66,285,320,35,0.890625,12,555,2880,2325,0.192708333,606,1011,2880,1869,0.351041667,579,174,2880,2706,0.060416667,909,177,320,143,0.553125,44,174,320,146,0.54375,68,516,2880,2364,0.179166667,834,246,2880,2634,0.085416667,714,810,2880,2070,0.28125,678,591,2880,2289,0.205208333,609,213,2880,2667,0.073958333,960,153,2880,2727,0.053125,960,510,2880,2370,0.177083333,726,501,2880,2379,0.173958333,618,54,320,266,0.16875,254,0
12,train,increment,7,1260.009215,0.019041882,134.9224926,150.5287918,145.1320685,139.8971788,157.5479375,162.8232836,171.6433656,145.2319961,141.0261799,166.6607408,163.8648925,134.9417624,154.7547127,148.3367676,141.8175735,177.3649744,128.7462298,172.9854827,160.9688355,169.0323379,139.0955128,132.3823576,138.7790984,143.5028684,154.9488738,141.4310666,155.8042116,205.8498718,151.6476058,134.101642,151.4482723,152.4326627,143.4364375,156.7447148,163.2032368,170.2790298,176.4642743,160.9383355,175.2212879,168.721725,145.7407055,153.4481932,169.4673854,160.6518318,156.7403147,134.8274855,147.245559,168.6953079,165.9296301,148.8853834,167.5570142,150.3837157,143.2406952,145.8810228,171.5727057,160.0733074,142.2061658,154.6736075,161.2644587,173.6373788,149.851359,160.3014506,136.066909,146.6033938,142.3908261,140.1068027,154.395147,143.3269253,136.3911156,144.9867995,151.5467065,154.4015706,139.499285,138.4895066,171.3201563,149.2115406,160.4147679,146.2440564,146.5203048,169.2887783,147.0716513,150.8308077,165.6260945,147.104628,159.6418173,126.0970781,141.787036,167.8522045,172.3480296,151.092046,158.8260077,147.9043211,153.7883916,125.7795046,136.0118973,141.1662248,151.1110903,140.8367458,152.2733215,154.3435456,150.8650472,144.9804737,171.8158293,151.1289469,159.6011277,149.5347658,139.4271958,152.4911981,174.8230672,136.7187214,166.6223446,144.5889933,152.0785161,154.7202445,152.4120666,132.2818942,147.3784325,171.8607032,146.8362667,144.0530696,149.6632271,145.2536258,139.8412891,157.9366149,178.1161809,169.3365586,165.8099409,161.9720709,121.7347135,122.343653,163.5278126,158.1934489,0,3,0,0,0,3,0,0,1,0,0,0,1,0,0,0,1,0,0,0,1,0,0,0,0,3,0,0,0,3,0,0,0,3,0,0,1,0,0,0,1,0,0,0,0,3,0,0,0,3,0,0,0,3,0,0,0,3,0,0,0,3,0,0,0,3,0,0,0,3,0,0,0,3,0,0,1,0,0,0,528,2880,2352,0.183333333,654,783,2880,2097,0.271875,903,138,320,182,0.43125,45,318,320,2,0.99375,2,174,320,146,0.54375,51,288,320,32,0.9,6,720,2880,2160,0.25,462,1404,2880,1476,0.4875,495,273,2880,2607,0.094791667,915,306,320,14,0.95625,3,195,320,125,0.609375,36,564,2880,2316,0.195833333,960,342,2880,2538,0.11875,762,1098,2880,1782,0.38125,504,816,2880,2064,0.283333333,501,291,2880,2589,0.101041667,960,267,2880,2613,0.092708333,960,723,2880,2157,0.251041667,576,681,2880,2199,0.236458333,579,72,320,248,0.225,239,0
12,train,increment,8,1440.00602,0.017269355,184.4790888,196.2063881,189.8523117,189.5419524,208.4989623,231.4542104,232.7942902,191.3089334,185.6254378,227.926214,230.9923386,181.4665442,219.6529881,197.5151009,185.4562026,230.5631892,171.5691658,232.8334586,201.7904461,240.5999841,181.0452465,181.1077144,182.2343984,199.9293422,213.7733792,185.8587467,219.443098,276.9758527,214.7292178,184.3630283,203.2023384,209.7656014,194.6042482,203.9802192,215.6896497,231.0631442,238.9642277,209.5325435,221.3628377,220.6130652,195.7298224,203.2657155,227.5097322,216.9263396,197.0066481,181.1493268,201.9713801,214.512742,230.7282311,211.2800027,230.0759041,208.3358402,198.7809517,194.2384427,228.1052464,212.4071265,201.9075204,224.6363157,214.6611108,234.4937693,204.2891413,204.1145611,195.6425601,200.9702235,189.0308181,184.8017698,213.7911176,207.8715589,180.8518786,198.5449854,207.8429525,206.2761413,186.2189115,186.548028,231.6424831,194.1212076,224.6621744,183.5671831,193.765752,236.0767214,198.0823269,209.8938776,224.0972201,202.8819912,220.9614893,167.9282595,184.770998,217.7658918,223.9681308,197.9480023,212.0547761,194.8943963,208.3738623,164.8475994,182.1543291,188.5928275,206.3544299,200.4652762,200.0005298,215.4113851,196.6265113,199.3389297,216.461149,191.0774037,202.5303189,208.1673237,186.8082779,199.8956741,233.1474195,185.3403828,238.5445684,191.1170249,203.9454202,206.8238523,206.0670696,182.219804,201.2878682,234.8840561,205.9788606,191.1059099,193.3607544,195.4421327,192.7469131,216.1266566,236.7127574,222.2395137,219.9606372,231.8897211,171.2715208,159.4858439,226.2768528,204.861227,0,3,0,0,0,3,0,0,1,0,0,0,1,0,0,0,1,0,0,0,1,0,0,0,0,3,0,0,0,3,0,0,0,3,0,0,1,0,0,0,1,0,0,0,0,3,0,0,0,3,0,0,0,3,0,0,0,3,0,0,0,3,0,0,0,3,0,0,0,3,0,0,0,3,0,0,1,0,0,0,879,2880,2001,0.305208333,600,1140,2880,1740,0.395833333,693,294,320,26,0.91875,3,318,320,2,0.99375,2,297,320,23,0.928125,3,309,320,11,0.965625,3,879,2880,2001,0.305208333,486,1710,2880,1170,0.59375,333,399,2880,2481,0.138541667,741,282,320,38,0.88125,6,309,320,11,0.965625,3,783,2880,2097,0.271875,642,483,2880,2397,0.167708333,660,1320,2880,1560,0.458333333,339,1107,2880,1773,0.384375,360,336,2880,2544,0.116666667,912,237,2880,2643,0.082291667,960,903,2880,1977,0.313541667,414,831,2880,2049,0.288541667,360,84,320,236,0.2625,212,1
12,train,increment,9,1620.004303,0.018209322,256.9632208,279.704734,243.6679592,259.6520638,265.5682453,312.8105737,308.4458423,253.3886452,237.1757913,306.6733387,306.3551314,259.9581009,287.4795187,257.1912415,260.3734155,309.2927823,231.8849194,304.0063663,267.4024125,317.8086208,252.6939984,249.1314748,258.8605506,245.2455072,272.7887211,248.1989438,297.8081622,369.2126545,295.4933175,262.9429359,272.2301417,286.8689994,259.1073339,278.6837474,284.9399687,298.4622604,316.4924919,293.9006248,293.994747,288.1063391,269.8719834,272.2674789,302.9707454,293.0642404,268.0633835,256.9605466,270.901203,300.3268558,308.3713804,265.5793183,316.097307,288.0777163,248.6752039,270.7586838,291.3518941,283.1953412,285.0547696,295.6512214,279.5415953,315.6214022,299.795108,282.8699886,256.2578261,268.8036374,243.7082239,239.5073676,305.895005,268.4141077,251.7861103,266.6482842,273.13505,285.3683579,254.100057,244.0664592,312.8384899,253.6464543,304.6174332,235.7230065,263.289934,296.7771776,271.1815016,293.582223,317.8663136,275.4127276,303.7276337,229.6778949,256.2887824,291.2721516,298.7863976,269.2495839,280.5117314,253.2713882,277.8027116,216.8559781,238.9553074,261.2856257,277.5480205,255.4784718,276.736698,281.5680318,265.5037345,272.9761071,292.6811231,249.5350463,284.941931,287.5068609,242.1418221,255.5985213,331.4380785,243.3686451,325.2705614,265.0923568,267.9634289,268.9465519,269.9877329,246.0192657,282.2710492,293.1380108,278.9998362,241.3109089,250.5683395,262.7962035,264.1818536,301.7471477,309.9872358,310.505012,303.9363488,332.8782491,226.5518476,213.9163938,300.9402699,271.2240988,0,3,0,0,0,3,0,0,0,3,0,0,0,3,0,0,1,0,0,0,0,3,0,0,0,3,0,0,0,3,0,0,0,3,0,0,0,3,0,0,0,3,0,0,0,3,0,0,0,3,0,0,0,3,0,0,0,3,0,0,0,3,0,0,0,3,0,0,0,3,0,0,0,3,0,0,0,3,0,0,924,2880,1956,0.320833333,588,1296,2880,1584,0.45,711,327,2880,2553,0.113541667,885,972,2880,1908,0.3375,612,243,320,77,0.759375,9,618,2880,2262,0.214583333,522,1101,2880,1779,0.382291667,198,2304,2880,576,0.8,69,540,2880,2340,0.1875,621,366,2880,2514,0.127083333,960,306,2880,2574,0.10625,960,1377,2880,1503,0.478125,960,534,2880,2346,0.185416667,387,2016,2880,864,0.7,141,1419,2880,1461,0.492708333,132,459,2880,2421,0.159375,960,381,2880,2499,0.132291667,831,1257,2880,1623,0.436458333,147,1092,2880,1788,0.379166667,318,111,2880,2769,0.038541667,960,0
12,train,increment,10,1800.00073,0.013313903,364.8448456,392.6743538,330.0397496,343.1394919,323.5756393,448.7452659,406.4475735,342.4278322,326.49937,413.8596555,390.8421192,368.4310955,373.0007744,341.8027604,335.294565,397.6176702,310.7799194,426.9367219,354.9923522,427.6808794,346.7930812,347.3492003,356.5014816,347.8958239,348.3096545,323.8473606,386.7449918,491.2712352,402.8213982,365.8114428,358.0287804,393.8622361,337.0623079,365.0408365,398.317842,392.6812306,407.630654,429.1846793,395.0939096,380.4247074,357.6966136,365.048738,441.6847523,396.4183168,362.5319551,325.9167651,384.8189372,403.7093768,408.4865224,350.7321664,400.3154597,377.5347991,311.8531446,357.586643,384.7716307,361.7680366,374.2672581,398.9349589,397.1792765,435.8181966,372.3729852,378.0079501,346.0635983,361.7438218,335.3104551,319.5982142,426.1959272,352.4708329,332.0134859,386.6551284,376.9631477,380.6529546,358.2499576,331.9668213,420.5380675,314.8593227,390.5089384,328.5009917,369.5293073,395.8417654,370.1351803,388.9671977,432.3967613,339.2596516,415.459883,313.781516,336.322779,382.5706077,416.8803874,357.7742685,400.1693447,337.4938728,395.4457433,298.7712114,314.4806355,366.6177186,368.1384968,348.0181781,361.722593,361.9560907,363.0901878,374.8875656,403.0733788,329.3967895,397.7611718,386.3809477,325.760835,340.325446,429.1839475,310.7615596,464.7069786,335.5761375,367.0049631,360.6379503,359.6036232,322.0900369,399.4717025,378.8384527,355.4991887,313.432806,351.3207739,343.9271343,321.3969166,380.4216965,455.0337548,431.0954362,415.37405,438.4582795,307.0865974,279.6352462,426.0021899,353.9831748,0,3,0,0,0,3,0,0,0,3,0,0,0,3,0,0,1,0,0,0,0,3,0,0,0,3,0,0,0,3,0,0,0,3,0,0,0,3,0,0,0,3,0,0,0,3,0,0,0,3,0,0,0,3,0,0,0,3,0,0,0,3,0,0,0,3,0,0,0,3,0,0,0,3,0,0,0,3,0,0,1128,2880,1752,0.391666667,438,1476,2880,1404,0.5125,297,486,2880,2394,0.16875,840,1413,2880,1467,0.490625,420,312,320,8,0.975,3,831,2880,2049,0.288541667,183,1428,2880,1452,0.495833333,84,2877,2880,3,0.998958333,3,759,2880,2121,0.263541667,540,507,2880,2373,0.176041667,960,405,2880,2475,0.140625,960,1860,2880,1020,0.645833333,516,777,2880,2103,0.269791667,534,2622,2880,258,0.910416667,9,1950,2880,930,0.677083333,36,657,2880,2223,0.228125,603,543,2880,2337,0.188541667,774,1641,2880,1239,0.569791667,90,1614,2880,1266,0.560416667,117,159,2880,2721,0.055208333,960,0
12,train,increment,11,1980.004274,0.012716396,502.8738201,524.9738644,445.0971346,464.1966428,425.4146049,587.6320958,569.5165388,476.5812597,427.4410537,562.2130599,516.0106014,485.6634642,505.2126431,437.7779211,447.2643836,548.8775107,427.725667,563.2279868,469.788476,608.623485,468.93037,449.901177,488.0911129,481.4714564,465.20256,425.7585139,518.645731,623.7756408,561.256091,494.272806,464.2477805,549.1237459,476.1073982,493.6983442,533.7923636,530.9918608,545.5676564,584.1886926,541.7723182,514.8857595,467.6732922,482.0481537,615.1748279,524.159478,489.2183435,440.0737944,512.7564904,570.2281519,509.1953057,463.1501291,550.4484287,484.565163,441.7183181,492.8072568,503.2553902,478.4994996,483.6204669,543.4430525,553.4017597,575.9161442,519.0409404,498.3853542,475.9856995,532.2460873,446.732644,456.4166158,566.4298943,476.6369349,453.0388218,564.5638801,508.8559527,504.1033513,448.6083833,448.3357101,580.5933654,448.7265224,512.8139154,446.4699758,472.9038675,497.7735585,505.3558233,528.1432657,572.5262649,484.5074366,567.1509614,435.0236951,419.3465588,506.7325993,569.4509895,482.3938473,528.4681939,477.2617245,522.8502678,425.915221,458.512158,514.0748749,499.4804335,487.9378145,503.4188704,518.5962662,488.1842667,499.3370155,530.5234182,458.6248442,519.0790956,544.4643523,474.2136233,464.2344547,589.220304,439.0404043,662.8420895,450.0711475,470.4619375,494.0255797,492.1029798,437.8198793,544.8441959,494.5977046,486.6713031,430.6634982,464.600246,452.2278557,441.7153299,529.962216,642.5445662,564.1492094,567.7600744,591.0575218,411.9108245,382.9481433,570.5996997,478.4460053,0,3,0,0,0,3,0,0,0,3,0,0,0,3,0,0,1,0,0,0,0,3,0,0,0,3,0,0,0,3,0,0,0,3,0,0,0,3,0,0,0,3,0,0,0,3,0,0,0,3,0,0,0,3,0,0,0,3,0,0,0,3,0,0,0,3,0,0,0,3,0,0,0,3,0,0,0,3,0,0,1527,2880,1353,0.530208333,372,2049,2880,831,0.711458333,36,708,2880,2172,0.245833333,705,1857,2880,1023,0.644791667,177,303,320,17,0.946875,3,864,2880,2016,0.3,441,1752,2880,1128,0.608333333,81,2838,2880,42,0.985416667,3,1467,2880,1413,0.509375,102,936,2880,1944,0.325,960,798,2880,2082,0.277083333,282,2745,2880,135,0.953125,3,1464,2880,1416,0.508333333,177,2805,2880,75,0.973958333,6,2709,2880,171,0.940625,6,1467,2880,1413,0.509375,288,999,2880,1881,0.346875,561,1992,2880,888,0.691666667,24,2319,2880,561,0.805208333,18,267,2880,2613,0.092708333,960,1
12,train,increment,12,2160.002448,0.04147422,644.1978086,688.0946005,588.8381793,642.540018,538.2385818,811.460398,783.9261062,625.2218266,569.8065504,749.3537615,716.177703,680.1029443,676.8010034,579.7987045,653.4229982,757.9996586,572.0583649,749.2892468,685.9992269,801.464992,647.7556406,593.8182715,634.901014,624.3391601,598.1686066,578.7353349,681.5284151,824.8480679,752.3427802,647.0225444,577.9096014,751.013316,614.9246094,646.0097537,709.1739929,711.3101611,710.2035956,815.5891408,716.3069788,736.1505593,649.498125,659.7045672,867.9095859,700.2128135,615.2423059,568.7605886,663.3771071,778.1383699,654.2129264,636.2544306,780.3245708,665.2508585,607.4110872,628.6562308,676.1573128,612.9934713,681.4259731,696.7338148,745.2837077,804.7844325,695.9927464,654.1855427,650.3170875,695.1496825,589.2384249,630.0196435,756.9667085,662.055578,633.0745935,706.8512772,679.0117562,695.7469836,630.365286,604.6513621,780.6433632,630.6572527,694.1167635,645.6367271,591.8016399,646.4993318,685.5030107,766.4894641,745.2607089,618.5450985,786.8960853,598.8697055,543.6575671,720.5938773,775.6552897,639.7120092,659.7629844,600.8625585,718.5826529,537.4937426,622.2936903,716.9407325,688.0023707,635.8908464,660.952314,672.2287182,685.2058377,680.5136153,726.579362,604.5217909,684.260585,742.7219432,619.1312339,662.9286083,778.0705091,607.7643079,868.7955971,657.0139099,601.845785,681.0615839,648.8892094,578.0141235,739.9981678,641.9250825,671.8158937,606.1895984,589.4999534,612.0873142,621.2584121,732.6534155,846.8395882,783.7326162,814.7426678,833.575383,565.0758804,525.3744128,724.5104501,681.3227726,0,3,0,0,0,3,0,0,0,3,0,0,0,3,0,0,0,3,0,0,0,3,0,0,0,3,0,0,0,3,0,0,0,3,0,0,0,3,0,0,0,3,0,0,0,0,0,9,0,3,0,0,0,0,0,9,0,3,0,0,0,3,0,0,0,3,0,0,0,3,0,0,0,3,0,0,0,3,0,0,2106,2880,774,0.73125,48,2409,2880,471,0.836458333,15,1041,2880,1839,0.361458333,195,2442,2880,438,0.847916667,30,354,2880,2526,0.122916667,960,1383,2880,1497,0.480208333,120,2064,2880,816,0.716666667,24,2862,2880,18,0.99375,3,2520,2880,360,0.875,9,1215,2880,1665,0.421875,198,1434,2880,1446,0.497916667,42,3168,8640,5472,0.366666667,960,1851,2880,1029,0.642708333,27,4074,8640,4566,0.471527778,876,2271,2880,609,0.788541667,21,2193,2880,687,0.761458333,18,876,2880,2004,0.304166667,390,2490,2880,390,0.864583333,18,2835,2880,45,0.984375,3,396,2880,2484,0.1375,960,1
12,train,increment,13,2340.003215,0.047928188,790.742505,899.4224692,779.945276,878.8048884,716.9709213,1031.850159,1010.378636,824.637713,772.2458861,1053.283923,937.952177,868.0577947,853.4192654,720.5696689,894.2116551,973.3105245,743.2136985,1056.667342,928.9988041,1059.464626,864.6985117,797.0352167,856.227577,847.1077645,807.6430836,744.923412,924.1137318,1152.125663,998.472738,893.3931683,792.7591585,1001.673683,858.1969429,873.4081427,913.908096,1007.889424,949.2004178,1153.139745,1014.826775,1040.975098,871.2179824,856.9425259,1141.752874,915.4091848,825.527608,818.8774542,919.569853,994.3425519,907.4001526,887.6197236,1022.102062,928.7409251,809.2333666,849.7301085,870.2495726,830.0368847,964.7056821,952.6921037,1010.599235,1128.488342,933.2160624,908.6199201,825.2510768,985.6030524,796.9981293,835.8084643,1041.715988,951.5950154,853.2627292,953.8784793,916.108045,984.4658924,849.0183407,762.6069713,1096.5722,817.2665331,942.333216,816.2355898,779.7434108,889.8284292,899.9481762,1059.974498,1016.881625,795.8661893,1097.144562,754.0536859,725.6892147,1000.041409,1058.25264,867.9629361,903.754597,794.5326008,1017.382863,756.902033,832.6034228,998.5998268,938.6720388,837.495508,882.0803858,911.3183403,933.9780905,868.4291546,1034.884339,792.5398124,984.4127683,987.4424034,840.5729214,890.4650994,1059.217201,769.1349753,1155.56307,896.671145,825.4082587,913.4354254,902.2128926,762.8759333,955.5566354,871.2903825,851.794974,849.4598595,756.4450116,839.417889,814.6839852,942.8506745,1175.960603,1033.946444,1107.6573,1094.943026,758.0642902,747.9084139,996.7207239,991.0798153,0,3,0,0,0,3,0,0,0,3,0,0,0,3,0,0,0,3,0,0,0,3,0,0,0,3,0,0,0,3,0,0,0,3,0,0,0,3,0,0,0,3,0,0,0,0,0,9,0,3,0,0,0,0,0,9,0,3,0,0,0,3,0,0,0,3,0,0,0,3,0,0,0,3,0,0,0,3,0,0,2703,2880,177,0.938541667,6,2724,2880,156,0.945833333,6,1719,2880,1161,0.596875,60,2682,2880,198,0.93125,9,750,2880,2130,0.260416667,612,1755,2880,1125,0.609375,45,2361,2880,519,0.819791667,12,2880,2880,0,1,0,2751,2880,129,0.955208333,6,1926,2880,954,0.66875,42,2043,2880,837,0.709375,42,4869,8640,3771,0.563541667,738,2229,2880,651,0.773958333,24,5352,8640,3288,0.619444444,333,2580,2880,300,0.895833333,6,2682,2880,198,0.93125,6,1398,2880,1482,0.485416667,129,2871,2880,9,0.996875,3,2859,2880,21,0.992708333,6,663,2880,2217,0.230208333,693,1
12,train,increment,14,2520.000679,0.071094972,1110.431746,1172.784197,1015.58898,1221.028503,965.0273349,1423.992499,1242.624448,1102.817491,1077.10563,1455.552147,1226.406931,1172.090502,1148.000444,968.7489198,1197.141462,1335.783712,1016.888483,1367.610992,1189.001018,1415.936752,1171.266724,1060.618838,1143.540641,1130.18436,1105.210428,959.3586616,1261.538891,1545.712034,1281.642005,1179.80667,1016.689184,1346.206274,1136.293598,1134.806379,1192.509959,1389.475045,1223.075266,1652.869434,1306.40321,1296.950945,1153.280141,1163.379966,1489.333964,1223.639294,1046.021951,1112.294335,1275.34564,1311.642251,1242.040323,1159.834771,1321.94334,1238.891809,1038.798763,1185.378362,1139.79092,1122.994853,1273.203819,1290.97808,1401.506228,1446.948538,1224.446596,1230.449123,1145.53454,1325.803365,1139.345518,1129.984279,1472.321309,1237.844495,1102.093735,1214.025684,1229.892456,1237.62043,1083.37126,1102.681038,1443.281559,1119.565795,1264.775436,1089.354058,1070.504717,1111.302073,1190.232646,1364.813828,1342.040262,1072.438819,1462.7966,1054.289033,981.4542885,1399.268765,1427.00077,1151.496921,1198.718959,1033.679771,1365.986251,1017.457916,1137.652301,1385.871957,1182.085391,1059.906652,1213.431509,1168.926766,1210.14802,1168.670911,1387.172209,1110.033655,1348.561248,1341.707976,1082.525121,1146.04169,1416.326463,1080.123734,1520.899753,1214.655453,1086.751281,1243.861828,1238.951153,960.9718846,1258.15705,1201.376367,1139.014022,1226.686448,1005.845601,1162.070574,1115.301272,1282.453561,1538.067917,1260.342653,1416.361613,1475.336726,984.837241,970.8905014,1289.539398,1337.063042,0,3,0,0,0,3,0,0,0,3,0,0,0,3,0,0,0,3,0,0,0,3,0,0,0,3,0,0,0,3,0,0,0,3,0,0,0,3,0,0,0,3,0,0,0,0,0,9,0,3,0,0,0,0,0,9,0,3,0,0,0,3,0,0,0,3,0,0,0,3,0,0,0,3,0,0,0,3,0,0,2841,2880,39,0.986458333,6,2595,2880,285,0.901041667,9,1947,2880,933,0.676041667,24,2784,2880,96,0.966666667,6,1554,2880,1326,0.539583333,81,2406,2880,474,0.835416667,12,2838,2880,42,0.985416667,6,2871,2880,9,0.996875,3,2832,2880,48,0.983333333,3,2412,2880,468,0.8375,15,2826,2880,54,0.98125,3,6621,8640,2019,0.766319444,105,2790,2880,90,0.96875,6,6270,8640,2370,0.725694444,42,2787,2880,93,0.967708333,6,2769,2880,111,0.961458333,6,1956,2880,924,0.679166667,48,2847,2880,33,0.988541667,6,2844,2880,36,0.9875,3,915,2880,1965,0.317708333,372,1
13,train,increment,1,180.0264795,0,26.87554067,26.23264785,26.83048333,25.77365757,25.68375031,24.95897036,25.19339923,25.59514218,26.46720036,25.39416318,25.08215885,26.00234517,23.14026477,25.8967649,26.05754322,24.436668,25.19999354,25.93194815,24.7975209,25.33600692,24.7286453,25.84250506,27.11440224,24.83684372,24.6079494,24.79213144,25.62543492,25.47464211,26.3336094,26.01850422,25.31978252,24.04545872,26.31158929,24.9532215,24.06852478,26.18817122,25.63531636,25.76520543,23.83521701,25.10854575,26.55561467,24.27385486,24.59418535,26.2664681,26.42229978,26.38050202,24.57894224,24.76081951,27.69127969,25.34576448,26.70829964,25.99680326,26.41559343,26.4661088,24.85898566,25.74323906,24.19588099,24.44563567,25.91157953,25.67551743,24.71722878,24.59617895,26.00456218,25.83093734,25.92406589,25.65735109,25.65381504,25.89298813,25.14742992,25.11899499,24.51490376,26.09537051,25.71955631,25.60741701,25.56267101,26.17408559,25.1393587,25.02518951,24.42923689,25.46760132,24.0535321,25.03617754,26.19200605,26.11060022,24.56005094,24.49133162,27.9390578,25.37699372,25.79093466,24.5359731,24.83388831,25.08464618,24.7140244,27.11490628,24.69866576,24.63305839,26.40855578,25.45420823,25.3970999,25.74221561,24.58989415,25.05345233,24.67565405,24.78674945,24.14278306,24.08987826,24.61185408,24.87376324,24.25601408,26.13739488,25.2795208,27.06644861,25.76269575,26.51913187,26.9849768,26.3239435,25.29098736,26.62905557,25.11578267,25.76514277,27.32185093,26.18878032,25.8630576,25.04133038,27.76564398,26.01939778,26.09969004,25.17074425,25.22087874,24.41169779,24.31454403,26.32412221,1,0,0,0,1,0,0,0,1,0,0,0,1,0,0,0,1,0,0,0,1,0,0,0,1,0,0,0,1,0,0,0,1,0,0,0,1,0,0,0,1,0,0,0,1,0,0,0,1,0,0,0,1,0,0,0,1,0,0,0,1,0,0,0,1,0,0,0,1,0,0,0,1,0,0,0,1,0,0,0,69,320,251,0.215625,230,90,320,230,0.28125,68,33,320,287,0.103125,245,93,320,227,0.290625,152,21,320,299,0.065625,230,48,320,272,0.15,131,144,320,176,0.45,101,225,320,95,0.703125,65,51,320,269,0.159375,254,42,320,278,0.13125,263,12,320,308,0.0375,287,162,320,158,0.50625,152,33,320,287,0.103125,248,216,320,104,0.675,71,177,320,143,0.553125,65,39,320,281,0.121875,254,39,320,281,0.121875,227,138,320,182,0.43125,71,138,320,182,0.43125,68,12,320,308,0.0375,308,0
13,train,increment,2,360.0307845,0,35.87183108,36.44856996,37.45001011,33.70304894,33.29937245,34.13597971,35.11585259,35.5379953,34.74966159,33.63522884,33.94499624,34.2873512,30.88904647,32.45821915,32.4899982,31.6568908,32.67324501,33.74580324,32.35758883,31.58180729,34.48028469,35.01280474,37.66782018,35.08182055,33.50849936,35.30352272,33.77453768,35.73017098,36.17802218,35.17458382,32.78572613,31.88072179,36.00296044,34.62545555,31.94461076,37.50195229,34.0123053,33.9189597,31.3551783,34.94017872,35.38757486,30.83359427,32.35551929,37.02160918,34.95102078,34.86200919,35.01959869,33.03381226,36.23677558,34.02802937,38.0689804,33.05335591,34.49100527,37.07214703,32.03401962,35.09856529,31.03976401,32.69537543,35.06043394,36.5439857,32.96225799,32.72007212,37.1720583,35.37224962,34.23988463,33.85948626,34.55298425,35.29827324,33.9761512,34.41233801,35.42376736,35.53190443,34.63117771,34.82609609,34.27645528,39.37677089,33.12472956,34.65279617,32.132388,34.5758373,32.10818137,33.5457729,34.91025696,35.97516788,33.17502357,32.24102555,37.39826014,36.93853647,35.14275544,33.88243732,33.32570514,34.17388475,33.20028896,35.8317641,33.2364387,33.6560419,34.39756393,34.9732483,34.26686665,35.00308188,32.79531539,33.93799092,33.38731921,33.78412353,32.96621724,31.83347064,33.49630786,33.93582142,31.35257712,34.29410493,32.97563894,36.58459963,33.6821885,37.54457435,36.5350105,36.32027114,33.51040291,36.72890132,34.45345737,34.39173642,35.71016694,36.34281361,34.01306737,31.65856016,35.96352937,34.42222321,35.72157659,34.3167067,35.31067502,32.63634772,32.71116925,34.66237018,1,0,0,0,1,0,0,0,1,0,0,0,1,0,0,0,1,0,0,0,1,0,0,0,1,0,0,0,1,0,0,0,1,0,0,0,1,0,0,0,1,0,0,0,1,0,0,0,1,0,0,0,1,0,0,0,1,0,0,0,1,0,0,0,1,0,0,0,1,0,0,0,1,0,0,0,1,0,0,0,99,320,221,0.309375,182,123,320,197,0.384375,63,39,320,281,0.121875,209,108,320,212,0.3375,63,12,320,308,0.0375,281,81,320,239,0.253125,72,129,320,191,0.403125,35,255,320,65,0.796875,9,51,320,269,0.159375,233,45,320,275,0.140625,200,21,320,299,0.065625,263,177,320,143,0.553125,41,57,320,263,0.178125,122,243,320,77,0.759375,9,174,320,146,0.54375,60,75,320,245,0.234375,200,48,320,272,0.15,239,159,320,161,0.496875,18,183,320,137,0.571875,71,9,320,311,0.028125,284,0
13,train,increment,3,540.0312642,0.003352945,47.6323836,48.37099105,49.35575625,43.48092508,45.24404137,47.16767006,48.21683777,49.09271188,47.63436014,42.48220778,47.28081814,46.6916489,39.14532441,45.61923159,45.15497272,41.96398645,42.99570936,44.56543646,40.99772349,41.35520906,45.10381714,47.69606278,51.86775955,47.74777898,45.77139718,47.15474237,47.34985354,49.86834483,51.37806658,47.77903021,48.20724631,42.83616391,45.5940963,48.35216283,42.20343969,49.15700224,45.39517261,47.63321733,43.96964202,47.82995649,48.74900375,40.6442325,43.64530599,47.62042356,45.9496394,47.23494707,44.36935078,43.60331186,49.9931329,45.69253902,50.88482837,41.46787909,46.08174798,48.60556607,42.26739597,47.36704521,40.3669842,48.14425833,46.28518719,48.93478107,44.1920821,44.92258271,49.36271258,48.06987144,46.66755479,44.82874648,46.6391275,49.45165845,47.25478904,45.58621784,47.73592233,45.74136929,46.56023124,44.94950989,46.76693457,54.34517746,42.64266172,45.36496184,44.10648974,46.44448234,42.22994207,43.69473969,49.0051978,48.86809263,45.66113858,42.3963164,54.57255842,51.91690417,47.04313742,46.1336613,41.90432263,44.27669128,46.32330931,49.54604562,46.49363625,45.86739567,47.01122935,48.30710457,46.81872623,46.33758298,44.02095415,46.40803832,43.84272054,44.16536964,42.38926965,43.27287586,45.5340606,47.24253517,43.54887467,45.60881019,46.37875001,52.44193552,46.65618303,47.77258796,47.07831519,48.23122882,43.89558075,49.80406291,46.77072025,45.35683726,47.25999303,49.86576648,48.00880384,43.70912741,49.60521769,45.75033759,45.93937481,44.91794671,47.06916856,43.54575237,45.07475898,46.15640256,1,0,0,0,1,0,0,0,1,0,0,0,1,0,0,0,1,0,0,0,1,0,0,0,1,0,0,0,1,0,0,0,1,0,0,0,1,0,0,0,1,0,0,0,1,0,0,0,1,0,0,0,1,0,0,0,1,0,0,0,1,0,0,0,1,0,0,0,1,0,0,0,1,0,0,0,1,0,0,0,132,320,188,0.4125,104,150,320,170,0.46875,29,78,320,242,0.24375,131,153,320,167,0.478125,30,39,320,281,0.121875,203,51,320,269,0.159375,56,156,320,164,0.4875,27,288,320,32,0.9,6,87,320,233,0.271875,173,81,320,239,0.253125,161,75,320,245,0.234375,99,243,320,77,0.759375,12,105,320,215,0.328125,42,306,320,14,0.95625,3,243,320,77,0.759375,26,96,320,224,0.3,143,78,320,242,0.24375,185,228,320,92,0.7125,12,204,320,116,0.6375,29,18,320,302,0.05625,302,1
13,train,increment,4,720.0580064,0.0299248,62.10732738,60.95016924,67.97044671,60.26460179,64.15032231,66.48661126,64.92826669,64.00304502,63.22905867,55.73801573,65.86483281,61.71411828,52.82180291,61.78052334,58.95985008,56.67514668,59.50908636,59.82376427,53.80629308,56.16748699,57.2111545,62.60568886,70.13587683,67.43879617,63.02220868,63.12319785,61.83501986,66.41384688,67.47167391,59.71737627,64.13137571,61.75848163,57.81514435,63.677694,59.90077465,66.6382128,61.15241375,63.40214131,60.86713895,64.09417108,63.91641327,51.65817686,57.11430502,62.92817982,63.70006789,62.21091948,58.21364996,57.40160425,70.20007218,61.54609777,66.90959158,54.68592082,59.8375853,63.71476846,58.33593546,66.42099656,54.84445361,68.45730151,57.87982893,66.94114208,59.11500334,62.33961031,66.22596386,63.16020848,61.2348759,59.65740798,63.23681436,67.98724164,62.47767311,58.85464204,66.80153346,64.53707407,61.00472029,62.54001779,65.56797985,78.31929778,55.71618363,60.68150846,59.12843394,62.82583873,57.50086546,59.26030226,65.2622504,66.36593424,60.88558685,52.95640147,71.91317657,72.36592404,62.85591697,61.46291523,56.93169249,57.28789628,58.73225728,70.66381507,60.2619246,65.04045077,59.60876285,64.92651687,60.28534548,64.17219487,62.06284754,65.53934798,63.06661597,59.96984637,54.36298156,55.99315693,63.17303483,63.25340777,55.07398337,58.1598393,63.88754125,71.40656028,64.9918799,65.64159341,66.77525597,68.50495442,61.05408875,63.26620988,62.57880414,62.83770753,64.75649558,68.14500521,61.71286816,58.59232315,68.29430526,65.86629568,61.86798094,59.74287279,65.16137553,57.78979482,60.0872421,63.10743183,1,0,0,0,0,3,0,0,1,0,0,0,0,3,0,0,0,3,0,0,1,0,0,0,1,0,0,0,0,3,0,0,1,0,0,0,1,0,0,0,1,0,0,0,0,3,0,0,1,0,0,0,0,3,0,0,1,0,0,0,1,0,0,0,1,0,0,0,0,3,0,0,1,0,0,0,1,0,0,0,279,320,41,0.871875,6,306,2880,2574,0.10625,960,72,320,248,0.225,107,159,2880,2721,0.055208333,960,72,2880,2808,0.025,960,132,320,188,0.4125,27,288,320,32,0.9,6,522,2880,2358,0.18125,657,129,320,191,0.403125,27,99,320,221,0.309375,84,135,320,185,0.421875,24,183,2880,2697,0.063541667,909,78,320,242,0.24375,83,459,2880,2421,0.159375,747,267,320,53,0.834375,9,138,320,182,0.43125,39,75,320,245,0.234375,89,294,2880,2586,0.102083333,825,237,320,83,0.740625,18,36,320,284,0.1125,159,0
13,train,increment,5,900.0056316,0.025831582,86.68221047,84.87893654,93.52676557,77.10141379,87.50896266,83.27847647,88.15618025,84.33831801,88.13400808,74.0936368,94.83127226,84.09533557,68.04737072,85.42851328,76.92627647,76.2948276,81.69620052,83.58201591,71.48618945,78.56580053,82.11861372,85.02364192,88.7172289,94.06756659,81.19516649,82.90394973,77.81695178,91.45900043,94.83279538,83.00220664,83.37767645,84.94144886,74.20377407,90.09770537,77.64159016,92.37115237,84.39424547,89.88887684,83.52957895,86.06213603,87.47910343,69.37461526,80.57500175,81.52246488,83.06495462,79.43085156,79.83196797,75.56817664,90.43608995,81.36269008,90.58087905,75.06710712,81.52456917,84.42302081,75.99356281,91.38729803,75.63130372,90.64344091,78.11228039,91.70541398,73.39473081,83.69255091,93.51182566,84.47954697,83.17159175,84.42587667,86.04009827,92.23798019,89.68560054,79.36678475,94.56977461,86.04475981,82.01433982,86.53193923,89.0315019,108.6553364,76.43227679,80.34013442,75.73764337,86.94103958,77.24313873,74.78351174,90.60643571,84.44545723,77.755907,73.76213171,95.34221267,93.09467405,87.71399305,85.31184659,78.56266965,79.61234799,79.59087205,90.42333902,79.30246672,88.84283918,75.99956933,84.47900708,81.04721423,87.69728627,79.89820051,86.53230527,88.67665059,75.098829,73.73483869,78.00197562,84.66681533,82.35968121,73.2082963,80.26943442,85.29875565,95.00700807,90.83723034,90.36650063,91.78164044,93.95269376,79.69129213,86.80420243,81.62145715,83.88731325,89.40138917,89.27042751,81.87137752,83.81971997,90.62147555,84.98588444,83.84433575,76.3952582,89.78952333,77.66408511,81.75205556,85.54591093,1,0,0,0,0,3,0,0,1,0,0,0,0,3,0,0,0,3,0,0,1,0,0,0,1,0,0,0,0,3,0,0,1,0,0,0,1,0,0,0,1,0,0,0,0,3,0,0,1,0,0,0,0,3,0,0,1,0,0,0,1,0,0,0,1,0,0,0,0,3,0,0,1,0,0,0,1,0,0,0,222,320,98,0.69375,38,315,2880,2565,0.109375,759,105,320,215,0.328125,86,255,2880,2625,0.088541667,960,51,2880,2829,0.017708333,960,159,320,161,0.496875,32,276,320,44,0.8625,6,522,2880,2358,0.18125,759,198,320,122,0.61875,14,81,320,239,0.253125,63,75,320,245,0.234375,63,390,2880,2490,0.135416667,783,189,320,131,0.590625,24,576,2880,2304,0.2,759,297,320,23,0.928125,3,225,320,95,0.703125,14,144,320,176,0.45,18,366,2880,2514,0.127083333,789,285,320,35,0.890625,3,33,320,287,0.103125,281,1
13,train,increment,6,1080.017896,0.033816085,116.6706915,115.7538464,135.8534193,103.0845039,108.9827026,110.6831723,124.9203322,109.8852888,123.6909523,99.91761155,124.4518949,110.8651088,96.2311729,117.914456,108.0557023,104.3709279,108.7425867,115.131505,94.00342608,103.2777419,107.1528634,113.0391853,120.0435686,127.2158012,112.4515958,111.3357195,105.3946542,117.2240259,131.5837074,103.6604387,111.2852025,112.4018802,99.60000912,129.1918739,100.5325078,122.9863087,113.8752469,121.1441203,111.1445236,115.7934751,120.4046833,93.44589386,104.2532541,110.6356714,104.2001428,106.5833343,114.4776699,101.9289311,116.6567128,110.7613462,122.504215,100.4955545,108.2496278,118.7371431,103.271872,119.7597643,108.4847324,119.4347168,103.8648632,124.7631572,99.0666637,117.1338261,130.2938823,112.9914539,113.3957428,112.1148448,115.5776739,120.3231559,120.8514261,103.7509569,125.1383315,120.9539111,112.4711657,110.5409432,116.3264532,140.8788853,107.0211382,111.179203,105.8124158,116.7798954,110.3112496,102.8882574,119.144928,119.3488509,104.2006974,103.6904973,127.9218221,127.5207871,111.4493722,112.8501875,104.0183463,106.1670232,111.364726,125.2897671,103.5922604,109.7601976,100.9449119,112.0719157,106.0888485,119.8668596,108.6028448,122.279389,116.8538845,98.20583447,97.05617447,108.3129217,110.5373512,108.1766821,99.15096447,109.417365,116.4913028,136.5800498,125.1188788,122.4123579,122.983308,127.0829764,103.599201,117.1753633,107.0057392,111.4761746,120.0458326,122.2932311,108.6985416,115.6641685,119.0150455,112.7810907,113.9293008,107.6493942,116.4590125,110.0432361,117.3565714,114.7166436,0,3,0,0,0,3,0,0,0,3,0,0,0,3,0,0,0,3,0,0,1,0,0,0,0,3,0,0,0,3,0,0,0,3,0,0,0,3,0,0,1,0,0,0,0,3,0,0,1,0,0,0,0,3,0,0,1,0,0,0,0,3,0,0,1,0,0,0,0,3,0,0,0,3,0,0,1,0,0,0,243,2880,2637,0.084375,891,585,2880,2295,0.203125,735,117,2880,2763,0.040625,945,399,2880,2481,0.138541667,840,204,2880,2676,0.070833333,960,297,320,23,0.928125,6,648,2880,2232,0.225,639,678,2880,2202,0.235416667,660,435,2880,2445,0.151041667,774,204,2880,2676,0.070833333,960,156,320,164,0.4875,24,507,2880,2373,0.176041667,672,288,320,32,0.9,3,768,2880,2112,0.266666667,690,309,320,11,0.965625,3,543,2880,2337,0.188541667,756,162,320,158,0.50625,41,432,2880,2448,0.15,723,552,2880,2328,0.191666667,744,33,320,287,0.103125,269,0
13,train,increment,7,1260.005149,0.026721137,162.1415093,158.0324088,192.3834852,140.6360084,146.3982343,155.8011836,154.8269716,146.3277918,169.3214047,133.9564516,158.9562164,141.4833925,133.8379833,169.7871723,153.748037,142.7708597,154.3806436,159.5558778,124.6102747,142.7362893,147.3149689,150.621573,163.371765,189.3619433,143.4065942,145.9185619,143.0962893,156.954539,171.5776356,136.7968966,152.8303975,144.3729219,134.6539932,177.3043263,125.0690047,164.9774066,158.8643101,171.8659533,150.5451497,151.5486585,160.0260898,121.6255333,137.8246898,144.9360903,146.9108016,139.5309857,152.9267742,134.0068367,159.642887,149.556485,169.3192705,132.6373605,142.3925271,150.2374716,128.9706168,163.6897298,136.1373903,159.0982989,137.8190405,173.0702973,133.4051517,162.6909506,176.2567774,146.3928299,157.1953268,150.6636313,162.5988121,172.557465,168.1794158,141.805943,169.5654887,156.9981982,155.5716881,144.0539356,162.5367552,190.0910413,143.5509256,144.7248999,136.623009,164.6437932,141.3262329,146.8687852,151.3213709,162.7219563,139.5801514,141.8444585,190.9379098,186.5615593,152.4803114,156.2262177,135.6475326,153.9570694,156.5336367,175.2722254,135.9727817,138.3905604,138.3463748,148.9075952,148.2520362,155.60748,150.8983689,161.6617146,150.6322628,127.8358018,129.3142788,140.3061799,148.5875653,153.1336346,129.9391617,146.7651012,149.9359266,178.859602,163.876874,164.1831461,165.4369435,178.1272713,135.5725397,162.2168747,148.0211796,148.7705191,166.160038,176.234175,136.7325875,158.1118331,158.2859398,151.9055522,153.0346122,136.8109561,165.7269529,148.3992918,160.9131951,154.1892716,0,3,0,0,0,3,0,0,0,3,0,0,0,3,0,0,0,3,0,0,1,0,0,0,0,3,0,0,0,3,0,0,0,3,0,0,0,3,0,0,1,0,0,0,0,3,0,0,1,0,0,0,0,3,0,0,1,0,0,0,0,3,0,0,1,0,0,0,0,3,0,0,0,3,0,0,1,0,0,0,462,2880,2418,0.160416667,771,669,2880,2211,0.232291667,741,288,2880,2592,0.1,897,459,2880,2421,0.159375,771,153,2880,2727,0.053125,960,318,320,2,0.99375,2,594,2880,2286,0.20625,642,894,2880,1986,0.310416667,606,648,2880,2232,0.225,585,210,2880,2670,0.072916667,960,159,320,161,0.496875,78,636,2880,2244,0.220833333,651,318,320,2,0.99375,2,1077,2880,1803,0.373958333,603,312,320,8,0.975,3,756,2880,2124,0.2625,642,285,320,35,0.890625,6,696,2880,2184,0.241666667,609,636,2880,2244,0.220833333,654,78,320,242,0.24375,236,1
13,train,increment,8,1440.002446,0.020705643,212.0385154,207.3240585,258.5302181,178.281233,194.6594193,194.9990077,199.5152229,195.8382421,229.8644092,171.5138583,201.8042826,197.605736,178.722312,249.448488,203.7501436,199.9609845,202.6777918,221.9859077,171.1692941,193.4813057,187.4908297,209.2165964,212.2006694,250.9114058,195.8500516,194.713533,189.0048778,211.4319368,229.2446309,195.2417329,208.9652056,190.0468486,178.5828961,219.4189396,174.5682784,235.4411349,233.7379328,232.201954,196.5868449,207.5494045,206.337523,160.0263366,179.2989524,210.7149604,209.2935368,180.1351356,205.6001945,190.1158147,210.1877394,199.0001586,235.6434141,184.5665995,185.2216309,199.9629652,180.5047521,215.7162559,171.0197041,209.6688812,178.3906694,230.415382,176.5426281,214.040885,251.0339035,199.6227607,230.5623123,188.362408,222.5954646,222.4615118,216.3798254,189.0044627,226.2731395,205.1887247,210.295383,198.8189779,224.2709147,257.8575082,199.3865308,198.2228526,190.538188,209.1751204,193.6532546,186.306365,202.1117644,222.3608113,192.4524594,204.2755005,263.0365845,254.3422487,209.5907501,207.8573218,171.5010624,212.4660891,215.8619688,242.79678,186.1677457,179.5505966,190.2362404,193.1488045,206.7900484,211.1708362,194.6548679,223.8741732,212.3549607,179.3803121,171.9250366,186.9548838,205.642638,199.3571613,176.8346112,205.2350492,200.4583755,247.3862027,215.4616306,229.7695572,226.0847912,233.6964041,187.6504555,206.4673873,199.3208374,205.4850186,221.4314696,238.8815795,179.5875422,210.2728467,211.3668921,204.3640318,210.5826221,198.2844434,220.6303893,200.2838829,223.8326712,214.9310963,0,3,0,0,0,3,0,0,0,3,0,0,0,3,0,0,0,0,0,9,0,3,0,0,0,3,0,0,0,3,0,0,0,3,0,0,0,3,0,0,1,0,0,0,0,3,0,0,0,3,0,0,0,3,0,0,0,3,0,0,0,3,0,0,1,0,0,0,0,3,0,0,0,3,0,0,1,0,0,0,654,2880,2226,0.227083333,660,870,2880,2010,0.302083333,672,339,2880,2541,0.117708333,681,759,2880,2121,0.263541667,666,204,8640,8436,0.023611111,960,519,2880,2361,0.180208333,408,876,2880,2004,0.304166667,534,1740,2880,1140,0.604166667,309,441,2880,2439,0.153125,654,288,2880,2592,0.1,960,213,320,107,0.665625,56,999,2880,1881,0.346875,870,375,2880,2505,0.130208333,954,1548,2880,1332,0.5375,345,1179,2880,1701,0.409375,339,405,2880,2475,0.140625,714,249,320,71,0.778125,29,987,2880,1893,0.342708333,369,954,2880,1926,0.33125,438,108,320,212,0.3375,149,0
13,train,increment,9,1620.006887,0.014927452,290.1100251,292.7140823,347.8148926,246.9436914,274.1450996,269.5207531,265.4853959,244.7891785,319.1443244,227.4238838,258.8138592,273.9603818,240.8361345,362.9065031,263.9120406,279.5874419,262.9641396,290.9094863,241.0932935,266.5547392,271.6135203,274.3682293,267.0889666,310.3319826,253.5036252,266.1211951,262.2347336,271.7598581,317.404994,251.2912666,285.939571,252.7580626,248.4860342,297.0208049,239.1965028,324.8426263,327.9622783,309.000544,261.0090883,267.6980022,269.0924488,214.0679037,245.3312623,300.3565789,299.8671756,224.6736648,276.5761963,248.1519995,285.6109731,272.4570921,331.496987,247.4959053,239.8305617,273.8652213,229.9931029,290.9790959,222.2626249,300.8128998,228.4439474,296.1695028,229.1775088,303.4067725,357.1234753,265.1241455,281.3306362,257.4175244,283.4710053,293.569107,266.4358573,252.2182529,288.7219736,286.184382,278.8044834,266.5178948,298.0694162,337.5304232,259.7512022,257.9945989,265.9274384,265.9136306,261.5200398,258.098802,278.5436758,276.0473614,252.8204701,275.5812462,339.7794302,359.946892,275.543389,276.4723658,233.937936,275.633505,309.8366207,314.4360769,262.4392725,245.3405034,255.5078264,252.4143636,266.4650832,285.1256629,268.8131399,308.1657475,289.8742646,239.7944651,237.1303566,242.5315505,263.9193213,278.5726159,246.0616913,264.4691322,273.9977931,346.8221109,283.4469246,295.165353,326.8662958,308.1691796,243.6491874,278.8789421,259.4719845,280.9816296,298.6940832,320.3281985,235.3675087,290.8322982,259.7291053,271.1097265,282.8685584,259.4382643,276.9983524,287.6818828,296.298395,297.590561,0,3,0,0,0,3,0,0,0,3,0,0,0,3,0,0,0,0,0,9,0,3,0,0,0,3,0,0,0,3,0,0,0,3,0,0,0,3,0,0,1,0,0,0,0,3,0,0,0,3,0,0,0,3,0,0,0,3,0,0,0,3,0,0,1,0,0,0,0,3,0,0,0,3,0,0,1,0,0,0,879,2880,2001,0.305208333,597,1080,2880,1800,0.375,960,378,2880,2502,0.13125,861,1026,2880,1854,0.35625,549,270,8640,8370,0.03125,960,660,2880,2220,0.229166667,543,1092,2880,1788,0.379166667,327,2175,2880,705,0.755208333,123,507,2880,2373,0.176041667,879,345,2880,2535,0.119791667,960,303,320,17,0.946875,11,1341,2880,1539,0.465625,960,477,2880,2403,0.165625,774,1884,2880,996,0.654166667,168,1506,2880,1374,0.522916667,156,471,2880,2409,0.163541667,960,303,320,17,0.946875,3,1182,2880,1698,0.410416667,246,1239,2880,1641,0.430208333,354,147,320,173,0.459375,80,0
13,train,increment,10,1800.001056,0.011023789,406.5316156,399.4912641,450.1176053,347.2136383,351.4104019,378.493951,340.5189409,330.9562734,427.5070371,295.1538614,341.7798311,374.9862979,327.4869898,481.219673,369.4777369,400.8280461,347.1047966,385.9352963,322.5999807,330.6234608,368.2011709,386.0116597,357.5892669,401.4524135,324.4797777,370.1049883,380.9080766,365.7137079,453.7529729,350.1231427,365.5154396,341.5949178,336.73809,396.7005139,328.8798255,442.3216609,449.2894341,410.8037545,361.9765854,354.3591642,346.8819916,291.2077154,329.5883272,400.7821109,417.8505783,314.0065399,375.885097,350.4245312,377.5124876,347.6867924,451.7532297,341.0686784,327.0803189,349.2603851,301.2560819,387.7466517,311.2705032,392.4175662,311.5542924,412.9592034,308.6023375,429.3748865,466.2673054,364.4914053,381.19998,322.021083,369.6561131,405.6640812,345.2739662,352.4961295,392.8190541,395.9896348,368.7520442,354.678487,413.3783371,486.3331999,342.3219795,349.7746732,358.22315,333.1063926,355.1890434,348.4431327,376.5352002,348.4758125,337.3501589,400.6400934,478.519877,470.9128136,378.740155,357.8320783,332.7349283,389.109031,417.0432785,412.9852593,374.8602702,323.4685895,332.6165685,350.3187906,351.0821108,376.9819947,372.9144652,439.6236196,415.9222394,325.9508469,310.2638038,326.7254854,386.3328802,365.3174221,323.6160243,362.0928253,358.4980083,478.2216231,421.1020797,376.0443389,439.3382023,400.2879304,310.2260775,357.8828913,347.9110528,376.4435503,404.1889665,415.7180817,330.5233361,406.1819044,336.4823444,342.1469379,396.1192396,365.1670771,369.9236105,384.4128605,385.6471933,385.5832967,0,3,0,0,0,3,0,0,0,3,0,0,0,3,0,0,0,0,0,9,0,3,0,0,0,3,0,0,0,3,0,0,0,3,0,0,0,3,0,0,1,0,0,0,0,3,0,0,0,3,0,0,0,3,0,0,0,3,0,0,0,3,0,0,1,0,0,0,0,3,0,0,0,3,0,0,1,0,0,0,1263,2880,1617,0.438541667,393,1551,2880,1329,0.538541667,285,516,2880,2364,0.179166667,876,1407,2880,1473,0.488541667,429,423,8640,8217,0.048958333,960,795,2880,2085,0.276041667,231,1383,2880,1497,0.480208333,144,2817,2880,63,0.978125,3,774,2880,2106,0.26875,519,591,2880,2289,0.205208333,960,315,320,5,0.984375,3,2037,2880,843,0.707291667,222,738,2880,2142,0.25625,522,2721,2880,159,0.944791667,9,2046,2880,834,0.710416667,42,696,2880,2184,0.241666667,684,279,320,41,0.871875,6,1671,2880,1209,0.580208333,48,1686,2880,1194,0.585416667,51,282,320,38,0.88125,6,1
13,train,increment,11,1980.003605,0.041008707,544.9459281,530.3826724,602.2265611,460.514865,499.57425,479.724796,493.48746,458.9397429,573.4557578,398.9253661,475.0540032,531.4256171,448.045561,640.0112969,470.2698202,513.7666518,431.7346759,502.143915,420.4545715,448.7710249,491.4914186,542.5241068,498.4534454,530.2384194,454.1150072,470.9858945,479.4972595,471.5755596,573.7063286,488.8060279,502.8355323,452.9483617,443.5619891,527.1654548,447.512127,619.0799128,607.903174,554.2446599,481.7860413,483.7292518,449.8376982,402.6410233,465.9808756,547.7718347,534.9583014,410.0761128,491.1083297,458.4517565,504.9867026,465.7909467,602.6221421,469.315603,434.6132323,484.7642369,374.1314471,533.2563669,418.415268,520.9900649,423.6573331,549.4337412,435.8184236,590.4650621,626.9375868,455.7301301,534.5206039,409.0539768,519.2906304,542.0639056,474.3600886,482.5651614,520.3921208,541.7266471,495.5356381,463.1467667,551.8026903,656.055542,434.7162658,456.8027502,497.451145,436.8484669,449.4980117,462.1438667,525.0103713,459.7201097,444.0740211,541.3312054,612.2263296,624.923678,514.7213404,467.0063918,450.0580791,517.094547,540.0198425,554.0260453,494.4341026,425.9179733,444.7069622,464.4870461,453.2748262,520.1117031,513.679532,594.4581767,542.7637137,440.0748477,414.963465,429.0455301,567.3610809,506.3795364,413.5707682,494.0725758,523.2578436,711.8441939,551.9187151,508.1228762,577.0908728,518.3666309,435.2124024,472.4953898,466.0209561,515.2302216,548.7574332,569.9171268,447.168602,546.1764314,456.5524911,454.7589882,522.7712199,474.9703311,504.2580304,480.2764893,510.9432257,514.5743541,0,3,0,0,0,3,0,0,0,3,0,0,0,3,0,0,0,0,0,9,0,3,0,0,0,3,0,0,0,3,0,0,0,3,0,0,0,3,0,0,1,0,0,0,0,0,0,9,0,3,0,0,0,0,0,9,0,3,0,0,0,3,0,0,1,0,0,0,0,3,0,0,0,3,0,0,1,0,0,0,1713,2880,1167,0.594791667,120,2046,2880,834,0.710416667,21,648,2880,2232,0.225,804,1947,2880,933,0.676041667,291,807,8640,7833,0.093402778,960,1044,2880,1836,0.3625,162,1752,2880,1128,0.608333333,39,2859,2880,21,0.992708333,3,1824,2880,1056,0.633333333,30,822,2880,2058,0.285416667,960,312,320,8,0.975,3,2415,8640,6225,0.279513889,960,1515,2880,1365,0.526041667,48,3414,8640,5226,0.395138889,693,2373,2880,507,0.823958333,15,1587,2880,1293,0.551041667,81,309,320,11,0.965625,5,1965,2880,915,0.682291667,39,2304,2880,576,0.8,27,309,320,11,0.965625,5,0
13,train,increment,12,2160.000355,0.033437119,747.7019247,744.9397766,777.1453818,660.2017554,673.044854,651.4538126,679.5865508,631.0399517,756.7228907,529.4605046,665.3747861,722.049332,604.2212258,843.6423785,643.4089758,701.8088545,549.9703688,669.3364442,591.318045,630.4883016,696.7299401,718.432171,658.1875447,696.0558072,628.5509252,646.2856115,651.8583213,646.8748662,731.2969807,658.0567311,675.4332822,617.388192,579.9639417,727.539888,596.8565626,846.8206625,825.6511617,717.0306812,651.96431,634.8763669,589.0406291,555.1950293,640.4864353,731.6794618,741.017233,530.0588646,640.8234699,644.9701382,689.7162596,599.4942867,827.2141476,604.4574188,581.2307471,622.6539773,518.2359254,706.068499,599.4129155,731.6190663,571.0016322,707.3695528,597.3902587,776.1483456,846.1647836,613.7805257,732.6912809,543.4801819,718.0590441,716.7414599,606.0146612,666.5256779,704.7547463,732.8783995,623.2823589,608.9291901,778.2107791,868.8945913,576.2756145,601.5562546,703.3006018,572.359561,631.4788589,612.3190743,711.0366752,639.9896548,605.7963742,710.9348065,841.2644603,809.120562,666.5120682,594.2010396,593.4343511,694.7048617,721.8854172,742.366024,666.4810497,579.5580619,615.4191734,630.7446758,587.3681846,668.6135072,707.3158451,826.6150326,688.633232,576.5426163,549.7805825,553.6112546,737.9711157,673.0749634,562.0060742,693.0888347,674.7832028,979.9397807,731.1496701,679.0520402,766.7545954,675.3218049,589.3412724,628.9328912,621.0205432,681.1614184,734.4739056,771.5164489,572.6638629,746.4219828,626.3091045,609.151912,704.1027874,684.9990676,678.4342658,669.8459465,690.8399926,650.9260749,0,3,0,0,0,3,0,0,0,3,0,0,0,3,0,0,0,0,0,9,0,3,0,0,0,3,0,0,0,3,0,0,0,3,0,0,0,3,0,0,1,0,0,0,0,0,0,9,0,3,0,0,0,0,0,9,0,3,0,0,0,3,0,0,1,0,0,0,0,3,0,0,0,3,0,0,1,0,0,0,2139,2880,741,0.742708333,36,2511,2880,369,0.871875,9,1065,2880,1815,0.369791667,441,2715,2880,165,0.942708333,9,1062,8640,7578,0.122916667,960,1218,2880,1662,0.422916667,105,1992,2880,888,0.691666667,21,2874,2880,6,0.997916667,3,2802,2880,78,0.972916667,6,1260,2880,1620,0.4375,393,318,320,2,0.99375,2,3612,8640,5028,0.418055556,960,1827,2880,1053,0.634375,60,4626,8640,4014,0.535416667,429,2628,2880,252,0.9125,9,2424,2880,456,0.841666667,15,303,320,17,0.946875,3,2547,2880,333,0.884375,12,2751,2880,129,0.955208333,6,309,320,11,0.965625,3,1
13,train,increment,13,2340.00176,0.047451757,1002.568874,1053.864991,1089.730591,917.580414,892.5081263,832.0876293,973.6669204,809.0094184,1033.583,708.7710048,927.4437381,971.5999407,768.9980519,1157.202308,815.737522,967.8411524,720.8741869,875.6747926,782.949023,846.7960431,1004.553681,970.8188634,845.554673,896.2224578,848.0698415,868.7435029,909.8624259,852.1376507,1022.34277,870.0370762,929.5100215,842.0782374,784.3717928,1001.203579,804.5626858,1165.278338,1131.947235,997.3543146,864.0936056,810.4692303,818.9605084,733.4749329,800.7898684,1021.352685,1006.777405,702.572278,864.1381266,889.6256755,966.5120952,837.9221893,1146.671945,825.1636226,759.7125851,792.0428474,672.1050748,945.3613127,771.5693377,1006.622267,771.4844529,934.7227257,821.6136243,1073.886395,1181.730922,843.8454387,960.2806941,696.8278401,1022.422732,981.1951722,807.2169201,852.5799083,963.0201716,977.2881568,795.3874437,816.2173433,991.0291107,1186.231921,800.6886443,825.1533358,971.3537788,777.1267607,847.9767429,851.8320157,960.7956794,837.756391,784.1926825,950.6027148,1179.560301,1152.573086,883.1465606,773.485921,816.4801269,954.6650872,974.8681066,978.5771986,884.2650415,760.0145483,819.6353778,816.6471642,774.6310034,887.8575981,928.7749422,1097.102988,866.4962176,759.0116004,713.9770657,742.9370723,967.1973622,1001.007546,745.9096932,967.7854078,906.5429482,1360.818332,1033.64066,948.2825045,1017.188025,861.0453898,821.7953007,798.7085227,796.9882007,881.0642496,996.3311692,1016.66834,752.2005537,1003.8166,852.5230234,803.474299,998.7041661,918.2081769,920.0575405,967.1030046,930.4355233,925.4686385,0,3,0,0,0,3,0,0,0,3,0,0,0,3,0,0,0,0,0,9,0,3,0,0,0,3,0,0,0,3,0,0,0,3,0,0,0,3,0,0,1,0,0,0,0,0,0,9,0,3,0,0,0,0,0,9,0,3,0,0,0,3,0,0,1,0,0,0,0,3,0,0,0,3,0,0,1,0,0,0,2703,2880,177,0.938541667,6,2454,2880,426,0.852083333,12,1602,2880,1278,0.55625,42,2847,2880,33,0.988541667,3,1437,8640,7203,0.166319444,960,1752,2880,1128,0.608333333,69,2265,2880,615,0.786458333,15,2874,2880,6,0.997916667,3,2736,2880,144,0.95,3,2346,2880,534,0.814583333,15,315,320,5,0.984375,3,4521,8640,4119,0.523263889,849,2532,2880,348,0.879166667,9,5784,8640,2856,0.669444444,114,2808,2880,72,0.975,3,2853,2880,27,0.990625,3,318,320,2,0.99375,2,2829,2880,51,0.982291667,3,2757,2880,123,0.957291667,6,312,320,8,0.975,3,1
13,train,increment,14,2520.000081,0.087241284,1339.335962,1335.007612,1450.218797,1286.239029,1150.116032,1079.869451,1313.523265,1056.246148,1368.259462,960.4928498,1254.990049,1249.5174,1041.82699,1551.680724,1130.831166,1277.432018,980.1786896,1144.26868,1063.287336,1168.47064,1326.524564,1386.846214,1170.577953,1223.435691,1200.122804,1236.785813,1239.058847,1096.573194,1404.14734,1159.915975,1228.183101,1214.177122,1043.564286,1281.50089,1128.528574,1531.908134,1516.96137,1342.201665,1152.489971,1144.879412,1084.129006,1041.297181,1052.843202,1348.039046,1374.498976,913.9799891,1121.260422,1260.17558,1331.665826,1178.485713,1620.006268,1181.750823,960.5825544,1061.604497,921.9220921,1290.598913,1072.707102,1332.829682,1092.510975,1230.843497,1124.158522,1399.203411,1668.777561,1133.725267,1243.644475,968.046501,1327.88747,1333.359054,1109.358019,1204.045277,1281.245717,1284.784769,1034.983287,1143.598597,1398.742883,1638.25941,1154.754309,1123.832578,1361.929723,1000.391331,1184.077661,1101.897501,1262.327874,1123.145551,1006.872573,1272.63121,1548.50347,1529.575418,1161.95867,1035.673181,1060.971336,1297.417826,1352.039194,1198.077327,1193.714861,1090.328695,1122.535496,1053.469149,1002.880994,1218.218196,1257.911623,1494.101692,1198.57776,1056.923911,931.6099516,1008.909569,1338.682152,1392.574818,1010.619076,1359.694707,1259.157162,1853.231928,1346.889863,1237.327346,1361.22748,1223.21826,1124.715082,1065.436708,1070.966376,1199.822851,1339.984481,1374.360334,977.5244066,1345.257791,1226.720657,1090.962003,1405.431768,1249.027194,1262.728254,1379.073145,1268.395084,1279.056723,0,3,0,0,0,3,0,0,0,3,0,0,0,3,0,0,0,0,0,9,0,3,0,0,0,3,0,0,0,3,0,0,0,3,0,0,0,3,0,0,1,0,0,0,0,0,0,9,0,3,0,0,0,0,0,9,0,3,0,0,0,3,0,0,1,0,0,0,0,3,0,0,0,3,0,0,1,0,0,0,2730,2880,150,0.947916667,6,2532,2880,348,0.879166667,9,1956,2880,924,0.679166667,48,2874,2880,6,0.997916667,3,2124,8640,6516,0.245833333,960,2292,2880,588,0.795833333,21,2499,2880,381,0.867708333,12,2877,2880,3,0.998958333,3,2868,2880,12,0.995833333,3,2697,2880,183,0.936458333,9,312,320,8,0.975,3,5367,8640,3273,0.621180556,696,2847,2880,33,0.988541667,3,6648,8640,1992,0.769444444,27,2796,2880,84,0.970833333,9,2835,2880,45,0.984375,3,312,320,8,0.975,3,2844,2880,36,0.9875,3,2727,2880,153,0.946875,6,306,320,14,0.95625,3,1
14,train,increment,1,180.0146983,0,26.17167214,25.72135614,26.14770613,25.1739503,26.03023258,26.44439802,25.54136608,26.15133078,25.08869821,25.33169061,26.81149198,24.31903661,25.10555471,25.17525877,26.63907394,25.61085055,25.03185979,26.61995352,26.62818666,24.93994501,26.07248431,24.23174029,25.89896772,25.41895886,25.30346368,24.84160506,26.74753703,25.77069237,25.39503787,25.77703736,24.51742802,24.91308835,24.66797908,25.45780483,26.0368943,26.41753425,27.25641142,27.00334365,26.10144697,25.46608045,24.63817384,25.14644193,27.43460034,24.70025812,25.43115849,24.83994592,26.4207675,24.71358835,26.33513646,24.84837524,26.09999812,25.75985359,26.31618954,25.40284718,26.96788141,26.06756604,24.86159689,25.47031857,25.06431544,24.62753404,25.64437382,26.34695878,27.7217044,26.75836357,25.00065905,27.15075071,24.87732695,24.65762532,26.03638692,25.121494,27.58660267,27.13494636,26.77628808,24.54101079,26.14568911,24.89702199,25.28073244,26.36443981,25.61843519,25.45054023,27.76504912,25.85807701,25.83701385,24.48840678,25.11249156,25.01737293,25.64269512,26.66391939,24.51583628,27.00864965,24.35786276,24.87429936,25.75941312,24.02241892,25.75777851,24.47998133,24.48429486,24.39884197,24.6492083,25.50449059,26.03061849,24.67322759,27.38879386,25.95424978,24.90971265,26.17276897,25.63320282,26.90545267,25.02543522,24.13212766,25.68253619,26.48947452,25.45089519,26.11459182,26.45193561,25.57466152,24.60656403,25.51503794,27.00641035,26.34718165,26.88049319,25.0425533,26.54110552,26.40004335,25.51096724,27.11901339,25.28927982,25.4400741,26.89223554,26.01107929,24.4615237,25.68764906,1,0,0,0,1,0,0,0,1,0,0,0,1,0,0,0,1,0,0,0,1,0,0,0,1,0,0,0,1,0,0,0,1,0,0,0,1,0,0,0,1,0,0,0,1,0,0,0,1,0,0,0,1,0,0,0,1,0,0,0,1,0,0,0,1,0,0,0,1,0,0,0,1,0,0,0,1,0,0,0,63,320,257,0.196875,242,87,320,233,0.271875,98,48,320,272,0.15,218,111,320,209,0.346875,107,21,320,299,0.065625,299,45,320,275,0.140625,146,120,320,200,0.375,71,201,320,119,0.628125,74,36,320,284,0.1125,242,36,320,284,0.1125,239,15,320,305,0.046875,305,159,320,161,0.496875,107,39,320,281,0.121875,194,219,320,101,0.684375,74,150,320,170,0.46875,143,54,320,266,0.16875,239,24,320,296,0.075,254,144,320,176,0.45,83,117,320,203,0.365625,149,3,320,317,0.009375,302,0
14,train,increment,2,360.045537,0,34.83307827,35.9098336,35.09319994,34.77187939,36.08905511,36.23886189,33.14387177,34.8088312,34.18077589,33.87814124,37.67780765,33.48151339,33.98367238,33.45885124,35.47824016,32.88163098,33.53262239,36.60902591,36.66188533,33.68703791,34.5613127,33.54058025,34.9870973,32.40894854,35.26663663,31.97487919,38.0223567,36.04428813,36.73222015,34.81281948,33.27885079,33.43075257,33.23603156,34.98127829,33.71433836,33.03421159,34.779974,35.30284175,34.89867738,35.49314826,33.46958242,33.15385892,36.78872828,32.70568452,33.40482536,34.0151902,35.59295385,31.74738687,36.28168629,32.01716707,35.22429999,34.08006533,36.42392467,35.62300159,35.31927167,33.71888345,33.63428187,36.2526635,32.09924189,33.06548259,34.36814856,35.94098766,34.3938034,34.63691505,35.46335017,38.13613351,34.06506848,32.06880963,34.52261811,32.65884672,36.49692498,37.23334184,35.97337907,31.68195024,35.2078997,34.24007379,34.27484981,34.98010763,32.37351471,35.54205475,38.18035329,33.41057738,32.88301562,35.13077413,33.26445983,34.90760456,33.57524538,34.13844567,31.87773801,36.21870148,32.0368322,32.99858239,32.77749916,31.66652371,37.04204267,31.58534124,33.65893735,31.8130491,32.57689308,33.6764298,37.29952382,33.14807862,35.66151557,34.99105332,34.10226048,36.01215974,35.0089475,35.07185687,34.0552342,31.54659674,35.13161527,34.45033229,33.72866976,35.65526226,34.26286588,35.04957948,34.64100842,35.200289,37.13136729,34.1064861,33.38455189,34.1849866,37.30668212,33.6781582,33.03076916,36.6400541,34.58826621,33.84873282,35.25845802,35.23610388,31.44681289,37.36405607,1,0,0,0,1,0,0,0,1,0,0,0,1,0,0,0,1,0,0,0,1,0,0,0,1,0,0,0,1,0,0,0,1,0,0,0,1,0,0,0,1,0,0,0,1,0,0,0,1,0,0,0,1,0,0,0,1,0,0,0,1,0,0,0,1,0,0,0,1,0,0,0,1,0,0,0,1,0,0,0,93,320,227,0.290625,197,138,320,182,0.43125,45,42,320,278,0.13125,197,108,320,212,0.3375,107,24,320,296,0.075,230,72,320,248,0.225,69,147,320,173,0.459375,36,306,320,14,0.95625,3,84,320,236,0.2625,179,39,320,281,0.121875,176,30,320,290,0.09375,266,165,320,155,0.515625,107,72,320,248,0.225,203,228,320,92,0.7125,12,198,320,122,0.61875,18,84,320,236,0.2625,176,33,320,287,0.103125,263,93,320,227,0.290625,33,162,320,158,0.50625,48,15,320,305,0.046875,302,0
14,train,increment,3,540.0066014,0.002656289,46.90854001,50.09890306,46.9111109,48.16369904,50.70631948,48.46996763,42.25198697,47.97366778,46.76132601,45.63806872,47.86444276,45.03845635,47.5198143,42.17365495,47.1170796,43.83653999,42.21030422,52.38567573,50.41534648,46.02803601,45.44754006,45.94111144,48.16780654,45.33393827,48.16464068,43.64033863,50.49948017,47.18901854,51.57299174,47.30928789,42.84352708,45.23534036,44.41954723,44.57652776,44.5401228,43.48093018,49.39060456,46.81735263,48.65682813,48.18059296,47.80995351,45.23008108,51.74604872,44.02298766,47.74829711,46.53402771,49.64238371,42.92752765,48.92749536,44.80354399,43.56519143,46.60952779,46.85468672,48.74768527,47.3187083,45.07666802,43.53796844,51.03692371,44.53326627,42.35547868,48.51229237,50.48430095,47.35200658,45.84538771,46.74784883,51.81622924,45.68287742,41.72015564,47.27164988,44.48778828,50.08187632,49.11909607,46.19295198,39.39392471,45.95628341,44.25996707,45.91357969,46.91489443,41.89948409,47.44195416,48.69398516,43.7783823,43.9293348,50.4447012,43.82046873,49.72595153,44.86307596,46.69581783,43.85533555,48.21136605,41.82378649,44.94930243,41.97986661,41.91368184,50.79143869,44.76291487,46.84543931,39.49688393,44.03144961,46.52215422,48.61731703,46.42390327,47.89243193,46.89961369,43.53559788,46.82974967,46.47803441,47.11574464,46.36786362,43.52778293,48.14774503,47.79151895,45.11945905,47.22538631,46.97259946,49.63422014,45.6668642,46.87379027,49.51830567,47.76726914,43.17903163,44.96271095,50.0231805,46.04422024,43.74325332,50.82582098,44.89573495,46.57303473,48.49880386,47.04320114,41.67791907,48.94398399,1,0,0,0,1,0,0,0,1,0,0,0,1,0,0,0,1,0,0,0,1,0,0,0,1,0,0,0,1,0,0,0,1,0,0,0,1,0,0,0,1,0,0,0,1,0,0,0,1,0,0,0,1,0,0,0,1,0,0,0,1,0,0,0,1,0,0,0,1,0,0,0,1,0,0,0,1,0,0,0,144,320,176,0.45,125,216,320,104,0.675,12,96,320,224,0.3,119,174,320,146,0.54375,21,57,320,263,0.178125,224,66,320,254,0.20625,68,171,320,149,0.534375,21,318,320,2,0.99375,2,135,320,185,0.421875,122,87,320,233,0.271875,96,54,320,266,0.16875,147,246,320,74,0.76875,20,102,320,218,0.31875,65,309,320,11,0.965625,5,270,320,50,0.84375,20,117,320,203,0.365625,161,60,320,260,0.1875,141,213,320,107,0.665625,12,201,320,119,0.628125,20,18,320,302,0.05625,302,1
14,train,increment,4,720.0003042,0.026931905,65.12885653,68.08468498,66.54596719,65.26805546,68.66362699,65.6815897,57.91201038,69.23288664,63.57323615,60.62526392,67.47805998,59.8038756,64.55570537,55.14884447,64.32452536,61.03423692,54.6788997,67.39333608,64.22521659,62.79893464,60.5584365,59.42472501,65.94564608,60.94514066,61.45182197,55.34609022,67.31413059,67.53068681,66.13091751,60.67606932,56.71266899,61.71594368,58.70759226,60.31053393,59.54950041,61.85491132,66.80729101,62.36265487,65.1943873,63.22578686,66.5456274,60.11251273,66.47148152,59.22256949,59.86866655,63.79848112,64.70190005,57.88603138,68.06830762,62.94077281,57.97123188,63.4270587,65.5016014,67.32746601,62.83466909,60.94248264,60.25414219,71.40841406,59.45630065,57.9044494,65.84895241,68.08000106,60.06089302,60.15951143,64.96696483,67.13963921,62.84300097,58.45513516,68.89367648,61.04399784,64.21219715,70.42540641,60.55176064,52.82483469,61.98009346,56.46667278,61.24117764,59.67922846,55.36606093,64.50784734,64.34493325,61.47172664,61.4718848,70.74797755,57.73816427,65.83471886,60.02157771,63.29591151,60.89762414,63.48881743,53.05440224,61.45716923,56.82566779,55.14141573,67.88324928,59.2566907,62.66437531,51.36929091,59.02330043,65.21698941,62.78279106,63.79544961,64.87610648,59.22000998,59.70195845,63.25501743,64.11489981,63.1707132,60.39969616,54.30740619,60.89061408,62.60210336,58.94750057,62.66882556,62.00816275,69.29124551,58.30861592,63.60271223,70.33706597,58.89262989,60.71122157,57.66566223,63.0043671,59.18539759,59.06520986,68.83325368,61.30187187,62.47325951,64.56422149,62.61649715,56.9386679,61.18871794,1,0,0,0,0,3,0,0,1,0,0,0,0,3,0,0,0,3,0,0,1,0,0,0,1,0,0,0,0,3,0,0,1,0,0,0,1,0,0,0,1,0,0,0,0,3,0,0,1,0,0,0,0,3,0,0,1,0,0,0,1,0,0,0,1,0,0,0,0,3,0,0,1,0,0,0,1,0,0,0,216,320,104,0.675,56,270,2880,2610,0.09375,909,114,320,206,0.35625,39,210,2880,2670,0.072916667,960,45,2880,2835,0.015625,960,183,320,137,0.571875,18,234,320,86,0.73125,24,456,2880,2424,0.158333333,762,123,320,197,0.384375,23,93,320,227,0.290625,39,72,320,248,0.225,42,255,2880,2625,0.088541667,858,120,320,200,0.375,24,426,2880,2454,0.147916667,801,261,320,59,0.815625,9,171,320,149,0.534375,27,78,320,242,0.24375,69,225,2880,2655,0.078125,825,264,320,56,0.825,12,39,320,281,0.121875,281,1
14,train,increment,5,900.0017629,0.023490103,87.73082529,91.46059062,90.28644939,90.89241994,94.70947583,87.75562752,76.84521525,84.36322993,85.12234276,81.54066649,90.81057793,82.68274157,84.3329896,77.13782415,86.50850494,79.01308627,71.86916004,87.39629708,90.2309437,84.099306,79.41036324,81.93974836,82.43921417,79.56864724,85.1183196,73.96691304,86.01194295,88.50302801,87.96761426,88.18695633,77.96947334,88.14575122,81.91298642,82.51497127,82.84425209,86.58854771,90.25206091,87.70137437,91.85457296,87.29492258,94.07276962,80.90070889,91.64693714,81.15587829,79.3144647,86.47262937,92.38966748,82.98001692,91.09046825,83.31110296,73.78557372,90.44473949,89.02187414,92.63003756,79.7915645,81.92619587,84.34083897,94.0154567,81.60472935,79.05028087,86.17411996,91.48248933,84.52273527,76.88952787,83.15388457,86.54808604,86.47241256,77.24639811,92.51562438,83.0064842,86.70554617,102.7371106,82.32912992,70.68128537,83.20794301,75.26607531,80.19204523,79.10938617,76.10911683,91.12766977,88.06337096,83.81752141,83.1640035,95.08059077,75.80468534,91.74505232,87.06096349,83.74270282,79.54266563,86.30894385,69.74530461,77.89474782,72.25910042,75.87037176,87.47315348,81.77962134,87.56429143,66.73477427,84.54412281,93.88422823,83.8696406,86.65267634,85.59223751,78.59806294,79.88211817,82.82321739,88.00861509,85.31014578,80.59664995,70.37012927,82.85945075,84.06929275,80.34607677,85.16016398,90.10272655,88.74260713,79.61634821,89.3570171,97.32510439,79.96793942,81.29383937,79.49884962,86.3808579,76.68739763,82.03469875,91.68177669,82.98895734,81.84464977,84.4726163,84.51031177,72.19610207,81.08507462,1,0,0,0,0,3,0,0,1,0,0,0,0,3,0,0,0,3,0,0,1,0,0,0,0,2,0,0,0,3,0,0,0,2,0,0,0,2,0,0,1,2,0,0,0,3,0,0,1,0,0,0,0,3,0,0,0,2,0,0,1,2,0,0,1,0,0,0,0,3,0,0,1,2,0,0,1,0,0,0,258,320,62,0.80625,23,360,2880,2520,0.125,960,114,320,206,0.35625,42,261,2880,2619,0.090625,960,78,2880,2802,0.027083333,960,201,320,119,0.628125,15,387,1920,1533,0.2015625,603,645,2880,2235,0.223958333,684,174,1920,1746,0.090625,642,81,1920,1839,0.0421875,960,105,2240,2135,0.046875,960,408,2880,2472,0.141666667,960,177,320,143,0.553125,15,570,2880,2310,0.197916667,732,453,1920,1467,0.2359375,648,162,2240,2078,0.072321429,765,132,320,188,0.4125,45,354,2880,2526,0.122916667,765,348,2240,1892,0.155357143,648,51,320,269,0.159375,260,0
14,train,increment,6,1080.018598,0.016143576,121.3709586,120.7518543,120.9687827,125.2219551,125.780311,111.0569806,103.5558591,113.2490999,113.0891482,114.8893056,121.0462858,110.7034633,108.416448,105.4473661,120.800525,101.7596065,92.6734813,120.2501597,121.1489225,115.5005375,110.9837007,104.5947183,119.0869736,109.9720947,111.1038713,100.2578241,112.4884601,122.7074391,118.0003776,113.6814571,100.6606755,117.2103488,111.1826222,119.0883269,117.1426311,120.7818858,117.8749315,111.8595421,124.6308962,113.5813769,122.9091313,113.455952,123.2676498,114.3519911,102.7641559,116.6278026,130.4081318,112.7295647,122.8264383,118.1148387,103.9296578,122.6577068,119.0876567,126.1055347,101.2632477,107.8814028,111.7779034,128.9640472,107.0283701,109.1225347,115.9076818,121.175938,113.7023954,103.1106543,108.49497,117.456997,112.4748618,104.8957949,122.3673715,105.4630258,119.7724782,130.3525268,111.9187967,94.93341343,112.9937936,102.9184298,107.0626406,108.7995303,106.210389,118.4989888,114.5089044,111.8114437,119.1180354,118.024431,97.68384368,120.9082508,118.7500699,108.1701094,99.35352452,117.0790738,88.43498966,108.6832419,88.15125839,105.8120578,117.6731049,110.1969704,108.6779361,89.63678695,115.0397825,123.4741806,109.8166255,116.3232613,107.4931269,100.1115021,105.8575911,110.5933148,116.7138099,112.0375584,101.9702907,95.42327677,120.3512895,109.7983369,110.5055127,113.6067616,117.6289783,117.5418998,108.3555871,121.3561058,134.1385606,104.7556868,105.1533047,109.042481,119.5600489,103.9920658,111.9719051,119.5378121,116.8585622,108.028855,110.423303,120.0601789,102.9122565,112.67139,1,0,0,0,0,3,0,0,1,0,0,0,0,3,0,0,0,3,0,0,1,0,0,0,0,2,0,0,0,3,0,0,0,2,0,0,0,2,0,0,1,2,0,0,0,3,0,0,1,0,0,0,0,3,0,0,0,2,0,0,1,2,0,0,1,0,0,0,0,3,0,0,1,2,0,0,1,0,0,0,315,320,5,0.984375,3,423,2880,2457,0.146875,960,132,320,188,0.4125,32,432,2880,2448,0.15,960,87,2880,2793,0.030208333,960,267,320,53,0.834375,6,489,1920,1431,0.2546875,525,840,2880,2040,0.291666667,570,183,1920,1737,0.0953125,708,195,1920,1725,0.1015625,960,102,2240,2138,0.045535714,960,600,2880,2280,0.208333333,885,222,320,98,0.69375,15,807,2880,2073,0.280208333,615,597,1920,1323,0.3109375,576,216,2240,2024,0.096428571,843,138,320,182,0.43125,51,531,2880,2349,0.184375,711,513,2240,1727,0.229017857,597,57,320,263,0.178125,257,0
14,train,increment,7,1260.004795,0.011853395,151.396738,157.2452491,160.1491537,168.6733457,167.6182362,152.7950337,141.4254023,155.883234,157.4399046,149.8163017,155.1658903,150.1793565,148.1782777,144.1069827,152.7466064,146.1891451,124.8111293,166.6765909,162.3578074,161.6922561,146.8348439,144.7677264,162.20031,148.8728285,153.1560569,135.972569,151.649189,154.7193209,144.8638313,154.6325248,129.6864735,162.4302664,143.8760914,161.9101639,158.36464,171.2151415,162.6827502,148.3296926,171.9654421,156.4002717,161.8375721,151.6588537,171.3110009,150.9580518,138.0196461,148.1061488,180.3103899,152.0984985,155.4935789,167.2229196,138.9981243,160.2859364,164.2397114,180.4685011,134.4172149,147.753678,146.7120145,183.8408889,138.8979279,148.9671497,148.8632143,172.9867101,151.8522057,137.9936776,153.921205,150.5584048,148.2685372,148.3231101,155.0850804,134.1884696,158.6064978,177.7143653,150.7075691,120.9175113,151.5308518,130.5909647,141.8507275,135.9410951,143.5723103,160.1001742,152.7737738,140.0518495,163.3219433,154.8907814,131.5251495,165.7560852,161.810127,150.0023317,127.0988042,158.250904,119.4554239,146.3093821,118.116577,144.3184375,160.4921895,149.8058906,148.1782552,117.3319637,148.1648495,150.7063346,145.4773687,156.001823,147.3694588,131.1392214,149.9102391,139.5910632,158.3674677,157.4679178,143.0899576,128.995152,157.777687,151.0627294,156.8909481,162.5897391,148.5962005,154.5812426,151.1697255,162.6719205,181.8596035,136.9704648,140.1008202,157.8565718,157.422223,135.4231076,148.1814282,155.4849778,162.6969705,138.2610614,152.6116525,153.3879356,137.1093305,149.3813711,1,0,0,0,0,3,0,0,1,0,0,0,0,3,0,0,0,3,0,0,1,0,0,0,0,2,0,0,0,3,0,0,0,2,0,0,0,2,0,0,1,2,0,0,0,3,0,0,1,0,0,0,0,3,0,0,0,2,0,0,1,2,0,0,1,0,0,0,0,3,0,0,1,2,0,0,1,0,0,0,300,320,20,0.9375,3,702,2880,2178,0.24375,909,180,320,140,0.5625,15,507,2880,2373,0.176041667,960,240,2880,2640,0.083333333,960,315,320,5,0.984375,3,768,1920,1152,0.4,312,1236,2880,1644,0.429166667,498,267,1920,1653,0.1390625,435,243,1920,1677,0.1265625,960,174,2240,2066,0.077678571,951,780,2880,2100,0.270833333,675,294,320,26,0.91875,6,1101,2880,1779,0.382291667,525,858,1920,1062,0.446875,393,240,2240,2000,0.107142857,771,207,320,113,0.646875,39,720,2880,2160,0.25,540,657,2240,1583,0.293303571,393,84,320,236,0.2625,221,0
14,train,increment,8,1440.000784,0.01148032,202.7860717,201.2751432,210.4514442,236.4499697,228.1753279,203.3031656,191.952021,201.6803238,193.0783654,203.4327757,215.7461631,201.0658123,199.6345533,184.5645492,194.6846187,200.4012916,156.8030963,223.9997309,227.7173522,213.2850837,182.9801051,192.4549939,221.9827477,209.6526475,197.9919642,190.1852982,199.3515313,202.2160173,191.3177528,209.2911125,181.7454922,224.8514085,188.3132036,212.3946801,220.5256407,219.3805426,214.6041624,210.7465451,226.9975493,208.7216763,213.8559483,193.0414959,226.3732679,195.0975037,185.8327759,206.4772107,237.3907285,209.4629532,211.4406585,220.8259266,189.2472159,225.8746791,223.2174551,230.0290818,172.3451751,190.8647241,196.0895606,242.0469664,194.3165157,190.0137096,199.0659347,235.7562027,191.3968985,181.2478561,210.7444152,202.0584425,196.8112899,203.0282275,207.1277474,194.1522023,204.5952209,236.6437972,194.3749702,162.653718,193.8022079,164.1734264,183.5695307,176.240961,200.8416677,216.5066151,211.8675422,192.89584,215.3432837,213.7898665,184.6515076,207.9075289,203.9594094,191.396077,171.6496182,210.2700454,167.3523079,195.0677241,154.9620826,192.2259821,209.6350374,192.9991519,206.9153061,149.9915399,204.3223078,211.5184141,193.0850297,220.0065241,207.5221319,183.8445438,206.5426406,196.5740904,212.9685673,200.7513306,187.9272462,179.1895404,215.0810126,197.6923087,222.3207052,208.5214016,197.9246315,207.9382521,192.6557486,205.1051201,235.8160141,187.2512104,194.2337868,220.5185861,210.0788307,179.0180292,192.2203383,206.4446124,209.4050524,179.6625006,192.4963412,203.4867049,183.1426331,210.6725481,1,0,0,0,0,3,0,0,1,0,0,0,0,3,0,0,0,3,0,0,1,0,0,0,0,2,0,0,0,3,0,0,0,2,0,0,0,2,0,0,1,2,0,0,0,3,0,0,1,0,0,0,0,3,0,0,0,2,0,0,1,2,0,0,1,0,0,0,0,3,0,0,1,2,0,0,1,0,0,0,309,320,11,0.965625,3,927,2880,1953,0.321875,801,222,320,98,0.69375,14,609,2880,2271,0.211458333,960,372,2880,2508,0.129166667,942,312,320,8,0.975,3,1044,1920,876,0.54375,144,1545,2880,1335,0.536458333,354,417,1920,1503,0.2171875,516,381,1920,1539,0.1984375,660,297,2240,1943,0.132589286,783,987,2880,1893,0.342708333,645,315,320,5,0.984375,3,1344,2880,1536,0.466666667,384,1062,1920,858,0.553125,225,507,2240,1733,0.226339286,654,312,320,8,0.975,3,924,2880,1956,0.320833333,411,915,2240,1325,0.408482143,366,120,320,200,0.375,51,1
14,train,increment,9,1620.005041,0.012593352,282.3987451,272.0224795,273.5563164,314.5067313,303.4234581,270.0367153,276.7588611,260.5332495,255.7722609,268.0144419,301.3825864,262.8698217,270.6115158,255.6709435,261.874649,269.3497622,220.7726809,318.1797883,294.5956098,280.7145731,242.3795559,267.3183135,293.8343956,278.212713,254.2425757,260.1714327,268.3116704,275.0080612,242.6424891,274.0836535,252.3386124,308.212035,266.5564569,281.2964685,302.2528927,302.339825,282.5351984,300.5051963,293.7111397,278.5682087,271.4186003,265.8894969,317.3271837,262.6161199,261.3390459,291.5330421,337.7547067,282.0651085,286.5357139,289.7515209,257.1079859,284.9382991,298.5160748,319.4551163,237.1772668,255.7341697,257.2226241,316.4920505,268.1336349,268.2229726,262.4682899,320.4789331,261.2174902,258.3368238,280.8806773,284.2701006,263.400246,268.781502,291.5440794,271.121319,280.8726607,330.0835468,269.5250064,214.3793705,265.440389,220.6957288,250.1842138,218.47198,283.494575,295.2750354,284.813488,279.313215,299.0080298,283.2428931,258.9591053,265.990649,276.5272435,258.9192598,231.1583369,288.7853246,234.3606496,258.7905176,213.3261827,253.934846,291.2699859,260.2103669,265.5684286,195.7405319,288.8585498,272.4347874,254.761587,276.8680128,294.2728839,254.5558896,270.8721855,247.4286873,300.6302208,252.0090818,252.6887859,232.4408954,281.6193372,268.4590426,302.4095046,288.1419741,275.7113281,289.8514556,235.5884579,268.7332295,333.4523435,252.0957374,264.6504385,301.5431304,283.7237475,236.2776421,273.2955229,279.2220399,286.1033103,230.7449803,257.4264944,280.7001671,231.7633989,299.103711,0,3,0,0,0,3,0,0,1,0,0,0,0,3,0,0,0,0,0,9,0,3,0,0,0,2,0,0,0,3,0,0,0,2,0,0,0,3,0,0,1,2,0,0,0,3,0,0,0,3,0,0,0,3,0,0,0,3,0,0,1,2,0,0,1,0,0,0,0,3,0,0,1,2,0,0,1,0,0,0,303,2880,2577,0.105208333,783,1260,2880,1620,0.4375,666,210,320,110,0.65625,24,786,2880,2094,0.272916667,873,504,8640,8136,0.058333333,960,720,2880,2160,0.25,237,1692,1920,228,0.88125,9,2193,2880,687,0.761458333,45,552,1920,1368,0.2875,159,393,2880,2487,0.136458333,960,531,2240,1709,0.237053571,291,1350,2880,1530,0.46875,732,495,2880,2385,0.171875,762,1932,2880,948,0.670833333,159,1503,2880,1377,0.521875,171,483,2240,1757,0.215625,669,294,320,26,0.91875,6,1149,2880,1731,0.398958333,192,1137,2240,1103,0.507589286,189,111,320,209,0.346875,170,0
14,train,increment,10,1800.002766,0.009216889,375.0481288,366.2819685,378.6228591,422.8959028,409.2400547,350.6921246,394.985205,345.9532142,343.9199096,361.6154357,406.0181853,350.9466784,373.3777817,348.6393586,362.0784602,385.3451544,311.5411741,438.160985,400.8787744,377.5264266,331.4836659,364.1547384,413.6776492,394.8243789,342.5274058,354.0536397,355.5347746,341.3998128,318.328863,375.53857,345.9395716,420.1044462,381.2921247,397.5548196,416.5390823,395.3630224,396.854228,392.9828651,392.294166,385.3001086,358.4317988,366.795732,396.3212891,342.7629955,362.2306909,395.1537745,477.5863639,350.6931714,389.1691188,393.2822887,339.2839486,376.7963235,405.1592678,445.5670931,327.742996,337.5484307,352.8802818,441.3162924,350.1645802,366.652685,356.4199832,434.3189871,356.9233832,351.8626996,373.9004354,376.204607,349.0350225,373.0544907,387.8977845,367.4034594,382.4174513,465.5340952,359.5612629,296.4733985,362.3593001,312.0012861,326.675325,293.6816129,426.6237955,377.0762162,369.7406277,389.5294421,414.2326306,360.4535638,358.7870995,331.8675486,390.6185539,329.9831251,312.153829,377.2789758,313.7222704,366.9633026,285.1776136,334.8049303,404.3382294,356.254774,377.1977137,274.3481959,404.5766343,364.0323206,336.3617299,373.9226082,419.4294776,358.4550405,365.85906,340.1308127,398.4938869,333.8211769,342.129202,313.7486959,394.4955151,358.32022,420.5028121,371.8544853,385.5307065,410.5895144,316.855982,353.6690707,460.4751665,332.5015683,363.2400882,419.1760294,381.7326913,344.584455,353.7219967,386.9967422,391.1203861,321.2097177,357.9241061,401.1064982,306.5754665,392.9964133,0,3,0,0,0,3,0,0,1,0,0,0,0,3,0,0,0,0,0,9,0,3,0,0,0,2,0,0,0,3,0,0,0,2,0,0,0,3,0,0,1,2,0,0,0,3,0,0,0,3,0,0,0,3,0,0,0,3,0,0,1,2,0,0,1,0,0,0,0,3,0,0,1,2,0,0,1,0,0,0,1215,2880,1665,0.421875,549,1464,2880,1416,0.508333333,387,312,320,8,0.975,3,1218,2880,1662,0.422916667,630,381,8640,8259,0.044097222,960,1059,2880,1821,0.367708333,342,1515,1920,405,0.7890625,9,2826,2880,54,0.98125,6,720,1920,1200,0.375,264,459,2880,2421,0.159375,960,603,2240,1637,0.269196429,330,1848,2880,1032,0.641666667,252,777,2880,2103,0.269791667,687,2661,2880,219,0.923958333,9,1977,2880,903,0.686458333,78,705,2240,1535,0.314732143,444,318,320,2,0.99375,2,1641,2880,1239,0.569791667,66,1674,2240,566,0.747321429,33,291,320,29,0.909375,14,1
14,train,increment,11,1980.000716,0.017124319,488.9828684,465.7380393,526.3291153,538.8739442,540.6783916,463.4580293,527.6465866,455.6961156,450.87712,476.0253499,560.5610735,465.7909028,477.9522942,460.0023164,464.3198688,550.6804044,424.7411445,558.7159266,529.6662772,509.047079,441.6728324,473.4062448,532.3202191,527.3225653,483.949616,481.9856064,470.0987749,456.813811,427.0318178,526.696367,452.8377086,579.2782298,521.6046583,514.6449913,564.4925097,556.8668879,511.488563,541.5609918,514.9509204,537.6709668,493.2769597,479.4000669,561.5655365,466.1706609,503.6681838,537.040426,633.5551559,468.2800214,532.1387043,552.4455943,426.938394,500.8523837,549.4239756,611.2452342,419.6427062,473.9092153,470.5623911,643.2873045,465.2618059,478.4371807,472.4542722,586.6055179,477.9010303,478.9903057,503.3596224,512.7014274,471.5991341,508.0934598,537.2571647,499.3736554,496.315813,653.4071652,472.0396221,395.276552,511.6255449,438.9035124,451.4779176,395.8682588,588.4369958,513.0491297,495.4613182,536.065184,556.6596972,484.7760569,485.8828544,455.1556977,519.2654211,447.753092,409.7372174,526.45528,430.7235315,493.3196187,385.7941675,452.2237454,528.1821995,513.3956366,523.6173772,380.4974542,571.2276379,473.1142229,459.4506084,475.6247359,548.1261804,464.3747143,508.1844161,444.0704244,548.2584075,448.5046253,463.4284371,399.0830908,535.7389553,496.0935502,575.3412935,506.0333938,507.4426613,535.6884697,416.5610929,478.0069581,640.354237,450.6051786,500.8904595,549.6966635,531.3632393,428.3987055,478.8417074,534.9622349,528.5571814,410.3273335,489.2652075,546.1714854,428.4642175,555.7775081,0,3,0,0,0,3,0,0,1,0,0,0,0,3,0,0,0,0,0,9,0,3,0,0,0,2,0,0,0,3,0,0,0,2,0,0,0,3,0,0,1,2,0,0,0,3,0,0,0,3,0,0,0,3,0,0,0,3,0,0,1,2,0,0,1,0,0,0,0,3,0,0,1,2,0,0,1,0,0,0,1428,2880,1452,0.495833333,342,1980,2880,900,0.6875,81,315,320,5,0.984375,3,1446,2880,1434,0.502083333,120,423,8640,8217,0.048958333,960,1350,2880,1530,0.46875,105,1704,1920,216,0.8875,9,2775,2880,105,0.963541667,3,1176,1920,744,0.6125,27,825,2880,2055,0.286458333,960,921,2240,1319,0.411160714,93,2418,2880,462,0.839583333,15,1095,2880,1785,0.380208333,330,2859,2880,21,0.992708333,3,2625,2880,255,0.911458333,6,1065,2240,1175,0.475446429,114,306,320,14,0.95625,3,1761,2880,1119,0.611458333,45,2016,2240,224,0.9,9,300,320,20,0.9375,3,1
14,train,increment,12,2160.002299,0.044825834,671.5178998,640.9372417,716.4553181,751.8828764,719.6910434,611.3570874,726.7839526,591.9948702,608.745721,638.1005261,733.8111439,632.9629921,620.3538342,581.7421127,599.5425074,719.8804839,578.5905795,714.1421731,720.6862058,648.9873174,591.7871845,651.4477702,730.6960248,746.4116861,657.3984918,657.5634989,681.5319448,616.0208054,577.6419787,713.2637051,597.9862584,797.3850851,725.9267443,688.3953485,763.1178992,714.59072,645.3979753,706.3788619,664.4178062,734.5406532,661.3878682,653.3150994,761.6365804,633.9890887,701.8779077,731.2449074,850.1300782,648.4039654,746.200736,769.7964989,609.5946322,638.3215583,726.8523589,854.1368864,567.3977698,609.5622244,620.3089552,844.475187,631.6391318,635.8946343,641.345522,777.0422871,637.928873,654.5147975,691.208567,655.6119552,623.4301802,665.3327309,742.230124,669.0393321,647.3745436,868.8843481,656.2782413,529.2358426,728.2606541,595.067769,656.6568927,498.7738861,788.9914818,670.1701963,644.1136567,684.4829929,731.3429424,679.5334037,670.3714357,622.7926557,677.4179427,614.1102521,560.3850382,695.9455666,614.9267155,636.6297002,550.6769015,579.0766374,680.2165071,655.1376444,710.2026498,521.2372336,808.5516736,661.3842934,626.9668738,640.7190117,792.2233639,630.9269316,662.0926309,588.4179602,767.6005943,573.7585701,619.799714,561.8541705,710.9844494,662.0509058,738.4202147,681.0027173,685.1325307,701.7138958,544.8383054,647.1337447,866.1348983,619.3046618,646.8069743,750.7463841,733.454182,592.0861726,645.3552303,744.7578688,645.2308619,584.248806,628.517595,721.0040972,576.4431445,748.9185871,0,3,0,0,0,3,0,0,1,0,0,0,0,3,0,0,0,0,0,9,0,3,0,0,0,2,0,0,0,3,0,0,0,2,0,0,0,3,0,0,1,2,0,0,0,3,0,0,0,3,0,0,0,3,0,0,0,3,0,0,1,2,0,0,1,0,0,0,0,3,0,0,1,2,0,0,1,0,0,0,1755,2880,1125,0.609375,174,2592,2880,288,0.9,9,318,320,2,0.99375,2,1656,2880,1224,0.575,60,543,8640,8097,0.062847222,960,1890,2880,990,0.65625,45,1815,1920,105,0.9453125,6,2703,2880,177,0.938541667,6,1632,1920,288,0.85,12,1194,2880,1686,0.414583333,159,1281,2240,959,0.571875,63,2814,2880,66,0.977083333,3,1566,2880,1314,0.54375,39,2877,2880,3,0.998958333,3,2742,2880,138,0.952083333,6,1848,2240,392,0.825,15,318,320,2,0.99375,2,1815,2880,1065,0.630208333,39,2151,2240,89,0.960267857,5,306,320,14,0.95625,3,1
14,train,increment,13,2340.004166,0.088906327,907.8246662,823.2603098,980.5172412,1025.352687,909.3813447,785.6248459,944.0307875,812.2324542,752.5151429,839.3719359,997.9233288,884.1860773,859.014099,717.2427222,780.9570613,949.2810684,811.833285,892.7677485,952.5048908,911.8667268,758.914213,850.7021509,955.7043331,1018.161836,860.0132503,838.9427584,956.0978224,810.5629402,759.2578394,979.1588334,842.0396469,1066.699979,948.8222216,893.7078497,1039.736546,968.3613167,849.1592646,948.4943071,907.9816252,926.9223767,840.2702059,840.8454758,946.313184,797.7680053,941.2836321,1026.551639,1112.749701,835.3458714,998.4852918,1055.080946,843.3085323,861.1966647,969.0128206,1197.745698,768.9260804,766.7204752,795.7398327,1116.251913,848.7018685,836.7477822,883.8373184,1020.32112,837.0643548,864.70443,923.1417018,894.8641067,824.7560122,922.8696634,967.6256637,902.1265684,870.3921905,1200.790901,853.8066616,733.8601267,917.6996301,764.2599801,817.451393,654.2712025,1062.618213,886.7260695,829.7267858,927.2301681,1056.123554,903.9097106,912.0635265,822.4051527,923.112018,800.5962947,726.0331981,890.0133268,803.1343311,835.4402692,703.7763984,791.0641169,911.4693146,871.1476642,983.0672513,674.7480985,1025.469491,841.9530137,890.3055101,917.9378763,1059.096528,865.5462658,878.0170371,800.5116319,1000.690626,784.9917348,841.8428519,733.46079,942.7401505,920.877697,1016.604097,952.2642311,922.9257481,980.2297903,679.0773157,883.8606502,1181.484235,825.6910394,844.873513,1010.145308,1013.281956,791.0999304,858.2371414,968.8141753,865.74672,779.669312,812.9783748,949.6431241,767.5799397,1017.239755,0,3,0,0,0,3,0,0,1,0,0,0,0,3,0,0,0,0,0,9,0,3,0,0,0,2,0,0,0,3,0,0,0,2,0,0,0,3,0,0,1,2,0,0,0,3,0,0,0,3,0,0,0,3,0,0,0,3,0,0,1,2,0,0,1,0,0,0,0,3,0,0,1,2,0,0,1,0,0,0,2457,2880,423,0.853125,18,2835,2880,45,0.984375,3,315,320,5,0.984375,3,1755,2880,1125,0.609375,81,1020,8640,7620,0.118055556,960,2331,2880,549,0.809375,12,1920,1920,0,1,0,2784,2880,96,0.966666667,6,1776,1920,144,0.925,6,1737,2880,1143,0.603125,69,1542,2240,698,0.688392857,27,2820,2880,60,0.979166667,3,1911,2880,969,0.663541667,57,2868,2880,12,0.995833333,3,2727,2880,153,0.946875,9,1983,2240,257,0.885267857,12,318,320,2,0.99375,2,1872,2880,1008,0.65,51,2163,2240,77,0.965625,6,315,320,5,0.984375,3,1
15,test,increment,1,180.0030695,0,24.53421225,24.62381296,26.16459224,25.92038532,25.35583681,25.0045915,25.29888448,27.07164905,26.49775994,25.16671168,25.42380087,26.32054272,24.64031152,26.69619137,25.11050947,27.02262726,26.67012785,26.5300586,25.96989899,26.54668014,25.17382395,25.39122044,27.3434812,25.89677808,24.9457232,25.18513647,25.26798778,25.31288632,26.40499357,25.09426653,25.44232865,26.85109633,25.824383,26.64453187,25.35241252,25.77822275,26.53160693,27.60641564,25.14107867,25.85888754,26.29478553,24.79241087,26.76775272,26.00442834,26.85202201,25.04118378,24.8308974,25.47457704,24.13535637,25.14520908,26.32794173,24.34057964,26.94438686,24.51950257,25.43302178,25.22919417,25.06368459,24.55198504,25.59549293,24.90926488,25.95315941,26.9603125,25.71077747,25.98423974,26.76150966,26.29668325,25.25635776,24.98992523,24.59114123,25.27219687,25.17503723,25.98577438,25.43758999,24.98192733,24.17525084,24.6977502,23.46062686,24.23273715,25.74229437,26.33171,25.29394825,26.0348897,26.04686311,25.77602621,25.9603278,26.36905944,26.41737198,24.65939981,26.03347008,24.34244902,25.14599005,25.60176186,25.61594958,26.25415297,24.73703761,25.50050724,27.00820175,24.7012657,24.82304361,25.41085891,25.79023532,24.81385251,24.89911584,25.34551176,25.55972029,25.18095841,25.20474028,23.47966505,26.6281874,26.0990251,24.68485086,24.52405623,25.66900235,25.81503501,27.02892041,25.56901927,25.09667478,25.48205233,27.38460465,26.70759673,25.91148329,25.81038951,25.40460023,24.27901523,27.76079603,25.72809848,26.09918089,25.79323401,25.85364809,25.50838676,23.94664368,26.04456334,1,0,0,0,1,0,0,0,1,0,0,0,1,0,0,0,1,0,0,0,1,0,0,0,1,0,0,0,1,0,0,0,1,0,0,0,1,0,0,0,1,0,0,0,1,0,0,0,1,0,0,0,1,0,0,0,1,0,0,0,1,0,0,0,1,0,0,0,1,0,0,0,1,0,0,0,1,0,0,0,90,320,230,0.28125,212,132,320,188,0.4125,32,27,320,293,0.084375,260,90,320,230,0.28125,140,27,320,293,0.084375,281,66,320,254,0.20625,95,87,320,233,0.271875,119,279,320,41,0.871875,23,51,320,269,0.159375,248,33,320,287,0.103125,260,15,320,305,0.046875,251,111,320,209,0.346875,140,51,320,269,0.159375,191,216,320,104,0.675,26,162,320,158,0.50625,27,33,320,287,0.103125,260,33,320,287,0.103125,254,129,320,191,0.403125,26,138,320,182,0.43125,59,6,320,314,0.01875,302,0
15,test,increment,2,360.0041739,0.000117055,33.32607384,33.63418481,35.31498612,35.52678047,33.36436282,35.55576818,34.32684256,36.88707075,35.5492763,32.24711168,34.5027337,37.89610896,33.81021985,36.83791226,33.40080682,36.67948266,37.03526981,34.97001863,34.08230562,34.46203929,34.03535759,34.38006992,35.76128812,34.11351717,36.96454685,35.52442293,32.76029266,35.27210646,32.65628453,33.65555233,32.26070511,33.46133067,36.36509813,37.37895109,33.25779153,35.60814944,35.89043634,36.36231284,34.41719641,34.09455466,37.37501131,32.68535988,36.91526124,33.54654943,37.38007539,33.436098,32.45857333,35.63264669,33.18587587,33.72367497,36.11101128,31.48164803,37.17252106,30.12462078,37.89957395,32.57871592,35.01347854,34.89746997,35.3496019,35.20328029,36.44987612,34.48351309,36.48929473,37.22692802,36.97497646,32.787737,36.33355185,33.72068486,32.68767931,32.64116919,33.25667651,35.20736401,35.82837177,34.70959474,31.97663604,32.88122791,31.79742677,33.14958421,35.07946101,36.66468915,33.28523177,34.87241021,34.55100613,34.66926175,37.50707248,33.93640789,37.01930328,33.61391513,34.33961835,32.28759285,31.91222732,35.60629276,36.26869257,35.60385908,33.7334188,34.2795308,34.92319337,32.55749644,35.10960609,34.39119509,34.54286841,32.60253872,33.27765721,33.01586087,33.1317629,32.98293754,33.18995494,32.15132582,35.55576437,35.57143266,33.16483344,34.60779551,33.59318665,33.99017888,36.59291659,34.52461576,34.72947346,36.56908461,36.87523123,35.20314271,33.1274216,32.80736489,33.24094641,31.33386211,36.825568,34.40924365,33.89474218,34.07207424,33.8370937,35.09971295,32.03902523,33.69355154,1,0,0,0,1,0,0,0,1,0,0,0,1,0,0,0,1,0,0,0,1,0,0,0,1,0,0,0,1,0,0,0,1,0,0,0,1,0,0,0,1,0,0,0,1,0,0,0,1,0,0,0,1,0,0,0,1,0,0,0,1,0,0,0,1,0,0,0,1,0,0,0,1,0,0,0,1,0,0,0,96,320,224,0.3,212,153,320,167,0.478125,24,48,320,272,0.15,200,123,320,197,0.384375,131,27,320,293,0.084375,266,87,320,233,0.271875,86,138,320,182,0.43125,42,297,320,23,0.928125,6,78,320,242,0.24375,206,42,320,278,0.13125,236,39,320,281,0.121875,230,159,320,161,0.496875,131,48,320,272,0.15,221,228,320,92,0.7125,18,177,320,143,0.553125,30,81,320,239,0.253125,188,51,320,269,0.159375,185,162,320,158,0.50625,18,162,320,158,0.50625,45,9,320,311,0.028125,302,0
15,test,increment,3,540.0110435,0.003958032,44.37626692,45.76722514,48.74118378,48.53303005,42.44583071,48.16233409,44.23029488,50.59897711,48.68444405,43.46290485,49.03530518,52.84550946,46.55760227,50.97171253,46.08156323,47.5203545,50.2191441,48.77367783,46.59014567,45.51154376,43.91732429,44.85048502,47.67989439,48.31073813,52.75249321,47.33883387,45.53872969,46.80521485,43.6232707,47.51904362,43.502898,44.88395405,48.54780192,54.0976915,45.61452124,49.14628194,48.65892776,49.01740919,47.58337508,44.15860421,52.42070098,46.10810887,50.69069895,44.07040251,48.82887379,46.56907136,38.90778618,47.4474076,46.78661891,47.81631986,47.4591545,42.51353139,48.17209726,38.01309687,49.36871684,47.10650503,45.86586673,46.24768918,47.48435323,45.43845089,49.87312292,49.95993549,50.11514237,51.90467047,50.15647267,43.29018748,50.71819971,45.54290438,46.99811662,45.96654713,42.9197005,48.62190656,46.09902444,48.38689214,40.82430627,45.04044379,41.80985992,44.63387541,46.18996607,48.0789381,44.12118487,47.44735131,45.46738285,46.05341603,46.39972618,42.78483596,51.38668006,44.23739177,45.74919976,40.584133,41.96759758,52.69950687,48.45962435,47.83967924,45.0230679,42.63862576,46.3951002,43.82155233,45.34274117,47.47335471,46.44400489,42.18125768,44.44136613,46.20461471,41.66875766,43.31658959,44.03406595,46.62709381,50.71026499,48.04924507,44.46532672,46.28182536,43.18678107,46.58882002,50.72766667,46.81697459,46.23058981,51.25137449,48.52116941,49.33054552,46.22484656,46.07455068,42.06009149,42.26881219,49.02279909,46.10482223,46.36161494,46.50901888,44.95144061,48.45071432,42.89792306,43.21764768,1,0,0,0,1,0,0,0,1,0,0,0,1,0,0,0,1,0,0,0,1,0,0,0,1,0,0,0,1,0,0,0,1,0,0,0,1,0,0,0,1,0,0,0,1,0,0,0,1,0,0,0,1,0,0,0,1,0,0,0,1,0,0,0,1,0,0,0,1,0,0,0,1,0,0,0,1,0,0,0,153,320,167,0.478125,158,162,320,158,0.50625,30,72,320,248,0.225,134,174,320,146,0.54375,24,39,320,281,0.121875,197,96,320,224,0.3,84,153,320,167,0.478125,27,285,320,35,0.890625,6,102,320,218,0.31875,158,78,320,242,0.24375,51,42,320,278,0.13125,161,249,320,71,0.778125,11,108,320,212,0.3375,74,306,320,14,0.95625,6,252,320,68,0.7875,14,81,320,239,0.253125,122,72,320,248,0.225,95,165,320,155,0.515625,12,201,320,119,0.628125,26,21,320,299,0.065625,299,1
15,test,increment,4,720.0381426,0.025228023,60.19647049,62.13890998,67.40411926,65.53344979,58.32519905,64.71180129,57.59217573,66.14608498,62.08574573,60.89945289,68.87606964,69.32325834,65.27822853,68.61235967,63.09107476,60.55799488,69.72650192,64.13850395,63.38415564,62.7059639,61.95996049,60.79813702,64.76841464,63.98702087,70.02749138,66.13140232,62.26362779,60.99334257,61.28579295,63.43218712,56.07811713,60.85456021,67.22661331,73.22043438,61.73556798,66.56878291,63.32137565,64.47333433,60.7994219,62.10924451,67.85140196,62.36391687,67.79303379,62.05257111,67.28365191,63.8901531,51.0101129,59.1646937,59.50226293,62.62670954,61.61674107,57.83513877,65.66781126,49.73327676,64.9447025,65.71902215,61.55017676,63.96550485,62.28646641,65.86567693,67.70092099,70.74690514,66.70940179,68.19560736,68.5500262,61.58575439,65.37259433,58.94186744,64.66588821,59.21957228,57.65853442,63.02892242,63.81078649,62.35922981,55.9677062,62.38159082,54.94883587,61.50056587,62.93555766,66.79104882,57.79693024,62.13392707,62.22904885,63.75418574,61.78663531,55.82034447,69.69550879,60.14457165,58.48054848,51.68829297,57.0067047,65.74158784,61.48568704,62.49993459,61.78654955,55.91159669,63.21731224,58.65274995,64.14108171,63.40529857,59.03813814,55.78534237,63.91958274,63.21097317,58.24714028,56.86742297,59.2340533,62.43074686,69.73776379,63.54833844,58.42907688,62.2594915,59.82367623,61.75755111,66.8527669,60.36505585,63.20354308,69.37669396,64.2356995,67.0392815,64.91896985,59.63042693,57.7955252,57.79588047,69.49755573,64.26827274,62.91127523,62.27410084,60.69736344,63.45396275,56.70441919,56.30771151,1,0,0,0,0,3,0,0,1,0,0,0,0,3,0,0,0,3,0,0,1,0,0,0,1,0,0,0,0,3,0,0,1,0,0,0,1,0,0,0,1,0,0,0,0,3,0,0,1,0,0,0,0,3,0,0,1,0,0,0,1,0,0,0,1,0,0,0,0,3,0,0,1,0,0,0,1,0,0,0,171,320,149,0.534375,89,114,2880,2766,0.039583333,960,177,320,143,0.553125,26,225,2880,2655,0.078125,960,111,2880,2769,0.038541667,960,207,320,113,0.646875,18,243,320,77,0.759375,17,381,2880,2499,0.132291667,864,102,320,218,0.31875,87,123,320,197,0.384375,48,78,320,242,0.24375,63,339,2880,2541,0.117708333,957,105,320,215,0.328125,69,390,2880,2490,0.135416667,804,315,320,5,0.984375,3,156,320,164,0.4875,36,69,320,251,0.215625,89,216,2880,2664,0.075,825,255,320,65,0.796875,9,21,320,299,0.065625,293,0
15,test,increment,5,900.0014496,0.023946458,81.03889234,88.6873467,88.0518975,82.26482344,75.35058654,87.0968196,84.24331347,91.83669037,80.10592939,79.42410041,96.17363612,92.29639058,86.58804671,93.72606917,83.99696457,83.61198285,97.48636777,93.83855649,86.04379719,87.28315557,87.54475111,83.11780003,85.00750839,87.34058375,91.73673143,91.84960778,82.67077888,78.60474622,85.30095167,89.18359304,72.5540402,78.91327671,90.2184426,100.1878974,82.74343939,84.68773796,80.27705654,85.07341269,85.56749402,83.41585996,90.07913269,87.07562931,91.66342341,89.36052807,91.54920118,85.48832728,68.30630587,76.12070293,83.58656349,84.63537533,83.59614938,79.45203891,88.06254864,65.94563684,93.76157017,88.50726265,83.04980403,87.27580835,77.89452954,91.89979028,88.8463175,96.76807955,89.57529446,93.45108423,92.05691996,80.68986439,86.88061019,78.56421086,91.00039994,77.73856873,76.12193843,85.58567704,87.09794772,82.98004007,74.8166168,79.85450015,73.41284155,80.77857995,84.28380064,91.18029018,77.67555396,86.00966568,86.73673169,89.01692558,83.77362049,75.54414311,96.84945272,75.80635907,77.67827791,75.00109194,74.7983555,93.15773949,83.890602,83.42077393,89.17881884,72.97985632,88.01092247,75.88106254,89.57281162,86.54655516,79.0631564,74.88480842,87.44837019,89.28569317,77.82794981,77.86981185,75.49128945,87.6484081,85.83098392,84.69748106,79.82700756,82.49436984,79.06459036,88.9100553,88.02936624,84.42581815,81.26127031,92.02982977,83.62619714,89.89062964,86.70276927,80.19792452,75.85949868,80.80258489,91.02230748,86.20266438,85.14580342,84.41291141,80.44031327,84.25661792,72.82612442,71.50162927,1,0,0,0,0,3,0,0,1,0,0,0,0,3,0,0,0,3,0,0,1,0,0,0,1,0,0,0,0,3,0,0,1,0,0,0,1,0,0,0,1,0,0,0,0,3,0,0,1,0,0,0,0,3,0,0,1,0,0,0,1,0,0,0,1,0,0,0,0,3,0,0,1,0,0,0,1,0,0,0,291,320,29,0.909375,3,360,2880,2520,0.125,819,102,320,218,0.31875,42,285,2880,2595,0.098958333,906,102,2880,2778,0.035416667,960,183,320,137,0.571875,21,294,320,26,0.91875,6,567,2880,2313,0.196875,732,234,320,86,0.73125,9,114,320,206,0.35625,51,144,320,176,0.45,45,444,2880,2436,0.154166667,789,192,320,128,0.6,23,630,2880,2250,0.21875,732,315,320,5,0.984375,3,237,320,83,0.740625,9,99,320,221,0.309375,36,330,2880,2550,0.114583333,777,303,320,17,0.946875,3,39,320,281,0.121875,272,1
15,test,increment,6,1080.003394,0.033051512,106.3158995,118.6196674,113.563544,106.557534,100.6708622,117.9094927,111.8600878,123.0528623,110.6591912,104.2940534,134.0510796,119.5899407,111.3781216,127.733378,114.1676794,115.8110552,129.9735632,123.4900008,119.4551938,114.406209,116.0688447,111.8705965,112.5899626,115.1499069,125.5983821,125.1235918,108.622504,101.021591,116.215685,119.598268,93.29721203,103.5070739,117.4097288,133.2491722,111.3902362,115.4759372,101.1853625,117.1617739,113.0665734,104.5805794,127.9663028,121.2197821,133.2909054,123.800971,121.8528806,115.8397188,91.10473752,99.36852462,107.0784493,106.7538324,113.9945512,107.8864926,120.9781491,91.50440055,128.7154616,124.4633901,103.1877085,117.3735576,106.5582867,128.2271261,127.7669332,127.0739855,115.5552565,123.2855363,121.0016885,106.0863294,111.6298523,104.8313083,116.2313133,103.7395941,105.8203351,114.3505904,117.2823821,111.4267451,100.3638682,108.9392594,100.8273564,114.6462683,116.6299984,120.7960578,109.0767087,121.1390576,115.3197569,119.9851328,114.5733691,100.5310202,130.7768006,94.12909562,103.9148126,104.4415755,98.32634643,126.3450261,113.7464682,113.6461094,122.7660807,99.49677318,117.6263596,96.78756567,112.1577608,122.668358,106.1793471,102.5484454,117.2841913,116.007625,104.5139188,101.0980822,103.8393694,120.4626911,122.7405185,114.6647257,114.2825176,115.0758254,105.5564424,119.5859425,120.9108511,108.1626399,113.0042037,124.430411,113.8376348,129.1553801,124.2305339,105.0206138,96.82200199,101.0474951,125.9685246,115.2251277,113.2029499,114.4402502,105.3364587,111.0127735,98.31043153,94.49807316,0,3,0,0,0,3,0,0,0,3,0,0,0,3,0,0,0,3,0,0,1,0,0,0,0,3,0,0,0,3,0,0,0,3,0,0,0,3,0,0,1,0,0,0,0,3,0,0,1,0,0,0,0,3,0,0,1,0,0,0,0,3,0,0,1,0,0,0,0,3,0,0,0,3,0,0,1,0,0,0,189,2880,2691,0.065625,906,501,2880,2379,0.173958333,786,120,2880,2760,0.041666667,960,267,2880,2613,0.092708333,879,219,2880,2661,0.076041667,960,279,320,41,0.871875,6,588,2880,2292,0.204166667,621,684,2880,2196,0.2375,651,390,2880,2490,0.135416667,702,132,2880,2748,0.045833333,960,168,320,152,0.525,42,513,2880,2367,0.178125,756,294,320,26,0.91875,6,753,2880,2127,0.261458333,651,318,320,2,0.99375,2,423,2880,2457,0.146875,744,132,320,188,0.4125,51,498,2880,2382,0.172916667,651,408,2880,2472,0.141666667,828,36,320,284,0.1125,242,0
15,test,increment,7,1260.00943,0.025801551,134.1567711,151.4770997,139.2728066,137.0094108,132.6987497,155.7859252,155.6231703,158.5478755,153.0288583,141.0412548,172.6936079,167.392943,141.6325153,170.5061548,146.4633181,155.6219267,173.9912452,168.4964572,160.2425984,157.1551887,163.5214888,152.7321789,147.3031435,152.0358237,175.496795,173.9866278,141.899263,133.2151031,161.022432,164.0992647,123.3794603,136.9040771,165.9768633,186.2389425,153.560741,158.0800677,131.430376,156.9319805,150.6091397,140.4014191,168.4783874,165.3553063,181.7786731,158.4859959,162.2098286,147.0743299,121.9958412,131.0115848,155.8064151,139.0369951,152.8503486,153.1246682,167.9565651,127.7684125,177.0804592,168.8279196,141.024569,156.1639807,141.6101471,178.4113269,161.7737396,170.759423,149.8943483,162.1014196,161.5065088,137.2119357,153.2770238,133.1850016,156.4039422,137.4691998,148.5974675,152.3934435,146.6663271,151.4363367,137.2780144,147.2925293,135.414061,141.8181806,151.4365012,156.7507766,141.4075206,159.3911135,159.1766206,162.4873682,160.3120828,131.7372558,159.8936442,127.5766062,136.9752169,137.6925613,132.6622922,162.7369165,155.5405606,150.2179994,165.8864817,129.554479,169.2965995,129.3779399,150.5102986,158.4803097,142.0862813,138.1120068,156.1975273,151.4709828,139.1803804,131.9198485,137.4297873,166.4770211,167.0646631,151.4106386,154.8103786,160.5364616,146.3247641,159.5378687,161.010823,146.4969123,154.2399302,167.3026655,153.2057728,179.7168807,168.6115708,142.5663754,126.9131273,137.8379651,169.7960186,159.2049459,153.0940987,141.338391,143.7083869,151.5077294,127.9094455,129.8163944,0,3,0,0,0,3,0,0,0,3,0,0,0,3,0,0,0,3,0,0,1,0,0,0,0,3,0,0,0,3,0,0,0,3,0,0,0,3,0,0,1,0,0,0,0,3,0,0,1,0,0,0,0,3,0,0,1,0,0,0,0,3,0,0,1,0,0,0,0,3,0,0,0,3,0,0,1,0,0,0,462,2880,2418,0.160416667,771,675,2880,2205,0.234375,693,189,2880,2691,0.065625,819,504,2880,2376,0.175,735,150,2880,2730,0.052083333,960,297,320,23,0.928125,6,714,2880,2166,0.247916667,606,924,2880,1956,0.320833333,570,660,2880,2220,0.229166667,612,255,2880,2625,0.088541667,960,156,320,164,0.4875,138,681,2880,2199,0.236458333,642,306,320,14,0.95625,3,1005,2880,1875,0.348958333,570,318,320,2,0.99375,2,813,2880,2067,0.282291667,642,261,320,59,0.815625,15,672,2880,2208,0.233333333,588,603,2880,2277,0.209375,642,60,320,260,0.1875,245,1
15,test,increment,8,1440.003231,0.020159053,185.6764953,198.9290983,201.9306073,184.0914014,179.308615,208.2422711,222.3621004,215.7612682,201.4739717,177.0587708,234.7571319,218.3403685,192.2301047,227.6781457,195.8769196,204.222841,245.0049348,216.5061858,199.7758749,207.0716835,227.7551624,207.1412936,199.6938662,203.4214201,230.2024409,223.5231821,189.7814769,168.6834452,206.1194761,227.1829276,162.9048806,184.0432492,226.7642191,260.0333064,199.4890509,214.6717876,172.5256434,221.916844,218.75077,193.3270422,230.1312776,206.5162494,243.9814913,213.8828915,220.9978354,193.3175385,166.7985699,171.1813777,220.4181523,192.5396414,210.1661213,200.7722388,229.1246195,161.2325121,228.275298,222.5720503,183.7967755,210.3154119,188.6932804,229.0312582,209.7393918,234.8155632,211.965412,233.0345058,217.3419609,177.1041135,203.987228,184.013797,204.5572254,180.5285863,205.7285556,199.4977488,193.916481,203.2624108,183.985437,200.7077849,172.2530718,183.427103,210.5166652,207.8883283,193.8426664,197.5894157,217.9253955,221.3083786,221.2825553,171.4831393,207.2005522,169.6347871,181.0303994,175.0292254,175.862074,218.0823952,200.8477512,195.7741959,223.7190269,175.2091752,231.3508714,182.0581154,211.7543151,201.0185197,193.4050107,185.2494794,205.7186441,202.5276272,189.1250484,169.2087511,192.7172787,223.3723182,225.4835551,200.6902295,208.5258158,213.3437698,190.794883,202.4360305,215.4472821,202.91004,194.3233158,214.9580938,200.3978556,239.0349377,234.1341182,185.2748478,166.5371987,184.3556607,235.3871976,226.1990025,197.7105402,190.644432,186.0995051,209.1614577,176.3617489,168.2758846,0,3,0,0,0,3,0,0,0,3,0,0,0,3,0,0,0,0,0,9,0,3,0,0,0,3,0,0,0,3,0,0,0,3,0,0,0,3,0,0,1,0,0,0,0,3,0,0,0,3,0,0,0,3,0,0,0,3,0,0,0,3,0,0,1,0,0,0,0,3,0,0,0,3,0,0,1,0,0,0,648,2880,2232,0.225,696,900,2880,1980,0.3125,597,282,2880,2598,0.097916667,732,639,2880,2241,0.221875,774,186,8640,8454,0.021527778,960,474,2880,2406,0.164583333,699,810,2880,2070,0.28125,294,1662,2880,1218,0.577083333,327,351,2880,2529,0.121875,822,222,2880,2658,0.077083333,960,177,320,143,0.553125,45,912,2880,1968,0.316666667,921,300,2880,2580,0.104166667,960,1422,2880,1458,0.49375,378,1092,2880,1788,0.379166667,411,363,2880,2517,0.126041667,708,306,320,14,0.95625,3,984,2880,1896,0.341666667,378,882,2880,1998,0.30625,573,90,320,230,0.28125,110,0
15,test,increment,9,1620.001496,0.0145984,238.9426384,257.7339671,256.8026602,245.9499962,237.9012284,267.9914324,296.1998694,287.8556428,273.81317,231.6902109,304.5358493,287.0781886,247.7392544,303.7916725,262.7091758,269.8509786,323.5151878,288.6566644,256.5341931,298.0445794,298.3691828,284.7877777,283.2364997,273.4439801,305.8835006,298.7481851,243.0664188,228.2164515,265.5220301,317.1908048,215.6938129,255.167327,298.7665837,351.3913105,254.4785081,290.3920003,234.1771296,302.41024,300.6749664,260.0867912,308.9318005,273.7108824,333.6630282,285.2988826,294.8762314,259.1292177,225.1844584,240.9961512,292.9211472,254.8096582,270.2728074,272.9412944,299.166358,219.1286728,317.6506195,301.3506238,240.0011048,270.6810205,254.2025948,305.7830873,278.4573833,330.9281239,276.0349604,332.6096047,300.7487207,228.6589846,280.8360113,233.8295904,269.8493989,237.9373087,270.4093506,267.116418,263.1110998,257.8572676,241.8913963,273.8956676,242.4019681,238.8552469,286.2018056,273.7241859,244.6307834,252.121148,296.8322416,285.3797504,301.6091945,233.7132742,282.5525578,226.3120389,235.6153981,236.6272244,234.7926606,291.1663213,255.8487541,266.7904414,308.2460181,240.5691905,320.4300304,249.454487,284.0336126,274.1854922,244.0878013,221.0902528,283.3608551,260.3211569,246.2007102,234.1763733,256.3566439,304.1108356,302.1401201,279.6388349,293.747981,297.1495994,258.015298,268.5674016,298.0405807,277.9329613,249.4194449,296.4967573,273.0871083,306.342669,299.4967063,238.9980752,219.5564643,269.2237492,317.9581808,309.7335414,261.9136895,269.6001634,248.3376156,269.7037726,232.7999651,235.6814767,0,3,0,0,0,3,0,0,0,3,0,0,0,3,0,0,0,0,0,9,0,3,0,0,0,3,0,0,0,3,0,0,0,3,0,0,0,3,0,0,1,0,0,0,0,3,0,0,0,3,0,0,0,3,0,0,0,3,0,0,0,3,0,0,1,0,0,0,0,3,0,0,0,3,0,0,1,0,0,0,804,2880,2076,0.279166667,567,1149,2880,1731,0.398958333,960,387,2880,2493,0.134375,873,978,2880,1902,0.339583333,597,273,8640,8367,0.031597222,960,555,2880,2325,0.192708333,390,1086,2880,1794,0.377083333,426,2316,2880,564,0.804166667,102,504,2880,2376,0.175,465,339,2880,2541,0.117708333,960,261,320,59,0.815625,26,1302,2880,1578,0.452083333,960,519,2880,2361,0.180208333,675,1926,2880,954,0.66875,66,1446,2880,1434,0.502083333,117,465,2880,2415,0.161458333,960,303,320,17,0.946875,6,1176,2880,1704,0.408333333,186,1209,2880,1671,0.419791667,336,174,320,146,0.54375,86,0
15,test,increment,10,1800.000081,0.01074611,313.755094,316.3366041,357.1983822,323.4354044,329.1074628,363.8330238,386.3153743,395.4808353,371.7108812,311.050653,437.8918853,374.8305159,323.4283196,419.0375522,358.2808749,351.5876056,422.5920785,359.986649,348.5117098,410.4315173,378.4910542,382.5286762,368.6775537,363.3512339,398.4782497,386.3447334,328.0252787,323.5527864,348.3765625,432.0945508,302.2351475,349.6397821,422.3180147,483.6464102,356.9788692,383.1658167,298.4025871,428.3655382,405.3154986,338.9394868,394.8089259,347.7273974,416.1377486,403.0828699,416.715219,332.1824649,309.6397102,343.0653498,406.3346254,345.1751294,363.1197517,361.9474138,401.4444981,307.1692015,419.8367993,409.2154914,333.9761229,349.6985428,354.2559665,399.8750254,377.1460441,412.2390555,350.8038888,455.3545117,410.3049347,290.5881988,365.9065858,328.822583,350.5796163,328.8481518,360.4840251,370.2990734,373.2349139,360.9699376,329.1908448,367.9474221,329.799417,322.4636162,383.7435064,359.6808025,315.8779255,362.2997439,392.7070208,395.2763191,413.3234933,302.6984604,385.6630199,316.7096355,324.5757215,311.3813953,328.4872001,366.672065,340.5736588,349.4421178,437.3146118,325.5469415,412.0305503,330.5857107,383.681287,367.9414036,319.0749075,299.0583318,391.7665604,356.5302862,336.5590918,336.4012059,345.4044304,394.8625175,372.491855,389.1959417,393.9459948,409.7858638,342.6621353,374.3056479,391.4120219,357.5504958,343.2079369,410.7608478,367.3865686,418.8738897,416.4838421,315.9861768,310.5025364,388.5081275,441.3018918,425.847518,348.5964398,340.908714,319.721758,349.1742407,318.9052451,322.8744307,0,3,0,0,0,3,0,0,0,3,0,0,0,3,0,0,0,0,0,9,0,3,0,0,0,3,0,0,0,3,0,0,0,3,0,0,0,3,0,0,1,0,0,0,0,3,0,0,0,3,0,0,0,3,0,0,0,3,0,0,0,3,0,0,1,0,0,0,0,3,0,0,0,3,0,0,1,0,0,0,1113,2880,1767,0.386458333,507,1422,2880,1458,0.49375,342,468,2880,2412,0.1625,831,1314,2880,1566,0.45625,513,324,8640,8316,0.0375,960,771,2880,2109,0.267708333,324,1401,2880,1479,0.486458333,114,2778,2880,102,0.964583333,6,699,2880,2181,0.242708333,471,444,2880,2436,0.154166667,960,312,320,8,0.975,3,1761,2880,1119,0.611458333,276,708,2880,2172,0.245833333,486,2610,2880,270,0.90625,6,1884,2880,996,0.654166667,45,735,2880,2145,0.255208333,957,318,320,2,0.99375,2,1683,2880,1197,0.584375,42,1605,2880,1275,0.557291667,240,231,320,89,0.721875,12,1
15,test,increment,11,1980.000392,0.02668237,432.1926686,431.9946006,474.7927476,431.3708211,478.0130563,453.4574173,520.9824077,528.2642428,529.256639,417.2411942,576.0166721,525.4493169,456.1106258,534.5812672,459.1873077,477.0863266,582.7978036,474.1531828,463.1769649,514.5172146,543.7997485,493.2180676,481.3314528,464.2803167,539.6851869,517.8450834,446.8632389,466.9595527,462.8164132,553.4102528,382.053537,495.1575578,572.5042333,683.3316556,465.4072452,489.9877033,391.4708887,611.0728752,512.9332523,442.7805185,524.4705273,450.367425,549.1418129,534.6673957,574.3143366,432.8772525,406.371109,439.3305415,519.9805646,451.5033316,506.171403,487.1968069,540.2186307,438.8780569,563.1811299,526.7164591,433.9404731,469.2578941,479.3610376,526.6296617,536.8384862,552.2881984,475.1819016,684.3210832,550.488036,373.1977183,502.3140152,440.4884169,473.7008984,435.3243946,481.5517479,479.6911163,498.1257883,481.5314224,433.691677,476.6007185,421.6622333,449.2557162,515.3584786,484.7015252,411.3838388,476.339339,531.3474071,515.5154075,539.9231517,416.794844,525.5460171,446.5936877,425.4648302,416.8303739,459.2636462,505.885045,447.4405163,480.4131584,582.6001668,421.6663054,557.4873899,468.6583908,504.0668367,483.5713147,423.7720825,427.7545269,538.4724589,479.996898,432.3978885,459.5920819,448.1335607,548.179581,486.6392104,544.5503066,517.6202881,566.4731868,446.0480284,510.8831609,550.4839417,511.431449,455.1064079,548.6875682,530.3385614,562.9448104,521.2547165,413.7837504,412.8110792,535.6141681,587.4932471,562.2684833,473.4074478,448.0975843,425.5700471,477.4254117,437.4105599,431.6716586,0,3,0,0,0,0,0,9,0,3,0,0,0,3,0,0,0,0,0,9,0,3,0,0,0,3,0,0,0,3,0,0,0,3,0,0,0,3,0,0,1,0,0,0,0,3,0,0,0,3,0,0,0,3,0,0,0,3,0,0,0,3,0,0,0,3,0,0,0,3,0,0,0,0,0,9,1,0,0,0,1524,2880,1356,0.529166667,291,1803,8640,6837,0.208680556,960,741,2880,2139,0.257291667,303,2019,2880,861,0.701041667,138,555,8640,8085,0.064236111,960,792,2880,2088,0.275,390,1563,2880,1317,0.542708333,102,2871,2880,9,0.996875,6,1209,2880,1671,0.419791667,330,897,2880,1983,0.311458333,906,306,320,14,0.95625,5,2601,2880,279,0.903125,12,1140,2880,1740,0.395833333,261,2811,2880,69,0.976041667,6,2520,2880,360,0.875,9,1011,2880,1869,0.351041667,423,831,2880,2049,0.288541667,669,2226,2880,654,0.772916667,18,1359,8640,7281,0.157291667,960,249,320,71,0.778125,15,1
15,test,increment,12,2160.000376,0.050756822,550.8071577,576.4937862,649.6997268,595.275375,649.3723119,616.735805,694.9019806,688.2366103,707.6577268,572.0331927,733.1623325,756.069473,602.7327373,726.0138744,615.909145,669.1666899,777.7481886,577.0302051,624.3237406,673.5557095,767.6089491,703.3438338,656.1118182,623.5343883,733.3761935,665.2462952,582.3221052,659.3968209,641.6166187,742.6132263,543.2976947,665.540522,790.8528956,973.5033798,639.366961,662.2374576,521.6313944,798.0042306,732.9342851,615.7725855,726.0595873,602.4468104,746.693406,750.4229267,779.9606316,599.1191507,533.2727434,608.4797968,685.6401504,630.3553979,680.8387815,644.0482486,723.3701238,556.7101594,758.1966206,656.9729851,566.050543,653.6211263,629.2086402,694.317553,708.1324589,734.8681788,623.8472918,969.9233611,754.5489515,494.8298903,694.0476584,589.8441835,621.8441903,570.3078991,625.7719758,627.0585841,651.1262088,685.9415432,562.3885903,612.4924988,567.1147264,606.8894015,636.5323496,669.8795946,544.7354977,625.3528098,736.0640749,713.776098,712.6256589,560.6881947,686.6352862,581.1357822,587.2366629,555.9482387,574.836597,664.6952783,592.9232097,654.3490382,735.5311981,560.6523726,740.6667431,601.8869191,679.7740981,646.0076569,585.2786647,539.7003492,672.8046437,627.7764043,609.720426,609.9452813,601.0882723,744.2164652,673.6995161,737.0574505,708.4459283,720.1281886,571.3344556,711.2923867,756.3560283,680.1550296,595.6763904,715.7046905,730.1682319,767.5462746,706.5978971,555.5899093,563.8733623,711.7398661,789.5276593,787.1786798,624.7488812,589.965472,562.5054488,656.5523744,570.039795,579.4223986,0,3,0,0,0,0,0,9,0,3,0,0,0,3,0,0,0,0,0,9,0,3,0,0,0,3,0,0,0,3,0,0,0,3,0,0,0,3,0,0,0,3,0,0,0,0,0,9,0,3,0,0,0,0,0,9,0,3,0,0,0,3,0,0,0,3,0,0,0,3,0,0,0,0,0,9,1,0,0,0,2154,2880,726,0.747916667,39,2622,8640,6018,0.303472222,960,1026,2880,1854,0.35625,342,2637,2880,243,0.915625,9,861,8640,7779,0.099652778,960,1110,2880,1770,0.385416667,330,1896,2880,984,0.658333333,36,2874,2880,6,0.997916667,3,2637,2880,243,0.915625,6,1446,2880,1434,0.502083333,165,768,2880,2112,0.266666667,504,3177,8640,5463,0.367708333,960,1962,2880,918,0.68125,30,4290,8640,4350,0.496527778,519,2364,2880,516,0.820833333,24,2124,2880,756,0.7375,30,873,2880,2007,0.303125,567,2493,2880,387,0.865625,12,2850,8640,5790,0.329861111,960,306,320,14,0.95625,3,1
15,test,increment,13,2340.003169,0.047426178,708.7884133,793.3515971,927.0244234,787.8759764,893.4357641,831.2538653,934.7483473,952.1746877,975.1518612,768.1477128,1005.041777,1045.530718,811.8848234,970.5990451,801.7947149,836.9874766,1050.09128,800.8290846,843.9830703,883.9481834,1030.070983,904.465269,863.2963262,836.3738436,1002.503171,897.0078941,799.4924638,899.3221719,896.0660149,1036.049175,732.226518,892.568531,1029.212674,1318.378397,866.3918568,835.229328,718.4278051,1077.18937,925.0309649,852.5406658,1007.242581,805.3629059,1014.142429,990.1266599,1037.759376,822.4096419,723.6667439,817.7006556,921.6825179,879.7496906,909.383355,936.5927722,1054.190624,728.9688557,1030.83275,932.1475009,733.8091836,856.4186556,855.7052349,925.4027295,893.1808793,946.7340295,832.0658697,1284.726868,971.7495209,660.9034374,923.5876346,763.181914,848.4164115,766.2676936,823.1952232,865.5527938,804.71024,929.255124,761.5635439,840.0815079,746.0853633,819.1556357,871.9252254,887.8689052,710.0640222,844.1659188,983.2964508,981.6191264,931.0517516,735.3970078,958.1892852,769.786153,798.0242003,740.7526604,748.2325937,892.1371461,761.7291634,894.2246619,1003.410118,787.2594089,1023.86683,828.9107173,915.9736508,884.6439281,773.5379941,718.9021166,933.2449919,845.7386517,829.6921221,841.8881193,818.6462511,1012.640142,907.1830652,982.8006071,913.1078838,935.5136669,715.0942814,954.0859049,999.1174736,915.6724191,820.1199753,922.8439566,963.1117925,1036.833673,983.2854125,721.7616718,782.0820167,950.7545732,1099.387038,1024.600346,863.2245598,815.4268395,781.1523366,868.7110577,770.7089914,747.6603393,0,3,0,0,0,0,0,9,0,3,0,0,0,3,0,0,0,0,0,9,0,3,0,0,0,3,0,0,0,3,0,0,0,3,0,0,0,3,0,0,0,3,0,0,0,0,0,9,0,3,0,0,0,0,0,9,0,3,0,0,0,3,0,0,0,3,0,0,0,3,0,0,0,0,0,9,1,0,0,0,2592,2880,288,0.9,6,2778,8640,5862,0.321527778,960,1452,2880,1428,0.504166667,102,2694,2880,186,0.935416667,6,822,8640,7818,0.095138889,960,1698,2880,1182,0.589583333,36,2247,2880,633,0.780208333,33,2880,2880,0,1,0,2766,2880,114,0.960416667,6,2040,2880,840,0.708333333,21,2166,2880,714,0.752083333,21,5073,8640,3567,0.587152778,846,2286,2880,594,0.79375,18,5262,8640,3378,0.609027778,117,2871,2880,9,0.996875,3,2841,2880,39,0.986458333,3,1356,2880,1524,0.470833333,72,2859,2880,21,0.992708333,3,3816,8640,4824,0.441666667,960,312,320,8,0.975,3,1
15,test,increment,14,2520.000229,0.066946972,933.7858886,1079.795403,1261.714965,1067.807902,1172.063774,1135.027825,1216.995738,1268.170571,1417.596871,1031.815152,1395.687997,1395.205979,1112.093699,1255.027521,1071.913763,1125.611243,1409.534568,1018.722848,1102.052008,1187.657086,1371.428814,1237.237537,1190.909887,1088.625523,1291.004052,1279.037883,1071.809904,1226.055125,1203.268619,1354.153127,1064.759647,1267.831089,1336.903613,1923.977357,1196.658299,1023.585894,941.0966255,1505.028206,1322.139097,1127.091129,1360.389405,1130.440852,1364.335974,1400.675252,1434.632727,1103.081735,1011.378993,1131.878004,1200.277999,1165.409394,1154.301209,1268.941767,1517.595995,969.844749,1371.791372,1246.350328,1035.245917,1133.194484,1173.449808,1164.508586,1166.447625,1281.473623,1106.893578,1724.904328,1318.945114,828.1688325,1190.270205,1020.478032,1106.225497,1004.578891,1099.01177,1182.765479,1064.131693,1202.147768,1086.604505,1094.772108,975.4329243,1053.92393,1154.497557,1108.315097,973.6593007,1144.464686,1361.819609,1297.929323,1264.455793,1000.400559,1353.015378,1029.390296,1105.485241,970.9012435,1044.44412,1172.359971,1038.656834,1239.590857,1390.811657,1000.589682,1409.280899,1121.921828,1260.86404,1192.521808,1026.730946,948.5932743,1202.720756,1122.245838,1072.252743,1149.633169,1050.643313,1316.166157,1202.161565,1358.868793,1239.368772,1289.244325,986.4036752,1296.405785,1328.424028,1273.259557,1039.725008,1246.645383,1312.675455,1365.294374,1337.865355,995.0709784,1008.731859,1296.985173,1579.806373,1387.139787,1162.482985,1161.082164,1075.571087,1199.361337,988.3090567,1025.904915,0,3,0,0,0,0,0,9,0,3,0,0,0,3,0,0,0,0,0,9,0,3,0,0,0,3,0,0,0,3,0,0,0,3,0,0,0,3,0,0,0,3,0,0,0,0,0,9,0,3,0,0,0,0,0,9,0,3,0,0,0,3,0,0,0,3,0,0,0,3,0,0,0,0,0,9,1,0,0,0,2817,2880,63,0.978125,3,3150,8640,5490,0.364583333,960,1719,2880,1161,0.596875,60,2694,2880,186,0.935416667,6,1416,8640,7224,0.163888889,960,2370,2880,510,0.822916667,18,2793,2880,87,0.969791667,3,2856,2880,24,0.991666667,3,2793,2880,87,0.969791667,6,2430,2880,450,0.84375,18,2796,2880,84,0.970833333,3,6240,8640,2400,0.722222222,102,2724,2880,156,0.945833333,6,5883,8640,2757,0.680902778,114,2868,2880,12,0.995833333,3,2865,2880,15,0.994791667,3,1965,2880,915,0.682291667,33,2874,2880,6,0.997916667,3,4164,8640,4476,0.481944444,495,318,320,2,0.99375,2,1
16,test,increment,1,180.0144259,0,26.88966283,27.19325532,24.2670242,25.53183281,25.68301206,26.33758722,25.43118487,24.93338479,24.30449941,25.39008245,25.81984201,25.45829812,23.90447164,25.41314016,25.27082931,25.07170773,24.20294364,26.08086537,25.62522908,25.56012889,26.96196016,27.16755166,26.78540563,24.77461258,26.58586839,25.69722306,25.63516274,24.93111887,24.92148394,26.89699278,26.25723813,25.5882725,25.33303101,25.90440279,26.48096668,25.14001049,27.60329196,26.14854484,26.05114374,26.00148259,24.58950639,26.06756157,24.65334282,25.10184976,25.54468396,25.13401397,24.95518817,25.04850669,26.99418498,25.10127841,25.18407792,26.30609316,26.17724243,25.35348458,25.36211415,25.86475708,25.91732811,25.41011079,26.57260311,27.31068885,26.26838675,24.61098032,25.48919348,25.67809576,25.79763494,25.81212195,24.69711329,25.45318138,25.57201602,23.60971841,25.92310555,24.95778762,26.23494963,25.26730711,24.01584212,26.73179653,25.73663574,25.12213219,26.5602576,24.59954003,26.62075604,25.46082242,25.49206195,24.38585078,26.17834493,26.17484205,26.51180984,24.92865652,25.43101801,25.63816924,25.36829336,24.86438494,24.86497382,25.22001954,24.9832618,25.6547125,24.83472891,25.66696214,24.54588012,25.98711453,25.26865586,25.68892376,25.93219008,25.56242748,25.92184144,25.14132845,27.00312905,23.95461343,25.75542663,25.08478524,25.70962418,25.63213071,24.95860886,25.95329085,27.15384233,23.76528581,25.65966056,25.64659899,26.04810912,26.81593259,25.51607173,24.44841341,26.06928408,26.10631254,25.69510429,25.94431532,26.02271529,24.77118196,26.25225326,26.30147667,25.54705954,25.80777227,1,0,0,0,1,0,0,0,1,0,0,0,1,0,0,0,1,0,0,0,1,0,0,0,1,0,0,0,1,0,0,0,1,0,0,0,1,0,0,0,1,0,0,0,1,0,0,0,1,0,0,0,1,0,0,0,1,0,0,0,1,0,0,0,1,0,0,0,1,0,0,0,1,0,0,0,1,0,0,0,75,320,245,0.234375,236,102,320,218,0.31875,125,33,320,287,0.103125,224,75,320,245,0.234375,131,21,320,299,0.065625,245,45,320,275,0.140625,98,138,320,182,0.43125,92,144,320,176,0.45,125,63,320,257,0.196875,230,27,320,293,0.084375,236,18,320,302,0.05625,230,117,320,203,0.365625,122,24,320,296,0.075,233,129,320,191,0.403125,122,135,320,185,0.421875,167,42,320,278,0.13125,236,42,320,278,0.13125,239,66,320,254,0.20625,125,111,320,209,0.346875,167,18,320,302,0.05625,299,0
16,test,increment,2,360.0378413,0,36.63840448,39.21388976,34.52129353,33.83226425,36.52790836,36.19658911,34.58622775,31.72618283,30.93704898,34.66772337,32.89114977,32.51452024,31.76567419,35.04420042,34.79262364,32.60757996,33.18415473,35.05740287,36.20822729,34.25407993,37.2506878,36.31659831,36.27111841,34.67022748,37.55445369,33.2009438,35.48731481,34.6233249,32.57212475,34.89878025,35.49681563,34.69849183,32.92258746,34.30543076,35.10985938,33.99626859,40.08800377,34.95446172,35.77401379,37.19678972,32.54440154,32.93434397,32.19571634,34.84033761,34.77839357,35.16825975,32.96777715,33.49756923,36.78981747,32.72588403,33.23995858,34.329895,35.00952729,34.18470013,35.67430106,34.96853403,34.756728,36.38082652,35.55195802,35.77366873,34.72533019,33.3665516,35.72005865,32.0216998,35.56451426,32.41586698,35.41134336,36.37370601,35.03712683,31.50304009,34.62185281,32.86198934,36.57862815,33.86046865,32.56329505,36.70866276,35.45077554,34.98066666,37.86022609,32.04733354,33.81687531,34.58459536,36.96902725,32.23297573,35.46919051,36.07237566,37.37265085,31.92651531,32.40277425,36.09943536,35.68407533,35.91822167,34.57014585,31.46483419,34.51128123,32.87735179,32.41829962,36.09884311,33.01067019,33.6484681,33.46527719,35.09102532,36.17121901,34.25998406,36.44043676,33.05429526,35.37618951,32.16340602,33.66252969,33.23089335,33.9657635,35.06437344,31.72847412,34.29050722,38.61865221,30.59094619,35.51966607,34.33655436,35.11536607,36.70104584,32.6845147,32.8702008,34.03421351,34.04133358,34.42816072,33.79232313,37.18156654,31.18622874,37.02934038,34.78144374,34.44200341,34.1009308,1,0,0,0,1,0,0,0,1,0,0,0,1,0,0,0,1,0,0,0,1,0,0,0,1,0,0,0,1,0,0,0,1,0,0,0,1,0,0,0,1,0,0,0,1,0,0,0,1,0,0,0,1,0,0,0,1,0,0,0,1,0,0,0,1,0,0,0,1,0,0,0,1,0,0,0,1,0,0,0,129,320,191,0.403125,176,153,320,167,0.478125,33,42,320,278,0.13125,212,129,320,191,0.403125,56,39,320,281,0.121875,176,81,320,239,0.253125,57,135,320,185,0.421875,48,279,320,41,0.871875,6,51,320,269,0.159375,212,42,320,278,0.13125,200,42,320,278,0.13125,248,195,320,125,0.609375,24,84,320,236,0.2625,149,300,320,20,0.9375,3,180,320,140,0.5625,44,54,320,266,0.16875,200,36,320,284,0.1125,236,198,320,122,0.61875,12,171,320,149,0.534375,44,12,320,308,0.0375,290,0
16,test,increment,3,540.0442762,0.003786468,47.94386269,52.91060529,44.34617983,45.23375233,48.01955031,48.74214966,49.12707156,43.84975195,42.65073666,49.68334791,45.24810265,44.03495942,41.67483264,48.37602429,44.75133313,43.70079636,42.46406444,44.33873555,45.43376193,44.49268065,50.40535554,48.54525294,46.16398444,47.83214959,47.03727431,44.0896624,46.32924635,45.1185185,44.04387179,46.49869017,47.74573185,47.11869724,44.96297328,46.0140751,48.09013405,45.63889011,55.76752912,47.20615149,47.56805115,51.45692776,44.97111666,43.68574205,43.81540851,50.17747694,45.87424857,49.01059957,43.98746638,45.7159135,49.45948254,43.62832595,45.20326669,43.82633247,47.03858559,45.39602562,48.7732443,45.01335512,46.44223123,50.44015533,45.31849564,51.0959532,44.67846094,43.92539784,46.97393113,44.99151974,46.07745158,42.99990241,46.25216392,51.59002598,46.8197885,44.37068113,44.86669111,44.37759478,46.68840361,43.65967532,44.59440703,49.50590468,49.16030205,46.51650914,53.70212915,41.81355928,45.12598292,47.48493329,49.64685222,44.38034709,46.49416871,52.10194226,49.37471204,44.33192503,44.46755563,50.69849676,49.37630801,48.15376586,46.85453619,46.19166064,45.86648758,45.27890891,43.0100296,51.01892415,43.21400984,42.89897753,41.04841722,48.34608793,50.70479625,44.27885058,51.38261627,44.88048613,48.55286923,43.06903737,42.20181828,45.32860154,46.62736383,44.01955678,43.60399756,46.4499849,50.94591581,43.40538567,47.57790844,45.77066031,46.74910244,49.31082936,43.88560896,45.82315913,43.99558141,44.46221486,42.60138743,46.05820118,51.32853705,40.48993425,51.53092082,46.72886354,45.41053896,44.20342965,1,0,0,0,1,0,0,0,1,0,0,0,1,0,0,0,1,0,0,0,1,0,0,0,1,0,0,0,1,0,0,0,1,0,0,0,1,0,0,0,1,0,0,0,1,0,0,0,1,0,0,0,1,0,0,0,1,0,0,0,1,0,0,0,1,0,0,0,1,0,0,0,1,0,0,0,1,0,0,0,147,320,173,0.459375,170,174,320,146,0.54375,27,60,320,260,0.1875,197,141,320,179,0.440625,29,45,320,275,0.140625,212,105,320,215,0.328125,78,162,320,158,0.50625,36,282,320,38,0.88125,6,102,320,218,0.31875,128,84,320,236,0.2625,102,63,320,257,0.196875,90,222,320,98,0.69375,20,87,320,233,0.271875,90,300,320,20,0.9375,3,228,320,92,0.7125,12,120,320,200,0.375,116,114,320,206,0.35625,59,189,320,131,0.590625,15,222,320,98,0.69375,20,15,320,305,0.046875,305,1
16,test,increment,4,720.0060338,0.03157773,63.4473171,71.36390233,63.66211267,61.44672537,64.02069297,67.07663905,68.16623653,61.85072047,56.02953938,69.55481359,62.67415958,54.35526828,59.67095009,64.56739641,53.98685383,58.64819589,56.39815877,58.34242194,58.22846832,62.37107571,70.50333406,64.1026449,58.28461197,66.74748584,58.76363275,60.75343911,65.78716569,60.61789159,60.1556786,58.63631791,62.63409228,61.79420556,59.47143958,62.97088584,64.37024371,59.53843521,77.70848777,61.76052366,66.44332205,65.852909,57.07549633,58.94902823,60.06315147,66.87824045,62.11749241,67.06943308,56.88374693,60.76017537,64.00002417,56.26995151,61.82346812,58.91880586,62.96608516,60.43297445,65.67371634,59.68564148,61.63383263,64.42421587,59.06906766,66.65696665,57.11902304,57.63406161,65.48960376,59.80185239,63.30358882,55.92048495,65.89947923,66.84635602,63.6952391,58.28375732,58.65275041,58.99254854,58.83982217,59.16742647,57.69658889,68.89397566,67.05737254,60.33910548,69.89843546,57.58749277,58.11695804,62.18611327,67.24981399,63.17324529,63.47043519,67.83389095,64.92757224,62.14059475,61.06623546,71.41240979,65.10526961,65.46209625,62.17619791,65.3441222,61.4255442,56.9265926,54.5515197,66.59206615,56.55111816,60.90081752,54.34055291,65.53886486,69.45223289,60.5549603,64.46878356,59.73946724,66.99236829,57.76764066,58.09073735,61.65027632,62.90921818,58.37746331,58.29160275,65.25007155,70.92444808,59.45584834,61.63105556,61.70242305,64.71563735,63.35808758,58.81931315,59.56786955,59.34993556,57.3431145,55.05085645,59.77862848,70.50263437,54.96116082,68.54554423,65.25049592,56.91142795,64.21424785,1,0,0,0,0,3,0,0,1,0,0,0,0,3,0,0,0,3,0,0,1,0,0,0,1,0,0,0,0,3,0,0,1,0,0,0,1,0,0,0,1,0,0,0,0,3,0,0,1,0,0,0,0,3,0,0,1,0,0,0,1,0,0,0,1,0,0,0,0,3,0,0,1,0,0,0,1,0,0,0,198,320,122,0.61875,42,180,2880,2700,0.0625,960,171,320,149,0.534375,20,255,2880,2625,0.088541667,960,66,2880,2814,0.022916667,960,186,320,134,0.58125,18,306,320,14,0.95625,6,390,2880,2490,0.135416667,819,114,320,206,0.35625,42,126,320,194,0.39375,15,90,320,230,0.28125,60,285,2880,2595,0.098958333,774,102,320,218,0.31875,80,378,2880,2502,0.13125,825,306,320,14,0.95625,5,162,320,158,0.50625,18,87,320,233,0.271875,66,219,2880,2661,0.076041667,897,279,320,41,0.871875,9,63,320,257,0.196875,69,1
16,test,increment,5,900.0561345,0.03030846,91.00296702,94.26554697,88.01124287,79.21693826,84.64349446,93.32148711,92.03759828,81.58192957,77.09838546,94.67129839,85.06061081,71.89891247,78.57665438,87.04955792,74.12602363,77.35558788,75.11471363,74.41703821,78.46620224,84.82726267,90.51804837,90.2486107,77.6602762,86.58951332,78.48101217,76.75403519,87.09645036,82.43992853,78.34074181,77.12338259,87.22962321,80.60129546,78.05970767,84.67039037,87.36387845,80.21347334,101.397945,82.93068304,90.08759674,85.8487309,84.0335904,80.34647151,83.67962635,91.53113145,80.23988515,92.63258992,77.09851356,82.4927852,87.22494368,77.16980586,85.87527761,76.43091243,81.87634429,79.01599334,89.91837444,80.93045971,84.91169322,83.04477497,81.28601347,91.80255206,74.46024495,79.46050527,86.57847078,85.06375782,84.63425918,79.221779,86.94100575,94.02833278,87.07353333,80.07767907,79.18541938,81.46295885,84.07386862,81.78044894,76.70380153,91.01839166,84.92425494,82.50825981,91.36915327,70.92612371,78.77711016,83.03932317,93.02663134,88.13816477,84.68011231,87.92262767,87.80037798,82.25966033,84.08507277,97.17837149,91.58014693,91.07638651,85.15242575,87.34758039,83.70916795,76.14340897,77.43253875,89.78403728,77.72505503,84.06026625,76.97440128,83.5914411,89.83264855,85.34974742,82.71846039,76.30853285,89.18515621,76.48535975,77.11988129,85.69715221,84.01027338,81.10654202,79.37655259,81.52509223,98.79404932,79.62985747,83.9984807,85.38424028,90.34948171,88.42338238,81.71720138,85.17029936,77.91975515,75.75825305,78.43737234,76.70485454,94.48121024,73.15120638,89.59167699,86.91517345,75.05536264,92.83417843,1,0,0,0,0,3,0,0,0,2,0,0,0,3,0,0,0,3,0,0,1,0,0,0,0,2,0,0,0,3,0,0,0,2,0,0,0,2,0,0,1,0,0,0,0,3,0,0,1,0,0,0,0,3,0,0,0,2,0,0,0,2,0,0,1,0,0,0,0,3,0,0,1,2,0,0,1,0,0,0,252,320,68,0.7875,15,447,2880,2433,0.155208333,861,63,1920,1857,0.0328125,960,273,2880,2607,0.094791667,960,78,2880,2802,0.027083333,960,255,320,65,0.796875,9,360,1920,1560,0.1875,660,669,2880,2211,0.232291667,693,258,1920,1662,0.134375,627,132,1920,1788,0.06875,960,90,320,230,0.28125,110,393,2880,2487,0.136458333,960,183,320,137,0.571875,27,633,2880,2247,0.219791667,726,378,1920,1542,0.196875,726,249,1920,1671,0.1296875,645,108,320,212,0.3375,51,357,2880,2523,0.123958333,741,357,2240,1883,0.159375,726,39,320,281,0.121875,278,0
16,test,increment,6,1080.04271,0.020860863,127.0977934,129.4559651,119.533055,109.0977617,115.6259411,132.8550526,124.0726732,110.4796287,104.6171447,129.0394598,119.1682765,96.74675628,107.8146141,115.500432,93.83191986,104.8339849,103.8531187,92.68365136,108.7893289,115.4397793,122.1199093,131.1024202,114.2464361,118.5546677,104.2335287,102.1436659,120.2766881,113.469765,101.5414812,99.74250815,115.011788,106.4102916,107.1108063,113.2208718,114.7382327,101.4566011,136.5473217,113.1246692,122.5086657,116.7182568,120.1755655,109.6359192,108.7850889,125.0661455,105.9026331,123.503914,106.630515,119.3433314,114.7250186,111.1542246,119.4671738,102.7240787,114.4889997,108.8123554,114.6670831,104.2537319,119.5537187,111.9340598,104.9232027,122.8512479,96.53137625,100.3837902,115.5129912,113.9883158,111.5453902,109.7864469,114.9731121,121.7935785,114.4980402,111.3465068,112.021917,110.9796399,111.1998195,112.6813424,103.6231618,118.4636698,115.0808532,114.5268312,123.3659562,99.3211418,110.6132359,113.2281201,123.89907,119.5799119,116.7463154,120.7989731,115.9573641,107.2299288,111.4965957,119.0677434,118.8270876,125.1040375,110.7000628,115.1341929,112.2419977,98.57184288,100.9742633,118.8168644,107.4287699,118.5685542,98.25423699,104.8885527,118.7505614,112.3077489,108.1500274,106.2453435,121.7927216,98.89734349,99.78077426,113.3816741,105.5671094,113.9866209,105.1688406,110.9742215,124.8263597,108.2406037,111.6485169,121.3711314,122.8941825,123.8062812,109.0409066,119.3014645,112.3553503,106.1406606,112.1017349,102.7549394,129.6070301,100.7732494,118.3631483,119.0023529,98.44990947,130.1433815,1,0,0,0,0,3,0,0,0,2,0,0,0,3,0,0,0,3,0,0,1,0,0,0,0,2,0,0,0,3,0,0,0,2,0,0,0,2,0,0,1,0,0,0,0,3,0,0,1,0,0,0,0,3,0,0,0,2,0,0,0,2,0,0,1,0,0,0,0,3,0,0,1,2,0,0,1,0,0,0,294,320,26,0.91875,17,375,2880,2505,0.130208333,960,159,1920,1761,0.0828125,912,381,2880,2499,0.132291667,960,150,2880,2730,0.052083333,960,246,320,74,0.76875,9,459,1920,1461,0.2390625,510,894,2880,1986,0.310416667,618,159,1920,1761,0.0828125,699,135,1920,1785,0.0703125,960,108,320,212,0.3375,167,537,2880,2343,0.186458333,822,165,320,155,0.515625,21,828,2880,2052,0.2875,645,612,1920,1308,0.31875,606,165,1920,1755,0.0859375,879,141,320,179,0.440625,42,537,2880,2343,0.186458333,669,528,2240,1712,0.235714286,606,60,320,260,0.1875,245,0
16,test,increment,7,1260.007576,0.015145333,164.2501402,169.9423722,156.4751601,144.8383688,155.1186579,185.674448,165.7022435,148.7394661,149.3528873,161.1111441,153.5612504,131.4997264,145.3874302,148.3164725,122.3615658,145.3587598,144.7640531,127.2835504,150.9641498,157.9237232,169.9232131,180.1468673,148.6975379,159.8494017,141.7278385,135.2355934,163.5304805,158.4106946,139.3588293,133.2403862,154.9059023,148.2998113,141.8646126,155.117401,156.9461015,133.883308,182.2165125,157.3950168,170.4477466,156.4825374,170.6651296,152.7718522,142.917019,164.0681504,139.8109188,165.4692433,136.4008597,159.0785161,144.5738217,145.7671287,155.6615339,132.1009428,155.2035895,143.1867933,147.8399515,138.9277246,158.4369415,146.0737238,137.7680954,160.7708729,130.3442945,131.070172,161.4866441,151.9635838,162.2619892,141.5326322,155.9376496,174.1351384,146.8896904,153.0667351,151.5965366,148.3781622,143.0150907,144.450293,140.1297416,150.100714,159.557969,148.8666763,169.2967233,136.6499658,148.4843275,149.6128474,170.8433639,151.1202375,154.1980281,165.0184807,154.3932734,145.406666,148.8197563,152.1366865,167.3483078,178.3538926,144.8980109,161.1226107,143.8067058,136.0190754,132.4414915,162.8167692,147.8667858,149.832086,128.638588,129.8377654,174.639626,152.4143527,158.4613961,142.0238199,159.6744242,129.5837183,137.3684752,157.9737718,142.3770341,163.4389054,132.1330781,155.4631817,165.2219374,151.0520886,141.6907189,168.5748004,168.331404,174.7468174,145.6375808,154.9230075,155.4207036,144.9444011,156.0034791,146.5867092,174.4137118,142.4478438,152.4561051,161.4673587,135.8098062,171.4660285,1,0,0,0,0,3,0,0,0,2,0,0,0,3,0,0,0,3,0,0,1,0,0,0,0,2,0,0,0,3,0,0,0,2,0,0,0,2,0,0,1,0,0,0,0,3,0,0,1,0,0,0,0,3,0,0,0,2,0,0,0,2,0,0,1,0,0,0,0,3,0,0,1,2,0,0,1,0,0,0,312,320,8,0.975,3,690,2880,2190,0.239583333,873,132,1920,1788,0.06875,696,477,2880,2403,0.165625,960,207,2880,2673,0.071875,960,303,320,17,0.946875,3,738,1920,1182,0.384375,426,1185,2880,1695,0.411458333,465,297,1920,1623,0.1546875,663,237,1920,1683,0.1234375,906,204,320,116,0.6375,24,729,2880,2151,0.253125,651,303,320,17,0.946875,3,1098,2880,1782,0.38125,558,825,1920,1095,0.4296875,465,276,1920,1644,0.14375,750,273,320,47,0.853125,15,720,2880,2160,0.25,681,699,2240,1541,0.312053571,465,87,320,233,0.271875,230,0
16,test,increment,8,1440.007364,0.01324679,215.9029353,218.8305477,215.7405743,197.1949469,203.5683859,260.2867733,230.0567479,190.3861579,205.7184781,205.5032242,214.6698816,179.0885568,201.584556,203.815846,171.2876068,201.7008614,192.1104649,175.4941952,201.0802462,211.3858013,224.3253394,238.8311852,195.7488287,213.4833879,195.257347,175.922654,216.9288627,205.0572502,201.6345396,165.6933261,210.4347135,193.5056658,194.8909412,209.3893502,213.1146687,190.8958704,243.3560188,219.346289,239.2075782,222.5661383,216.6859141,219.8721186,207.0094213,211.0603804,189.5879607,216.5807178,179.5891622,225.8775761,203.5547031,206.7018628,200.6174334,178.9236102,204.6711132,176.1848187,197.9357551,193.4759111,205.5875035,200.6041694,177.6598846,233.1254702,172.9132737,178.5330495,214.0969237,209.4488715,227.7266963,182.2116151,211.0935524,227.0884715,204.4632109,205.5615191,198.4594068,197.0104048,196.1804221,203.008888,190.2149801,197.4381404,195.5148265,196.1490601,236.3704829,169.4762855,187.4984943,199.102433,229.0649161,197.6756767,209.6448202,216.3271006,202.4471021,211.9446226,199.2947784,205.1405997,222.2617361,258.7183325,204.1030192,215.1285302,188.1344501,182.1757547,182.557898,227.3064513,192.9789089,199.5500424,167.4367664,177.599253,236.4808793,208.693788,214.9426236,181.4823195,215.8201691,176.6978567,186.100265,225.7147461,194.9129567,212.6978423,170.0267489,219.5726786,214.9513878,197.3155195,198.5559987,234.0146394,215.4584134,252.6129639,185.9650101,222.9314915,211.8445822,193.0338824,209.8598636,191.5559184,234.6339081,196.4043282,201.0289468,218.8976355,185.6354155,216.8099496,1,0,0,0,0,3,0,0,0,2,0,0,0,3,0,0,0,3,0,0,1,0,0,0,0,2,0,0,0,3,0,0,0,2,0,0,0,2,0,0,1,0,0,0,0,3,0,0,1,0,0,0,0,3,0,0,0,2,0,0,0,2,0,0,1,0,0,0,0,3,0,0,1,2,0,0,1,0,0,0,318,320,2,0.99375,2,942,2880,1938,0.327083333,663,294,1920,1626,0.153125,834,594,2880,2286,0.20625,960,330,2880,2550,0.114583333,828,318,320,2,0.99375,2,1242,1920,678,0.646875,216,1578,2880,1302,0.547916667,369,366,1920,1554,0.190625,330,360,1920,1560,0.1875,657,222,320,98,0.69375,12,984,2880,1896,0.341666667,645,318,320,2,0.99375,2,1425,2880,1455,0.494791667,387,1071,1920,849,0.5578125,252,453,1920,1467,0.2359375,639,309,320,11,0.965625,3,930,2880,1950,0.322916667,513,903,2240,1337,0.403125,252,105,320,215,0.328125,108,1
16,test,increment,9,1620.001122,0.010948952,285.4846676,299.6875796,275.5364915,258.1534085,268.661379,366.5620221,307.9540233,260.0752125,277.8563807,257.605188,278.4710206,235.2020385,286.2380778,272.121833,226.8198024,275.8865934,262.1405745,228.3725503,276.2713558,287.3159812,295.3130411,325.3808424,259.310518,291.1969585,278.569798,234.0778147,300.0345918,266.9980126,287.327602,212.0772375,274.9550559,244.6113072,249.9243043,270.4055181,299.0833162,251.5580998,319.8339286,296.1217271,310.5137196,291.5806481,278.7309661,315.0784151,280.7684441,266.7409484,259.0517263,295.9019392,242.6303399,285.0699846,264.9192102,277.2893487,243.5779917,235.9593285,263.2923931,251.7886485,262.4835606,255.1917809,279.2342232,268.9797618,226.8721838,313.8043507,229.683952,234.1677749,289.8689522,288.0951325,281.177617,247.7380583,305.7404865,287.3929971,292.3840556,284.2606557,269.5083997,265.9834551,252.0985844,280.5781862,252.4925737,261.8978786,255.6497705,262.3978189,318.4557256,222.4376172,260.0584038,270.2106465,323.2662337,260.7706551,287.5232265,280.9015902,286.2653154,301.3792931,278.5163051,269.2054863,307.1973255,358.5168164,268.440828,294.0329716,259.9978163,257.381911,251.6000722,293.3934485,246.9159045,261.5423875,214.4767384,223.4872719,309.0494777,290.5000492,300.7426432,231.9229061,277.0023707,244.6995221,247.8542189,291.3330051,254.5311071,271.2441867,236.9908564,287.8820285,310.7116917,262.8535754,258.5056169,310.7800304,301.7885145,340.7873818,253.4917487,299.304819,280.0354456,252.3703831,271.9998534,244.1200556,311.5782074,271.0821506,262.1677613,302.738199,250.9017631,279.1313966,1,0,0,0,0,0,0,9,0,2,0,0,0,3,0,0,0,3,0,0,0,3,0,0,0,3,0,0,0,3,0,0,0,3,0,0,0,2,0,0,0,3,0,0,0,3,0,0,1,0,0,0,0,3,0,0,0,3,0,0,0,2,0,0,1,0,0,0,0,3,0,0,1,2,0,0,1,0,0,0,318,320,2,0.99375,2,792,8640,7848,0.091666667,960,591,1920,1329,0.3078125,510,792,2880,2088,0.275,738,513,2880,2367,0.178125,837,1053,2880,1827,0.365625,249,1761,2880,1119,0.611458333,87,2232,2880,648,0.775,72,627,2880,2253,0.217708333,567,495,1920,1425,0.2578125,654,480,2880,2400,0.166666667,960,1326,2880,1554,0.460416667,660,315,320,5,0.984375,3,2043,2880,837,0.709375,72,1359,2880,1521,0.471875,261,762,1920,1158,0.396875,558,303,320,17,0.946875,3,1287,2880,1593,0.446875,210,1170,2240,1070,0.522321429,222,285,320,35,0.890625,6,0
16,test,increment,10,1800.001252,0.009216719,393.2621195,433.0659361,389.7327651,359.5423421,366.2122067,507.4749829,432.7130356,356.6454991,389.1680004,367.1420055,389.8567702,319.5863118,362.3916884,386.8336721,287.489495,356.6629076,364.5320423,298.6650564,379.4124193,409.1566542,389.9896523,431.5266255,355.1453539,409.155172,372.6533256,317.3404105,409.7964262,356.6806338,368.3242059,274.0188626,386.1823047,324.0358322,327.5260012,376.0838665,382.0959402,349.0319806,431.4408709,385.4396171,401.3801546,401.3294129,382.2746548,422.4748117,384.5589474,340.5973135,353.6059031,398.5839599,323.8175536,393.1300055,355.4035637,372.4324229,328.4393029,297.6283016,389.4134998,333.2003453,345.0774263,335.6541702,381.0176473,358.9239012,326.9255351,423.3188153,300.7689074,330.2153341,388.8226569,385.1225438,390.190072,334.2954912,387.8407268,389.4945826,381.9840946,383.9001807,365.0401123,358.8073159,329.2876097,364.4172621,323.4143659,353.3875519,346.6417072,340.0359639,420.8074366,307.9212597,344.190359,342.9471821,424.0819519,334.802167,392.9189491,399.7957191,385.5309234,408.3353312,375.9867681,373.6581332,402.2273576,469.1325576,343.1935271,400.0671514,377.1758357,336.5543627,323.9856327,414.5721962,313.8534001,347.8696809,295.0690965,300.3706872,433.4785325,382.6541814,390.5793426,317.8048171,382.9253723,344.5379084,327.9501963,380.5463906,335.6338194,360.1850772,343.7877155,370.9858133,387.1691769,352.5131892,350.5876953,434.5902531,397.0653201,459.0771989,321.6876321,396.1880458,372.691514,339.597674,368.4115365,305.3943907,433.9004621,381.0177932,363.8108901,386.2746357,324.3909987,361.4939958,1,0,0,0,0,0,0,9,0,2,0,0,0,3,0,0,0,3,0,0,0,3,0,0,0,3,0,0,0,3,0,0,0,3,0,0,0,2,0,0,0,3,0,0,0,3,0,0,1,0,0,0,0,3,0,0,0,3,0,0,0,2,0,0,1,0,0,0,0,3,0,0,1,2,0,0,1,0,0,0,315,320,5,0.984375,3,1551,8640,7089,0.179513889,960,207,1920,1713,0.1078125,810,996,2880,1884,0.345833333,942,690,2880,2190,0.239583333,960,978,2880,1902,0.339583333,135,2277,2880,603,0.790625,15,2814,2880,66,0.977083333,6,891,2880,1989,0.309375,315,489,1920,1431,0.2546875,960,816,2880,2064,0.283333333,636,1587,2880,1293,0.551041667,510,303,320,17,0.946875,3,2340,2880,540,0.8125,21,2016,2880,864,0.7,24,714,1920,1206,0.371875,471,318,320,2,0.99375,2,1458,2880,1422,0.50625,90,1620,2240,620,0.723214286,45,291,320,29,0.909375,3,1
16,test,increment,11,1980.00229,0.011703995,557.6059897,579.1870109,503.4209831,484.571178,496.8040096,665.6438848,594.8569686,489.5137782,525.4947863,475.1512519,511.4298085,453.5207736,503.4603825,498.2091315,407.3675119,462.9417875,474.8564444,388.3067413,516.9101581,529.7162155,519.1069157,596.9548178,486.0004973,556.2087702,480.9989702,416.8355046,547.7149515,478.4099707,529.8100571,353.6928862,493.9481215,448.0504468,436.6481133,521.9867713,490.2648015,445.1574214,553.4438343,528.7622899,542.0272831,558.6630861,517.3164112,562.1634431,494.7728991,457.4729171,491.3115264,532.5328845,427.1631677,530.7824969,475.5968879,501.0237241,427.5937636,381.0114332,513.040487,454.8329106,436.8752476,456.8791608,546.2619494,477.9603439,455.2956298,596.6017441,426.7796059,441.9654519,561.5562819,539.6901698,504.7609594,430.3253168,514.6674667,520.211296,505.2763616,500.3871835,465.2321182,501.1296377,445.4638534,497.1503789,427.0993499,507.0273374,464.772085,457.4908165,609.904257,432.915915,468.8867037,488.5890305,595.365359,432.3933787,545.3288162,547.9419694,498.4306184,575.8893289,485.3267547,493.7447388,558.6544542,614.6641223,472.6275418,538.3719784,531.9139437,467.8181735,421.5504961,561.4335306,424.7275333,488.2481096,385.385767,407.5527477,588.7941248,522.4109382,515.2577145,427.622275,526.3114028,465.8215635,461.0609688,520.074602,434.5318628,490.6527406,456.0064798,487.2667978,545.9534557,451.1842566,468.6097917,590.0476599,547.9103153,607.4333035,425.6556312,530.48687,499.8562437,440.8334618,475.2572272,382.168381,601.4083969,497.3689833,486.92278,485.9947104,427.5561893,485.0466021,0,3,0,0,0,0,0,9,0,3,0,0,0,3,0,0,0,0,0,9,0,3,0,0,0,3,0,0,0,3,0,0,0,3,0,0,0,3,0,0,0,3,0,0,0,3,0,0,0,3,0,0,0,3,0,0,0,3,0,0,0,2,0,0,0,3,0,0,0,3,0,0,1,2,0,0,1,0,0,0,1209,2880,1671,0.419791667,378,2115,8640,6525,0.244791667,960,519,2880,2361,0.180208333,810,1692,2880,1188,0.5875,210,576,8640,8064,0.066666667,960,1002,2880,1878,0.347916667,201,2010,2880,870,0.697916667,33,2853,2880,27,0.990625,3,1374,2880,1506,0.477083333,84,825,2880,2055,0.286458333,960,960,2880,1920,0.333333333,183,2673,2880,207,0.928125,9,1194,2880,1686,0.414583333,195,2838,2880,42,0.985416667,3,2661,2880,219,0.923958333,9,1308,1920,612,0.68125,66,945,2880,1935,0.328125,294,2124,2880,756,0.7375,18,2145,2240,95,0.957589286,6,171,320,149,0.534375,131,1
16,test,increment,12,2160.000307,0.025675778,727.7133018,846.271461,622.4470067,655.173971,689.7914153,908.1154205,764.9261916,686.5485635,708.2233735,617.1416584,685.3606473,625.148837,661.2837266,677.7979735,568.2383025,631.3467409,634.79708,552.6451638,678.4401479,686.6485811,682.5091494,824.7919468,666.8779122,690.9550276,686.8516481,552.1121939,754.0650452,670.3766367,658.073719,482.5141367,650.5495633,620.4210356,625.9130274,666.7415188,645.2082611,594.050018,719.6334097,728.8382195,716.4779734,739.1736129,729.9469126,776.154564,657.634369,630.7628081,651.9081034,721.659061,597.8950188,721.7574818,673.907607,622.236718,561.2859385,503.6992828,696.9259688,600.5774875,603.1688852,640.4568872,713.909048,648.5390388,615.8638299,845.8124586,576.1043024,566.0955065,734.9300042,712.0811358,663.55835,612.2576233,694.8303443,702.4604301,701.0206645,678.6315709,646.8331638,652.2678251,599.0446887,677.881804,534.9142636,659.2851921,617.3468552,629.3177854,814.896068,582.0656708,629.1681571,668.1279065,796.8589987,588.2805275,728.1958306,733.7321265,630.1839448,777.2120559,653.368467,643.473331,726.366345,786.6539954,652.0800232,707.283866,680.2267692,581.2836782,601.3500807,755.5065852,603.840109,647.2386385,517.0092916,585.934599,778.700761,677.5660463,711.1992847,555.3184387,735.3582692,654.1444409,647.0629912,709.2373407,593.32145,684.3838629,618.2934804,675.853595,754.7024131,615.8855708,597.8188143,822.2591139,740.0404702,821.9953966,554.194096,696.3807045,670.4092433,586.5424566,645.2662962,512.9967964,777.8635075,703.148972,647.0480246,620.2077323,551.0010923,632.7430506,0,3,0,0,0,0,0,9,0,3,0,0,0,3,0,0,0,0,0,9,0,3,0,0,0,3,0,0,0,3,0,0,0,3,0,0,0,3,0,0,0,3,0,0,0,3,0,0,0,3,0,0,0,3,0,0,0,3,0,0,0,2,0,0,0,3,0,0,0,3,0,0,1,2,0,0,1,0,0,0,2157,2880,723,0.748958333,45,2565,8640,6075,0.296875,960,891,2880,1989,0.309375,444,1920,2880,960,0.666666667,36,513,8640,8127,0.059375,960,1119,2880,1761,0.388541667,168,1818,2880,1062,0.63125,45,2841,2880,39,0.986458333,3,2109,2880,771,0.732291667,15,1236,2880,1644,0.429166667,198,933,2880,1947,0.323958333,264,2712,2880,168,0.941666667,9,1767,2880,1113,0.613541667,39,2868,2880,12,0.995833333,3,2814,2880,66,0.977083333,3,1896,1920,24,0.9875,3,1695,2880,1185,0.588541667,87,2226,2880,654,0.772916667,27,2088,2240,152,0.932142857,6,318,320,2,0.99375,2,1
17,test,increment,1,180.1472247,0,26.23088098,26.44061083,26.81067447,25.04899086,25.78353683,25.6569218,26.05890257,25.48632619,25.49240369,24.78059688,24.22984363,24.79957738,24.88273623,27.00498739,25.6441933,25.00984584,26.05210234,27.09637272,25.04286029,24.98522826,25.82323795,27.04629546,25.06850862,25.27883818,26.07126583,26.58415024,26.44072587,25.07209929,25.15411745,25.9295336,25.00170716,24.1508542,24.88378412,26.12642453,24.11342031,23.96840943,26.62224278,25.51729264,24.93403461,24.85367326,25.55199538,25.7073772,26.45055328,26.03105891,25.10375143,25.80751496,25.55358974,24.66607689,25.42652939,27.29291621,26.48244857,24.24949792,25.81060071,25.58366182,25.75204754,25.85725199,25.74284744,27.61655893,25.03351609,24.49200868,25.15196608,25.90167785,25.84534371,25.12741592,25.10108769,25.19219184,24.76912547,25.97569508,26.92758555,25.6182033,25.27786796,24.92785064,24.81852885,25.84003921,25.99010232,24.47957502,25.01954162,25.26727156,25.12668722,25.31526697,25.37344565,25.30092446,25.53706477,25.42247036,23.99098908,24.12917884,25.48881936,24.46434877,26.51272087,26.52980504,25.17115364,26.10361238,26.07841041,25.73740092,26.60456564,26.00806936,24.47876454,25.84767694,24.32481849,24.87546636,26.82939015,24.79426614,25.2708347,26.53732193,25.26426915,26.53515865,24.86599441,24.8623694,24.895966,25.72203858,26.64411323,24.05373424,25.04518907,25.11062874,26.02738562,25.29249888,25.21040719,24.70716444,25.9463718,25.39528209,26.07194579,24.84282255,26.81274506,24.66861569,26.13485785,25.75087147,25.69313294,25.38240825,24.0249388,26.68768639,25.75412146,27.08917924,1,0,0,0,1,0,0,0,1,0,0,0,1,0,0,0,1,0,0,0,1,0,0,0,1,0,0,0,1,0,0,0,1,0,0,0,1,0,0,0,1,0,0,0,1,0,0,0,1,0,0,0,1,0,0,0,1,0,0,0,1,0,0,0,1,0,0,0,1,0,0,0,1,0,0,0,1,0,0,0,99,320,221,0.309375,197,111,320,209,0.346875,51,24,320,296,0.075,254,90,320,230,0.28125,164,24,320,296,0.075,200,51,320,269,0.159375,188,111,320,209,0.346875,122,216,320,104,0.675,50,69,320,251,0.215625,224,36,320,284,0.1125,257,24,320,296,0.075,257,108,320,212,0.3375,146,33,320,287,0.103125,269,189,320,131,0.590625,50,153,320,167,0.478125,57,42,320,278,0.13125,257,36,320,284,0.1125,281,123,320,197,0.384375,50,114,320,206,0.35625,122,12,320,308,0.0375,308,0
17,test,increment,2,360.0375522,0,35.59707454,37.56991645,37.34818808,33.60165529,32.26032394,34.00721472,35.59180653,33.20186565,31.4721542,32.15950754,31.39184399,31.64933623,34.44806074,35.25738706,34.32615392,33.38814318,36.07849242,35.87861217,34.05333724,32.59841688,36.6056944,36.42440742,33.52827301,33.99291525,36.56071416,36.35824402,34.61245079,35.82845475,35.44893831,34.90829352,31.5545071,33.5417982,33.66358765,32.7345225,29.76537072,33.87924053,33.74203165,34.23244454,34.59797911,32.64436041,31.81051018,35.37388897,35.67707645,35.17486911,33.16097674,32.7531728,34.74934581,33.92952616,35.00966055,37.91652462,36.2953977,30.78799246,33.71344439,35.02375509,32.67372969,34.98238375,36.34848797,41.09769372,32.75538455,33.61929631,34.77154912,35.14202937,36.29497021,34.03194494,34.96068041,35.408727,31.27280802,35.10685739,37.00519693,34.19522762,31.8569901,32.85306915,34.73301746,34.17298603,34.45779583,33.00324292,31.63350172,31.17907723,32.51715641,33.24247149,34.06155998,32.94554771,32.42497566,35.04038013,31.97862778,34.1638152,33.5393797,31.96404383,34.54035589,35.73829532,32.64817644,33.84973122,34.39035885,33.27048816,36.7277166,35.50129488,32.32448333,33.21893219,33.63894449,33.11332689,36.10748774,34.29552052,35.99656583,36.03337798,33.60922654,36.9520675,33.2178044,33.26305549,33.33369868,32.77194154,34.30657896,30.89343074,33.4915169,34.94676692,36.11564204,34.43805311,32.42130861,33.33894693,36.33414657,33.0819801,34.85449455,32.92594741,36.65115445,31.76396938,36.74497956,32.47549614,34.93296355,36.57911839,31.31354621,37.83199915,33.68097383,39.28694041,1,0,0,0,1,0,0,0,1,0,0,0,1,0,0,0,1,0,0,0,1,0,0,0,1,0,0,0,1,0,0,0,1,0,0,0,1,0,0,0,1,0,0,0,1,0,0,0,1,0,0,0,1,0,0,0,1,0,0,0,1,0,0,0,1,0,0,0,1,0,0,0,1,0,0,0,1,0,0,0,96,320,224,0.3,206,135,320,185,0.421875,62,36,320,284,0.1125,230,90,320,230,0.28125,125,39,320,281,0.121875,230,96,320,224,0.3,50,117,320,203,0.365625,30,267,320,53,0.834375,20,60,320,260,0.1875,212,30,320,290,0.09375,233,45,320,275,0.140625,125,174,320,146,0.54375,116,63,320,257,0.196875,194,219,320,101,0.684375,35,210,320,110,0.65625,24,60,320,260,0.1875,227,63,320,257,0.196875,224,141,320,179,0.440625,35,135,320,185,0.421875,44,6,320,314,0.01875,314,0
17,test,increment,3,540.0000199,0.002485501,43.80084892,49.50790964,47.9119456,45.26677445,44.4890845,46.82180586,47.86247849,47.24387052,42.84610495,44.84315891,41.19910877,41.17433628,46.26767779,45.92566634,45.5045442,42.53977738,45.54106003,48.94833031,43.99041233,45.22701852,48.75177582,51.0033271,44.68513023,47.25446268,46.51804087,50.77901377,47.23239483,50.16065653,50.06590042,46.81846892,39.08493588,45.38613018,43.34260773,43.42259639,39.50028053,44.29953648,43.70567157,46.96404845,43.41845415,44.65965993,41.73501697,50.29921429,46.63077035,49.75457921,42.57862748,45.04375172,45.96042098,46.42899598,45.1238571,50.94186875,47.39835168,39.78601263,46.29417795,47.91139956,42.82677935,47.75690643,48.64490648,57.32362653,44.03906168,44.20134787,47.8450313,47.16730029,50.83385806,47.53276104,48.82378028,47.16971229,42.4103593,46.26680986,51.39628833,43.73790397,42.28956273,44.59219509,44.7465167,44.6675214,47.21340083,46.67635315,46.03733788,40.76416978,45.19988899,42.83577625,45.68572996,44.53108108,44.17495123,46.2054578,43.92120275,44.70088858,44.41178696,43.09709476,46.05051167,49.12297477,46.56141912,45.75190102,47.19167593,42.74834076,48.53231912,46.4851218,43.35461545,46.75941307,46.64035431,43.31638868,51.14216119,46.47756509,47.67294047,49.04536941,46.26170693,50.05399697,45.5992377,45.62256215,45.75323229,41.33588637,47.30631891,43.41494869,45.83491558,45.40510312,50.34948044,43.60147798,42.96631403,47.02762404,48.11520667,44.9854799,48.31016887,44.33423731,51.94959944,44.47474618,48.80411367,45.09241927,46.1803775,50.85375625,40.78431743,48.38178441,48.31811662,52.96630288,1,0,0,0,1,0,0,0,1,0,0,0,1,0,0,0,1,0,0,0,1,0,0,0,1,0,0,0,1,0,0,0,1,0,0,0,1,0,0,0,1,0,0,0,1,0,0,0,1,0,0,0,1,0,0,0,1,0,0,0,1,0,0,0,1,0,0,0,1,0,0,0,1,0,0,0,1,0,0,0,132,320,188,0.4125,155,165,320,155,0.515625,18,48,320,272,0.15,179,171,320,149,0.534375,38,21,320,299,0.065625,293,81,320,239,0.253125,60,171,320,149,0.534375,21,297,320,23,0.928125,5,120,320,200,0.375,128,102,320,218,0.31875,122,30,320,290,0.09375,123,240,320,80,0.75,15,96,320,224,0.3,101,291,320,29,0.909375,6,246,320,74,0.76875,20,150,320,170,0.46875,122,87,320,233,0.271875,164,195,320,125,0.609375,15,240,320,80,0.75,26,21,320,299,0.065625,293,1
17,test,increment,4,720.0274882,0.027913142,58.03473837,66.36593017,66.67168444,64.31805624,58.61606642,64.01962157,64.87662749,66.34698236,56.34448718,61.97478596,53.90458885,55.86283287,63.54553906,62.81951904,58.61056524,57.00899979,61.83487604,66.30546774,56.82410633,63.84772844,67.65980413,67.87915506,58.18211155,66.43877879,61.54836163,69.3792416,64.68245766,68.58510729,70.75009431,65.46463284,53.13597562,60.82592696,56.41526411,56.30718164,51.16128675,58.97061279,63.07511491,64.68400087,57.03515119,57.79974479,59.30157806,66.84277175,63.61274487,68.18284541,61.36822544,60.96679759,61.63967208,60.86825749,58.50828664,68.39527873,65.49016983,52.50463829,60.40139385,62.02596888,59.67803651,67.36289957,67.46636147,75.35637689,60.11598081,59.54092212,64.80699338,65.48273325,70.80417204,64.44418705,62.63628315,60.17605231,55.83215978,57.42877817,70.16842204,58.29324314,54.81561569,61.5340362,62.1192006,57.71842407,65.9212892,59.28519891,59.49944419,52.36088663,61.50343352,56.35550911,61.35776107,61.83241786,60.07373266,60.91289044,61.7413726,59.80040621,59.46831735,56.37201612,63.0051718,66.57798056,65.83152702,62.57132581,64.4894431,58.87543271,67.37187718,62.72742533,57.68268132,63.65087724,61.57519819,55.90906431,65.27973458,62.60477574,64.29843218,65.48228325,63.9326325,69.11822262,65.87781166,62.66348653,64.63133917,53.25331192,64.99917758,60.65797468,59.73731552,63.4381437,68.23264665,61.97156134,61.80677067,62.91023058,63.53631271,62.71915193,66.48978117,57.4914023,66.75997108,62.27940715,70.29806292,59.80023845,61.4926193,64.50646931,52.27343958,62.70780107,62.82777513,69.97341432,1,0,0,0,0,3,0,0,1,0,0,0,0,3,0,0,0,3,0,0,1,0,0,0,1,0,0,0,0,3,0,0,1,0,0,0,1,0,0,0,1,0,0,0,0,3,0,0,1,0,0,0,0,3,0,0,1,0,0,0,1,0,0,0,1,0,0,0,0,3,0,0,1,0,0,0,1,0,0,0,216,320,104,0.675,71,168,2880,2712,0.058333333,960,210,320,110,0.65625,33,231,2880,2649,0.080208333,876,84,2880,2796,0.029166667,960,198,320,122,0.61875,36,282,320,38,0.88125,6,468,2880,2412,0.1625,786,120,320,200,0.375,36,153,320,167,0.478125,39,72,320,248,0.225,68,300,2880,2580,0.104166667,849,111,320,209,0.346875,65,420,2880,2460,0.145833333,783,288,320,32,0.9,3,180,320,140,0.5625,30,66,320,254,0.20625,65,234,2880,2646,0.08125,795,273,320,47,0.853125,6,30,320,290,0.09375,176,0
17,test,increment,5,900.0104025,0.024623697,76.60440545,89.4772777,86.54606777,86.05107765,75.25965075,89.62602885,88.49747369,88.29984728,74.60569299,89.91664794,72.62344318,73.79474009,86.27720206,85.69221022,80.97438737,77.25270171,84.73764168,87.38297537,79.29392513,84.83369482,93.72570332,95.7172719,82.87219157,88.10604819,84.11887991,95.49034444,89.20669421,94.16363553,97.34446578,88.8602835,69.99315383,77.52592604,72.49368914,78.94553082,69.9757996,78.20058497,90.08439473,86.40948001,72.1242968,71.13887125,79.68134341,88.56039355,87.45261444,91.07159462,84.69329322,80.92503457,86.77937049,82.47971063,80.50488987,86.65408873,90.21870895,69.59901796,79.49373914,80.10130579,80.79509051,87.01435054,86.97837213,105.2249953,76.85708626,80.89794145,86.94674012,85.32935684,92.42914068,82.30260149,81.99984569,86.65066756,77.44760941,78.33092482,98.63031663,79.39946327,78.26323975,82.55020184,86.8818329,73.08656417,85.1719334,77.93870436,79.90706633,71.22700782,76.71607288,76.29469044,81.78342134,80.65477691,80.26658145,86.94665491,84.23609275,76.73014911,81.34408571,76.36062707,86.580795,86.80392927,93.13403441,85.93058577,90.35683181,77.61987017,90.45057617,89.71629975,75.68670025,85.72185248,80.24619777,74.46324515,85.3763929,84.23117877,87.2523292,91.70017173,81.75392881,91.94697088,88.58941251,85.37100381,86.99097568,67.84835194,89.9198984,83.0686352,79.80080704,88.89484853,95.92427688,81.68452817,83.33916555,85.1029774,86.2913467,91.33917949,89.17551542,80.98546447,88.31263253,85.57078833,85.08415484,80.53998694,79.2577632,82.12938106,71.0811368,83.58734514,84.13984231,98.07552325,1,0,0,0,0,3,0,0,1,0,0,0,0,3,0,0,0,3,0,0,1,0,0,0,1,0,0,0,0,3,0,0,1,0,0,0,1,0,0,0,1,0,0,0,0,3,0,0,1,0,0,0,0,3,0,0,1,0,0,0,1,0,0,0,1,0,0,0,0,3,0,0,1,0,0,0,1,0,0,0,228,320,92,0.7125,38,348,2880,2532,0.120833333,960,144,320,176,0.45,24,303,2880,2577,0.105208333,954,51,2880,2829,0.017708333,960,219,320,101,0.684375,12,258,320,62,0.80625,9,564,2880,2316,0.195833333,717,192,320,128,0.6,24,90,320,230,0.28125,90,99,320,221,0.309375,38,426,2880,2454,0.147916667,759,213,320,107,0.665625,9,579,2880,2301,0.201041667,717,306,320,14,0.95625,6,246,320,74,0.76875,12,111,320,209,0.346875,72,405,2880,2475,0.140625,765,306,320,14,0.95625,3,27,320,293,0.084375,290,1
17,test,increment,6,1080.004729,0.031996902,103.8572444,124.2067319,120.3862974,116.4698224,100.8836682,118.2715812,115.8295428,124.9874138,94.74759589,129.1399229,100.8527109,100.2164573,111.6754267,110.9571053,112.1824822,100.0036803,110.85155,112.1528772,106.3008416,115.0304311,129.4140426,130.8215003,106.7015195,114.5076825,107.4152376,128.7348011,121.076992,134.1853951,134.8727259,115.2012149,94.85152394,110.4762168,98.05731667,103.078837,87.2342686,103.886831,112.8901283,117.342786,95.41218408,101.3923189,105.2701175,122.1601313,112.9870377,125.5794131,115.5245544,107.5784293,113.0348434,112.2316446,114.6396973,121.3409518,122.6179595,94.4894534,105.4531741,104.1456772,110.3277893,113.4150123,122.6598636,150.6961401,101.7922825,106.9274308,117.6904039,114.5596355,123.1472212,112.9788949,110.5457069,128.5984533,110.5200261,98.75623737,144.1858847,111.6032491,100.2416522,109.2307673,114.4510233,95.88097305,111.8740421,103.563856,104.5987581,91.99416402,104.5217576,97.59643408,111.4465079,104.2982644,103.462839,118.6723523,111.7498812,103.0823048,109.0619999,101.9228664,113.8469955,113.575158,131.2150744,118.9881426,114.3761323,100.1764515,121.4844861,119.0185883,104.0187415,114.2976003,108.6225063,103.8758652,116.5545532,114.0108199,119.5142438,120.0298046,109.6375398,121.868774,113.5447507,120.5278383,118.2988232,94.96411972,121.822635,106.1575388,102.3478633,123.5764923,120.5360277,100.6374161,115.7950651,111.547911,117.2371223,120.0109412,116.746182,112.2251695,117.14062,115.4405449,114.8228076,104.0713753,104.9998125,113.5839705,94.59965948,110.8533415,113.6725102,130.5228313,0,3,0,0,0,3,0,0,0,3,0,0,0,3,0,0,0,3,0,0,1,0,0,0,0,3,0,0,0,3,0,0,0,3,0,0,0,3,0,0,1,0,0,0,0,3,0,0,1,0,0,0,0,3,0,0,1,0,0,0,0,3,0,0,1,0,0,0,0,3,0,0,0,3,0,0,1,0,0,0,222,2880,2658,0.077083333,903,531,2880,2349,0.184375,741,132,2880,2748,0.045833333,933,354,2880,2526,0.122916667,885,228,2880,2652,0.079166667,960,258,320,62,0.80625,6,636,2880,2244,0.220833333,651,759,2880,2121,0.263541667,648,405,2880,2475,0.140625,792,189,2880,2691,0.065625,960,138,320,182,0.43125,51,552,2880,2328,0.191666667,675,276,320,44,0.8625,6,813,2880,2067,0.282291667,657,318,320,2,0.99375,2,486,2880,2394,0.16875,777,150,320,170,0.46875,30,483,2880,2397,0.167708333,657,513,2880,2367,0.178125,648,51,320,269,0.159375,266,0
17,test,increment,7,1260.00254,0.02495052,140.0673114,164.0287218,172.3351208,149.4055357,133.3400585,158.7679755,154.9198847,174.093189,120.1605016,181.7217689,136.6449329,128.4472809,144.7105315,151.880516,157.3613273,130.0740801,151.0978967,150.6855382,137.3806024,153.2036421,184.1618679,185.8065722,137.9342252,147.7074332,140.0450865,172.0066284,170.0228773,182.9237174,176.3140529,150.5850844,127.5333349,150.4142251,134.1980596,141.7051766,115.1517653,140.1217556,157.9271522,155.5143718,123.5217444,136.0487892,140.4420142,158.3151469,153.2866529,169.800921,147.4525358,152.1151525,152.5438736,147.9551709,144.810774,175.3901992,162.7581479,123.2520217,138.9970378,135.5235278,151.8314112,151.7119076,153.0279928,199.5243602,132.9395498,145.8283396,158.2275685,160.8130076,160.8304983,147.9595185,151.3958217,174.6783638,143.2343695,130.7705982,185.3675572,149.5117387,131.5161571,149.9274288,141.0510126,129.2103275,163.1375059,140.5088253,142.1053365,129.5715587,131.8857829,133.6965145,153.4391975,140.5021653,143.0637234,151.7545273,149.3456727,142.7101806,150.4455152,131.2895604,150.0836877,153.8800411,164.8163016,162.5909364,154.3740936,145.5232599,168.7297485,163.4849934,134.3157154,149.8493326,142.5502649,144.1157704,154.7385154,151.1863658,156.1105466,166.8870611,144.2295322,169.2778968,158.0169241,151.5017798,160.7961636,129.2104751,162.4308794,134.6321328,139.9237826,171.3936119,157.3436221,132.5020689,159.7175101,153.8147212,156.3475883,157.0773993,166.3456318,150.1458756,166.5771437,147.8476752,150.4135743,142.1265248,137.5193276,155.6323577,121.3291683,156.6091782,149.2955302,164.5510367,0,3,0,0,0,3,0,0,0,3,0,0,0,3,0,0,0,3,0,0,1,0,0,0,0,3,0,0,0,3,0,0,0,3,0,0,0,3,0,0,1,0,0,0,0,3,0,0,1,0,0,0,0,3,0,0,1,0,0,0,0,3,0,0,1,0,0,0,0,3,0,0,0,3,0,0,1,0,0,0,426,2880,2454,0.147916667,777,768,2880,2112,0.266666667,648,192,2880,2688,0.066666667,888,477,2880,2403,0.165625,870,156,2880,2724,0.054166667,960,300,320,20,0.9375,6,600,2880,2280,0.208333333,705,936,2880,1944,0.325,615,657,2880,2223,0.228125,675,231,2880,2649,0.080208333,960,180,320,140,0.5625,104,648,2880,2232,0.225,645,318,320,2,0.99375,2,1062,2880,1818,0.36875,597,318,320,2,0.99375,2,798,2880,2082,0.277083333,651,261,320,59,0.815625,6,639,2880,2241,0.221875,642,714,2880,2166,0.247916667,642,75,320,245,0.234375,194,1
17,test,increment,8,1440.001186,0.019269291,198.1316619,215.752633,240.3963332,200.2952136,169.9696769,203.9596677,220.9001924,227.9068173,165.6069359,244.4541354,182.6699279,162.9050257,199.5382891,203.8355287,225.5740922,175.8325535,198.093096,207.0711059,184.1470118,194.6905513,247.1780101,245.9108793,189.7025414,209.5957771,180.2248183,221.5303308,241.0630795,234.2341661,230.5892034,219.1050218,178.449881,197.337444,171.4382803,201.2443345,154.6122294,194.6232372,207.8499616,221.6991665,181.0071054,184.0794994,199.4599405,202.8646279,205.6163753,223.4192063,189.4608012,193.8272935,216.3260471,204.5713202,194.3603243,240.712352,224.0085677,169.3053994,189.6583318,180.0635385,215.6469164,203.0398125,201.0979021,265.5104897,188.9593867,207.1062872,212.1210483,223.3170215,207.0963209,200.9624596,219.2162145,225.4070055,194.810878,183.1518985,252.553386,202.4235931,167.9656761,205.4343116,185.7882637,181.6359798,225.8351497,184.8336727,188.304415,170.584019,185.3618241,188.4590893,213.4636085,189.1764111,194.1847546,208.7480869,198.1764648,195.3654893,210.6786457,172.1617609,198.8380034,202.6447204,222.1699976,216.1561503,202.9849794,183.8522314,232.9574935,220.6760192,189.5371765,195.7247941,196.0975791,198.617333,186.7504384,213.662449,212.6046633,220.6710655,188.1508718,222.0398467,205.8935241,205.8838778,219.1834895,173.8434054,215.8471924,183.2394928,182.4190359,219.0195422,213.0183007,190.1206038,213.687056,199.5531558,208.1067146,209.8250511,221.4409054,205.1489013,227.7796937,207.9891556,211.685505,186.4171404,191.6674286,197.3984372,170.1122546,218.5899323,211.5188919,229.752835,0,3,0,0,0,3,0,0,0,3,0,0,0,3,0,0,0,0,0,9,0,3,0,0,0,3,0,0,0,3,0,0,0,3,0,0,0,3,0,0,1,0,0,0,0,3,0,0,0,3,0,0,0,3,0,0,0,3,0,0,0,3,0,0,1,0,0,0,0,3,0,0,0,3,0,0,1,0,0,0,630,2880,2250,0.21875,702,795,2880,2085,0.276041667,666,291,2880,2589,0.101041667,846,732,2880,2148,0.254166667,678,186,8640,8454,0.021527778,960,444,2880,2436,0.154166667,498,855,2880,2025,0.296875,309,1614,2880,1266,0.560416667,411,405,2880,2475,0.140625,756,267,2880,2613,0.092708333,960,171,320,149,0.534375,30,1023,2880,1857,0.355208333,741,309,2880,2571,0.107291667,960,1353,2880,1527,0.469791667,387,1182,2880,1698,0.410416667,411,351,2880,2529,0.121875,738,297,320,23,0.928125,6,822,2880,2058,0.285416667,447,945,2880,1935,0.328125,465,138,320,182,0.43125,140,0
17,test,increment,9,1620.000067,0.013955578,270.6237167,286.1840828,331.4315231,271.2718451,226.3820674,274.6007033,305.7502127,285.8741821,237.4591905,316.8348616,246.2334119,210.1021749,261.9728345,257.2763575,305.3806914,228.3193545,273.9840037,280.8652586,251.9818128,268.41407,351.0429579,338.3836683,241.5810544,275.5470956,247.5101862,292.3976259,322.9119747,316.7758081,326.1923137,285.9733788,238.6793839,270.5285378,241.8833451,266.8437951,200.7507849,257.4498118,274.7205616,293.891624,250.6452527,260.1759469,262.7998427,282.8473039,271.8919598,311.5150749,268.0819905,245.3622637,272.7014859,270.4123546,253.7803749,319.4579898,292.2885525,219.4746697,260.0871669,240.3642439,294.7492418,275.7329768,272.9504216,354.7029872,246.8248418,274.1490608,277.4912892,315.9153741,261.6577978,273.7270939,279.0662071,284.0807012,263.7676124,235.4015187,337.3502287,280.4892235,235.810636,291.536158,258.7402123,254.5591405,296.5560301,252.0314575,256.782081,220.0256144,260.471134,260.0437174,305.333981,260.2973314,263.3420015,268.7519321,257.4886749,269.7517237,278.7938044,227.1619996,270.6634426,271.4046604,301.4352521,299.5924813,280.7338752,242.7877741,308.725002,295.5540726,237.4350537,250.3061747,261.0633352,271.9419836,245.4837447,278.8791191,284.0692642,306.6306216,255.3061023,280.4232193,290.7036074,288.3162132,314.5119311,232.4157537,285.9140065,253.7105774,241.7771348,293.359294,290.689432,258.9776748,289.075174,256.6703615,269.4432801,267.1117035,295.2803282,272.8951158,322.870428,281.1412914,286.1113765,245.4532144,255.204294,268.0970129,227.6687532,300.5350018,299.6811508,303.9576526,0,3,0,0,0,3,0,0,0,3,0,0,0,3,0,0,0,0,0,9,0,3,0,0,0,3,0,0,0,3,0,0,0,3,0,0,0,3,0,0,1,0,0,0,0,3,0,0,0,3,0,0,0,3,0,0,0,3,0,0,0,3,0,0,1,0,0,0,0,3,0,0,0,3,0,0,1,0,0,0,849,2880,2031,0.294791667,597,1140,2880,1740,0.395833333,960,351,2880,2529,0.121875,867,957,2880,1923,0.332291667,678,279,8640,8361,0.032291667,960,612,2880,2268,0.2125,396,1011,2880,1869,0.351041667,198,2049,2880,831,0.711458333,171,501,2880,2379,0.173958333,708,363,2880,2517,0.126041667,960,255,320,65,0.796875,65,1320,2880,1560,0.458333333,960,537,2880,2343,0.186458333,822,1860,2880,1020,0.645833333,126,1479,2880,1401,0.513541667,258,438,2880,2442,0.152083333,960,318,320,2,0.99375,2,1062,2880,1818,0.36875,255,1209,2880,1671,0.419791667,258,141,320,179,0.440625,84,0
17,test,increment,10,1800.001962,0.010188766,379.8370502,382.7985575,434.1538147,363.2537138,300.0637966,367.8650958,414.0953647,395.7285431,324.355325,417.3638962,325.252669,276.9575049,356.0253753,332.6320587,395.0247485,318.0764511,365.9963786,372.9681469,312.0997416,362.0461905,475.0260624,478.0027371,343.932371,367.5925999,317.1645112,405.2242841,439.8327852,429.758088,461.3359773,368.2824105,319.0294975,346.7919251,312.0203953,359.7128394,267.2603272,345.8068853,361.8386932,406.1694636,347.8880525,357.6848668,353.0667897,408.1354128,377.8231636,391.1935806,374.1463065,337.4651812,357.0495975,358.0827477,332.5621117,408.9802719,413.9505601,292.754247,342.9160749,318.5899173,385.0955093,356.4464775,371.3540169,471.0247845,331.1929981,366.5925286,373.5165547,410.9625518,331.3871535,384.8285693,377.8730832,383.686897,359.0175061,308.8101164,423.8243511,394.1687977,321.0423768,416.4748622,340.6721913,320.1690027,388.9780234,343.5162337,344.7011973,294.9491249,357.0580619,363.6968166,408.1206173,367.2213417,346.9380996,371.1009757,342.6228898,363.9569371,378.5073889,300.0498443,350.1612687,363.560176,397.5438934,395.6479898,381.8711386,346.409978,418.505407,380.6904898,330.2971194,338.8937945,364.0106242,383.714485,324.9785937,367.4228544,390.5647666,393.767299,352.5450498,372.2550634,401.0072247,415.3929848,406.3046469,309.3560631,392.5189745,331.208129,352.1066625,386.5156684,389.6983649,331.9817076,383.6568131,353.0780167,363.578714,346.4677663,407.0914374,368.7222648,435.2457957,362.8943364,374.6316968,354.817518,336.2186215,367.7882009,287.9565634,391.6331216,387.4650146,409.5137688,0,3,0,0,0,3,0,0,0,3,0,0,0,3,0,0,0,0,0,9,0,3,0,0,0,3,0,0,0,3,0,0,0,3,0,0,0,3,0,0,1,0,0,0,0,3,0,0,0,3,0,0,0,3,0,0,0,3,0,0,0,3,0,0,1,0,0,0,0,3,0,0,0,3,0,0,1,0,0,0,1125,2880,1755,0.390625,462,1461,2880,1419,0.507291667,309,489,2880,2391,0.169791667,780,1230,2880,1650,0.427083333,462,339,8640,8301,0.039236111,960,744,2880,2136,0.258333333,333,1482,2880,1398,0.514583333,180,2814,2880,66,0.977083333,6,615,2880,2265,0.213541667,528,438,2880,2442,0.152083333,960,318,320,2,0.99375,2,1788,2880,1092,0.620833333,528,765,2880,2115,0.265625,402,2604,2880,276,0.904166667,12,1983,2880,897,0.688541667,51,570,2880,2310,0.197916667,684,315,320,5,0.984375,3,1590,2880,1290,0.552083333,45,1521,2880,1359,0.528125,213,255,320,65,0.796875,20,1
17,test,increment,11,1980.00006,0.047565014,516.2109111,510.5565975,563.0669726,509.779597,406.4145894,486.6981487,557.8668047,529.0613212,435.949598,563.1028,411.044908,358.2142849,465.9417115,421.7674324,540.786226,439.2292478,498.543206,529.8123722,412.3121625,517.2172354,652.0542817,649.0929072,442.1896716,488.8993474,422.6247492,539.8352724,612.1774996,573.0049217,616.6421046,484.9139322,421.0949526,427.77942,420.8730898,506.9267068,357.424142,450.1427465,482.8267741,524.6752954,492.6891629,482.5615567,498.02555,569.0488183,521.9862054,530.0179618,489.451874,437.1717539,491.072426,521.9883877,462.5873492,559.7665361,561.0219266,404.9616104,450.5674729,415.9803698,510.7055247,465.2773005,484.9245665,670.2955901,439.530076,516.6655644,517.4963891,556.4658504,425.5626493,515.5477515,535.9835016,500.3849823,488.4743542,397.2887996,629.6025752,519.3027045,446.6144962,569.0489008,467.4888451,420.5622485,544.5406274,444.7531681,491.7053033,404.3932297,464.3378171,489.0510333,579.1619643,474.6495946,445.648758,528.1235673,456.5887667,498.7491869,495.3897148,394.8376694,453.368117,497.9608144,556.8913556,490.8486338,503.126841,461.2552151,563.5012746,512.0831849,432.9665127,480.9148703,473.254381,479.0143921,435.9208951,466.7124392,521.3018666,537.8984077,487.1135268,524.0392641,533.5205197,556.9657764,564.1933055,385.378128,535.1396811,439.6135741,505.8516141,506.0930677,507.4931703,450.0369678,525.9138717,443.8402979,503.1921305,485.6335865,554.7986876,497.5312256,590.494458,500.612868,487.3952608,488.1963181,446.8613308,489.3085384,393.9347525,520.9158806,533.4540834,556.4332558,0,3,0,0,0,3,0,0,0,3,0,0,0,3,0,0,0,0,0,9,0,3,0,0,0,3,0,0,0,3,0,0,0,3,0,0,0,3,0,0,1,0,0,0,0,3,0,0,0,3,0,0,0,0,0,9,0,3,0,0,0,3,0,0,1,0,0,0,0,0,0,9,0,3,0,0,1,0,0,0,1506,2880,1374,0.522916667,348,1902,2880,978,0.660416667,33,630,2880,2250,0.21875,765,1896,2880,984,0.658333333,246,579,8640,8061,0.067013889,960,1044,2880,1836,0.3625,162,1779,2880,1101,0.617708333,36,2874,2880,6,0.997916667,3,1587,2880,1293,0.551041667,165,690,2880,2190,0.239583333,960,318,320,2,0.99375,2,2547,2880,333,0.884375,33,1020,2880,1860,0.354166667,444,3546,8640,5094,0.410416667,921,2370,2880,510,0.822916667,15,1347,2880,1533,0.467708333,381,315,320,5,0.984375,3,2025,8640,6615,0.234375,921,2154,2880,726,0.747916667,66,312,320,8,0.975,3,1
17,test,increment,12,2160.004175,0.050846346,694.5065613,679.44016,760.1676564,687.6551648,530.2404165,685.3053124,738.8163919,664.7105686,603.9640219,744.6706452,535.8340508,510.2423644,616.6438956,554.447264,736.2733866,578.2468749,619.4776365,718.1945047,579.8562316,710.2013312,889.0080214,854.5099692,592.2690999,682.7625572,589.698926,744.8969551,840.8723129,764.6589914,804.6724849,669.2854082,566.608275,533.8084405,538.7918748,701.8775212,493.5551445,623.7373159,648.9322007,701.015046,661.4353127,599.3002642,649.7808874,751.4454853,703.3536518,713.0629887,658.3307678,561.6431308,662.8788086,700.6756107,648.7743317,740.5306073,738.9402964,517.038418,595.804253,599.4538644,659.6457367,609.9630648,649.3152017,950.3325875,646.5831829,726.1458553,693.3179283,742.3713288,570.8428811,687.0019915,717.1143471,677.0102436,638.1792716,512.9762777,906.9863483,686.9448697,616.2337021,774.7278807,633.9640484,554.8682715,747.5791959,609.6568558,654.4815264,549.3833996,632.0879256,642.5891565,783.2083792,603.9394113,599.9453588,716.0332552,648.2795669,664.78192,641.6581652,520.001077,596.780847,673.085615,764.8457798,632.9149516,663.1550064,663.4848146,754.0093109,658.2326407,565.9395541,628.3136446,609.8350581,625.7881167,561.6711147,634.1026674,708.7893359,716.8960845,636.5683428,675.3257463,681.4206188,705.5028771,727.2516007,525.2624622,733.2650237,612.0627353,675.5324621,622.961628,694.6026336,620.9941342,718.9418374,590.551388,689.4116203,663.8579462,794.8653753,632.0063716,840.256848,683.1905663,673.9595924,648.9155695,606.1094031,654.7935409,543.416921,662.1070314,678.5471381,715.1226341,0,3,0,0,0,0,0,9,0,3,0,0,0,0,0,9,0,0,0,9,0,3,0,0,0,3,0,0,0,3,0,0,0,3,0,0,0,3,0,0,1,0,0,0,0,3,0,0,0,3,0,0,0,0,0,9,0,3,0,0,0,3,0,0,1,0,0,0,0,0,0,9,0,3,0,0,0,3,0,0,2217,2880,663,0.769791667,57,1779,8640,6861,0.205902778,960,1824,2880,1056,0.633333333,21,2889,8640,5751,0.334375,960,1359,8640,7281,0.157291667,960,1395,2880,1485,0.484375,75,2187,2880,693,0.759375,15,2874,2880,6,0.997916667,3,2508,2880,372,0.870833333,24,1764,2880,1116,0.6125,69,303,320,17,0.946875,6,2838,2880,42,0.985416667,6,1608,2880,1272,0.558333333,117,4422,8640,4218,0.511805556,324,2070,2880,810,0.71875,27,2571,2880,309,0.892708333,6,318,320,2,0.99375,2,2796,8640,5844,0.323611111,960,2643,2880,237,0.917708333,9,657,2880,2223,0.228125,960,1
18,test,increment,1,180.0651713,0,26.95399889,25.5680781,25.0698034,25.02635933,26.59829747,24.38566608,25.80366311,25.15133809,26.06352462,25.27641159,25.57973221,24.71100462,26.75170711,25.31322897,25.84249891,25.5481395,25.23208848,24.213358,25.53317713,25.01663834,24.72671061,24.80924147,25.55612872,25.42688714,25.92681027,25.71075037,25.16360058,25.51767875,24.6427158,24.38331844,24.50948649,25.05414629,26.18683965,26.65702263,25.08912808,25.13454113,25.20549369,25.1310517,26.16969042,24.49682343,24.65035174,24.22154167,24.41989542,25.23917323,25.22597836,26.37508218,25.05611828,23.82976025,25.68062001,24.70066166,24.85561611,26.14651115,25.92717179,26.12093668,25.28013097,24.93938555,25.41350506,26.2871238,25.84329117,25.79488722,25.6781883,27.16209798,24.39075891,24.96637861,25.08542884,24.96456399,24.68888357,25.4631903,27.47186568,25.46952268,27.37583124,25.56609017,27.18296904,24.7288799,26.34074404,24.73284438,25.76252125,25.6469645,25.28432755,27.36237379,24.70423664,26.69470328,25.68987257,26.77951829,25.79642456,24.88565199,25.96315397,26.0219237,25.39537659,25.46484242,26.68537384,25.45520866,27.03724213,25.39601486,25.60505756,26.02936715,25.75027405,26.08932874,24.79775693,26.47265339,26.08082594,24.82339888,25.28801269,25.24544611,26.14416727,25.15634064,25.82688456,25.46557325,26.17293847,26.94183204,25.04698798,24.85066349,25.97836942,25.16277956,28.00412057,26.03206753,25.91770989,26.59864354,25.40957547,26.24551744,26.18256133,25.89299727,25.26909814,26.17885708,26.70440153,25.25684097,26.37517683,26.9092925,26.12014504,25.53599048,25.99981167,25.62748339,1,0,0,0,1,0,0,0,1,0,0,0,1,0,0,0,1,0,0,0,1,0,0,0,1,0,0,0,1,0,0,0,1,0,0,0,1,0,0,0,1,0,0,0,1,0,0,0,1,0,0,0,1,0,0,0,1,0,0,0,1,0,0,0,1,0,0,0,1,0,0,0,1,0,0,0,1,0,0,0,87,320,233,0.271875,215,78,320,242,0.24375,89,33,320,287,0.103125,251,99,320,221,0.309375,164,24,320,296,0.075,227,39,320,281,0.121875,113,111,320,209,0.346875,92,177,320,143,0.553125,80,39,320,281,0.121875,233,30,320,290,0.09375,263,39,320,281,0.121875,248,129,320,191,0.403125,164,72,320,248,0.225,212,162,320,158,0.50625,80,132,320,188,0.4125,143,30,320,290,0.09375,263,30,320,290,0.09375,275,108,320,212,0.3375,80,87,320,233,0.271875,143,9,320,311,0.028125,305,0
18,test,increment,2,360.0266679,0,35.53322353,32.54345551,33.85619877,35.43778415,35.48096408,33.55710654,35.62019748,35.19873638,34.83738806,32.87374467,35.78393091,35.14927696,36.4084997,32.61316646,37.4219443,35.44348588,33.6871219,32.63168676,33.66864687,33.68405009,32.28734174,32.01386335,34.18629259,34.30421075,33.0311571,33.73468308,34.75861069,33.11573494,34.31483116,32.90690932,32.930115,32.45194874,33.96929916,36.6530787,33.05192918,32.89696868,35.95513445,34.50663098,35.05356632,31.26299069,33.70910286,32.24337016,33.87617774,35.45872503,34.21129301,37.08937948,32.87493903,33.89369553,33.8473801,34.00199836,33.19149004,36.75354709,33.99760227,35.62697117,34.04334654,34.67998571,34.54179464,35.33008218,36.17204273,31.56765593,33.37743401,37.37983425,32.71656704,33.67933559,32.35310989,33.15400546,33.87361193,34.8092948,35.79916697,32.27300349,35.49329939,33.70823582,37.82517569,34.79453603,36.30369422,32.19398608,35.00745712,32.32456754,33.92183468,38.14399605,32.57346252,35.77594326,33.95588237,36.82636276,35.09989413,35.55505122,35.15925411,34.53745446,31.67113154,33.45122493,33.45421427,33.82217821,36.6051957,35.71128813,34.28185378,35.45331781,37.53566411,34.88696023,34.98639584,33.9002019,35.79743691,33.04829245,35.25231771,35.31181548,35.31271495,34.41580523,35.73436884,32.96234994,34.14777401,37.90933871,32.98995831,30.99366373,35.38449282,33.95471664,36.64668661,36.32937392,36.0088331,35.22980149,35.6611513,37.10623504,37.32929305,35.40786449,32.37046477,35.17469523,37.97061562,35.19140338,35.99288107,35.03384894,33.19927075,33.35975583,35.91948101,34.01364165,1,0,0,0,1,0,0,0,1,0,0,0,1,0,0,0,1,0,0,0,1,0,0,0,1,0,0,0,1,0,0,0,1,0,0,0,1,0,0,0,1,0,0,0,1,0,0,0,1,0,0,0,1,0,0,0,1,0,0,0,1,0,0,0,1,0,0,0,1,0,0,0,1,0,0,0,1,0,0,0,108,320,212,0.3375,200,150,320,170,0.46875,24,60,320,260,0.1875,173,102,320,218,0.31875,86,30,320,290,0.09375,218,66,320,254,0.20625,57,126,320,194,0.39375,33,246,320,74,0.76875,9,102,320,218,0.31875,194,51,320,269,0.159375,203,57,320,263,0.178125,224,171,320,149,0.534375,86,66,320,254,0.20625,158,240,320,80,0.75,9,147,320,173,0.459375,62,72,320,248,0.225,203,60,320,260,0.1875,200,141,320,179,0.440625,21,162,320,158,0.50625,98,21,320,299,0.065625,296,0
18,test,increment,3,540.0046289,0.002563461,48.86595373,44.32480579,47.27172059,45.90750513,46.62946969,45.30983889,49.49731877,47.41338094,43.62945474,44.7271302,48.96070105,45.3360996,46.83763452,43.41519422,51.34887955,47.15813827,44.74366372,42.54681809,44.71583399,46.00888506,42.17723923,44.56865994,42.91156035,44.43040469,44.31983102,45.05324277,46.47132505,42.1372133,47.48895648,46.89410226,45.10547942,44.49657612,46.69318332,49.3666382,45.36880594,42.74581174,48.20760135,45.88675509,49.04385138,43.49251168,49.24566797,43.8302839,46.82129593,44.99049485,48.07843419,49.03364278,44.74912403,47.90477356,45.29704177,43.84609521,43.62768588,52.69439134,45.4214424,49.50577957,44.37361683,43.72236109,47.56326703,45.25563655,45.75264906,44.14650234,43.6932016,48.81877763,44.5110076,43.32537746,42.46305055,44.3050551,44.47799648,46.64373731,47.15132662,46.24408944,49.16997345,47.07161565,49.75071295,45.46097134,45.72686715,41.86960136,46.24399017,40.21904476,48.3430223,48.85914951,44.8131967,47.10453352,44.83808351,52.04780941,46.53834369,50.6179575,45.69736778,44.97920771,42.85602289,43.45255115,42.09126501,45.93288738,45.90814806,46.05012308,47.19633751,47.57048719,51.87512853,46.63766125,44.63578849,46.71039951,48.02302296,43.43017056,46.64193516,46.07434622,46.33359767,46.06163716,48.7312857,42.76362366,47.47627927,53.2828267,43.12796337,40.31794529,46.1807375,45.63771352,50.56045785,49.99930141,44.78813096,48.17765026,47.75022158,51.64362949,48.88885396,48.80662608,43.15144129,47.3321848,48.81751529,44.79385526,48.15349585,49.90862582,42.30793959,44.84502256,48.83715854,46.09634377,1,0,0,0,1,0,0,0,1,0,0,0,1,0,0,0,1,0,0,0,1,0,0,0,1,0,0,0,1,0,0,0,1,0,0,0,1,0,0,0,1,0,0,0,1,0,0,0,1,0,0,0,1,0,0,0,1,0,0,0,1,0,0,0,1,0,0,0,1,0,0,0,1,0,0,0,1,0,0,0,159,320,161,0.496875,98,144,320,176,0.45,33,60,320,260,0.1875,95,141,320,179,0.440625,33,51,320,269,0.159375,173,99,320,221,0.309375,51,162,320,158,0.50625,27,288,320,32,0.9,3,87,320,233,0.271875,116,75,320,245,0.234375,194,75,320,245,0.234375,99,213,320,107,0.665625,18,111,320,209,0.346875,36,303,320,17,0.946875,3,243,320,77,0.759375,15,78,320,242,0.24375,113,48,320,272,0.15,98,186,320,134,0.58125,21,207,320,113,0.646875,32,12,320,308,0.0375,299,1
18,test,increment,4,720.0249596,0.024230011,64.61487344,62.92757578,64.44261641,60.4630514,60.99283052,62.99681125,65.96808851,65.19773998,57.12645645,57.73856164,65.53531389,62.94142378,65.41454919,58.14842766,68.08064524,67.2289203,61.13318822,55.60326132,59.69462734,61.37342628,57.57621989,58.95100533,57.57277188,58.503921,56.65180156,59.56899909,63.21513603,55.47334599,66.72487922,62.88669236,56.8839346,57.42763734,62.77661319,68.79089808,60.05905492,57.75544375,63.25599508,61.14595303,65.44744259,57.16470828,65.94602851,56.85271887,68.27107783,54.25034743,63.07340081,61.97252755,63.94265269,66.79533688,63.1677716,57.05870051,61.03726081,70.2017281,60.30932597,66.80646019,61.10695031,58.75741889,65.25803418,61.54389162,58.1150406,62.14046052,62.04418423,64.613179,62.45111348,56.45207256,60.0876046,58.55426416,57.5726861,63.12988913,65.70330686,64.05566368,68.78584454,64.29032831,65.9239465,59.46012033,61.08824347,55.03254298,62.7002714,54.28349563,66.41730033,64.55800235,62.13356377,65.91094223,62.34055453,74.00085761,63.05688832,69.262685,58.51233607,59.04080931,61.18259546,59.90074972,56.59240089,64.05189715,62.65540661,62.37158871,63.87069203,60.33990136,65.64572675,63.91697465,58.87502424,63.57290029,63.41299077,56.77285674,60.60519588,62.41618954,68.80200036,64.99801096,64.55118019,59.13448811,63.9931582,74.10225295,59.90608294,53.0390358,62.11320627,61.0025323,62.70005362,72.38633561,62.47444279,61.57038423,64.21041079,69.95939813,62.23269839,68.77226778,57.25871014,64.59742941,62.31150154,61.80108759,61.51053999,70.65398355,58.36418803,60.03451876,63.0491095,59.55624944,1,0,0,0,0,3,0,0,1,0,0,0,0,3,0,0,0,3,0,0,1,0,0,0,1,0,0,0,0,3,0,0,1,0,0,0,1,0,0,0,1,0,0,0,0,3,0,0,1,0,0,0,0,3,0,0,1,0,0,0,1,0,0,0,1,0,0,0,0,3,0,0,1,0,0,0,1,0,0,0,183,320,137,0.571875,66,144,2880,2736,0.05,960,207,320,113,0.646875,21,261,2880,2619,0.090625,960,81,2880,2799,0.028125,960,210,320,110,0.65625,26,240,320,80,0.75,9,435,2880,2445,0.151041667,792,99,320,221,0.309375,75,168,320,152,0.525,27,78,320,242,0.24375,93,360,2880,2520,0.125,900,129,320,191,0.403125,77,468,2880,2412,0.1625,792,297,320,23,0.928125,3,192,320,128,0.6,27,81,320,239,0.253125,71,282,2880,2598,0.097916667,792,258,320,62,0.80625,12,33,320,287,0.103125,195,1
18,test,increment,5,900.0013612,0.023805258,83.47791759,85.259774,82.20443274,83.38737079,82.21827253,84.73797729,90.89103138,87.72103137,76.55831992,75.3432394,92.02434783,82.74378137,91.85846944,78.63703092,94.17773168,88.0002002,86.87980631,73.45236372,81.69326523,80.28170596,77.06477235,77.69227595,76.28504738,80.7455802,72.44721209,78.07736879,87.65814103,77.33315248,88.39229954,82.71406664,75.97995826,77.7677332,85.09104776,92.20288637,85.90341137,76.92528566,88.6082672,81.27253614,86.20230768,79.89325025,90.26808334,75.30270874,86.0113681,70.7707704,82.54013481,81.67331393,86.19450126,89.06939675,78.81202511,72.79789871,81.9155044,96.46478102,79.99131114,93.05981818,78.9889205,79.26601266,91.72102145,76.88629178,80.34144265,84.42661217,80.67043883,90.2980419,83.88782144,71.84985636,78.74436077,82.12998371,77.17980578,82.27097057,92.99682744,88.49453748,90.94253772,91.54029643,86.0111667,78.29749378,75.03973643,74.5084216,80.41742927,69.68570978,90.64616003,88.10760662,78.71642933,90.52208441,81.39635183,98.84043964,81.20843597,93.0001048,85.27267588,77.05759552,85.50686496,77.8815472,75.70782908,87.47327952,81.88776127,83.15070744,85.50067134,83.22256667,88.43882373,85.12866908,82.29555901,85.05900879,87.06074103,75.49904229,80.98956523,87.1888641,95.97611944,91.89547205,86.62810759,78.36923909,88.42509478,99.36563536,82.8098253,73.34001784,82.59105817,87.51418395,81.46309752,96.72512799,81.56065522,83.03271933,87.46717413,95.13235719,85.51813943,86.23414561,79.89797613,89.97739406,82.65787477,80.5196774,84.21524941,97.17501939,79.43037307,80.0842541,82.01904201,80.1053265,1,0,0,0,0,3,0,0,1,0,0,0,0,3,0,0,0,3,0,0,1,0,0,0,1,2,0,0,0,3,0,0,1,2,0,0,0,2,0,0,0,2,0,0,0,3,0,0,1,0,0,0,0,3,0,0,1,0,0,0,0,2,0,0,1,0,0,0,0,3,0,0,1,2,0,0,0,2,0,0,222,320,98,0.69375,30,339,2880,2541,0.117708333,741,141,320,179,0.440625,29,255,2880,2625,0.088541667,888,72,2880,2808,0.025,960,183,320,137,0.571875,18,315,2240,1925,0.140625,612,612,2880,2268,0.2125,708,216,2240,2024,0.096428571,669,102,1920,1818,0.053125,960,45,1920,1875,0.0234375,960,405,2880,2475,0.140625,798,207,320,113,0.646875,18,561,2880,2319,0.194791667,708,318,320,2,0.99375,2,258,1920,1662,0.134375,705,165,320,155,0.515625,36,393,2880,2487,0.136458333,768,414,2240,1826,0.184821429,678,18,1920,1902,0.009375,960,0
18,test,increment,6,1080.045867,0.018666339,113.3818614,110.8938744,107.5937724,116.2198294,119.7522198,105.4985441,124.5673886,119.293263,103.0023763,97.14635849,121.1627362,105.5866754,129.6134503,111.9263344,130.8969434,120.2530573,122.3857345,98.55553813,101.9795559,107.5208601,96.61474999,108.0600387,101.4426716,109.8487418,95.38660112,107.5647275,116.7354609,100.3407974,115.6928374,107.6307133,109.8823964,101.6771153,110.9206916,122.346455,111.8419916,101.2579059,119.5502825,113.7309289,112.8053637,108.2805308,117.3692811,101.8055013,122.5248654,99.06889728,108.4204878,110.2368969,113.0660452,116.0220732,106.3302178,97.77356884,110.9593563,128.7198428,101.0757456,126.1540463,104.5426044,107.4672637,122.010398,101.4101345,111.6021034,109.9709996,105.0379908,118.9929836,113.9331028,91.21696348,107.2624054,115.3691597,98.65980934,114.8580438,119.0742851,117.8402381,122.2510706,128.5848363,119.9607299,100.407975,107.5453112,98.53474029,99.98555949,97.37053373,128.8362963,119.2899743,104.6642817,130.5176629,111.9228044,137.6580856,104.7178578,130.2318734,114.8861114,106.6891846,114.6981588,110.2613923,103.6000167,122.366149,109.3951485,119.1253201,113.8314329,107.9842913,119.6689094,120.7724467,108.9949991,119.6503857,115.3762468,105.1054541,109.8597704,123.2031593,125.564214,124.7580844,117.1221403,101.2019954,121.3016859,138.8714843,118.2262044,101.9954295,115.1953058,124.2737519,115.1926819,127.3752617,111.7151366,106.4570327,111.8224434,127.1012649,117.2397061,113.1261876,107.282852,123.1495563,108.0969047,106.510102,112.7422218,133.5252562,108.0066336,110.8178615,113.3766441,108.0368378,1,0,0,0,0,3,0,0,1,0,0,0,0,3,0,0,0,3,0,0,1,0,0,0,1,2,0,0,0,3,0,0,1,2,0,0,0,2,0,0,0,2,0,0,0,3,0,0,1,0,0,0,0,3,0,0,1,0,0,0,0,2,0,0,1,0,0,0,0,3,0,0,1,2,0,0,0,2,0,0,306,320,14,0.95625,3,513,2880,2367,0.178125,666,117,320,203,0.365625,51,318,2880,2562,0.110416667,804,129,2880,2751,0.044791667,960,297,320,23,0.928125,5,405,2240,1835,0.180803571,600,756,2880,2124,0.2625,642,408,2240,1832,0.182142857,597,183,1920,1737,0.0953125,960,147,1920,1773,0.0765625,960,504,2880,2376,0.175,717,282,320,38,0.88125,6,846,2880,2034,0.29375,639,315,320,5,0.984375,3,552,1920,1368,0.2875,597,141,320,179,0.440625,33,489,2880,2391,0.169791667,666,498,2240,1742,0.222321429,642,72,1920,1848,0.0375,960,1
18,test,increment,7,1260.009437,0.015050891,148.588271,142.9568526,146.0688612,147.4504716,161.7488208,133.6614166,164.1271047,157.4095643,146.5480442,132.2200633,166.6408383,141.1788177,183.6749543,155.4140531,179.1704802,161.7079626,168.4400365,127.950636,139.3533009,159.062201,132.9598716,138.6732725,135.9644733,140.8933102,132.4647727,138.8328696,158.5400068,132.2466841,139.2640575,139.4562179,151.9075041,137.0277138,143.0744138,169.7608129,157.5035235,137.7879351,156.8806462,140.8872755,155.4607632,141.9640281,156.6772595,136.8835444,163.6714902,128.850326,152.0957789,158.2849722,153.7176562,164.7382359,154.6453968,132.7160254,157.8774954,181.0120098,139.9771247,170.1473322,135.7736117,142.6622971,166.7767098,145.2946619,146.8465791,138.173019,144.0453615,155.0986091,152.940041,129.193467,133.3998059,154.0974484,129.1527891,151.1929084,163.0640149,167.3702575,167.2685006,163.8445324,167.2490749,135.3637255,149.1266568,127.7372148,138.7359798,134.2818569,182.6003641,164.5296695,138.5589347,177.2873486,153.1043405,175.7330311,134.3723498,173.9339973,160.3461436,139.6971756,142.8237384,155.4108096,133.5877079,157.6068367,149.1981167,158.3864914,161.1736904,147.3833877,156.7760826,163.822757,139.1880147,167.5603019,153.1811264,140.7908434,156.0127213,160.9270811,161.2520587,158.9929715,153.9469199,135.4970297,166.8764228,185.8186068,156.7671681,132.0389665,148.3822186,164.3042254,155.7193446,164.8021688,149.2064986,140.772747,153.9824407,166.665581,162.8879688,151.2908315,146.7201512,175.919643,137.2050473,139.9769294,153.9354975,179.6124543,148.5445591,145.0350361,149.0587634,146.884011,0,3,0,0,0,3,0,0,0,3,0,0,0,3,0,0,0,3,0,0,0,3,0,0,0,3,0,0,0,3,0,0,0,3,0,0,1,2,0,0,0,2,0,0,0,3,0,0,1,0,0,0,0,3,0,0,0,3,0,0,0,3,0,0,1,0,0,0,0,3,0,0,0,3,0,0,0,2,0,0,399,2880,2481,0.138541667,777,729,2880,2151,0.253125,960,45,2880,2835,0.015625,960,522,2880,2358,0.18125,933,141,2880,2739,0.048958333,960,615,2880,2265,0.213541667,510,717,2880,2163,0.248958333,483,1200,2880,1680,0.416666667,387,318,2880,2562,0.110416667,873,207,2240,2033,0.092410714,960,189,1920,1731,0.0984375,960,774,2880,2106,0.26875,774,252,320,68,0.7875,12,1116,2880,1764,0.3875,417,819,2880,2061,0.284375,549,273,2880,2607,0.094791667,960,201,320,119,0.628125,54,786,2880,2094,0.272916667,585,675,2880,2205,0.234375,549,78,1920,1842,0.040625,960,0
18,test,increment,8,1440.002293,0.010719634,196.015734,187.7601208,195.6365672,212.211618,214.4507084,170.3110667,227.2836246,203.4722463,192.4759723,174.7710677,216.6139158,186.8574168,236.3513686,208.5938952,239.1925924,210.5558921,227.0518742,170.241581,202.7755897,211.5469266,186.0016295,193.0887225,197.4126222,201.8969892,181.2564688,192.9646494,224.3281513,174.8167455,190.2175673,190.7585307,204.4395502,190.6836851,187.8282397,223.0584953,214.5311879,194.7011747,216.8974723,185.0375129,213.794866,198.9885948,204.9234991,174.1510545,207.0936984,173.9720806,206.2316795,204.5584339,210.0288758,219.4735435,219.7544252,182.6912799,215.8949489,240.6848164,195.0555246,234.1147142,172.018242,193.9145141,227.4508568,191.8393092,208.9565703,187.4387797,201.0822592,207.5971633,201.9182072,164.1241626,177.4413685,197.5100849,176.3143024,198.1533618,232.9198707,214.5593236,219.8522304,215.0124651,208.5891446,180.378985,197.0499582,176.170727,188.8307101,177.2285734,242.2248646,227.6604786,195.3428703,231.2379279,208.3447772,234.8840511,189.01071,223.3628286,216.4037118,194.4430675,190.9738975,196.3516751,176.8278578,214.2991799,193.3254444,211.2547904,226.228174,192.3886122,196.1211113,226.9870543,200.3041288,234.2738855,200.0063841,185.5196927,205.1248334,228.6887437,224.4908228,201.4946475,202.4816953,183.6790766,220.7142303,266.903403,204.7992743,171.2978819,189.2868164,210.5347226,213.4956905,213.3922625,202.953083,200.0480454,204.3289342,232.7599184,213.2497228,198.1745211,192.1624282,251.4357061,180.632955,194.4570583,215.122209,255.1920583,189.5235982,178.4529231,190.7735016,199.1639572,0,3,0,0,0,3,0,0,0,3,0,0,0,3,0,0,0,3,0,0,0,3,0,0,0,3,0,0,0,3,0,0,0,3,0,0,1,2,0,0,0,2,0,0,0,3,0,0,1,0,0,0,0,3,0,0,0,3,0,0,0,3,0,0,1,0,0,0,0,3,0,0,0,3,0,0,0,2,0,0,627,2880,2253,0.217708333,654,882,2880,1998,0.30625,960,282,2880,2598,0.097916667,858,669,2880,2211,0.232291667,717,171,2880,2709,0.059375,960,498,2880,2382,0.172916667,726,888,2880,1992,0.308333333,570,1668,2880,1212,0.579166667,309,378,2880,2502,0.13125,759,276,2240,1964,0.123214286,960,213,1920,1707,0.1109375,960,900,2880,1980,0.3125,654,291,320,29,0.909375,3,1404,2880,1476,0.4875,396,1017,2880,1863,0.353125,309,480,2880,2400,0.166666667,801,273,320,47,0.853125,14,870,2880,2010,0.302083333,402,870,2880,2010,0.302083333,309,99,1920,1821,0.0515625,960,0
18,test,increment,9,1620.002805,0.007758857,264.3162464,253.6655814,265.6897584,285.6793258,276.9642116,219.7607674,308.7236163,272.1910836,258.0755717,232.6918638,278.1165221,269.2288022,318.9674098,270.8797328,315.85831,276.7733193,295.5356268,231.6044755,271.0473759,286.8724095,264.4026521,259.8593585,269.7534943,259.2416415,256.2429459,270.8636313,290.8182022,228.8641022,250.938992,241.4295089,269.3050625,241.9401546,260.2177647,324.1863158,285.752381,254.8042497,303.1088129,243.2510938,297.0361839,258.4835934,270.9131458,232.3616714,276.1533839,226.1755692,293.433433,271.2810769,264.870053,282.2132274,302.2658914,255.0399016,287.7873702,333.076619,240.5651298,321.1670023,241.7699439,279.5745129,305.7998586,276.2339489,292.8163022,248.1062952,260.3075345,287.2081857,262.632214,216.6290688,244.5186301,271.0561522,229.3875464,284.1801409,310.1009237,291.2941574,298.7992516,297.144486,275.4175746,246.2778616,265.9562046,236.0765368,257.6396788,224.4396903,330.2541065,307.5030683,271.4712041,323.3371755,269.7393209,310.834382,256.2590577,290.087518,280.9778997,252.680066,252.7924128,245.8850729,252.5985361,270.7044795,255.3647304,270.7315424,309.0424694,275.7407392,254.8354902,310.4149977,264.4770743,310.717224,274.2753475,257.8962581,284.0382735,311.9289348,311.9271096,257.6537587,288.5968236,240.7287955,284.8702959,337.0932539,270.4240383,217.3124978,259.7310398,267.232273,295.9010263,275.3533529,283.2201756,267.6540387,264.7655566,309.7166306,302.0777616,258.6142936,257.7009541,345.1840156,243.6829766,255.5274664,291.7071861,343.7618889,259.7557131,235.0170588,254.4896523,249.1458401,0,3,0,0,0,3,0,0,0,3,0,0,0,3,0,0,0,3,0,0,0,3,0,0,0,3,0,0,0,3,0,0,0,3,0,0,1,2,0,0,0,2,0,0,0,3,0,0,1,0,0,0,0,3,0,0,0,3,0,0,0,3,0,0,1,0,0,0,0,3,0,0,0,3,0,0,0,2,0,0,804,2880,2076,0.279166667,603,1236,2880,1644,0.429166667,951,396,2880,2484,0.1375,819,1050,2880,1830,0.364583333,639,255,2880,2625,0.088541667,960,600,2880,2280,0.208333333,678,1047,2880,1833,0.363541667,174,2157,2880,723,0.748958333,81,648,2880,2232,0.225,615,408,2240,1832,0.182142857,960,273,1920,1647,0.1421875,960,1410,2880,1470,0.489583333,654,312,320,8,0.975,3,1875,2880,1005,0.651041667,156,1500,2880,1380,0.520833333,225,648,2880,2232,0.225,645,318,320,2,0.99375,2,1212,2880,1668,0.420833333,186,1329,2880,1551,0.461458333,291,165,1920,1755,0.0859375,837,0
18,test,increment,10,1800.008541,0.006047251,365.4370879,355.894641,354.3023098,389.8879439,376.2207009,293.6988731,409.451479,368.337165,327.4819949,319.2496612,381.8125868,358.5335852,430.517384,367.0422646,385.6251561,387.0927135,389.2630351,314.017535,371.5005027,393.9531774,346.1981387,339.8376445,364.6741883,334.5690454,341.1973771,346.8416087,378.6172075,297.4407973,337.3035671,311.641436,350.7160487,322.4715414,333.3070395,453.3000552,371.2793343,332.1557008,413.040871,325.3338635,391.4879151,359.2101678,357.5416347,326.1209246,368.4464144,301.5769901,388.936003,344.1012058,379.4437427,373.4931656,376.6412612,340.4737483,393.8129155,447.849507,330.6371072,442.2042884,334.8616487,395.8287211,437.5307257,366.1550791,384.975159,326.4082493,364.061528,406.3767083,356.536497,277.5859101,355.2326986,371.9640299,318.5764576,385.000859,434.0888323,404.8126799,384.468662,389.4995827,380.1282834,328.5559162,344.4443682,310.5526029,359.9686536,318.9930283,408.2594243,407.1087687,345.2511218,451.8938483,343.2829233,420.3778067,332.7359494,370.0855544,395.5633289,335.7468629,338.0775462,313.4860365,344.6466201,351.3632415,347.2854076,351.069367,419.2327492,373.3543676,348.25334,408.8242728,356.0307332,432.1379068,374.6678247,366.2331952,371.5027176,418.5511958,400.2682407,334.0274841,381.6090944,312.5047226,393.7430962,474.0349096,363.6291536,289.3752362,337.4525634,348.5874639,389.9893316,372.6730341,380.8435408,357.141178,355.2638509,423.0889303,416.5187029,353.7604893,340.616136,422.9562048,309.3102539,341.7348839,393.212486,456.9175274,334.9295739,304.5444217,313.7679175,343.8498054,0,3,0,0,0,3,0,0,0,3,0,0,0,3,0,0,0,3,0,0,0,3,0,0,0,3,0,0,0,3,0,0,0,3,0,0,1,2,0,0,0,2,0,0,0,3,0,0,1,0,0,0,0,3,0,0,0,3,0,0,0,3,0,0,1,0,0,0,0,3,0,0,0,3,0,0,0,2,0,0,1176,2880,1704,0.408333333,447,1551,2880,1329,0.538541667,225,504,2880,2376,0.175,759,1389,2880,1491,0.482291667,459,312,2880,2568,0.108333333,960,750,2880,2130,0.260416667,240,1458,2880,1422,0.50625,99,2859,2880,21,0.992708333,3,885,2880,1995,0.307291667,354,489,2240,1751,0.218303571,735,471,1920,1449,0.2453125,555,1824,2880,1056,0.633333333,477,312,320,8,0.975,3,2331,2880,549,0.809375,21,2004,2880,876,0.695833333,21,879,2880,2001,0.305208333,594,309,320,11,0.965625,3,1479,2880,1401,0.513541667,90,1803,2880,1077,0.626041667,102,363,1920,1557,0.1890625,678,1
18,test,increment,11,1980.000153,0.012554262,515.6608035,478.8929454,467.0966182,525.2959216,498.5544104,404.9109819,566.4642109,525.8363335,461.788822,422.8844626,494.8661957,488.0706796,570.5424243,485.5392856,537.2875037,523.3362287,505.2758354,440.7697977,532.0083127,553.8216283,482.2284649,429.0042532,504.6320164,425.7960764,475.5752024,466.9427602,493.8475011,397.5354947,432.7448743,444.7353807,480.5816711,443.9344791,432.7009676,605.2665507,485.4948072,458.9903794,538.8935861,428.1158609,542.957896,475.3470343,463.5613908,426.2758921,462.0534809,368.6798194,532.9572606,454.9006253,527.2742757,522.8473637,501.8532239,439.4918345,520.3945977,614.9553735,464.6071093,616.3832581,440.0785597,542.5190239,594.0325884,505.5750012,518.8437954,419.2290531,503.3007115,531.0349463,468.1644598,363.5145391,514.2517322,490.2623928,429.3741806,519.236778,581.2942866,547.6902919,514.221641,537.6147571,522.3148929,457.2551708,474.0694328,397.20284,497.5685984,449.1282202,559.3456469,534.5190622,453.8624208,613.8726926,437.1738279,545.046827,425.8782476,492.4627553,508.683891,443.9170463,477.0281096,417.5804909,444.7875351,458.4617813,475.635462,476.4874182,556.2171778,516.949175,451.7350752,584.384834,503.6372574,597.3430634,525.0628746,496.3693198,477.9803943,548.0271229,544.6307182,427.2628574,505.5740491,419.3176056,514.8896355,625.4419081,486.3601316,398.6334575,450.4235056,456.581182,523.5074482,503.9016504,505.3229503,480.8949123,506.5931941,555.3440196,573.7280736,491.190933,438.8327959,534.2687463,432.010579,475.5884214,528.988303,617.8705144,435.6997365,418.2411595,441.7387273,443.8384171,0,3,0,0,0,0,0,9,0,3,0,0,0,0,0,9,0,3,0,0,0,3,0,0,0,3,0,0,0,3,0,0,0,3,0,0,1,2,0,0,0,2,0,0,0,3,0,0,1,0,0,0,0,3,0,0,0,3,0,0,0,3,0,0,1,0,0,0,0,3,0,0,0,3,0,0,0,2,0,0,1440,2880,1440,0.5,342,1473,8640,7167,0.170486111,960,843,2880,2037,0.292708333,306,1869,8640,6771,0.216319444,960,486,2880,2394,0.16875,396,924,2880,1956,0.320833333,204,1782,2880,1098,0.61875,45,2853,2880,27,0.990625,3,1347,2880,1533,0.467708333,285,819,2240,1421,0.365625,567,894,1920,1026,0.465625,129,2595,2880,285,0.901041667,15,297,320,23,0.928125,6,2694,2880,186,0.935416667,9,2508,2880,372,0.870833333,9,1593,2880,1287,0.553125,237,315,320,5,0.984375,3,1728,2880,1152,0.6,48,2478,2880,402,0.860416667,36,768,1920,1152,0.4,489,1
18,test,increment,12,2160.001244,0.054256567,729.6462404,601.2856473,630.1482522,743.9482793,682.6387568,527.5518092,779.5349216,728.3963489,584.3813591,586.4747897,686.6613877,661.8909116,731.2431729,675.2390063,743.012656,719.9318419,693.6005061,602.5145987,705.8647481,785.6670167,641.641825,580.9525527,680.1502719,569.5449259,642.0338876,638.3605423,657.555223,540.0603885,607.0057943,600.293738,632.2696903,581.2967843,571.5169294,813.4101414,614.8011606,649.9693143,696.877437,580.2007328,708.8564897,632.4740191,628.0413586,555.3351797,616.0716528,494.7049763,723.1296481,619.2014482,682.3006671,693.5138593,634.2525346,633.3408158,697.9666133,804.2218317,624.1005213,805.4174335,555.8911238,752.3532714,812.211997,684.6554127,703.6974214,564.2380841,658.38167,712.8133107,653.9056504,479.0241359,693.9503438,681.3421991,579.8210881,693.6959088,818.034963,728.7986612,689.1671515,710.7535503,749.1634356,584.7835835,639.2988067,536.9512513,664.6557207,617.513956,744.6362573,753.0971649,620.9062923,842.4930939,598.1794893,749.0153717,538.2501153,648.9294186,716.5082491,579.9344509,645.9489679,576.6778635,589.8141168,627.7355315,656.2920544,636.609172,731.7469664,717.2697039,635.8137115,761.3640056,695.8644414,782.3366584,708.2626749,631.4362175,674.7844886,744.3859415,735.4622451,546.4512805,730.6850336,597.031094,653.0186791,825.1107524,667.691657,511.3931816,653.6660076,604.4778584,681.9149918,688.5749603,649.5380963,622.2242203,710.8362777,780.7800009,785.8543781,656.6270624,571.5787443,682.8114444,586.9479484,627.5330366,706.8217324,798.4504763,557.0682959,571.9112617,562.2431715,544.3322509,0,3,0,0,0,0,0,9,0,3,0,0,0,0,0,9,0,3,0,0,0,3,0,0,0,3,0,0,0,3,0,0,0,3,0,0,1,2,0,0,0,2,0,0,0,0,0,9,1,0,0,0,0,0,0,9,0,3,0,0,0,3,0,0,0,3,0,0,0,3,0,0,0,3,0,0,0,2,0,0,2298,2880,582,0.797916667,18,2541,8640,6099,0.294097222,960,978,2880,1902,0.339583333,228,1743,8640,6897,0.201736111,960,627,2880,2253,0.217708333,651,1248,2880,1632,0.433333333,138,2169,2880,711,0.753125,21,2877,2880,3,0.998958333,3,2484,2880,396,0.8625,9,1305,2240,935,0.582589286,66,1626,1920,294,0.846875,15,2157,8640,6483,0.249652778,960,318,320,2,0.99375,2,2952,8640,5688,0.341666667,960,2118,2880,762,0.735416667,36,2856,2880,24,0.991666667,3,1581,2880,1299,0.548958333,105,2304,2880,576,0.8,51,2517,2880,363,0.873958333,12,348,1920,1572,0.18125,810,1
18,test,increment,13,2340.000075,0.060767742,988.2453116,767.2232122,903.9534992,1001.099977,867.2440217,746.4131177,1065.398071,1016.360827,768.0389867,779.0677872,941.1881915,893.5033915,1026.791625,962.7983266,1022.909467,954.9641068,908.2155826,852.3870599,909.4442708,1031.267433,883.0622741,787.4182251,985.370027,761.2475637,930.2642862,878.9078916,938.4792639,730.4713607,801.1984011,794.0045357,833.7300919,768.7642878,781.0806184,1141.615763,806.345124,889.7438321,922.9878164,785.8172739,959.2116189,860.4003296,834.6270512,783.8512043,827.1264383,683.3261643,1059.58213,815.7726238,946.6648794,895.5607831,863.0824582,831.2684694,945.1211071,1156.736237,837.0398883,1059.617281,726.1253546,1033.618153,1069.842125,900.8404821,932.1110125,775.5658173,849.4450195,924.0131021,886.4140218,680.5033994,1004.45797,960.3195439,777.8675589,895.6714104,1074.605374,1012.760396,909.0739489,944.4000075,1054.634763,751.1116558,841.8418855,716.4742328,888.2940104,817.728981,1038.169765,1033.261779,804.0578941,1099.63984,818.0540005,1074.347882,700.9036216,866.4668537,964.9741216,830.3262757,842.8977334,759.8036739,806.7646494,827.0096834,839.7169154,884.0317724,909.0727966,979.4761947,863.908147,1029.800606,962.5047736,1075.743923,952.334139,882.8359301,907.3402031,961.3810949,1028.254827,669.2463011,989.8909439,764.3318881,896.2686939,1082.77213,911.6214631,672.4209384,908.07716,863.3752837,910.0267718,940.6787135,871.9907532,855.1508737,940.8326524,1115.073227,1037.587512,881.5698853,731.430629,926.1718888,818.3013169,867.1542936,906.0249141,1090.663265,733.4060975,724.2401074,772.6661189,721.8794031,0,3,0,0,0,0,0,9,0,3,0,0,0,0,0,9,0,3,0,0,0,3,0,0,0,3,0,0,0,3,0,0,0,3,0,0,1,2,0,0,0,2,0,0,0,0,0,9,1,0,0,0,0,0,0,9,0,3,0,0,0,3,0,0,0,3,0,0,0,3,0,0,0,3,0,0,0,2,0,0,2742,2880,138,0.952083333,12,2496,8640,6144,0.288888889,960,1278,2880,1602,0.44375,159,3213,8640,5427,0.371875,960,1194,2880,1686,0.414583333,198,1548,2880,1332,0.5375,57,2358,2880,522,0.81875,24,2874,2880,6,0.997916667,3,2631,2880,249,0.913541667,6,1440,2240,800,0.642857143,24,1884,1920,36,0.98125,3,4953,8640,3687,0.573263889,567,318,320,2,0.99375,2,4446,8640,4194,0.514583333,582,2739,2880,141,0.951041667,6,2850,2880,30,0.989583333,3,1866,2880,1014,0.647916667,48,2835,2880,45,0.984375,3,2736,2880,144,0.95,3,591,1920,1329,0.3078125,279,1
18,test,increment,14,2520.000237,0.088820217,1353.394187,1034.252658,1201.571189,1375.328761,1086.418496,1030.446595,1349.171459,1279.329704,1023.800718,1061.989501,1258.702928,1241.142562,1393.738328,1313.710864,1357.551366,1226.814012,1191.394707,1194.623366,1196.715477,1472.481757,1232.13145,997.6706475,1338.343648,1030.115877,1259.294793,1237.370449,1233.593345,1008.578108,1044.160121,1041.407094,1121.516764,1048.075402,1124.012646,1538.904089,1102.429697,1126.886965,1265.914472,1082.722519,1348.796185,1204.649849,1176.495368,1053.188576,1069.145182,884.9185138,1472.005905,1079.896797,1239.872963,1171.047887,1106.623846,1128.365401,1242.677318,1605.671566,1116.880087,1470.616243,994.6728556,1478.071006,1433.52862,1200.165518,1211.809439,1074.217324,1158.482825,1329.678654,1180.508829,891.3399564,1440.754478,1269.73282,1023.754159,1246.097143,1523.120388,1344.216804,1133.936913,1215.760939,1420.9268,1001.368266,1089.879262,995.9042313,1182.624761,1050.841207,1382.233192,1362.690785,1155.449014,1510.089914,1124.49999,1450.476486,912.8400045,1154.453056,1246.200634,1106.745283,1116.30529,1114.818213,1148.254507,1032.209617,1086.138711,1159.799097,1202.885783,1290.358625,1128.899527,1370.374191,1295.508507,1382.463066,1309.155075,1103.861096,1279.582451,1224.347815,1391.629364,895.8697939,1349.995147,1085.75069,1242.994468,1395.511394,1226.000736,890.4050715,1187.519256,1169.193098,1198.424017,1208.611295,1219.11222,1195.61686,1344.712246,1541.014336,1380.874384,1203.392632,927.0193443,1247.718088,1111.062219,1102.27175,1249.959929,1435.020422,952.8530904,1029.442471,1050.612306,1041.603777,0,3,0,0,0,0,0,9,0,3,0,0,0,0,0,9,0,3,0,0,0,3,0,0,0,3,0,0,0,3,0,0,0,3,0,0,1,2,0,0,0,2,0,0,0,0,0,9,1,0,0,0,0,0,0,9,0,3,0,0,0,3,0,0,0,3,0,0,0,3,0,0,0,3,0,0,0,2,0,0,2874,2880,6,0.997916667,3,3018,8640,5622,0.349305556,960,1686,2880,1194,0.585416667,57,4152,8640,4488,0.480555556,516,2085,2880,795,0.723958333,18,2199,2880,681,0.763541667,30,2808,2880,72,0.975,6,2859,2880,21,0.992708333,6,2691,2880,189,0.934375,6,1785,2240,455,0.796875,17,1893,1920,27,0.9859375,3,6882,8640,1758,0.796527778,69,318,320,2,0.99375,2,5607,8640,3033,0.648958333,114,2757,2880,123,0.957291667,6,2844,2880,36,0.9875,3,2433,2880,447,0.844791667,12,2829,2880,51,0.982291667,3,2844,2880,36,0.9875,3,909,1920,1011,0.4734375,87,1
19,test,increment,1,180.0144259,0,26.88966283,27.19325532,24.2670242,25.53183281,25.68301206,26.33758722,25.43118487,24.93338479,24.30449941,25.39008245,25.81984201,25.45829812,23.90447164,25.41314016,25.27082931,25.07170773,24.20294364,26.08086537,25.62522908,25.56012889,26.96196016,27.16755166,26.78540563,24.77461258,26.58586839,25.69722306,25.63516274,24.93111887,24.92148394,26.89699278,26.25723813,25.5882725,25.33303101,25.90440279,26.48096668,25.14001049,27.60329196,26.14854484,26.05114374,26.00148259,24.58950639,26.06756157,24.65334282,25.10184976,25.54468396,25.13401397,24.95518817,25.04850669,26.99418498,25.10127841,25.18407792,26.30609316,26.17724243,25.35348458,25.36211415,25.86475708,25.91732811,25.41011079,26.57260311,27.31068885,26.26838675,24.61098032,25.48919348,25.67809576,25.79763494,25.81212195,24.69711329,25.45318138,25.57201602,23.60971841,25.92310555,24.95778762,26.23494963,25.26730711,24.01584212,26.73179653,25.73663574,25.12213219,26.5602576,24.59954003,26.62075604,25.46082242,25.49206195,24.38585078,26.17834493,26.17484205,26.51180984,24.92865652,25.43101801,25.63816924,25.36829336,24.86438494,24.86497382,25.22001954,24.9832618,25.6547125,24.83472891,25.66696214,24.54588012,25.98711453,25.26865586,25.68892376,25.93219008,25.56242748,25.92184144,25.14132845,27.00312905,23.95461343,25.75542663,25.08478524,25.70962418,25.63213071,24.95860886,25.95329085,27.15384233,23.76528581,25.65966056,25.64659899,26.04810912,26.81593259,25.51607173,24.44841341,26.06928408,26.10631254,25.69510429,25.94431532,26.02271529,24.77118196,26.25225326,26.30147667,25.54705954,25.80777227,1,0,0,0,1,0,0,0,1,0,0,0,1,0,0,0,1,0,0,0,1,0,0,0,1,0,0,0,1,0,0,0,1,0,0,0,1,0,0,0,1,0,0,0,1,0,0,0,1,0,0,0,1,0,0,0,1,0,0,0,1,0,0,0,1,0,0,0,1,0,0,0,1,0,0,0,1,0,0,0,75,320,245,0.234375,236,102,320,218,0.31875,125,33,320,287,0.103125,224,75,320,245,0.234375,131,21,320,299,0.065625,245,45,320,275,0.140625,98,138,320,182,0.43125,92,144,320,176,0.45,125,63,320,257,0.196875,230,27,320,293,0.084375,236,18,320,302,0.05625,230,117,320,203,0.365625,122,24,320,296,0.075,233,129,320,191,0.403125,122,135,320,185,0.421875,167,42,320,278,0.13125,236,42,320,278,0.13125,239,66,320,254,0.20625,125,111,320,209,0.346875,167,18,320,302,0.05625,299,0
19,test,increment,2,360.0378413,0,36.63840448,39.21388976,34.52129353,33.83226425,36.52790836,36.19658911,34.58622775,31.72618283,30.93704898,34.66772337,32.89114977,32.51452024,31.76567419,35.04420042,34.79262364,32.60757996,33.18415473,35.05740287,36.20822729,34.25407993,37.2506878,36.31659831,36.27111841,34.67022748,37.55445369,33.2009438,35.48731481,34.6233249,32.57212475,34.89878025,35.49681563,34.69849183,32.92258746,34.30543076,35.10985938,33.99626859,40.08800377,34.95446172,35.77401379,37.19678972,32.54440154,32.93434397,32.19571634,34.84033761,34.77839357,35.16825975,32.96777715,33.49756923,36.78981747,32.72588403,33.23995858,34.329895,35.00952729,34.18470013,35.67430106,34.96853403,34.756728,36.38082652,35.55195802,35.77366873,34.72533019,33.3665516,35.72005865,32.0216998,35.56451426,32.41586698,35.41134336,36.37370601,35.03712683,31.50304009,34.62185281,32.86198934,36.57862815,33.86046865,32.56329505,36.70866276,35.45077554,34.98066666,37.86022609,32.04733354,33.81687531,34.58459536,36.96902725,32.23297573,35.46919051,36.07237566,37.37265085,31.92651531,32.40277425,36.09943536,35.68407533,35.91822167,34.57014585,31.46483419,34.51128123,32.87735179,32.41829962,36.09884311,33.01067019,33.6484681,33.46527719,35.09102532,36.17121901,34.25998406,36.44043676,33.05429526,35.37618951,32.16340602,33.66252969,33.23089335,33.9657635,35.06437344,31.72847412,34.29050722,38.61865221,30.59094619,35.51966607,34.33655436,35.11536607,36.70104584,32.6845147,32.8702008,34.03421351,34.04133358,34.42816072,33.79232313,37.18156654,31.18622874,37.02934038,34.78144374,34.44200341,34.1009308,1,0,0,0,1,0,0,0,1,0,0,0,1,0,0,0,1,0,0,0,1,0,0,0,1,0,0,0,1,0,0,0,1,0,0,0,1,0,0,0,1,0,0,0,1,0,0,0,1,0,0,0,1,0,0,0,1,0,0,0,1,0,0,0,1,0,0,0,1,0,0,0,1,0,0,0,1,0,0,0,129,320,191,0.403125,176,153,320,167,0.478125,33,42,320,278,0.13125,212,129,320,191,0.403125,56,39,320,281,0.121875,176,81,320,239,0.253125,57,135,320,185,0.421875,48,279,320,41,0.871875,6,51,320,269,0.159375,212,42,320,278,0.13125,200,42,320,278,0.13125,248,195,320,125,0.609375,24,84,320,236,0.2625,149,300,320,20,0.9375,3,180,320,140,0.5625,44,54,320,266,0.16875,200,36,320,284,0.1125,236,198,320,122,0.61875,12,171,320,149,0.534375,44,12,320,308,0.0375,290,0
19,test,increment,3,540.0442762,0.003786468,47.94386269,52.91060529,44.34617983,45.23375233,48.01955031,48.74214966,49.12707156,43.84975195,42.65073666,49.68334791,45.24810265,44.03495942,41.67483264,48.37602429,44.75133313,43.70079636,42.46406444,44.33873555,45.43376193,44.49268065,50.40535554,48.54525294,46.16398444,47.83214959,47.03727431,44.0896624,46.32924635,45.1185185,44.04387179,46.49869017,47.74573185,47.11869724,44.96297328,46.0140751,48.09013405,45.63889011,55.76752912,47.20615149,47.56805115,51.45692776,44.97111666,43.68574205,43.81540851,50.17747694,45.87424857,49.01059957,43.98746638,45.7159135,49.45948254,43.62832595,45.20326669,43.82633247,47.03858559,45.39602562,48.7732443,45.01335512,46.44223123,50.44015533,45.31849564,51.0959532,44.67846094,43.92539784,46.97393113,44.99151974,46.07745158,42.99990241,46.25216392,51.59002598,46.8197885,44.37068113,44.86669111,44.37759478,46.68840361,43.65967532,44.59440703,49.50590468,49.16030205,46.51650914,53.70212915,41.81355928,45.12598292,47.48493329,49.64685222,44.38034709,46.49416871,52.10194226,49.37471204,44.33192503,44.46755563,50.69849676,49.37630801,48.15376586,46.85453619,46.19166064,45.86648758,45.27890891,43.0100296,51.01892415,43.21400984,42.89897753,41.04841722,48.34608793,50.70479625,44.27885058,51.38261627,44.88048613,48.55286923,43.06903737,42.20181828,45.32860154,46.62736383,44.01955678,43.60399756,46.4499849,50.94591581,43.40538567,47.57790844,45.77066031,46.74910244,49.31082936,43.88560896,45.82315913,43.99558141,44.46221486,42.60138743,46.05820118,51.32853705,40.48993425,51.53092082,46.72886354,45.41053896,44.20342965,1,0,0,0,1,0,0,0,1,0,0,0,1,0,0,0,1,0,0,0,1,0,0,0,1,0,0,0,1,0,0,0,1,0,0,0,1,0,0,0,1,0,0,0,1,0,0,0,1,0,0,0,1,0,0,0,1,0,0,0,1,0,0,0,1,0,0,0,1,0,0,0,1,0,0,0,1,0,0,0,147,320,173,0.459375,170,174,320,146,0.54375,27,60,320,260,0.1875,197,141,320,179,0.440625,29,45,320,275,0.140625,212,105,320,215,0.328125,78,162,320,158,0.50625,36,282,320,38,0.88125,6,102,320,218,0.31875,128,84,320,236,0.2625,102,63,320,257,0.196875,90,222,320,98,0.69375,20,87,320,233,0.271875,90,300,320,20,0.9375,3,228,320,92,0.7125,12,120,320,200,0.375,116,114,320,206,0.35625,59,189,320,131,0.590625,15,222,320,98,0.69375,20,15,320,305,0.046875,305,1
19,test,increment,4,720.0060338,0.03157773,63.4473171,71.36390233,63.66211267,61.44672537,64.02069297,67.07663905,68.16623653,61.85072047,56.02953938,69.55481359,62.67415958,54.35526828,59.67095009,64.56739641,53.98685383,58.64819589,56.39815877,58.34242194,58.22846832,62.37107571,70.50333406,64.1026449,58.28461197,66.74748584,58.76363275,60.75343911,65.78716569,60.61789159,60.1556786,58.63631791,62.63409228,61.79420556,59.47143958,62.97088584,64.37024371,59.53843521,77.70848777,61.76052366,66.44332205,65.852909,57.07549633,58.94902823,60.06315147,66.87824045,62.11749241,67.06943308,56.88374693,60.76017537,64.00002417,56.26995151,61.82346812,58.91880586,62.96608516,60.43297445,65.67371634,59.68564148,61.63383263,64.42421587,59.06906766,66.65696665,57.11902304,57.63406161,65.48960376,59.80185239,63.30358882,55.92048495,65.89947923,66.84635602,63.6952391,58.28375732,58.65275041,58.99254854,58.83982217,59.16742647,57.69658889,68.89397566,67.05737254,60.33910548,69.89843546,57.58749277,58.11695804,62.18611327,67.24981399,63.17324529,63.47043519,67.83389095,64.92757224,62.14059475,61.06623546,71.41240979,65.10526961,65.46209625,62.17619791,65.3441222,61.4255442,56.9265926,54.5515197,66.59206615,56.55111816,60.90081752,54.34055291,65.53886486,69.45223289,60.5549603,64.46878356,59.73946724,66.99236829,57.76764066,58.09073735,61.65027632,62.90921818,58.37746331,58.29160275,65.25007155,70.92444808,59.45584834,61.63105556,61.70242305,64.71563735,63.35808758,58.81931315,59.56786955,59.34993556,57.3431145,55.05085645,59.77862848,70.50263437,54.96116082,68.54554423,65.25049592,56.91142795,64.21424785,1,0,0,0,0,3,0,0,1,0,0,0,0,3,0,0,0,3,0,0,1,0,0,0,1,0,0,0,0,3,0,0,1,0,0,0,1,0,0,0,1,0,0,0,0,3,0,0,1,0,0,0,0,3,0,0,1,0,0,0,1,0,0,0,1,0,0,0,0,3,0,0,1,0,0,0,1,0,0,0,198,320,122,0.61875,42,180,2880,2700,0.0625,960,171,320,149,0.534375,20,255,2880,2625,0.088541667,960,66,2880,2814,0.022916667,960,186,320,134,0.58125,18,306,320,14,0.95625,6,390,2880,2490,0.135416667,819,114,320,206,0.35625,42,126,320,194,0.39375,15,90,320,230,0.28125,60,285,2880,2595,0.098958333,774,102,320,218,0.31875,80,378,2880,2502,0.13125,825,306,320,14,0.95625,5,162,320,158,0.50625,18,87,320,233,0.271875,66,219,2880,2661,0.076041667,897,279,320,41,0.871875,9,63,320,257,0.196875,69,1
19,test,increment,5,900.0561345,0.03030846,91.00296702,94.26554697,88.01124287,79.21693826,84.64349446,93.32148711,92.03759828,81.58192957,77.09838546,94.67129839,85.06061081,71.89891247,78.57665438,87.04955792,74.12602363,77.35558788,75.11471363,74.41703821,78.46620224,84.82726267,90.51804837,90.2486107,77.6602762,86.58951332,78.48101217,76.75403519,87.09645036,82.43992853,78.34074181,77.12338259,87.22962321,80.60129546,78.05970767,84.67039037,87.36387845,80.21347334,101.397945,82.93068304,90.08759674,85.8487309,84.0335904,80.34647151,83.67962635,91.53113145,80.23988515,92.63258992,77.09851356,82.4927852,87.22494368,77.16980586,85.87527761,76.43091243,81.87634429,79.01599334,89.91837444,80.93045971,84.91169322,83.04477497,81.28601347,91.80255206,74.46024495,79.46050527,86.57847078,85.06375782,84.63425918,79.221779,86.94100575,94.02833278,87.07353333,80.07767907,79.18541938,81.46295885,84.07386862,81.78044894,76.70380153,91.01839166,84.92425494,82.50825981,91.36915327,70.92612371,78.77711016,83.03932317,93.02663134,88.13816477,84.68011231,87.92262767,87.80037798,82.25966033,84.08507277,97.17837149,91.58014693,91.07638651,85.15242575,87.34758039,83.70916795,76.14340897,77.43253875,89.78403728,77.72505503,84.06026625,76.97440128,83.5914411,89.83264855,85.34974742,82.71846039,76.30853285,89.18515621,76.48535975,77.11988129,85.69715221,84.01027338,81.10654202,79.37655259,81.52509223,98.79404932,79.62985747,83.9984807,85.38424028,90.34948171,88.42338238,81.71720138,85.17029936,77.91975515,75.75825305,78.43737234,76.70485454,94.48121024,73.15120638,89.59167699,86.91517345,75.05536264,92.83417843,1,0,0,0,0,3,0,0,0,2,0,0,0,3,0,0,0,3,0,0,1,0,0,0,0,2,0,0,0,3,0,0,0,2,0,0,0,2,0,0,1,0,0,0,0,3,0,0,1,0,0,0,0,3,0,0,0,2,0,0,0,2,0,0,1,0,0,0,0,3,0,0,1,2,0,0,1,0,0,0,252,320,68,0.7875,15,447,2880,2433,0.155208333,861,63,1920,1857,0.0328125,960,273,2880,2607,0.094791667,960,78,2880,2802,0.027083333,960,255,320,65,0.796875,9,360,1920,1560,0.1875,660,669,2880,2211,0.232291667,693,258,1920,1662,0.134375,627,132,1920,1788,0.06875,960,90,320,230,0.28125,110,393,2880,2487,0.136458333,960,183,320,137,0.571875,27,633,2880,2247,0.219791667,726,378,1920,1542,0.196875,726,249,1920,1671,0.1296875,645,108,320,212,0.3375,51,357,2880,2523,0.123958333,741,357,2240,1883,0.159375,726,39,320,281,0.121875,278,0
19,test,increment,6,1080.04271,0.020860863,127.0977934,129.4559651,119.533055,109.0977617,115.6259411,132.8550526,124.0726732,110.4796287,104.6171447,129.0394598,119.1682765,96.74675628,107.8146141,115.500432,93.83191986,104.8339849,103.8531187,92.68365136,108.7893289,115.4397793,122.1199093,131.1024202,114.2464361,118.5546677,104.2335287,102.1436659,120.2766881,113.469765,101.5414812,99.74250815,115.011788,106.4102916,107.1108063,113.2208718,114.7382327,101.4566011,136.5473217,113.1246692,122.5086657,116.7182568,120.1755655,109.6359192,108.7850889,125.0661455,105.9026331,123.503914,106.630515,119.3433314,114.7250186,111.1542246,119.4671738,102.7240787,114.4889997,108.8123554,114.6670831,104.2537319,119.5537187,111.9340598,104.9232027,122.8512479,96.53137625,100.3837902,115.5129912,113.9883158,111.5453902,109.7864469,114.9731121,121.7935785,114.4980402,111.3465068,112.021917,110.9796399,111.1998195,112.6813424,103.6231618,118.4636698,115.0808532,114.5268312,123.3659562,99.3211418,110.6132359,113.2281201,123.89907,119.5799119,116.7463154,120.7989731,115.9573641,107.2299288,111.4965957,119.0677434,118.8270876,125.1040375,110.7000628,115.1341929,112.2419977,98.57184288,100.9742633,118.8168644,107.4287699,118.5685542,98.25423699,104.8885527,118.7505614,112.3077489,108.1500274,106.2453435,121.7927216,98.89734349,99.78077426,113.3816741,105.5671094,113.9866209,105.1688406,110.9742215,124.8263597,108.2406037,111.6485169,121.3711314,122.8941825,123.8062812,109.0409066,119.3014645,112.3553503,106.1406606,112.1017349,102.7549394,129.6070301,100.7732494,118.3631483,119.0023529,98.44990947,130.1433815,1,0,0,0,0,3,0,0,0,2,0,0,0,3,0,0,0,3,0,0,1,0,0,0,0,2,0,0,0,3,0,0,0,2,0,0,0,2,0,0,1,0,0,0,0,3,0,0,1,0,0,0,0,3,0,0,0,2,0,0,0,2,0,0,1,0,0,0,0,3,0,0,1,2,0,0,1,0,0,0,294,320,26,0.91875,17,375,2880,2505,0.130208333,960,159,1920,1761,0.0828125,912,381,2880,2499,0.132291667,960,150,2880,2730,0.052083333,960,246,320,74,0.76875,9,459,1920,1461,0.2390625,510,894,2880,1986,0.310416667,618,159,1920,1761,0.0828125,699,135,1920,1785,0.0703125,960,108,320,212,0.3375,167,537,2880,2343,0.186458333,822,165,320,155,0.515625,21,828,2880,2052,0.2875,645,612,1920,1308,0.31875,606,165,1920,1755,0.0859375,879,141,320,179,0.440625,42,537,2880,2343,0.186458333,669,528,2240,1712,0.235714286,606,60,320,260,0.1875,245,0
19,test,increment,7,1260.007576,0.015145333,164.2501402,169.9423722,156.4751601,144.8383688,155.1186579,185.674448,165.7022435,148.7394661,149.3528873,161.1111441,153.5612504,131.4997264,145.3874302,148.3164725,122.3615658,145.3587598,144.7640531,127.2835504,150.9641498,157.9237232,169.9232131,180.1468673,148.6975379,159.8494017,141.7278385,135.2355934,163.5304805,158.4106946,139.3588293,133.2403862,154.9059023,148.2998113,141.8646126,155.117401,156.9461015,133.883308,182.2165125,157.3950168,170.4477466,156.4825374,170.6651296,152.7718522,142.917019,164.0681504,139.8109188,165.4692433,136.4008597,159.0785161,144.5738217,145.7671287,155.6615339,132.1009428,155.2035895,143.1867933,147.8399515,138.9277246,158.4369415,146.0737238,137.7680954,160.7708729,130.3442945,131.070172,161.4866441,151.9635838,162.2619892,141.5326322,155.9376496,174.1351384,146.8896904,153.0667351,151.5965366,148.3781622,143.0150907,144.450293,140.1297416,150.100714,159.557969,148.8666763,169.2967233,136.6499658,148.4843275,149.6128474,170.8433639,151.1202375,154.1980281,165.0184807,154.3932734,145.406666,148.8197563,152.1366865,167.3483078,178.3538926,144.8980109,161.1226107,143.8067058,136.0190754,132.4414915,162.8167692,147.8667858,149.832086,128.638588,129.8377654,174.639626,152.4143527,158.4613961,142.0238199,159.6744242,129.5837183,137.3684752,157.9737718,142.3770341,163.4389054,132.1330781,155.4631817,165.2219374,151.0520886,141.6907189,168.5748004,168.331404,174.7468174,145.6375808,154.9230075,155.4207036,144.9444011,156.0034791,146.5867092,174.4137118,142.4478438,152.4561051,161.4673587,135.8098062,171.4660285,1,0,0,0,0,3,0,0,0,2,0,0,0,3,0,0,0,3,0,0,1,0,0,0,0,2,0,0,0,3,0,0,0,2,0,0,0,2,0,0,1,0,0,0,0,3,0,0,1,0,0,0,0,3,0,0,0,2,0,0,0,2,0,0,1,0,0,0,0,3,0,0,1,2,0,0,1,0,0,0,312,320,8,0.975,3,690,2880,2190,0.239583333,873,132,1920,1788,0.06875,696,477,2880,2403,0.165625,960,207,2880,2673,0.071875,960,303,320,17,0.946875,3,738,1920,1182,0.384375,426,1185,2880,1695,0.411458333,465,297,1920,1623,0.1546875,663,237,1920,1683,0.1234375,906,204,320,116,0.6375,24,729,2880,2151,0.253125,651,303,320,17,0.946875,3,1098,2880,1782,0.38125,558,825,1920,1095,0.4296875,465,276,1920,1644,0.14375,750,273,320,47,0.853125,15,720,2880,2160,0.25,681,699,2240,1541,0.312053571,465,87,320,233,0.271875,230,0
19,test,increment,8,1440.007364,0.01324679,215.9029353,218.8305477,215.7405743,197.1949469,203.5683859,260.2867733,230.0567479,190.3861579,205.7184781,205.5032242,214.6698816,179.0885568,201.584556,203.815846,171.2876068,201.7008614,192.1104649,175.4941952,201.0802462,211.3858013,224.3253394,238.8311852,195.7488287,213.4833879,195.257347,175.922654,216.9288627,205.0572502,201.6345396,165.6933261,210.4347135,193.5056658,194.8909412,209.3893502,213.1146687,190.8958704,243.3560188,219.346289,239.2075782,222.5661383,216.6859141,219.8721186,207.0094213,211.0603804,189.5879607,216.5807178,179.5891622,225.8775761,203.5547031,206.7018628,200.6174334,178.9236102,204.6711132,176.1848187,197.9357551,193.4759111,205.5875035,200.6041694,177.6598846,233.1254702,172.9132737,178.5330495,214.0969237,209.4488715,227.7266963,182.2116151,211.0935524,227.0884715,204.4632109,205.5615191,198.4594068,197.0104048,196.1804221,203.008888,190.2149801,197.4381404,195.5148265,196.1490601,236.3704829,169.4762855,187.4984943,199.102433,229.0649161,197.6756767,209.6448202,216.3271006,202.4471021,211.9446226,199.2947784,205.1405997,222.2617361,258.7183325,204.1030192,215.1285302,188.1344501,182.1757547,182.557898,227.3064513,192.9789089,199.5500424,167.4367664,177.599253,236.4808793,208.693788,214.9426236,181.4823195,215.8201691,176.6978567,186.100265,225.7147461,194.9129567,212.6978423,170.0267489,219.5726786,214.9513878,197.3155195,198.5559987,234.0146394,215.4584134,252.6129639,185.9650101,222.9314915,211.8445822,193.0338824,209.8598636,191.5559184,234.6339081,196.4043282,201.0289468,218.8976355,185.6354155,216.8099496,1,0,0,0,0,3,0,0,0,2,0,0,0,3,0,0,0,3,0,0,1,0,0,0,0,2,0,0,0,3,0,0,0,2,0,0,0,2,0,0,1,0,0,0,0,3,0,0,1,0,0,0,0,3,0,0,0,2,0,0,0,2,0,0,1,0,0,0,0,3,0,0,1,2,0,0,1,0,0,0,318,320,2,0.99375,2,942,2880,1938,0.327083333,663,294,1920,1626,0.153125,834,594,2880,2286,0.20625,960,330,2880,2550,0.114583333,828,318,320,2,0.99375,2,1242,1920,678,0.646875,216,1578,2880,1302,0.547916667,369,366,1920,1554,0.190625,330,360,1920,1560,0.1875,657,222,320,98,0.69375,12,984,2880,1896,0.341666667,645,318,320,2,0.99375,2,1425,2880,1455,0.494791667,387,1071,1920,849,0.5578125,252,453,1920,1467,0.2359375,639,309,320,11,0.965625,3,930,2880,1950,0.322916667,513,903,2240,1337,0.403125,252,105,320,215,0.328125,108,1
19,test,increment,9,1620.001122,0.010948952,285.4846676,299.6875796,275.5364915,258.1534085,268.661379,366.5620221,307.9540233,260.0752125,277.8563807,257.605188,278.4710206,235.2020385,286.2380778,272.121833,226.8198024,275.8865934,262.1405745,228.3725503,276.2713558,287.3159812,295.3130411,325.3808424,259.310518,291.1969585,278.569798,234.0778147,300.0345918,266.9980126,287.327602,212.0772375,274.9550559,244.6113072,249.9243043,270.4055181,299.0833162,251.5580998,319.8339286,296.1217271,310.5137196,291.5806481,278.7309661,315.0784151,280.7684441,266.7409484,259.0517263,295.9019392,242.6303399,285.0699846,264.9192102,277.2893487,243.5779917,235.9593285,263.2923931,251.7886485,262.4835606,255.1917809,279.2342232,268.9797618,226.8721838,313.8043507,229.683952,234.1677749,289.8689522,288.0951325,281.177617,247.7380583,305.7404865,287.3929971,292.3840556,284.2606557,269.5083997,265.9834551,252.0985844,280.5781862,252.4925737,261.8978786,255.6497705,262.3978189,318.4557256,222.4376172,260.0584038,270.2106465,323.2662337,260.7706551,287.5232265,280.9015902,286.2653154,301.3792931,278.5163051,269.2054863,307.1973255,358.5168164,268.440828,294.0329716,259.9978163,257.381911,251.6000722,293.3934485,246.9159045,261.5423875,214.4767384,223.4872719,309.0494777,290.5000492,300.7426432,231.9229061,277.0023707,244.6995221,247.8542189,291.3330051,254.5311071,271.2441867,236.9908564,287.8820285,310.7116917,262.8535754,258.5056169,310.7800304,301.7885145,340.7873818,253.4917487,299.304819,280.0354456,252.3703831,271.9998534,244.1200556,311.5782074,271.0821506,262.1677613,302.738199,250.9017631,279.1313966,1,0,0,0,0,0,0,9,0,2,0,0,0,3,0,0,0,3,0,0,0,3,0,0,0,3,0,0,0,3,0,0,0,3,0,0,0,2,0,0,0,3,0,0,0,3,0,0,1,0,0,0,0,3,0,0,0,3,0,0,0,2,0,0,1,0,0,0,0,3,0,0,1,2,0,0,1,0,0,0,318,320,2,0.99375,2,792,8640,7848,0.091666667,960,591,1920,1329,0.3078125,510,792,2880,2088,0.275,738,513,2880,2367,0.178125,837,1053,2880,1827,0.365625,249,1761,2880,1119,0.611458333,87,2232,2880,648,0.775,72,627,2880,2253,0.217708333,567,495,1920,1425,0.2578125,654,480,2880,2400,0.166666667,960,1326,2880,1554,0.460416667,660,315,320,5,0.984375,3,2043,2880,837,0.709375,72,1359,2880,1521,0.471875,261,762,1920,1158,0.396875,558,303,320,17,0.946875,3,1287,2880,1593,0.446875,210,1170,2240,1070,0.522321429,222,285,320,35,0.890625,6,0
19,test,increment,10,1800.001252,0.009216719,393.2621195,433.0659361,389.7327651,359.5423421,366.2122067,507.4749829,432.7130356,356.6454991,389.1680004,367.1420055,389.8567702,319.5863118,362.3916884,386.8336721,287.489495,356.6629076,364.5320423,298.6650564,379.4124193,409.1566542,389.9896523,431.5266255,355.1453539,409.155172,372.6533256,317.3404105,409.7964262,356.6806338,368.3242059,274.0188626,386.1823047,324.0358322,327.5260012,376.0838665,382.0959402,349.0319806,431.4408709,385.4396171,401.3801546,401.3294129,382.2746548,422.4748117,384.5589474,340.5973135,353.6059031,398.5839599,323.8175536,393.1300055,355.4035637,372.4324229,328.4393029,297.6283016,389.4134998,333.2003453,345.0774263,335.6541702,381.0176473,358.9239012,326.9255351,423.3188153,300.7689074,330.2153341,388.8226569,385.1225438,390.190072,334.2954912,387.8407268,389.4945826,381.9840946,383.9001807,365.0401123,358.8073159,329.2876097,364.4172621,323.4143659,353.3875519,346.6417072,340.0359639,420.8074366,307.9212597,344.190359,342.9471821,424.0819519,334.802167,392.9189491,399.7957191,385.5309234,408.3353312,375.9867681,373.6581332,402.2273576,469.1325576,343.1935271,400.0671514,377.1758357,336.5543627,323.9856327,414.5721962,313.8534001,347.8696809,295.0690965,300.3706872,433.4785325,382.6541814,390.5793426,317.8048171,382.9253723,344.5379084,327.9501963,380.5463906,335.6338194,360.1850772,343.7877155,370.9858133,387.1691769,352.5131892,350.5876953,434.5902531,397.0653201,459.0771989,321.6876321,396.1880458,372.691514,339.597674,368.4115365,305.3943907,433.9004621,381.0177932,363.8108901,386.2746357,324.3909987,361.4939958,1,0,0,0,0,0,0,9,0,2,0,0,0,3,0,0,0,3,0,0,0,3,0,0,0,3,0,0,0,3,0,0,0,3,0,0,0,2,0,0,0,3,0,0,0,3,0,0,1,0,0,0,0,3,0,0,0,3,0,0,0,2,0,0,1,0,0,0,0,3,0,0,1,2,0,0,1,0,0,0,315,320,5,0.984375,3,1551,8640,7089,0.179513889,960,207,1920,1713,0.1078125,810,996,2880,1884,0.345833333,942,690,2880,2190,0.239583333,960,978,2880,1902,0.339583333,135,2277,2880,603,0.790625,15,2814,2880,66,0.977083333,6,891,2880,1989,0.309375,315,489,1920,1431,0.2546875,960,816,2880,2064,0.283333333,636,1587,2880,1293,0.551041667,510,303,320,17,0.946875,3,2340,2880,540,0.8125,21,2016,2880,864,0.7,24,714,1920,1206,0.371875,471,318,320,2,0.99375,2,1458,2880,1422,0.50625,90,1620,2240,620,0.723214286,45,291,320,29,0.909375,3,1
19,test,increment,11,1980.00229,0.011703995,557.6059897,579.1870109,503.4209831,484.571178,496.8040096,665.6438848,594.8569686,489.5137782,525.4947863,475.1512519,511.4298085,453.5207736,503.4603825,498.2091315,407.3675119,462.9417875,474.8564444,388.3067413,516.9101581,529.7162155,519.1069157,596.9548178,486.0004973,556.2087702,480.9989702,416.8355046,547.7149515,478.4099707,529.8100571,353.6928862,493.9481215,448.0504468,436.6481133,521.9867713,490.2648015,445.1574214,553.4438343,528.7622899,542.0272831,558.6630861,517.3164112,562.1634431,494.7728991,457.4729171,491.3115264,532.5328845,427.1631677,530.7824969,475.5968879,501.0237241,427.5937636,381.0114332,513.040487,454.8329106,436.8752476,456.8791608,546.2619494,477.9603439,455.2956298,596.6017441,426.7796059,441.9654519,561.5562819,539.6901698,504.7609594,430.3253168,514.6674667,520.211296,505.2763616,500.3871835,465.2321182,501.1296377,445.4638534,497.1503789,427.0993499,507.0273374,464.772085,457.4908165,609.904257,432.915915,468.8867037,488.5890305,595.365359,432.3933787,545.3288162,547.9419694,498.4306184,575.8893289,485.3267547,493.7447388,558.6544542,614.6641223,472.6275418,538.3719784,531.9139437,467.8181735,421.5504961,561.4335306,424.7275333,488.2481096,385.385767,407.5527477,588.7941248,522.4109382,515.2577145,427.622275,526.3114028,465.8215635,461.0609688,520.074602,434.5318628,490.6527406,456.0064798,487.2667978,545.9534557,451.1842566,468.6097917,590.0476599,547.9103153,607.4333035,425.6556312,530.48687,499.8562437,440.8334618,475.2572272,382.168381,601.4083969,497.3689833,486.92278,485.9947104,427.5561893,485.0466021,0,3,0,0,0,0,0,9,0,3,0,0,0,3,0,0,0,0,0,9,0,3,0,0,0,3,0,0,0,3,0,0,0,3,0,0,0,3,0,0,0,3,0,0,0,3,0,0,0,3,0,0,0,3,0,0,0,3,0,0,0,2,0,0,0,3,0,0,0,3,0,0,1,2,0,0,1,0,0,0,1209,2880,1671,0.419791667,378,2115,8640,6525,0.244791667,960,519,2880,2361,0.180208333,810,1692,2880,1188,0.5875,210,576,8640,8064,0.066666667,960,1002,2880,1878,0.347916667,201,2010,2880,870,0.697916667,33,2853,2880,27,0.990625,3,1374,2880,1506,0.477083333,84,825,2880,2055,0.286458333,960,960,2880,1920,0.333333333,183,2673,2880,207,0.928125,9,1194,2880,1686,0.414583333,195,2838,2880,42,0.985416667,3,2661,2880,219,0.923958333,9,1308,1920,612,0.68125,66,945,2880,1935,0.328125,294,2124,2880,756,0.7375,18,2145,2240,95,0.957589286,6,171,320,149,0.534375,131,1
19,test,increment,12,2160.000307,0.025675778,727.7133018,846.271461,622.4470067,655.173971,689.7914153,908.1154205,764.9261916,686.5485635,708.2233735,617.1416584,685.3606473,625.148837,661.2837266,677.7979735,568.2383025,631.3467409,634.79708,552.6451638,678.4401479,686.6485811,682.5091494,824.7919468,666.8779122,690.9550276,686.8516481,552.1121939,754.0650452,670.3766367,658.073719,482.5141367,650.5495633,620.4210356,625.9130274,666.7415188,645.2082611,594.050018,719.6334097,728.8382195,716.4779734,739.1736129,729.9469126,776.154564,657.634369,630.7628081,651.9081034,721.659061,597.8950188,721.7574818,673.907607,622.236718,561.2859385,503.6992828,696.9259688,600.5774875,603.1688852,640.4568872,713.909048,648.5390388,615.8638299,845.8124586,576.1043024,566.0955065,734.9300042,712.0811358,663.55835,612.2576233,694.8303443,702.4604301,701.0206645,678.6315709,646.8331638,652.2678251,599.0446887,677.881804,534.9142636,659.2851921,617.3468552,629.3177854,814.896068,582.0656708,629.1681571,668.1279065,796.8589987,588.2805275,728.1958306,733.7321265,630.1839448,777.2120559,653.368467,643.473331,726.366345,786.6539954,652.0800232,707.283866,680.2267692,581.2836782,601.3500807,755.5065852,603.840109,647.2386385,517.0092916,585.934599,778.700761,677.5660463,711.1992847,555.3184387,735.3582692,654.1444409,647.0629912,709.2373407,593.32145,684.3838629,618.2934804,675.853595,754.7024131,615.8855708,597.8188143,822.2591139,740.0404702,821.9953966,554.194096,696.3807045,670.4092433,586.5424566,645.2662962,512.9967964,777.8635075,703.148972,647.0480246,620.2077323,551.0010923,632.7430506,0,3,0,0,0,0,0,9,0,3,0,0,0,3,0,0,0,0,0,9,0,3,0,0,0,3,0,0,0,3,0,0,0,3,0,0,0,3,0,0,0,3,0,0,0,3,0,0,0,3,0,0,0,3,0,0,0,3,0,0,0,2,0,0,0,3,0,0,0,3,0,0,1,2,0,0,1,0,0,0,2157,2880,723,0.748958333,45,2565,8640,6075,0.296875,960,891,2880,1989,0.309375,444,1920,2880,960,0.666666667,36,513,8640,8127,0.059375,960,1119,2880,1761,0.388541667,168,1818,2880,1062,0.63125,45,2841,2880,39,0.986458333,3,2109,2880,771,0.732291667,15,1236,2880,1644,0.429166667,198,933,2880,1947,0.323958333,264,2712,2880,168,0.941666667,9,1767,2880,1113,0.613541667,39,2868,2880,12,0.995833333,3,2814,2880,66,0.977083333,3,1896,1920,24,0.9875,3,1695,2880,1185,0.588541667,87,2226,2880,654,0.772916667,27,2088,2240,152,0.932142857,6,318,320,2,0.99375,2,1
19,test,increment,13,2340.000725,0.06126509,1004.621498,1147.276046,856.1363096,936.2528964,927.9058909,1195.505926,1098.942696,907.2197137,963.6451756,853.470296,922.2331642,842.9159939,934.8990734,970.5243017,773.879465,854.2547491,846.3865541,744.6701977,934.8655202,892.7227109,905.3354892,1033.062984,855.8570123,918.9936783,943.1035298,753.8023289,961.1276836,933.4388184,901.3173439,687.3196473,846.3949599,809.7019434,902.9623375,938.7916876,883.3499467,783.7190721,965.0610483,943.8678903,961.1435879,980.0681871,1006.523685,1063.385497,892.8082561,849.6191682,849.6844968,953.1731238,854.200823,962.4786141,954.4060597,867.2852102,760.2857116,689.5622639,940.1657124,844.3667453,798.2671735,821.3536329,943.0244548,881.3934372,829.5650558,1097.31267,756.3762523,745.542067,1044.242426,965.7161892,863.7473009,824.392218,920.4856041,945.3685994,901.9617618,932.3166135,862.6720652,854.5176055,871.0893379,887.8634057,731.4197161,936.4037737,813.8249863,839.0105101,1114.226061,788.6108181,794.4512723,861.1349256,1102.913833,778.9264875,965.0963519,974.8957704,849.2268186,1088.650433,856.7346202,820.966645,996.6867684,1097.801225,882.2327674,967.5346612,903.5224316,733.5988339,824.4748362,1023.92475,867.5649158,897.3366327,711.08843,764.8036556,1060.912852,909.7290631,971.3059456,721.0466886,1000.333242,852.3061699,826.2333485,990.3991927,788.7376374,1012.742884,830.2385551,917.7084997,1086.585347,817.6971729,749.6460564,1115.070672,929.1199676,1158.088673,711.7342478,951.958818,897.1208761,779.3520065,860.0674179,656.3592979,1068.109083,890.2749333,834.7760723,875.3888967,757.7069056,837.9526706,0,3,0,0,0,0,0,9,0,3,0,0,0,3,0,0,0,0,0,9,0,3,0,0,0,3,0,0,0,3,0,0,0,3,0,0,0,3,0,0,0,3,0,0,0,3,0,0,0,3,0,0,0,3,0,0,0,3,0,0,0,2,0,0,0,3,0,0,0,3,0,0,1,2,0,0,1,0,0,0,2877,2880,3,0.998958333,3,2910,8640,5730,0.336805556,960,1392,2880,1488,0.483333333,99,2112,2880,768,0.733333333,24,921,8640,7719,0.106597222,960,1431,2880,1449,0.496875,147,2283,2880,597,0.792708333,18,2826,2880,54,0.98125,6,2397,2880,483,0.832291667,12,1533,2880,1347,0.532291667,72,1302,2880,1578,0.452083333,81,2805,2880,75,0.973958333,3,2397,2880,483,0.832291667,18,2874,2880,6,0.997916667,3,2835,2880,45,0.984375,3,1908,1920,12,0.99375,3,2274,2880,606,0.789583333,27,2427,2880,453,0.842708333,12,2121,2240,119,0.946875,9,318,320,2,0.99375,2,1
