seed,split,algorithm,cycle_number,current_day,current_BBP,lambda_0_1,lambda_0_2,lambda_0_3,lambda_0_4,lambda_0_5,lambda_0_6,lambda_0_7,lambda_0_8,lambda_0_9,lambda_0_10,lambda_0_11,lambda_1_0,lambda_1_2,lambda_1_3,lambda_1_4,lambda_1_5,lambda_1_6,lambda_1_7,lambda_1_8,lambda_1_9,lambda_1_10,lambda_1_11,lambda_2_0,lambda_2_1,lambda_2_3,lambda_2_4,lambda_2_5,lambda_2_6,lambda_2_7,lambda_2_8,lambda_2_9,lambda_2_10,lambda_2_11,lambda_3_0,lambda_3_1,lambda_3_2,lambda_3_4,lambda_3_5,lambda_3_6,lambda_3_7,lambda_3_8,lambda_3_9,lambda_3_10,lambda_3_11,lambda_4_0,lambda_4_1,lambda_4_2,lambda_4_3,lambda_4_5,lambda_4_6,lambda_4_7,lambda_4_8,lambda_4_9,lambda_4_10,lambda_4_11,lambda_5_0,lambda_5_1,lambda_5_2,lambda_5_3,lambda_5_4,lambda_5_6,lambda_5_7,lambda_5_8,lambda_5_9,lambda_5_10,lambda_5_11,lambda_6_0,lambda_6_1,lambda_6_2,lambda_6_3,lambda_6_4,lambda_6_5,lambda_6_7,lambda_6_8,lambda_6_9,lambda_6_10,lambda_6_11,lambda_7_0,lambda_7_1,lambda_7_2,lambda_7_3,lambda_7_4,lambda_7_5,lambda_7_6,lambda_7_8,lambda_7_9,lambda_7_10,lambda_7_11,lambda_8_0,lambda_8_1,lambda_8_2,lambda_8_3,lambda_8_4,lambda_8_5,lambda_8_6,lambda_8_7,lambda_8_9,lambda_8_10,lambda_8_11,lambda_9_0,lambda_9_1,lambda_9_2,lambda_9_3,lambda_9_4,lambda_9_5,lambda_9_6,lambda_9_7,lambda_9_8,lambda_9_10,lambda_9_11,lambda_10_0,lambda_10_1,lambda_10_2,lambda_10_3,lambda_10_4,lambda_10_5,lambda_10_6,lambda_10_7,lambda_10_8,lambda_10_9,lambda_10_11,lambda_11_0,lambda_11_1,lambda_11_2,lambda_11_3,lambda_11_4,lambda_11_5,lambda_11_6,lambda_11_7,lambda_11_8,lambda_11_9,lambda_11_10,link_0_SC_C,link_0_SC_CL,link_0_MC_C,link_0_MC_CL,link_1_SC_C,link_1_SC_CL,link_1_MC_C,link_1_MC_CL,link_2_SC_C,link_2_SC_CL,link_2_MC_C,link_2_MC_CL,link_3_SC_C,link_3_SC_CL,link_3_MC_C,link_3_MC_CL,link_4_SC_C,link_4_SC_CL,link_4_MC_C,link_4_MC_CL,link_5_SC_C,link_5_SC_CL,link_5_MC_C,link_5_MC_CL,link_6_SC_C,link_6_SC_CL,link_6_MC_C,link_6_MC_CL,link_7_SC_C,link_7_SC_CL,link_7_MC_C,link_7_MC_CL,link_8_SC_C,link_8_SC_CL,link_8_MC_C,link_8_MC_CL,link_9_SC_C,link_9_SC_CL,link_9_MC_C,link_9_MC_CL,link_10_SC_C,link_10_SC_CL,link_10_MC_C,link_10_MC_CL,link_11_SC_C,link_11_SC_CL,link_11_MC_C,link_11_MC_CL,link_12_SC_C,link_12_SC_CL,link_12_MC_C,link_12_MC_CL,link_13_SC_C,link_13_SC_CL,link_13_MC_C,link_13_MC_CL,link_14_SC_C,link_14_SC_CL,link_14_MC_C,link_14_MC_CL,link_15_SC_C,link_15_SC_CL,link_15_MC_C,link_15_MC_CL,link_16_SC_C,link_16_SC_CL,link_16_MC_C,link_16_MC_CL,link_17_SC_C,link_17_SC_CL,link_17_MC_C,link_17_MC_CL,link_18_SC_C,link_18_SC_CL,link_18_MC_C,link_18_MC_CL,link_19_SC_C,link_19_SC_CL,link_19_MC_C,link_19_MC_CL,link_0_occupied_slots,link_0_total_slots,link_0_free_slots,link_0_slot_utilization,link_0_max_contiguous_free_slots,link_1_occupied_slots,link_1_total_slots,link_1_free_slots,link_1_slot_utilization,link_1_max_contiguous_free_slots,link_2_occupied_slots,link_2_total_slots,link_2_free_slots,link_2_slot_utilization,link_2_max_contiguous_free_slots,link_3_occupied_slots,link_3_total_slots,link_3_free_slots,link_3_slot_utilization,link_3_max_contiguous_free_slots,link_4_occupied_slots,link_4_total_slots,link_4_free_slots,link_4_slot_utilization,link_4_max_contiguous_free_slots,link_5_occupied_slots,link_5_total_slots,link_5_free_slots,link_5_slot_utilization,link_5_max_contiguous_free_slots,link_6_occupied_slots,link_6_total_slots,link_6_free_slots,link_6_slot_utilization,link_6_max_contiguous_free_slots,link_7_occupied_slots,link_7_total_slots,link_7_free_slots,link_7_slot_utilization,link_7_max_contiguous_free_slots,link_8_occupied_slots,link_8_total_slots,link_8_free_slots,link_8_slot_utilization,link_8_max_contiguous_free_slots,link_9_occupied_slots,link_9_total_slots,link_9_free_slots,link_9_slot_utilization,link_9_max_contiguous_free_slots,link_10_occupied_slots,link_10_total_slots,link_10_free_slots,link_10_slot_utilization,link_10_max_contiguous_free_slots,link_11_occupied_slots,link_11_total_slots,link_11_free_slots,link_11_slot_utilization,link_11_max_contiguous_free_slots,link_12_occupied_slots,link_12_total_slots,link_12_free_slots,link_12_slot_utilization,link_12_max_contiguous_free_slots,link_13_occupied_slots,link_13_total_slots,link_13_free_slots,link_13_slot_utilization,link_13_max_contiguous_free_slots,link_14_occupied_slots,link_14_total_slots,link_14_free_slots,link_14_slot_utilization,link_14_max_contiguous_free_slots,link_15_occupied_slots,link_15_total_slots,link_15_free_slots,link_15_slot_utilization,link_15_max_contiguous_free_slots,link_16_occupied_slots,link_16_total_slots,link_16_free_slots,link_16_slot_utilization,link_16_max_contiguous_free_slots,link_17_occupied_slots,link_17_total_slots,link_17_free_slots,link_17_slot_utilization,link_17_max_contiguous_free_slots,link_18_occupied_slots,link_18_total_slots,link_18_free_slots,link_18_slot_utilization,link_18_max_contiguous_free_slots,link_19_occupied_slots,link_19_total_slots,link_19_free_slots,link_19_slot_utilization,link_19_max_contiguous_free_slots,upgrade_needed
0,train,jump_to_max,1,180.0190667,0,26.22267376,25.08676347,26.06074703,25.16799172,26.06618222,25.72644747,25.23365485,25.60412858,25.41234463,24.72901633,25.69703316,25.72228601,24.74236491,25.91210845,25.25924015,24.91284257,25.57053545,26.04217485,23.8252033,23.80740237,27.22743567,26.44276134,25.25093189,25.15299714,27.22985071,26.26572537,24.87768138,24.35342753,24.71000757,24.74940293,24.15535051,26.53768889,24.53306634,25.36915113,27.15737635,24.09489603,26.9416966,24.24190557,26.51760609,25.41498055,26.20781426,24.1877508,26.62868786,25.58253258,25.78457057,26.22184801,26.35197126,26.08398551,25.605624,27.27444992,26.19053639,25.72904433,25.39064158,25.54376586,25.51286112,27.08734192,25.55667894,25.42424118,25.49488329,26.8709319,25.75535122,25.86989152,26.81217966,25.42356859,25.30367986,25.98850529,24.60162453,24.89688607,25.78810113,26.17723753,24.869375,25.22521813,26.04109652,24.58565734,25.72530479,25.37557981,26.21985519,27.49463695,26.38169939,25.82705181,26.09525261,26.63356778,24.41413647,25.23192137,24.38187438,25.86229034,25.65707871,27.16481751,24.32077984,25.96241317,25.59134049,26.04910629,26.17135741,27.0639557,25.856823,24.63617888,25.66608186,26.3509908,25.57920976,25.65127076,26.88443564,26.19467565,26.50575401,25.75985832,26.55230134,25.41530891,24.56269079,25.79591538,25.62342471,25.48992883,25.25176799,25.56721794,25.07719225,25.4494547,24.26710533,24.50191196,25.92479736,26.11903096,27.05636951,25.23394074,26.34679783,25.40491155,24.87776158,26.23127872,27.51282675,25.6092481,25.51281074,25.39693887,25.96735986,26.29107174,26.24896365,24.86961183,1,0,0,0,1,0,0,0,1,0,0,0,1,0,0,0,1,0,0,0,1,0,0,0,1,0,0,0,1,0,0,0,1,0,0,0,1,0,0,0,1,0,0,0,1,0,0,0,1,0,0,0,1,0,0,0,1,0,0,0,1,0,0,0,1,0,0,0,1,0,0,0,1,0,0,0,1,0,0,0,63,320,257,0.196875,227,93,320,227,0.290625,71,39,320,281,0.121875,206,72,320,248,0.225,161,24,320,296,0.075,227,57,320,263,0.178125,98,90,320,230,0.28125,113,207,320,113,0.646875,71,63,320,257,0.196875,230,21,320,299,0.065625,257,9,320,311,0.028125,281,129,320,191,0.403125,137,30,320,290,0.09375,203,174,320,146,0.54375,113,123,320,197,0.384375,71,39,320,281,0.121875,215,27,320,293,0.084375,224,90,320,230,0.28125,116,138,320,182,0.43125,71,15,320,305,0.046875,302,0
0,train,jump_to_max,2,360.0649749,0,33.76015403,34.71700673,37.03865877,36.06385746,34.30618443,35.59895166,31.58478979,35.55451039,35.14787408,33.29329893,33.83196084,35.02732473,32.24184095,35.96450789,35.20304718,34.3240964,34.75325566,34.69781233,32.23879192,32.10070436,37.10753102,34.84789102,33.43474851,31.38835119,39.02018247,35.78517353,35.5044906,31.47141416,32.97011317,33.0592563,31.76295127,34.31667688,32.85838919,33.37699438,37.11526612,32.39150003,35.76542635,32.95530647,36.54453684,34.17239812,36.09946498,34.54412835,36.09001907,33.76723167,34.40636045,33.76715273,35.52567035,35.63870446,34.8130137,35.87903851,36.0736531,34.07343562,31.98366603,34.37398644,33.90755069,36.09397559,34.4025489,35.6068972,33.16508226,34.50844569,36.9317566,34.57116409,36.75721356,35.86532067,33.55479346,36.75306339,34.60643402,31.55232889,33.68039854,35.75944455,32.58453984,34.0111613,35.62676135,33.21082023,36.66238921,32.90315683,34.3547824,36.51643779,35.41666356,32.61287056,35.09043214,35.56414461,31.45458696,33.0078505,32.36312224,36.3198113,33.90768466,37.75122274,33.47419699,33.79355505,32.98724078,36.95082692,36.56521,37.30087595,35.83859325,33.62853882,32.82154213,34.88477517,33.19398486,34.90138402,37.14631729,34.59367136,35.39936566,35.16169017,36.01275687,36.96141722,31.3183149,36.0503607,35.68664707,34.01311627,32.32100942,34.22594445,34.84027191,32.38304019,32.33697551,32.52195642,35.47040622,33.78511268,36.54414243,32.83675798,35.12962854,33.14231401,32.50427505,33.57516412,37.06323063,36.52077897,35.09199966,32.31467482,33.68493812,33.17600884,37.28661343,34.11101263,1,0,0,0,1,0,0,0,1,0,0,0,1,0,0,0,1,0,0,0,1,0,0,0,1,0,0,0,1,0,0,0,1,0,0,0,1,0,0,0,1,0,0,0,1,0,0,0,1,0,0,0,1,0,0,0,1,0,0,0,1,0,0,0,1,0,0,0,1,0,0,0,1,0,0,0,1,0,0,0,123,320,197,0.384375,176,132,320,188,0.4125,51,27,320,293,0.084375,215,132,320,188,0.4125,53,24,320,296,0.075,251,90,320,230,0.28125,51,141,320,179,0.440625,48,234,320,86,0.73125,26,63,320,257,0.196875,191,45,320,275,0.140625,233,21,320,299,0.065625,263,210,320,110,0.65625,23,75,320,245,0.234375,158,255,320,65,0.796875,23,168,320,152,0.525,80,39,320,281,0.121875,233,48,320,272,0.15,227,174,320,146,0.54375,23,150,320,170,0.46875,80,24,320,296,0.075,293,0
0,train,jump_to_max,3,540.0113193,0.00334531,43.82699375,47.14415084,49.88081316,49.63983364,47.48053838,47.31257488,41.2242949,48.97655253,49.4976214,45.41036334,47.60192162,47.8297365,45.10468159,46.46728131,45.91457025,44.89427981,44.52191253,48.91384657,43.41265145,42.70759654,49.24343216,45.18513085,44.13601826,41.21529788,52.59319664,49.33625253,45.92535025,42.93919729,40.93018641,42.09993349,43.43647287,48.67269951,43.20305932,43.32394055,50.20229862,44.59294391,48.85222872,42.31013822,49.92898958,44.49532296,49.92841696,46.48014725,51.98756178,46.25182862,44.549971,46.45447105,48.29814092,49.52490284,47.96780992,46.40338062,46.17967646,45.78219315,45.58399072,46.13724484,46.43668921,51.3788403,47.67366569,46.78634304,46.50078412,44.33838606,49.18839867,47.56899377,49.62805491,49.77749682,45.00027443,52.58774831,47.71240693,44.16809951,44.15247903,46.11304751,47.18590771,47.13720827,45.67780222,45.04774177,48.02637318,45.45154177,45.34868515,46.69898277,49.68560891,44.7889384,45.11144686,50.03029745,41.91934268,43.59612563,42.99462476,48.90927526,43.16352057,50.94696665,46.96864237,44.1598047,44.93621557,48.91152272,49.66248746,50.79916624,49.54427401,44.19369333,41.5094232,47.49645479,46.46410351,47.26605933,49.27999414,45.63448671,49.14034855,45.89757222,48.73803544,48.43557681,43.55700986,47.70872632,45.89740751,45.7058547,44.14827498,44.91290792,46.40410396,45.85571195,43.28180949,42.81924119,49.23625575,46.69125481,48.36732795,45.16324167,47.72280891,45.80500609,43.72279891,45.27182529,49.84675118,47.77714306,48.01914832,42.97890829,45.96733066,44.40252223,50.84894416,48.04674505,1,0,0,0,1,0,0,0,1,0,0,0,1,0,0,0,1,0,0,0,1,0,0,0,1,0,0,0,1,0,0,0,1,0,0,0,1,0,0,0,1,0,0,0,1,0,0,0,1,0,0,0,1,0,0,0,1,0,0,0,1,0,0,0,1,0,0,0,1,0,0,0,1,0,0,0,1,0,0,0,144,320,176,0.45,104,183,320,137,0.571875,15,75,320,245,0.234375,134,186,320,134,0.58125,24,45,320,275,0.140625,242,75,320,245,0.234375,54,189,320,131,0.590625,30,318,320,2,0.99375,2,99,320,221,0.309375,158,108,320,212,0.3375,93,48,320,272,0.15,86,246,320,74,0.76875,11,93,320,227,0.290625,78,288,320,32,0.9,6,246,320,74,0.76875,12,138,320,182,0.43125,95,90,320,230,0.28125,51,204,320,116,0.6375,27,210,320,110,0.65625,18,24,320,296,0.075,134,1
0,train,jump_to_max,4,720.0506507,0.043504855,59.37994613,61.13017248,64.87374841,65.54637317,62.09589045,64.30722553,55.06687796,63.45326855,69.12018883,60.10349233,63.60684424,64.55793608,60.93972884,63.20041598,61.01222778,62.04546271,59.84039154,66.04830837,57.49396829,57.27916265,66.58516942,64.1240003,55.22822034,50.82168141,72.09878955,67.75597237,62.20447257,57.33230081,55.42615367,57.69561999,56.90591449,66.37374497,53.97778981,57.25212575,68.89408994,59.48228441,62.90461248,58.37378411,64.67525822,63.10266902,66.7391154,62.12875275,69.69805053,62.4970714,56.27082964,68.63900586,64.18985643,65.26745392,66.80474257,63.40668192,63.53752545,63.09763247,64.43687215,61.90630482,66.64533306,68.32439003,62.41208373,62.88234686,62.69723303,59.93729377,65.38582785,62.72930762,67.30236336,68.32428574,60.6125805,71.03985507,65.2211008,57.76158795,59.24460888,61.92898804,63.07796285,62.46230537,59.88147552,57.56299673,63.04325375,60.13835526,62.79797105,62.50785229,66.96622835,60.02332857,61.91531358,70.41325807,52.0920645,64.63458316,58.39979833,71.31294823,56.84933894,69.80647523,60.1951764,59.70344674,58.5478605,65.17677182,68.95987417,69.13798538,63.11430186,62.5745637,56.90553532,64.87397093,61.46772319,62.04636422,68.2513417,62.57434838,65.32396458,64.12384902,65.59880764,65.97104699,59.05247958,61.75443829,63.90127576,62.85485891,59.90664766,57.68348258,62.86655343,64.2239792,56.57659528,57.65693192,65.82869252,62.67170342,64.47389551,55.9821377,66.91379299,66.41254299,55.18646036,61.19018083,68.04840249,61.05690431,64.69891751,56.87822948,63.03366103,57.27392537,69.6661848,64.10884744,1,0,0,0,1,0,0,0,1,0,0,0,1,0,0,0,1,0,0,0,1,0,0,0,1,0,0,0,1,0,0,0,1,0,0,0,1,0,0,0,1,0,0,0,0,0,0,9,1,0,0,0,0,0,0,9,1,0,0,0,1,0,0,0,1,0,0,0,1,0,0,0,1,0,0,0,1,0,0,0,216,320,104,0.675,53,210,320,110,0.65625,9,57,320,263,0.178125,63,219,320,101,0.684375,27,66,320,254,0.20625,108,114,320,206,0.35625,27,180,320,140,0.5625,18,291,320,29,0.909375,6,231,320,89,0.721875,12,108,320,212,0.3375,42,114,320,206,0.35625,41,375,8640,8265,0.043402778,960,147,320,173,0.459375,36,405,8640,8235,0.046875,960,252,320,68,0.7875,9,213,320,107,0.665625,12,54,320,266,0.16875,233,252,320,68,0.7875,21,282,320,38,0.88125,6,18,320,302,0.05625,299,1
0,train,jump_to_max,5,900.0242245,0.042725056,83.04881288,80.16099496,87.05424798,83.76142966,83.88429925,90.73497724,74.92107837,84.42748475,92.35409848,77.94342433,82.34499012,83.60554713,77.06704546,82.41981244,79.91808172,77.9352118,79.57719123,89.03655283,74.17319554,77.60724417,90.3371598,90.96286381,73.66910675,68.42368096,93.29218475,87.09155252,86.40467869,78.94557814,73.13263309,79.00187217,84.34736342,94.0093448,76.50248337,75.82382751,87.72484648,83.65448823,80.28095095,78.60695721,84.40874464,86.65253435,96.01145772,84.38187149,93.72674924,87.57210702,73.85207955,94.08136332,92.93656559,85.49293643,92.28585962,85.8640593,87.6044832,83.37937403,87.64782626,86.04330351,89.49629226,91.56860367,81.77209703,84.73944812,79.3544467,82.03079663,86.17204686,85.62819647,89.70939326,94.51206208,84.28426985,96.99651001,88.87149368,78.33267929,82.16951946,82.57455559,90.61476149,86.6573464,78.03125608,77.25886933,83.45989137,81.95487759,86.95053185,83.50485886,91.44916366,74.84302636,81.62909832,89.42135896,67.9980659,88.94686291,84.74204267,98.50673799,76.08246895,94.35919385,83.25485881,80.60840173,79.01666063,90.54649514,90.71969417,91.6366263,83.27162922,85.62558356,80.19668791,92.55875395,82.6453735,82.43652648,91.80304682,80.44623429,88.22429044,86.53828201,84.10331502,86.76998297,82.26699602,80.35825309,84.90280842,82.70519844,78.89233451,76.9407081,84.80673102,89.93718681,76.47460035,78.97392117,86.86161342,80.80616641,86.60703671,76.15596654,92.50621376,93.92928004,73.50427373,81.98642548,91.33356038,81.45601206,88.82893045,74.46091648,77.17143155,78.1073628,96.4335026,90.04295321,1,0,0,0,1,0,0,0,1,0,0,0,1,0,0,0,1,0,0,0,1,0,0,0,1,0,0,0,1,0,0,0,1,0,0,0,1,0,0,0,1,0,0,0,0,0,0,9,1,0,0,0,0,0,0,9,1,0,0,0,1,0,0,0,1,0,0,0,1,0,0,0,1,0,0,0,1,0,0,0,261,320,59,0.815625,9,276,320,44,0.8625,6,123,320,197,0.384375,45,315,320,5,0.984375,3,81,320,239,0.253125,114,180,320,140,0.5625,32,231,320,89,0.721875,30,291,320,29,0.909375,3,270,320,50,0.84375,9,165,320,155,0.515625,15,186,320,134,0.58125,27,453,8640,8187,0.052430556,960,174,320,146,0.54375,24,459,8640,8181,0.053125,960,282,320,38,0.88125,6,297,320,23,0.928125,6,117,320,203,0.365625,66,261,320,59,0.815625,9,315,320,5,0.984375,3,48,320,272,0.15,173,1
0,train,jump_to_max,6,1080.002483,0.062836468,111.8944007,103.4335502,116.0053397,125.8732979,112.397599,122.1095848,102.3068334,116.88373,121.333754,105.2209053,110.3051817,113.8760472,103.3626473,116.7059438,104.1831697,102.7807401,110.3414053,117.8405025,101.3880582,102.4925506,118.7314754,120.9638087,99.7616321,94.18763563,133.5241652,123.1620053,110.4842096,104.997984,102.8317773,104.1669619,108.7282047,121.330736,106.2195243,101.4548575,119.5921336,112.5997265,106.3910337,105.1657286,119.8418021,118.0135416,133.3476457,110.3794623,127.5682212,115.2353279,93.01041144,123.1648939,127.6602314,118.9230274,123.1993443,115.1219623,115.5769719,109.9811299,120.0679143,111.9137094,127.1386719,126.6515487,111.2610872,113.3254,104.8286735,113.3876166,119.0704762,114.9240307,117.2411847,135.4984825,114.3232224,129.8377748,125.61615,98.52166091,117.7449395,111.4669643,119.8328404,120.6528482,103.2510676,105.1630999,116.4166172,111.7994652,117.4926944,106.0253648,119.572334,100.7313504,108.6417507,121.2811017,83.3023865,120.6811534,107.5948596,141.2232184,104.7362341,128.9419537,108.9885046,112.7499054,104.8977692,126.4347058,121.9716889,129.1683322,114.0578223,111.7320716,106.2990549,121.2467996,112.7325035,110.9154944,126.9955544,108.8887085,110.2006758,114.468457,110.6340405,121.7342572,106.0095274,106.3592008,115.1181617,110.257458,112.7959661,97.46023039,117.061253,124.0104943,101.6111302,115.1472038,119.938813,99.30002634,115.0142521,101.8006953,120.3947221,122.3449856,99.54840787,104.2818774,120.2795844,117.2931704,119.1773112,98.7474652,104.6010145,103.6243975,124.0703458,118.9979546,1,0,0,0,1,0,0,0,1,0,0,0,1,0,0,0,1,0,0,0,1,0,0,0,1,0,0,0,1,0,0,0,1,0,0,0,1,0,0,0,1,0,0,0,0,0,0,9,1,0,0,0,0,0,0,9,1,0,0,0,1,0,0,0,1,0,0,0,1,0,0,0,1,0,0,0,1,0,0,0,282,320,38,0.88125,9,249,320,71,0.778125,6,183,320,137,0.571875,23,291,320,29,0.909375,6,141,320,179,0.440625,21,219,320,101,0.684375,15,279,320,41,0.871875,3,279,320,41,0.871875,6,303,320,17,0.946875,3,234,320,86,0.73125,11,261,320,59,0.815625,6,579,8640,8061,0.067013889,960,234,320,86,0.73125,12,498,8640,8142,0.057638889,960,294,320,26,0.91875,6,279,320,41,0.871875,6,144,320,176,0.45,30,300,320,20,0.9375,3,315,320,5,0.984375,3,81,320,239,0.253125,107,1
1,train,jump_to_max,1,180.0406071,0,26.93704967,25.57852155,25.48091461,26.68981248,24.43841577,26.58956609,25.95597806,25.77600776,25.47914602,26.19035716,27.82436677,26.61453755,26.43850482,25.19765264,24.87837313,25.86194281,25.1152638,25.45713506,27.51019682,26.97132867,26.66870263,26.16410459,27.28943204,24.28429333,26.41935802,25.32282017,25.13181396,24.46007056,24.32978799,25.3856835,25.89676276,25.74716727,24.95017234,26.29319753,26.8342677,23.8254958,26.16319143,25.65348748,25.89594848,25.20020827,25.06396892,25.36606697,25.73067814,25.74809182,25.63330018,25.8638938,25.91695577,25.24250051,26.86662101,25.99460609,25.14341764,24.48794661,25.88733779,25.91086121,24.90538248,25.35566451,26.32176232,24.97555819,27.33088035,26.27491925,24.65748765,26.74161075,24.92136531,24.33392816,26.85295998,25.34769986,26.61069431,24.89870569,25.20906807,25.26696111,24.9729566,25.30674457,25.15988845,26.50354269,25.84576032,24.67200515,25.39247922,24.54671292,24.57781453,25.81519393,25.00281623,25.08349221,26.98311236,25.42660498,25.7932393,26.76125009,24.59577518,26.36402788,25.32409027,25.33771425,27.41336196,24.76599229,25.63837995,25.77166158,26.30625649,24.7685973,24.63374234,25.13101581,23.7825543,25.1774262,26.55466183,24.86203645,26.69825123,25.39153442,26.5291789,26.73811931,25.88623292,25.75285645,26.04059663,24.98064592,25.25428832,25.40731961,26.97794113,25.1443849,24.69975774,25.98686595,25.45417794,26.24775336,26.68624705,25.60246379,26.32233295,26.23444268,25.11289488,25.74970423,25.54352631,24.27934655,25.51995422,26.67604837,25.14444443,25.7746896,25.50513105,26.76005624,1,0,0,0,1,0,0,0,1,0,0,0,1,0,0,0,1,0,0,0,1,0,0,0,1,0,0,0,1,0,0,0,1,0,0,0,1,0,0,0,1,0,0,0,1,0,0,0,1,0,0,0,1,0,0,0,1,0,0,0,1,0,0,0,1,0,0,0,1,0,0,0,1,0,0,0,1,0,0,0,63,320,257,0.196875,233,93,320,227,0.290625,50,30,320,290,0.09375,230,93,320,227,0.290625,134,15,320,305,0.046875,269,57,320,263,0.178125,113,93,320,227,0.290625,110,219,320,101,0.684375,50,36,320,284,0.1125,212,48,320,272,0.15,245,24,320,296,0.075,257,126,320,194,0.39375,134,51,320,269,0.159375,143,198,320,122,0.61875,59,126,320,194,0.39375,50,54,320,266,0.16875,245,36,320,284,0.1125,251,120,320,200,0.375,68,120,320,200,0.375,60,21,320,299,0.065625,293,0
1,train,jump_to_max,2,360.0138406,0,34.97082353,34.19992493,35.95475077,36.11606161,32.3881232,34.84809925,34.93612268,36.69290451,35.85797626,33.61451792,34.68586266,35.68077754,34.56499747,34.63259686,32.1206791,34.33902069,34.78118636,35.33267644,37.29366166,36.00975055,35.19132749,34.4294551,36.96989259,33.78593815,35.61693484,34.30368049,32.86898217,33.45097718,33.89889009,35.1110231,35.97736856,33.04535646,33.80013415,34.27090364,35.91849959,29.56436112,34.64779606,34.73624991,33.74825155,34.98917806,34.21478898,35.21437152,33.52198133,33.12392073,34.91012308,36.60565584,34.53958007,36.29242689,35.29014024,34.43516009,33.04331688,32.68460934,33.88854658,36.16590529,33.43876427,37.36053407,36.16351836,32.95986565,36.42319506,33.42208241,32.28899898,37.07846113,33.57973723,32.30335331,36.00483688,35.20223529,37.76339491,31.56860676,34.06469994,33.48694766,31.76366582,32.21345512,32.60279179,35.25778704,34.56368566,33.18639126,33.33311696,33.79768562,33.1438437,33.666781,31.89826686,34.45832368,36.23241839,35.27953293,34.1634506,35.98549819,32.45956893,32.93925475,34.0332943,34.58005976,37.36396383,32.30565512,32.91156822,36.01763545,37.61922058,34.71110455,36.03689866,34.96137595,32.89236811,35.64278741,37.00311353,32.88108968,37.29851376,34.94592681,36.25962698,36.01375225,35.85374676,35.49235483,34.08348965,33.5990147,33.01933614,33.43044856,35.96581009,34.84023029,34.10533915,33.54365773,34.14523447,33.60948694,33.61863866,36.36436145,35.14080444,35.37945183,34.64455752,34.03075258,33.88960023,34.11412454,35.4294333,35.04091931,32.31581075,32.48923292,33.64443164,33.98995139,1,0,0,0,1,0,0,0,1,0,0,0,1,0,0,0,1,0,0,0,1,0,0,0,1,0,0,0,1,0,0,0,1,0,0,0,1,0,0,0,1,0,0,0,1,0,0,0,1,0,0,0,1,0,0,0,1,0,0,0,1,0,0,0,1,0,0,0,1,0,0,0,1,0,0,0,1,0,0,0,123,320,197,0.384375,161,150,320,170,0.46875,27,48,320,272,0.15,203,126,320,194,0.39375,137,21,320,299,0.065625,218,81,320,239,0.253125,75,153,320,167,0.478125,24,282,320,38,0.88125,6,45,320,275,0.140625,239,51,320,269,0.159375,221,27,320,293,0.084375,242,144,320,176,0.45,137,60,320,260,0.1875,182,234,320,86,0.73125,12,180,320,140,0.5625,39,54,320,266,0.16875,221,45,320,275,0.140625,251,153,320,167,0.478125,18,162,320,158,0.50625,39,9,320,311,0.028125,311,0
1,train,jump_to_max,3,540.051989,0.003698828,48.25090426,43.34711034,48.08180214,47.13903114,44.44354405,46.75468832,45.4360276,49.48732163,48.29590195,45.70466021,46.01783985,48.99027431,46.68996996,44.99294383,44.2638482,45.21835727,48.04047299,46.82000605,51.10435518,46.48247433,45.34049182,49.24111399,50.38343612,47.57696786,49.16570726,44.65830725,41.81943556,45.1676049,45.13352039,48.10076531,48.26934962,43.96696226,44.28329569,45.68930552,48.26343364,38.17874206,46.94112381,50.13864118,44.00433698,46.35706862,46.92230506,43.44300567,47.80611266,42.88544652,49.73351921,49.25619038,45.52190883,48.76617187,49.74733718,45.52758074,43.77938278,43.56522715,46.85948755,48.39327437,49.08308316,50.07209127,49.66421924,43.40353013,46.86883617,44.7646397,40.33698113,49.61545389,45.24965688,41.81121055,47.57924747,47.58418414,50.80470546,43.49823014,47.29378003,46.05632858,42.85756069,43.31732543,43.35629804,45.1500853,46.63842507,48.53070323,46.80306818,45.88984572,41.96919185,44.96171333,43.25433556,47.52911364,51.45473012,44.46704783,44.61572785,48.42327762,43.76850163,44.67279046,46.69478056,46.60692426,49.80593294,41.85181124,44.0788562,49.30499385,49.7768802,45.85473734,45.50150049,49.29998727,43.52930071,48.5657704,48.70413426,42.21315239,51.15689642,46.72831101,50.75030248,50.6750989,50.54746543,46.13203782,43.36347253,42.42975758,45.15983675,43.98773962,46.61423266,46.31101178,43.16864255,47.01390776,44.39777025,44.58831687,42.01126987,51.51830159,47.59655159,45.80965298,48.9107459,45.25576632,44.58770535,46.36918972,49.72979359,45.06473118,43.46926402,45.73833521,42.77014895,45.23713458,1,0,0,0,1,0,0,0,1,0,0,0,1,0,0,0,1,0,0,0,1,0,0,0,1,0,0,0,1,0,0,0,1,0,0,0,1,0,0,0,1,0,0,0,1,0,0,0,1,0,0,0,1,0,0,0,1,0,0,0,1,0,0,0,1,0,0,0,1,0,0,0,1,0,0,0,1,0,0,0,153,320,167,0.478125,128,186,320,134,0.58125,21,42,320,278,0.13125,158,168,320,152,0.525,68,30,320,290,0.09375,251,90,320,230,0.28125,51,129,320,191,0.403125,45,303,320,17,0.946875,6,117,320,203,0.365625,116,78,320,242,0.24375,108,84,320,236,0.2625,53,201,320,119,0.628125,42,84,320,236,0.2625,38,282,320,38,0.88125,3,237,320,83,0.740625,15,135,320,185,0.421875,98,72,320,248,0.225,107,171,320,149,0.534375,24,237,320,83,0.740625,24,30,320,290,0.09375,287,1
1,train,jump_to_max,4,720.0242998,0.027387749,65.81905869,60.2987418,64.5811696,58.96703772,59.03878967,65.74875091,57.10752816,67.37033119,62.80986857,59.29284662,62.96958005,66.15747159,62.3535768,57.65815068,54.9276355,60.46634066,66.00733254,63.4094616,71.03346238,65.38815403,59.75339097,65.69666424,68.76220002,64.6820838,68.43193529,61.12232191,55.57789243,62.05359039,61.59223525,66.30648815,61.03542961,57.78712184,60.52405433,62.86925771,69.50762183,49.32266113,59.63941324,72.14607245,56.93633712,60.69664126,63.95071884,59.04671885,68.3293013,55.15691101,63.9262448,66.051623,61.76197173,66.60455284,64.11396154,61.23200222,58.49956992,60.11661745,63.8789008,66.47404698,63.90003514,70.05304235,69.57517779,56.53541236,61.59369029,57.72373001,51.20603927,64.38917955,62.10088515,58.07848221,62.78031212,67.16764186,63.42320977,57.20072473,64.37424264,60.83368117,60.61388844,59.68942188,60.4635171,59.36803557,56.81571357,64.44571993,60.11738933,57.63759158,56.07071837,62.41667498,56.96135521,58.68259847,69.20332294,59.20814149,56.79720322,66.99637156,56.00294675,59.4358659,63.98165665,65.20421305,65.33980127,58.61286383,57.70100774,65.18592654,65.43289135,60.70225706,59.48663075,67.41319479,57.84505163,64.74296293,65.08870321,60.82262195,68.50220774,62.76339906,69.72337628,67.55389243,66.66990011,61.61942941,58.29233162,56.16998493,61.80947679,59.58682887,65.37280972,59.15841259,59.28986892,63.98712359,63.69257269,60.76729424,55.77769366,70.16177983,64.11836649,63.1766069,64.91498103,60.84061484,58.73025477,60.9664461,66.26517704,61.6002663,56.32060828,61.33331408,59.72679739,59.45156045,1,0,0,0,1,0,0,0,1,0,0,0,1,0,0,0,0,0,0,9,1,0,0,0,1,0,0,0,1,0,0,0,1,0,0,0,1,0,0,0,1,0,0,0,1,0,0,0,1,0,0,0,0,0,0,9,1,0,0,0,1,0,0,0,1,0,0,0,1,0,0,0,1,0,0,0,1,0,0,0,201,320,119,0.628125,39,264,320,56,0.825,6,108,320,212,0.3375,90,201,320,119,0.628125,12,51,8640,8589,0.005902778,960,153,320,167,0.478125,39,231,320,89,0.721875,12,303,320,17,0.946875,3,297,320,23,0.928125,6,111,320,209,0.346875,42,120,320,200,0.375,33,279,320,41,0.871875,8,186,320,134,0.58125,33,399,8640,8241,0.046180556,960,225,320,95,0.703125,18,264,320,56,0.825,9,66,320,254,0.20625,107,192,320,128,0.6,20,291,320,29,0.909375,3,42,320,278,0.13125,221,1
1,train,jump_to_max,5,900.0183979,0.043297125,86.70446817,81.29123414,82.2942928,74.80565693,79.28925426,92.91574382,70.18017407,87.48483408,83.12856647,79.42797236,79.04264493,88.32036447,88.20670288,74.5558181,73.91395686,79.80284807,91.39969487,84.52143671,92.52986947,89.61905567,78.54050174,82.58498142,93.65989553,88.64180635,91.72450034,83.86836816,77.66853514,81.22148946,84.78951901,95.6999449,84.85090718,79.6678554,86.44108191,83.44433409,97.14457205,65.16852676,78.514943,100.2507166,75.75335781,82.52332395,82.64211832,77.39106854,94.20124598,71.39491918,90.81145647,89.34558736,83.09921784,91.90693667,83.1908849,82.36185063,81.31115348,81.06939558,87.09522432,85.19910022,92.22590303,87.1552206,96.12568969,77.30798671,83.35252926,75.67697194,66.51506477,84.02988871,85.58203784,74.7182125,88.59869747,86.95167558,83.31475773,72.04729586,89.82325222,76.89370487,81.45191273,78.50550919,82.08220387,81.13150743,75.30349577,88.59917818,82.29164319,79.38953868,79.53549057,85.02395613,77.34137266,81.76129149,94.06144942,75.71081978,77.97505701,92.3207554,74.91996877,80.90870312,83.68667725,87.33786283,85.49888177,80.58379732,78.65167069,87.66348211,82.56681761,80.73840193,73.75014375,91.05363608,77.76476699,92.86667864,85.56514878,84.5577754,92.12384291,82.7922177,93.30139612,93.93233758,88.31672898,82.48496649,75.16919155,72.62479403,79.05318181,77.07214703,84.13822105,78.65967405,76.35892027,87.75234475,90.75666607,83.49548233,73.68934636,97.54263203,92.41178851,84.93104319,89.97818155,78.98974914,77.64308727,77.71587976,84.7614416,83.81447775,80.18558002,76.96058204,77.68217488,82.99955593,1,0,0,0,1,0,0,0,1,0,0,0,1,0,0,0,0,0,0,9,1,0,0,0,1,0,0,0,1,0,0,0,1,0,0,0,1,0,0,0,1,0,0,0,1,0,0,0,1,0,0,0,0,0,0,9,1,0,0,0,1,0,0,0,1,0,0,0,1,0,0,0,1,0,0,0,1,0,0,0,219,320,101,0.684375,24,237,320,83,0.740625,9,168,320,152,0.525,21,207,320,113,0.646875,12,87,8640,8553,0.010069444,960,165,320,155,0.515625,18,246,320,74,0.76875,15,300,320,20,0.9375,6,291,320,29,0.909375,6,138,320,182,0.43125,32,117,320,203,0.365625,24,315,320,5,0.984375,3,261,320,59,0.815625,9,441,8640,8199,0.051041667,960,234,320,86,0.73125,9,276,320,44,0.8625,6,138,320,182,0.43125,33,243,320,77,0.759375,12,288,320,32,0.9,6,57,320,263,0.178125,260,1
1,train,jump_to_max,6,1080.000595,0.080357143,110.0816095,112.9970425,112.4385705,101.079779,113.3653238,125.1358122,90.57489188,121.6408668,113.0298227,104.6646819,107.8927147,123.1290727,118.3129182,97.95345436,102.8627482,105.1481086,117.35481,110.1147495,131.846129,118.9609691,104.0634144,105.8510936,121.8389613,121.3276801,123.2055278,119.5678507,113.2290072,105.1967531,119.5277336,128.724475,119.6039058,109.3284612,109.3655403,115.1433946,137.2257173,89.29518658,115.2877059,134.5026232,95.64232003,110.0763608,111.1599198,104.9265826,118.0760038,90.55510418,121.8666358,113.058914,114.9138204,118.8083567,110.6614233,110.3104839,113.3285159,109.3842173,113.4335169,113.8779326,124.6316199,123.2523695,129.2455422,99.70682848,109.1597008,97.34998814,97.98967725,113.7914818,118.0496411,108.5401249,122.0412788,116.3886339,113.8851248,91.06992773,130.9490416,105.7294214,107.182416,99.8136882,117.4574139,109.7502979,100.724053,116.2489216,107.4039727,103.5284124,109.4793101,115.2786318,105.5284423,111.6564187,133.1229063,95.76133405,103.4820807,121.7377354,99.95643287,105.0136256,108.1394301,113.4043766,115.6170373,108.218668,112.0353705,112.2445902,108.953805,107.4565142,99.50865344,122.4012843,98.69557727,133.0028293,113.5792521,107.4614532,118.4314924,108.7299675,130.1172079,126.1647243,122.0384771,110.8970178,101.2527655,100.7469606,106.953238,107.050667,110.8561827,105.7917317,102.780653,121.1539181,119.6097805,114.2024333,107.3341747,131.9530617,118.159369,120.3406119,124.3228729,106.3773622,108.3926509,99.79212035,115.0126496,108.4668455,112.0983682,98.19580113,98.22318551,119.0685417,1,0,0,0,1,0,0,0,1,0,0,0,1,0,0,0,0,0,0,9,1,0,0,0,1,0,0,0,1,0,0,0,1,0,0,0,1,0,0,0,1,0,0,0,1,0,0,0,1,0,0,0,0,0,0,9,1,0,0,0,1,0,0,0,1,0,0,0,1,0,0,0,1,0,0,0,1,0,0,0,285,320,35,0.890625,8,258,320,62,0.80625,8,177,320,143,0.553125,12,219,320,101,0.684375,12,141,8640,8499,0.016319444,960,243,320,77,0.759375,9,306,320,14,0.95625,3,315,320,5,0.984375,3,258,320,62,0.80625,6,237,320,83,0.740625,12,240,320,80,0.75,9,306,320,14,0.95625,5,258,320,62,0.80625,9,516,8640,8124,0.059722222,960,213,320,107,0.665625,9,249,320,71,0.778125,12,174,320,146,0.54375,50,291,320,29,0.909375,6,300,320,20,0.9375,5,39,320,281,0.121875,210,1
2,train,jump_to_max,1,180.069861,0,27.13614332,26.0433628,25.60202937,25.66019181,25.91805752,25.81192654,26.7059901,26.09216634,25.35814598,24.71810943,23.7274626,25.1930252,26.08879078,24.91100736,25.45975293,26.8586136,27.51567958,24.53830316,26.8313796,25.95913196,27.28718508,24.54984978,26.50255458,24.70032838,25.28833959,27.07265484,25.88568254,24.95878928,26.45929288,26.48632162,25.18442659,25.05146061,25.15969178,25.04139408,24.76788044,25.54373146,24.19424103,23.99404381,25.66446231,24.31232367,25.10326974,26.12508504,24.01626212,26.04864137,23.44906485,25.14556594,26.17673533,25.29703732,26.32708111,25.17671634,26.12219156,25.35134389,24.48972037,27.56400762,25.59272205,23.71558267,25.44806469,24.26116805,24.83697905,25.72877664,25.59549586,25.25431245,24.72177071,26.95284511,26.03239299,25.33865556,24.74609653,24.34858146,24.40893445,23.68418535,25.19302759,26.27947959,25.52249375,24.54505738,24.93809966,24.95396593,25.39600883,25.41736761,24.28329126,26.05199357,25.40188197,26.72527227,24.36979434,25.15543306,25.36024884,25.38680059,24.30702557,25.55679281,26.07398072,24.92004042,24.29556983,24.23889355,26.32243315,24.75941984,25.8718741,24.94442122,25.28710468,24.34164079,25.38083382,25.32969148,25.45434382,26.57170046,24.54855307,25.60488183,25.63559718,26.01835762,25.18460113,25.91958162,24.63072866,25.88180381,26.01582872,26.35624553,25.68500985,25.91081488,26.85029051,25.44356766,25.14222311,26.22614069,25.443745,26.34289299,25.7424863,24.80876826,25.56799905,27.08803798,26.0749476,27.19208327,27.00455447,24.75627568,25.19324131,25.91701175,24.91306973,25.51970209,1,0,0,0,1,0,0,0,1,0,0,0,1,0,0,0,1,0,0,0,1,0,0,0,1,0,0,0,1,0,0,0,1,0,0,0,1,0,0,0,1,0,0,0,1,0,0,0,1,0,0,0,1,0,0,0,1,0,0,0,1,0,0,0,1,0,0,0,1,0,0,0,1,0,0,0,1,0,0,0,87,320,233,0.271875,221,108,320,212,0.3375,110,42,320,278,0.13125,215,84,320,236,0.2625,182,18,320,302,0.05625,245,60,320,260,0.1875,53,117,320,203,0.365625,42,174,320,146,0.54375,110,51,320,269,0.159375,233,36,320,284,0.1125,269,18,320,302,0.05625,263,102,320,218,0.31875,182,45,320,275,0.140625,227,150,320,170,0.46875,110,141,320,179,0.440625,149,36,320,284,0.1125,269,30,320,290,0.09375,239,87,320,233,0.271875,125,111,320,209,0.346875,149,12,320,308,0.0375,302,0
2,train,jump_to_max,2,360.0065549,0.000345662,35.29643519,33.27533743,35.05232622,35.28651142,34.06502454,34.13422887,35.96892853,36.29720712,34.19557593,32.24734379,30.60753942,32.0747222,32.71586071,33.21166818,32.65511111,34.8584077,37.15253512,32.38923159,36.15137778,34.0498361,35.59989907,33.30712772,35.91690921,31.33056343,33.24515003,34.47722373,33.03640799,31.80351344,34.98400634,35.8230916,32.66609014,32.4983209,35.9867322,35.94473118,34.68654922,36.03900043,32.28240863,32.50321256,33.62710901,31.55818811,34.19238926,34.46776569,33.60047562,37.4817728,31.42432525,35.02216435,35.59327473,33.32033443,35.8777297,33.00697652,34.06636421,34.32579807,33.32807937,34.93074148,34.7102339,31.97882196,35.73676743,34.62522243,33.59975203,35.37889014,33.73877131,33.96903067,31.90242275,35.80731664,36.30500252,31.94139448,32.67359053,31.04888967,34.04386177,30.6673416,35.35852238,36.11366048,34.01261008,32.24217054,35.40764223,31.36224738,32.74036048,32.86862301,34.6891257,34.85717331,35.44115748,37.67441819,32.28245385,31.67696837,33.11731166,36.00826193,31.1238328,33.67241063,34.88844793,34.2084291,33.25778929,32.77048675,36.13207728,32.17934739,31.98648725,34.4052739,36.94020651,34.64685672,34.41172496,33.68700113,33.04673246,35.55709967,33.70798438,33.38154374,36.9228206,33.31143712,33.63225543,36.50002415,35.01790144,35.13250773,35.20719928,36.15105499,33.57639001,36.08378049,36.43894527,32.39103553,33.35669777,33.15481948,34.48022851,34.21895699,34.3992094,35.13956588,35.39130173,37.9345065,36.37575707,38.0960524,37.71308424,32.84345587,35.30565731,33.26185264,32.96390102,33.65480714,1,0,0,0,1,0,0,0,1,0,0,0,1,0,0,0,1,0,0,0,1,0,0,0,1,0,0,0,1,0,0,0,1,0,0,0,1,0,0,0,1,0,0,0,1,0,0,0,1,0,0,0,1,0,0,0,1,0,0,0,1,0,0,0,1,0,0,0,1,0,0,0,1,0,0,0,1,0,0,0,108,320,212,0.3375,200,105,320,215,0.328125,51,48,320,272,0.15,230,99,320,221,0.309375,72,45,320,275,0.140625,212,78,320,242,0.24375,56,171,320,149,0.534375,20,279,320,41,0.871875,9,84,320,236,0.2625,170,27,320,293,0.084375,155,33,320,287,0.103125,173,180,320,140,0.5625,45,54,320,266,0.16875,137,297,320,23,0.928125,6,159,320,161,0.496875,36,69,320,251,0.215625,170,48,320,272,0.15,233,189,320,131,0.590625,12,153,320,167,0.478125,42,12,320,308,0.0375,302,0
2,train,jump_to_max,3,540.0053482,0.002689854,47.35620285,44.62032856,49.39014269,48.36686946,45.96770391,45.34721664,50.00615723,46.34364409,42.50999836,43.57660943,40.08703873,43.20501093,44.21315584,43.4021469,44.55108446,45.95301387,51.01807241,45.79410876,49.77423262,46.12334008,49.47772021,45.45205818,47.99872482,44.1030335,43.45776407,44.61676651,41.48902387,43.58904211,47.18995972,46.87076917,44.88198777,45.95066237,51.33172177,48.72443017,45.67154865,44.71732102,42.47130383,43.30345801,43.59727571,40.75174669,45.10929533,48.1704165,43.7558964,51.53316442,43.7588521,44.18075256,48.57594293,46.71675925,48.03913835,42.9291015,48.90610133,48.16332627,44.23852632,44.87901636,45.84728495,43.97758722,52.33729268,45.23652535,44.21302644,47.45857954,47.30819144,45.80256617,41.74050992,44.06057616,48.44160577,45.76797149,44.97516303,39.83240265,45.60177309,40.98615684,47.6562261,50.61991198,43.28011238,43.498613,50.19702291,42.72754996,45.48687878,45.58144865,46.291515,46.48062536,47.76335768,51.58677648,43.79166391,41.06008418,43.39405413,49.27733615,41.27439971,45.5078759,45.80787629,44.48536314,41.89086442,44.8168139,48.25892019,44.87266138,43.35198958,48.98741963,46.82773804,45.69851506,47.50154635,44.05291768,42.80066546,46.00130029,47.41649175,43.417764,51.03210917,43.87426821,45.31545573,49.75611266,49.09710263,49.06212878,46.57362048,48.89648601,45.87156783,48.3465235,50.54876166,45.09715439,41.43355909,43.58545197,45.99405323,45.93261303,45.87150325,45.37549439,49.97204802,50.91603269,51.21482349,50.00462045,49.30361711,42.47963033,46.99068075,44.60660538,43.16360777,43.70633986,1,0,0,0,1,0,0,0,1,0,0,0,1,0,0,0,1,0,0,0,1,0,0,0,1,0,0,0,1,0,0,0,1,0,0,0,1,0,0,0,1,0,0,0,1,0,0,0,1,0,0,0,1,0,0,0,1,0,0,0,1,0,0,0,1,0,0,0,1,0,0,0,1,0,0,0,1,0,0,0,144,320,176,0.45,158,207,320,113,0.646875,14,108,320,212,0.3375,143,180,320,140,0.5625,18,42,320,278,0.13125,188,90,320,230,0.28125,120,153,320,167,0.478125,21,312,320,8,0.975,3,129,320,191,0.403125,66,69,320,251,0.215625,87,75,320,245,0.234375,107,291,320,29,0.909375,6,99,320,221,0.309375,45,297,320,23,0.928125,6,300,320,20,0.9375,3,120,320,200,0.375,152,87,320,233,0.271875,99,225,320,95,0.703125,14,216,320,104,0.675,18,24,320,296,0.075,296,1
2,train,jump_to_max,4,720.0013235,0.036885724,60.84639692,59.34351123,66.25997687,62.9246513,63.71633852,64.47729675,68.67605934,61.01367058,54.64031166,60.30439653,53.51085919,56.73916104,57.84122036,57.05391661,62.86278312,60.93122598,71.27121596,64.07441371,67.66371985,56.77354706,67.40273569,59.46780421,68.53138983,63.36148277,61.21026373,59.96953574,56.01451813,61.11922853,66.13771354,63.71743042,59.45470104,60.34456678,68.8785035,66.42569319,62.7198813,62.47616023,57.67589146,56.85106517,56.95996139,55.10872106,58.96945824,66.95667182,56.32844733,72.52280386,54.55626669,55.59088026,62.50139461,64.13707511,61.44307469,57.50097496,62.30868493,62.57287806,58.23004652,63.81275429,60.78435324,60.92111066,71.59262035,60.46839907,56.38318383,63.73153246,59.94722783,61.82791603,51.68472122,61.0711936,61.24085214,60.00488214,60.00213268,52.60538319,64.00886725,55.87391155,66.42530451,67.16983403,56.24857991,59.00697513,72.3736263,61.38111104,63.06354089,61.30437937,64.26968347,62.53312448,65.50974371,72.43318598,59.24550704,52.23182288,56.45228151,67.22521292,54.28702014,60.95629204,62.26595153,59.8634667,54.33852598,60.96173637,61.41944292,61.58647358,60.42681686,70.45287388,60.56608985,61.32791639,68.50898761,63.43150473,54.63773277,62.66588531,64.20391055,57.02209571,68.59343849,61.91939509,60.14419619,63.9463505,67.46073456,64.22797894,63.77080296,67.74912845,61.12293748,64.85884313,66.30002276,62.09174244,57.39418582,61.10247175,61.69172508,63.99181909,63.30653409,62.76608683,63.18195832,67.85251149,67.6376168,64.68304684,66.84640365,53.98274375,65.00896682,63.41261762,57.45259698,57.35846659,1,0,0,0,1,0,0,0,1,0,0,0,1,0,0,0,1,0,0,0,1,0,0,0,1,0,0,0,1,0,0,0,1,0,0,0,1,0,0,0,1,0,0,0,0,0,0,9,1,0,0,0,0,0,0,9,1,0,0,0,1,0,0,0,1,0,0,0,1,0,0,0,1,0,0,0,1,0,0,0,198,320,122,0.61875,56,219,320,101,0.684375,27,93,320,227,0.290625,122,219,320,101,0.684375,27,63,320,257,0.196875,113,123,320,197,0.384375,60,210,320,110,0.65625,30,309,320,11,0.965625,3,240,320,80,0.75,30,111,320,209,0.346875,71,120,320,200,0.375,74,321,8640,8319,0.037152778,960,153,320,167,0.478125,89,429,8640,8211,0.049652778,960,237,320,83,0.740625,9,201,320,119,0.628125,30,66,320,254,0.20625,101,240,320,80,0.75,9,261,320,59,0.815625,6,45,320,275,0.140625,275,1
2,train,jump_to_max,5,900.0164967,0.038162635,84.48662758,78.47717409,93.59502729,84.02537787,90.58058394,89.91462656,87.81497602,81.58374177,75.99895874,84.24230518,70.6968939,75.41402974,74.71142772,78.39016347,87.06559964,80.41671011,102.2611547,89.88781397,88.11003192,74.42129542,96.35562321,79.4574128,92.17362817,87.30566945,82.58916095,82.78651039,76.87946102,82.05165874,94.57078353,83.40010194,79.40678188,76.76580454,93.1286242,84.94647151,82.23977342,85.79516383,76.94723537,75.8617164,78.82976699,75.21285576,79.87847377,88.12990714,79.62860541,97.24344484,69.75413744,78.36165387,81.1063455,83.93888444,84.34451323,75.73405763,83.12840161,83.6712163,73.71042833,83.54335026,80.20816942,85.52890224,94.62867323,85.87002366,74.97797978,80.38805855,77.76013007,85.49973195,70.33570689,80.78033635,77.86713266,80.66117778,82.73178146,68.78122307,86.76055427,73.19150372,86.93796408,95.47918198,78.8170484,80.34377406,97.07439231,77.86738634,84.82505531,85.83893955,86.89621518,85.70242058,92.17070925,96.52550371,79.66535025,66.90306743,74.55239097,96.91789425,74.56701312,83.61175517,83.76297692,79.22501265,73.97313095,81.45892854,78.43545935,82.1795109,75.24462077,92.95682902,81.82223456,81.40613578,91.40981409,85.03117982,70.83269941,81.13731263,84.01335933,79.00194895,96.44873561,81.40091736,82.51130144,85.41065886,86.57850194,82.75940134,84.62893761,90.57966233,82.22586591,86.31351081,88.95316368,85.46649091,78.05223564,82.55870569,79.009718,86.75575494,84.97946275,87.41140237,88.27799348,91.18462809,84.32575473,85.71431119,86.71891828,73.46260219,89.57609073,85.80356407,71.4659634,76.34744964,1,0,0,0,1,0,0,0,1,0,0,0,1,0,0,0,1,0,0,0,1,0,0,0,1,0,0,0,1,0,0,0,1,0,0,0,1,0,0,0,1,0,0,0,0,0,0,9,1,0,0,0,0,0,0,9,1,0,0,0,1,0,0,0,1,0,0,0,1,0,0,0,1,0,0,0,1,0,0,0,246,320,74,0.76875,23,225,320,95,0.703125,12,87,320,233,0.271875,89,270,320,50,0.84375,11,69,320,251,0.215625,152,174,320,146,0.54375,39,195,320,125,0.609375,29,294,320,26,0.91875,3,213,320,107,0.665625,12,174,320,146,0.54375,18,162,320,158,0.50625,42,456,8640,8184,0.052777778,960,210,320,110,0.65625,12,540,8640,8100,0.0625,960,243,320,77,0.759375,6,297,320,23,0.928125,6,105,320,215,0.328125,80,303,320,17,0.946875,6,309,320,11,0.965625,3,63,320,257,0.196875,78,1
2,train,jump_to_max,6,1080.014421,0.059006266,116.3219525,109.4663432,123.8736004,120.3996196,125.0609637,118.303292,111.3616628,114.6229778,101.4725723,105.7684798,100.7689953,98.10955843,99.26656004,103.1695014,118.3392746,110.3239099,141.7322135,123.1468954,116.9545809,97.94247605,130.9487853,103.1745128,129.8961144,119.7427725,107.5670827,102.5247909,102.6265226,108.6939101,125.6205009,115.7481268,104.7729956,107.9492759,120.3270835,118.1837219,111.1770982,114.0546428,97.53459055,99.53253239,108.9941354,101.5663099,99.77117798,116.3916597,101.7415665,125.717726,95.56825645,99.56484822,111.8998518,109.0799344,114.2977189,104.3140514,116.2010112,112.3017594,104.9709129,113.6589656,108.2597766,118.9087337,126.6498981,120.4446101,100.1760782,112.1553271,102.2383873,117.4193181,104.430748,106.4968313,105.6171977,110.7896797,114.1171282,96.20853689,116.3755284,96.00270162,114.4536477,134.6561879,103.1651215,108.0337356,126.4717221,106.5368008,119.3285172,114.7631345,115.7053049,116.8400735,124.8203882,132.2247944,106.9917848,85.86984957,100.5097802,125.6872582,106.9679666,108.8298861,114.8578451,101.409376,100.2503432,112.8886236,106.5442874,116.3098374,99.9443697,124.9987957,109.499209,108.1816566,119.835521,114.3313745,95.44206793,108.7818791,116.27433,103.8912984,127.5470537,103.4562629,106.9548519,113.705194,119.1570485,103.8294016,115.4344487,124.7602465,112.3136534,119.0120536,126.237133,114.3836445,107.2820048,113.8251588,109.785892,111.8188398,110.9509555,114.140442,109.3777897,124.9015218,121.5385175,116.8078195,119.4705608,93.20113146,121.8080416,116.4905459,93.23398182,108.5811455,1,0,0,0,1,0,0,0,1,0,0,0,1,0,0,0,1,0,0,0,1,0,0,0,1,0,0,0,1,0,0,0,1,0,0,0,1,0,0,0,1,0,0,0,0,0,0,9,1,0,0,0,0,0,0,9,1,0,0,0,1,0,0,0,1,0,0,0,1,0,0,0,1,0,0,0,1,0,0,0,309,320,11,0.965625,3,258,320,62,0.80625,9,174,320,146,0.54375,18,285,320,35,0.890625,6,159,320,161,0.496875,29,228,320,92,0.7125,12,291,320,29,0.909375,3,309,320,11,0.965625,3,267,320,53,0.834375,9,198,320,122,0.61875,12,222,320,98,0.69375,12,648,8640,7992,0.075,960,279,320,41,0.871875,3,558,8640,8082,0.064583333,960,279,320,41,0.871875,6,267,320,53,0.834375,6,165,320,155,0.515625,15,318,320,2,0.99375,2,318,320,2,0.99375,2,69,320,251,0.215625,59,1
3,train,jump_to_max,1,180.0613818,0,26.59434557,26.38858051,26.34929713,25.4506559,26.46085862,24.35378382,25.82571651,25.04078744,24.8751996,25.89636898,26.82648021,25.87585729,24.41938299,26.20193287,25.68929837,25.61189434,25.81602985,24.17944956,25.35634035,24.05430483,25.52462982,26.3320535,25.35709856,24.77107308,25.627908,26.05760346,25.96971167,25.49259548,25.36366222,24.92509656,24.51214492,25.42278178,26.50102891,25.27385437,24.85585088,26.2684142,24.78038309,26.36697024,24.47920133,24.63147883,26.25991158,24.72279196,24.63570423,25.1013835,23.92658697,25.10746613,26.15127711,24.7511019,26.30425432,26.7961748,25.67422101,25.61567005,24.99244969,25.98528566,24.27513367,25.83859788,25.81155665,26.49131586,24.7636537,24.66524909,25.89492553,24.98085949,26.53001001,24.00707679,24.34862949,24.54333878,25.69967245,26.30309858,27.09587911,25.13947296,25.47473327,24.35016017,25.35738099,26.31454042,24.16721534,25.00072887,24.99688246,25.09187759,27.6210969,26.19653441,26.3172597,25.17273502,26.35011963,25.40626731,25.97385267,25.94844963,25.80281995,25.65185388,25.53775188,25.83125844,25.63385137,26.20655859,25.63395783,25.05016826,26.40960425,25.24791759,25.77211237,24.92919519,25.1078924,26.19319932,25.76018423,25.23080631,25.18541161,25.07074406,24.31198555,26.61989747,26.63303587,24.77820347,24.96872846,27.63689481,26.4050594,26.87032594,25.05052705,25.39009339,24.54450278,25.16564665,26.42645113,25.61776447,24.07161902,24.71121657,26.04746611,27.63595142,24.20389506,25.38053156,26.46750101,24.8224947,23.77588204,25.73859467,24.68001988,25.5032482,24.60981371,25.73530972,1,0,0,0,1,0,0,0,1,0,0,0,1,0,0,0,1,0,0,0,1,0,0,0,1,0,0,0,1,0,0,0,1,0,0,0,1,0,0,0,1,0,0,0,1,0,0,0,1,0,0,0,1,0,0,0,1,0,0,0,1,0,0,0,1,0,0,0,1,0,0,0,1,0,0,0,1,0,0,0,87,320,233,0.271875,221,120,320,200,0.375,86,30,320,290,0.09375,248,102,320,218,0.31875,155,18,320,302,0.05625,287,48,320,272,0.15,62,96,320,224,0.3,56,222,320,98,0.69375,77,57,320,263,0.178125,251,60,320,260,0.1875,221,30,320,290,0.09375,227,135,320,185,0.421875,125,27,320,293,0.084375,212,210,320,110,0.65625,77,129,320,191,0.403125,80,75,320,245,0.234375,221,48,320,272,0.15,263,144,320,176,0.45,86,114,320,206,0.35625,104,9,320,311,0.028125,311,0
3,train,jump_to_max,2,360.0293567,0.000116306,33.02833695,35.0297766,34.28011349,33.45448282,34.31221919,31.68549415,36.78239331,32.08641236,33.539267,32.43566951,35.40139931,35.29499859,30.86033167,36.51367347,35.80343752,34.1003924,35.21939799,34.31943294,34.99011113,35.18665523,34.43391741,37.53745589,32.59781087,32.82067538,32.6393485,36.12843683,34.94603755,33.4851058,32.14816174,35.12719491,33.21214118,34.37586908,37.65366747,32.88213351,35.07162674,35.99967964,34.46225942,34.66048531,30.7437003,32.07021944,36.60004958,33.06503879,33.45495152,36.16561041,29.83360059,32.76265148,33.41068702,32.89515589,35.16206737,37.39251729,34.41335466,35.59352166,33.84998765,36.54674618,32.55064632,33.84854106,35.10240117,37.64149358,33.7857601,33.82110748,34.822276,32.44796477,39.46249557,31.79394205,34.11056488,31.44229822,34.81575146,35.8629543,36.0860057,34.33496641,34.49333388,33.25125029,34.18845103,34.48628024,31.86876365,33.28869378,33.14499923,34.67281643,37.59498438,33.12017026,33.99028455,32.65534959,34.05215446,34.48363323,35.09334529,35.82673639,34.47106199,32.14273661,35.46196969,35.099798,33.68891899,34.62778699,34.2805441,34.21464166,35.70064283,34.04509354,34.68361496,33.86436848,36.31792958,35.22369382,32.88291577,33.13377126,33.90210444,32.1641119,31.93936946,37.51738234,35.78145336,34.24616375,33.70380197,38.61532601,36.79571107,36.86087297,33.71808004,33.19745485,33.78496885,32.04686783,36.88149642,33.08361543,32.039043,32.13992695,34.52552447,39.95504471,31.63619791,35.9229579,35.82651336,34.03925035,31.50359706,34.11353424,32.30249277,32.77580011,34.71738598,35.41813163,1,0,0,0,1,0,0,0,1,0,0,0,1,0,0,0,1,0,0,0,1,0,0,0,1,0,0,0,1,0,0,0,1,0,0,0,1,0,0,0,1,0,0,0,1,0,0,0,1,0,0,0,1,0,0,0,1,0,0,0,1,0,0,0,1,0,0,0,1,0,0,0,1,0,0,0,1,0,0,0,108,320,212,0.3375,194,174,320,146,0.54375,15,51,320,269,0.159375,176,84,320,236,0.2625,98,27,320,293,0.084375,278,60,320,260,0.1875,84,132,320,188,0.4125,18,294,320,26,0.91875,6,69,320,251,0.215625,155,51,320,269,0.159375,215,51,320,269,0.159375,126,150,320,170,0.46875,98,93,320,227,0.290625,45,240,320,80,0.75,12,177,320,143,0.553125,30,57,320,263,0.178125,215,51,320,269,0.159375,236,153,320,167,0.478125,15,150,320,170,0.46875,38,18,320,302,0.05625,290,0
3,train,jump_to_max,3,540.0294444,0.001735143,46.13480341,47.89283018,45.86365011,43.87595166,47.0395374,42.78263308,50.02704983,45.02426009,44.40581763,42.61831668,44.57777374,46.8690915,41.27245012,50.18904864,48.63150023,45.15711068,47.93031492,46.91008083,49.89347886,49.4076779,46.50915811,50.62232895,46.08315535,44.76131398,44.9745737,48.94375869,44.57784958,47.72825315,43.08108591,49.12547503,43.06617052,47.46989559,52.20562692,45.48456417,47.08001622,47.37716542,47.80711099,48.90120721,40.48117883,41.6736406,49.79384518,43.25227522,43.92762151,47.6539996,42.61141032,45.74673595,44.95181017,44.78080864,50.37421277,49.22507924,47.57024163,48.55524092,45.95463361,50.06454331,46.26089263,46.24200869,45.25929607,52.84038992,45.07180069,45.95000066,46.16068358,43.06851467,55.6498373,41.70586836,49.37403319,43.38815808,46.6590677,48.22667275,48.19408695,46.22450339,46.21257042,48.61968454,44.35593103,44.97334418,43.54757103,44.61608414,44.98406101,49.2149549,49.40618391,42.22308896,44.45279551,43.08482265,45.25582587,44.27470314,44.57822646,49.69152235,47.03600873,41.7221206,50.45807703,51.73982778,44.80333596,45.89049581,46.74947134,44.37644616,49.03198858,44.70559132,46.62346967,43.43032483,50.64997584,49.7748893,44.44663795,46.91057635,44.48304983,42.40084382,43.3022698,52.46009219,47.19912832,46.5427873,45.29452151,51.18203086,51.5717726,51.93627709,43.57106298,43.30974185,43.42246925,44.08522287,50.54277454,44.96292718,42.09639812,42.99904764,46.98583341,55.29284084,41.47907521,48.3215184,47.64835135,49.37727009,43.02785003,44.62655821,47.31477977,46.24212078,47.37236708,47.66533313,1,0,0,0,1,0,0,0,1,0,0,0,1,0,0,0,1,0,0,0,1,0,0,0,1,0,0,0,1,0,0,0,1,0,0,0,1,0,0,0,1,0,0,0,1,0,0,0,1,0,0,0,1,0,0,0,1,0,0,0,1,0,0,0,1,0,0,0,1,0,0,0,1,0,0,0,1,0,0,0,168,320,152,0.525,143,192,320,128,0.6,18,72,320,248,0.225,167,198,320,122,0.61875,44,45,320,275,0.140625,194,84,320,236,0.2625,54,165,320,155,0.515625,24,297,320,23,0.928125,6,132,320,188,0.4125,119,84,320,236,0.2625,63,54,320,266,0.16875,138,243,320,77,0.759375,14,51,320,269,0.159375,167,282,320,38,0.88125,12,279,320,41,0.871875,11,120,320,200,0.375,119,57,320,263,0.178125,191,177,320,143,0.553125,24,267,320,53,0.834375,12,33,320,287,0.103125,284,1
3,train,jump_to_max,4,720.0000113,0.020884661,62.22422481,64.77822681,63.15094544,56.83267488,66.01616298,55.77960053,67.70783495,58.15425332,60.87399017,57.84603047,63.08077137,61.34511632,55.41785911,64.1689516,61.50333828,62.66162536,61.12605455,63.57367131,62.80029359,66.78133381,64.38134721,71.80837682,63.56233157,57.0205599,58.90905979,63.73145646,60.3712389,65.06462027,60.16245519,66.16558986,58.43644746,65.07866368,71.77839016,62.09124559,65.42776749,66.40546532,66.94409276,67.0132684,55.8023294,57.97734828,67.62427983,60.61970397,61.03229656,62.69389643,57.16013316,60.74981208,58.75279117,63.4997258,66.54682429,65.66941057,62.17615939,65.24659555,61.03311323,69.05385801,62.99925486,64.57510436,58.55956062,70.07929028,62.11531557,67.64423384,59.71046099,59.36063653,71.95068744,58.15610578,67.798209,60.90708236,60.27916941,69.45557285,64.95727141,59.97997844,59.47519678,61.67151468,64.49752151,60.48738477,58.82524434,62.43031755,57.16572601,67.5870806,67.07770956,57.49084933,64.6888658,55.25132631,60.3893308,62.43313944,59.7051586,68.3298011,69.15181414,55.84390176,67.54654281,70.96775014,58.88035339,62.78357205,62.90898381,60.50743318,68.41061501,60.73596978,63.28120517,54.8072993,64.79377542,68.41640622,62.17067755,63.75554302,61.69478942,55.98293781,56.92253492,71.48502587,65.97967445,62.47178517,58.84891384,70.52116382,68.98235371,68.7001654,57.49168299,59.92468019,58.22642798,59.2007009,70.40098349,61.88515515,56.34423589,58.36519619,66.42801249,72.2508023,56.71742712,69.98384935,61.28205559,64.18351102,56.68956344,59.13494952,62.08018047,62.46883167,63.88627686,62.12134341,1,0,0,0,0,0,0,9,1,0,0,0,1,0,0,0,1,0,0,0,1,0,0,0,1,0,0,0,0,0,0,9,1,0,0,0,1,0,0,0,1,0,0,0,1,0,0,0,1,0,0,0,1,0,0,0,1,0,0,0,1,0,0,0,1,0,0,0,1,0,0,0,1,0,0,0,1,0,0,0,210,320,110,0.65625,54,252,8640,8388,0.029166667,960,111,320,209,0.346875,27,162,320,158,0.50625,21,75,320,245,0.234375,140,117,320,203,0.365625,57,225,320,95,0.703125,12,423,8640,8217,0.048958333,960,204,320,116,0.6375,12,132,320,188,0.4125,51,57,320,263,0.178125,96,237,320,83,0.740625,12,120,320,200,0.375,83,297,320,23,0.928125,6,312,320,8,0.975,3,264,320,56,0.825,6,162,320,158,0.50625,54,243,320,77,0.759375,9,291,320,29,0.909375,6,45,320,275,0.140625,275,1
3,train,jump_to_max,5,900.003234,0.043860312,86.48158772,91.05633792,88.36368884,76.05485807,85.974854,71.72878131,91.35073029,79.59402385,80.19305446,76.3792109,84.45965285,81.95641888,79.80863269,86.67308546,86.23424734,82.97001822,82.73353383,85.56276574,84.93001399,90.36607451,86.74018751,91.04190019,85.10640659,74.60852198,78.85677671,87.02302996,84.39166041,84.86559668,77.90085869,86.67148578,82.63426933,89.7889515,97.49337573,83.19610599,86.30616426,87.8151991,90.54636147,88.15510371,74.3998996,75.49398108,88.55047129,84.94897611,78.39525944,86.9015808,75.86988138,82.35983134,76.26430663,82.81840324,88.61596798,86.33500734,83.97875636,95.02650274,80.43547334,88.16112178,81.88346522,91.17625784,79.04594033,89.92212002,83.97877932,92.13482136,82.02531733,75.66797229,92.42827102,76.90197774,89.82388244,80.30550694,76.08426834,97.25157451,88.26154796,80.41697075,87.26798112,82.53926582,90.1949521,77.38998973,73.77089289,82.23347152,76.35228795,89.09995327,100.9159002,76.83750323,85.46644626,74.74591133,81.99968673,78.937116,79.74989264,96.19683371,98.55532338,77.26762137,91.74684598,101.1082678,78.00355466,85.56249935,86.20493868,79.37482309,88.17625837,81.59983137,91.18005162,72.06401003,88.5775417,89.0714501,80.23889654,87.78012792,86.1745319,76.54382205,78.4480353,95.57807131,89.10736055,86.93791553,80.06382952,99.72076959,100.1252069,89.56502114,74.96262671,87.70755757,77.49613449,83.2864072,97.55534079,87.1756732,78.13018327,78.71103639,91.03655558,100.1171794,77.38819816,93.07701512,78.82264668,85.87932996,77.22744456,80.23511311,84.82910009,82.74614408,88.5448294,83.62613777,1,0,0,0,0,0,0,9,1,0,0,0,1,0,0,0,1,0,0,0,1,0,0,0,1,0,0,0,0,0,0,9,1,0,0,0,1,0,0,0,1,0,0,0,1,0,0,0,1,0,0,0,1,0,0,0,1,0,0,0,1,0,0,0,1,0,0,0,1,0,0,0,1,0,0,0,1,0,0,0,249,320,71,0.778125,15,312,8640,8328,0.036111111,960,84,320,236,0.2625,33,168,320,152,0.525,21,84,320,236,0.2625,171,168,320,152,0.525,47,291,320,29,0.909375,6,471,8640,8169,0.054513889,960,213,320,107,0.665625,12,120,320,200,0.375,53,81,320,239,0.253125,45,270,320,50,0.84375,9,150,320,170,0.46875,24,300,320,20,0.9375,3,294,320,26,0.91875,3,291,320,29,0.909375,9,210,320,110,0.65625,21,252,320,68,0.7875,12,291,320,29,0.909375,6,63,320,257,0.196875,132,1
3,train,jump_to_max,6,1080.021765,0.085831864,114.8903387,120.9719889,120.4519937,101.6239089,111.812294,97.34356952,131.5652398,104.5663775,99.81205749,97.47532212,116.7643261,113.147879,107.1877446,115.099934,112.05142,107.8795624,105.4650749,117.6769023,121.0298947,115.8886301,122.4536387,122.0298565,113.9061281,99.05676104,110.4312847,113.3089428,115.3692898,106.9833964,109.6356001,123.598376,114.8015927,122.1597144,128.1109115,110.839882,115.6710546,120.8747741,124.1704631,119.6059387,97.60552908,96.90640705,112.2631128,115.8944078,105.2715483,107.9817723,102.0872817,115.1292481,100.0993026,103.2841572,119.6229238,115.7948272,116.3809948,126.4074063,105.4439346,119.1165794,115.2667504,117.5983495,109.2763898,123.5269685,113.2778125,119.1408567,114.2029449,98.51783457,127.3066268,101.5130642,124.3026526,113.6144093,103.0808178,133.8003943,121.0594881,108.9081371,119.0079145,109.6859618,114.7511097,106.9805905,101.1003821,106.4537084,106.6713936,117.7599742,134.5615474,101.7782707,120.2064618,96.74904822,107.3311053,101.3454953,103.5918851,128.6584443,141.8469342,102.9053894,115.9760495,134.6278125,102.3604552,113.4484844,115.7700522,108.1148537,122.0332102,111.2632663,122.9246423,93.39858606,108.3362537,123.0620613,105.8991294,115.8974863,117.2139652,99.99148978,105.9244468,127.4984701,117.573537,122.3043105,102.7191156,125.6127589,141.4487291,120.8995,101.1736831,113.9201927,99.84636461,116.327808,122.7918116,111.5055044,107.348943,106.5171574,121.0008052,133.5132421,107.5535559,119.5524606,109.6023073,115.5042175,108.3826582,113.3163639,108.3160768,113.9183231,123.8439322,113.3083473,1,0,0,0,0,0,0,9,1,0,0,0,1,0,0,0,1,0,0,0,1,0,0,0,1,0,0,0,0,0,0,9,1,0,0,0,1,0,0,0,1,0,0,0,1,0,0,0,1,0,0,0,1,0,0,0,1,0,0,0,1,0,0,0,1,0,0,0,1,0,0,0,1,0,0,0,1,0,0,0,315,320,5,0.984375,3,474,8640,8166,0.054861111,960,138,320,182,0.43125,27,189,320,131,0.590625,12,135,320,185,0.421875,30,237,320,83,0.740625,12,315,320,5,0.984375,3,543,8640,8097,0.062847222,960,195,320,125,0.609375,15,165,320,155,0.515625,18,159,320,161,0.496875,27,270,320,50,0.84375,6,162,320,158,0.50625,12,312,320,8,0.975,3,309,320,11,0.965625,3,273,320,47,0.853125,3,228,320,92,0.7125,12,264,320,56,0.825,9,285,320,35,0.890625,5,87,320,233,0.271875,108,1
4,train,jump_to_max,1,180.1250135,0,24.38528305,26.97630619,26.12749715,25.77719521,24.27982943,26.41635307,25.61721992,26.68361076,24.84048086,24.94036861,25.65280801,24.49526899,24.29885962,25.75282322,25.26306602,25.93464593,26.73581127,26.0089036,25.89833715,24.47249814,25.63304475,25.86615765,25.25678768,25.33818544,26.12837409,25.7008883,25.47911365,25.60694565,25.77925596,24.27652985,25.83481189,25.04321619,25.68873186,27.46838959,25.54318424,26.65180491,25.23378785,26.65975505,25.03275068,26.86713802,25.24302475,25.95894897,25.97895765,24.07725785,26.79941858,25.6598081,25.1740145,26.50838997,26.64570777,25.90964714,24.62061305,25.10682517,27.0430293,25.01471281,24.88640585,26.5182067,26.98722994,26.60982171,24.54571862,25.02169633,25.23467589,25.70883768,25.23651742,25.03505179,25.85470192,25.6702537,27.23434822,25.3353863,25.91675593,26.04799047,25.13567331,25.69236615,26.8987254,26.30304401,28.30204637,27.18112163,24.66374164,25.68942833,26.39440749,26.05973009,24.16984846,26.03506685,26.74907268,26.55981128,27.23384713,25.9293782,25.67981417,25.1121904,25.77144252,26.71637365,26.02983961,25.62721161,25.52258509,25.41547929,26.80514711,24.58964067,26.40122912,27.69984695,25.3179557,26.18563149,26.36769732,24.8074053,25.87002238,26.49834284,26.29686146,26.58206311,24.46841105,24.97610035,25.2469597,25.02822218,26.70769869,26.09989891,24.16652358,25.38310379,24.59053065,27.28577591,25.69353276,26.70885304,26.26976006,26.15075472,27.10828493,25.28578708,25.13794007,25.58456607,25.80697728,25.05488644,25.60101592,24.59105113,25.821016,24.53658849,25.38292575,25.59885627,1,0,0,0,1,0,0,0,1,0,0,0,1,0,0,0,1,0,0,0,1,0,0,0,1,0,0,0,1,0,0,0,1,0,0,0,1,0,0,0,1,0,0,0,1,0,0,0,1,0,0,0,1,0,0,0,1,0,0,0,1,0,0,0,1,0,0,0,1,0,0,0,1,0,0,0,1,0,0,0,75,320,245,0.234375,203,87,320,233,0.271875,65,48,320,272,0.15,200,93,320,227,0.290625,134,18,320,302,0.05625,269,57,320,263,0.178125,81,81,320,239,0.253125,72,165,320,155,0.515625,65,21,320,299,0.065625,227,24,320,296,0.075,269,24,320,296,0.075,269,129,320,191,0.403125,134,54,320,266,0.16875,218,177,320,143,0.553125,83,132,320,188,0.4125,65,24,320,296,0.075,269,57,320,263,0.178125,242,111,320,209,0.346875,83,108,320,212,0.3375,110,6,320,314,0.01875,314,0
4,train,jump_to_max,2,360.0047634,0.000115647,31.03110825,35.05337865,33.24265287,33.46586901,32.58376798,34.03286273,32.69307887,37.11982457,34.97298731,33.32697174,36.41233864,33.94778221,33.46355566,35.57198059,32.72801452,34.95499665,36.01337745,36.2163503,34.46646078,33.57728474,35.08721558,35.76260924,35.74746784,34.63639503,35.46841303,37.10405496,35.24961547,34.48376187,34.4530919,34.566463,39.4670295,33.66118111,33.00602344,38.30352021,34.73770415,36.81821277,32.5093172,37.15435811,33.46568245,36.73598256,32.50382345,36.14817348,33.92392962,31.19448744,36.80010214,35.07483338,32.70947244,35.76568934,34.47242912,35.25597033,32.99875326,33.56251369,34.5359005,35.43257918,32.27029542,35.17640516,34.18267721,34.98084716,34.23666143,32.7796538,35.39027284,35.26890305,34.86457081,33.20433407,36.59666824,34.15400787,36.65047143,34.94381631,37.21097814,34.4280733,33.21221942,34.10644748,36.95528259,33.6094217,40.35602679,39.16487069,35.7081274,32.79821708,35.9353138,33.36212463,32.1456759,36.2515489,36.23329008,36.37578521,37.06085388,34.81710187,35.06340152,34.75349356,35.12179186,35.66063554,35.2695116,33.88828487,33.72766342,34.11519798,35.99080477,31.84514139,35.8915359,38.73308309,34.93097815,34.84940716,38.46266185,31.89462594,34.81977478,36.27204354,36.33826001,36.6401394,31.46688192,31.96554255,33.24981849,34.71103557,37.23979914,37.43604461,31.0990268,32.39005041,33.78300535,36.75383267,32.5755508,37.78587884,35.82247819,35.49467886,35.45525826,33.10948503,31.45642398,35.19827104,35.31867638,34.26286131,33.71907991,31.10200557,33.69508844,33.33015802,34.14138967,34.41829467,1,0,0,0,1,0,0,0,1,0,0,0,1,0,0,0,1,0,0,0,1,0,0,0,1,0,0,0,1,0,0,0,1,0,0,0,1,0,0,0,1,0,0,0,1,0,0,0,1,0,0,0,1,0,0,0,1,0,0,0,1,0,0,0,1,0,0,0,1,0,0,0,1,0,0,0,1,0,0,0,138,320,182,0.43125,179,138,320,182,0.43125,39,48,320,272,0.15,200,141,320,179,0.440625,92,27,320,293,0.084375,206,81,320,239,0.253125,33,132,320,188,0.4125,54,264,320,56,0.825,15,75,320,245,0.234375,212,27,320,293,0.084375,263,33,320,287,0.103125,218,168,320,152,0.525,92,57,320,263,0.178125,159,243,320,77,0.759375,15,192,320,128,0.6,80,57,320,263,0.178125,233,57,320,263,0.178125,248,171,320,149,0.534375,27,114,320,206,0.35625,80,6,320,314,0.01875,308,0
4,train,jump_to_max,3,540.0053193,0.004482909,45.16608971,48.17554472,46.07483084,46.33579399,42.00566442,46.4157238,44.3138251,51.43896753,45.15056087,43.85178225,49.09924025,47.32096484,44.23118692,46.83275138,44.28017903,44.62555589,47.90985672,48.95192042,46.91141366,44.94928539,48.73831116,46.14811465,44.57637189,47.64948078,46.94462857,46.45158442,47.05468676,43.1476736,44.8388419,46.10332204,54.66025976,46.81437676,44.48708622,50.98810689,49.21536926,51.25409458,43.7007678,51.00277835,42.84855155,50.70572432,42.52636538,46.67471848,46.46141422,41.23989866,49.29222947,45.96279355,43.93486715,49.07242084,46.97122427,47.45916755,46.17595338,42.89729782,46.45665659,49.48533376,42.97713923,48.78264588,45.2143324,43.16031692,45.14260733,43.2852919,46.53499074,47.32752493,45.95490877,45.47843587,49.86384436,46.37787273,49.33130176,48.77652241,53.02888311,42.306689,43.64596033,48.48324042,52.07871178,45.99561349,52.64337441,53.25475587,48.47127547,41.80591869,50.07167658,43.23998979,43.60023675,45.29330471,50.12761454,47.78702604,50.89947396,45.97074915,49.81214113,47.46500706,48.0450243,49.41704596,48.86601687,44.24033784,46.25638458,44.01594836,47.49957755,41.75894196,48.52021746,48.78785455,46.17565818,45.85568108,52.48817194,42.75607474,47.9709905,47.70936854,50.30469378,49.10253273,42.25917038,40.73672674,42.68753326,44.6908279,49.42010493,51.89385422,44.35657867,43.33611592,45.96769125,50.06965035,43.76408507,52.51109166,47.18227985,46.69178758,46.91607634,43.59089518,39.84415845,47.67872119,48.39397313,44.54940188,44.05629005,41.97563025,44.12833822,45.66273558,44.6518998,48.46861949,1,0,0,0,1,0,0,0,1,0,0,0,1,0,0,0,1,0,0,0,1,0,0,0,1,0,0,0,1,0,0,0,1,0,0,0,1,0,0,0,1,0,0,0,1,0,0,0,1,0,0,0,1,0,0,0,1,0,0,0,1,0,0,0,1,0,0,0,1,0,0,0,1,0,0,0,1,0,0,0,138,320,182,0.43125,158,198,320,122,0.61875,21,66,320,254,0.20625,167,171,320,149,0.534375,15,57,320,263,0.178125,209,69,320,251,0.215625,63,207,320,113,0.646875,12,288,320,32,0.9,6,141,320,179,0.440625,92,81,320,239,0.253125,81,54,320,266,0.16875,75,267,320,53,0.834375,6,129,320,191,0.403125,71,315,320,5,0.984375,3,258,320,62,0.80625,12,144,320,176,0.45,119,45,320,275,0.140625,113,210,320,110,0.65625,15,210,320,110,0.65625,12,9,320,311,0.028125,299,1
4,train,jump_to_max,4,720.0197424,0.022935253,56.3465918,62.29944061,59.36653279,61.94179071,55.02025132,61.68762762,61.35170385,66.67533517,58.29668812,59.13404443,64.59040887,61.6622067,60.63201086,64.11254027,57.44189229,64.79269436,66.67651823,64.30355421,62.89961951,57.68139355,65.67846708,62.08808196,57.01470947,68.02103747,60.0860138,63.35177767,65.14135216,59.9537915,58.43992792,63.22551698,74.19037392,60.16403031,58.80909697,69.83289906,66.28301602,66.55947899,57.66924972,65.16885283,59.19126937,67.1429168,56.80364935,58.37709055,58.33724066,54.12197185,64.93848718,60.5513752,61.89143324,64.84581086,59.82062068,63.37013521,60.42133644,58.81059884,62.89861217,67.39751535,60.35659663,64.16341853,59.70797758,54.85144538,60.98300303,63.26625847,63.03048534,64.09293917,62.8364467,61.39704574,68.11522989,64.26000588,66.50032057,64.24437236,75.43850539,56.98068224,58.74405693,64.76526464,71.65480229,60.43459749,71.7697046,71.78665151,60.25364191,54.72264601,69.41731575,57.04795334,58.94709377,60.74043145,66.87119401,62.98519231,71.52422044,65.85924856,71.37592447,63.47217479,65.00190722,66.79365215,66.77838012,58.32292945,63.90952071,60.4718431,61.28513245,56.68855522,66.46826643,66.7909744,60.6093573,61.42358186,72.26956787,59.91610744,68.98186043,64.30471504,65.6058604,64.9477795,58.61383349,56.02740069,54.31388256,63.5713064,63.52522615,72.06992834,62.56117129,58.19085093,60.77443955,64.8269079,59.6512215,67.68038491,59.84840078,59.3850594,62.84574857,59.00641221,55.91350571,63.65783351,67.27477227,58.17790033,62.35582585,56.47046167,59.45998926,61.13234854,63.60937884,66.60389454,1,0,0,0,1,0,0,0,1,0,0,0,1,0,0,0,0,0,0,9,1,0,0,0,1,0,0,0,1,0,0,0,1,0,0,0,1,0,0,0,1,0,0,0,1,0,0,0,1,0,0,0,0,0,0,9,1,0,0,0,1,0,0,0,1,0,0,0,1,0,0,0,1,0,0,0,1,0,0,0,237,320,83,0.740625,24,231,320,89,0.721875,12,111,320,209,0.346875,137,234,320,86,0.73125,9,57,8640,8583,0.006597222,960,132,320,188,0.4125,32,186,320,134,0.58125,42,309,320,11,0.965625,3,264,320,56,0.825,14,114,320,206,0.35625,122,126,320,194,0.39375,21,297,320,23,0.928125,6,108,320,212,0.3375,66,381,8640,8259,0.044097222,960,207,320,113,0.646875,9,237,320,83,0.740625,11,75,320,245,0.234375,155,249,320,71,0.778125,12,297,320,23,0.928125,6,33,320,287,0.103125,213,1
4,train,jump_to_max,5,900.0378617,0.043990118,75.98396629,89.09141605,81.97270727,82.28549362,73.17580205,84.71618715,85.28127668,91.19999329,79.41601431,79.75555268,87.90853602,84.78633359,81.37838091,89.48866122,79.14218486,86.14462879,87.27606006,91.72876119,81.88808076,80.71362597,85.37621282,81.71734771,78.42438295,96.12173508,82.59568456,83.51002356,89.17215631,81.07348981,75.76332977,87.52927278,101.3863543,82.94078156,79.63355365,94.09446689,89.16615848,93.04212469,76.4161008,86.93498755,84.17947944,89.56148669,77.37370765,82.32746534,80.98460819,73.97456996,89.56000267,84.04376661,82.8729888,87.43040354,82.23714996,87.4982272,78.44418416,77.0966495,81.64086167,92.05626496,80.98537193,87.3128265,80.18939185,76.69704107,89.44710088,84.15925606,85.28045278,84.09091354,83.63881771,86.79182249,90.64925569,89.86181169,89.80874237,85.78759134,106.9220714,75.49448888,77.75968033,86.54778547,93.59794577,82.55483933,98.33943592,95.41069428,83.41048951,75.10279953,94.64017943,79.28279384,77.61982266,82.87886304,87.46901611,85.96153523,94.10055791,85.01616535,98.98941646,83.66333109,80.15229982,96.41330879,87.17169813,80.87545995,87.33787482,82.16120064,81.68645131,77.85482541,88.83415869,88.6122088,82.982135,85.36233821,100.1020958,79.3524901,90.28695115,86.36616344,91.96418906,87.82082273,76.81145681,76.17238979,71.19445632,83.1509592,84.83618426,95.64936327,81.85841358,80.82238947,83.88996547,82.4859049,79.46882161,89.04059908,79.69400461,78.10826476,88.29307267,78.10642158,73.95241388,82.29157376,91.17773324,79.55229665,80.47377153,74.73615339,79.05827493,84.06520029,80.41352138,90.96626361,1,0,0,0,1,0,0,0,1,0,0,0,1,0,0,0,0,0,0,9,1,0,0,0,1,0,0,0,1,0,0,0,1,0,0,0,1,0,0,0,1,0,0,0,1,0,0,0,1,0,0,0,0,0,0,9,1,0,0,0,1,0,0,0,1,0,0,0,1,0,0,0,1,0,0,0,1,0,0,0,243,320,77,0.759375,21,261,320,59,0.815625,12,162,320,158,0.50625,47,231,320,89,0.721875,12,84,8640,8556,0.009722222,960,147,320,173,0.459375,21,213,320,107,0.665625,18,315,320,5,0.984375,3,264,320,56,0.825,6,201,320,119,0.628125,26,171,320,149,0.534375,17,300,320,20,0.9375,3,201,320,119,0.628125,15,462,8640,8178,0.053472222,960,186,320,134,0.58125,12,243,320,77,0.759375,9,135,320,185,0.421875,42,270,320,50,0.84375,6,258,320,62,0.80625,9,72,320,248,0.225,110,1
4,train,jump_to_max,6,1080.015477,0.082887143,99.21684257,119.6599407,109.1617974,110.5307981,93.08821156,111.4520157,112.2052277,118.468663,104.9800568,101.1154122,123.8295524,111.3900543,110.0741416,114.5224505,99.74477306,114.7070572,117.0493571,120.153849,109.9520724,116.4270048,110.0181903,113.9829558,113.6276058,124.7085456,112.4142189,119.4377364,121.0808097,119.0158848,97.02046227,124.264481,134.5365134,109.1706805,112.1976625,120.9062011,122.6674005,126.2692957,108.1339842,116.5394543,116.172377,115.5727957,103.3933747,105.6299554,110.6093849,99.08857055,122.1779905,112.8052392,111.9870499,116.5490442,102.6071664,114.6180657,103.9964847,98.11980321,110.962769,127.5501316,110.5356672,110.9858949,104.0130222,98.20180568,118.5521093,112.3943095,107.1463486,110.4263536,114.8740594,112.4749467,123.2797248,125.5917508,124.1600951,119.9666515,149.7738966,100.118919,103.2401338,113.554293,121.8625856,117.3751852,133.0030879,127.6173541,109.7731348,99.87747862,129.6233908,100.4458925,105.9376323,107.1416192,114.3982124,111.1519074,125.1152906,107.609519,122.5318706,111.8223495,106.4348775,136.7855557,116.6367832,108.0296972,111.8314696,109.0123947,107.8762046,100.4236547,124.2325102,113.3079832,105.5687326,119.8331831,134.8970103,109.9327704,115.8268062,118.4066434,120.4195276,121.6829749,108.1992559,100.6068466,92.06033923,106.9699011,114.7866277,124.7619421,113.2330562,109.0048374,107.1917231,105.0850548,104.5562903,120.7662356,109.0511837,106.5295865,122.7326009,107.2766338,100.0879451,112.5500413,123.8514628,102.6174761,108.8517848,102.4598929,107.811412,117.2710052,107.8325164,119.5851667,1,0,0,0,1,0,0,0,1,0,0,0,1,0,0,0,0,0,0,9,1,0,0,0,1,0,0,0,1,0,0,0,1,0,0,0,1,0,0,0,1,0,0,0,1,0,0,0,1,0,0,0,0,0,0,9,1,0,0,0,1,0,0,0,1,0,0,0,1,0,0,0,1,0,0,0,1,0,0,0,303,320,17,0.946875,9,237,320,83,0.740625,9,138,320,182,0.43125,15,228,320,92,0.7125,9,123,8640,8517,0.014236111,960,261,320,59,0.815625,15,276,320,44,0.8625,9,315,320,5,0.984375,3,267,320,53,0.834375,6,240,320,80,0.75,12,180,320,140,0.5625,21,312,320,8,0.975,3,264,320,56,0.825,6,528,8640,8112,0.061111111,960,243,320,77,0.759375,9,288,320,32,0.9,6,114,320,206,0.35625,80,258,320,62,0.80625,9,306,320,14,0.95625,3,48,320,272,0.15,212,1
5,train,jump_to_max,1,180.0949724,0,24.49263267,25.15834511,26.37826403,25.568241,25.94199204,26.61362413,23.95146868,25.9910191,26.64078159,25.50153681,24.93904916,25.21897293,25.94029518,26.50333095,24.58989085,26.82867213,26.05465681,26.10831618,25.43845914,25.94154619,24.88306043,24.93949881,26.99581623,26.20038708,25.08164882,25.76304401,24.66919808,24.80735264,26.33321046,25.78443883,26.30043979,25.6043024,24.83492261,26.08736823,25.88765102,26.09599474,25.82920307,24.96447188,27.73377047,26.33049133,26.07620493,24.19174676,26.44973112,25.76927869,24.93747462,25.41128779,26.56085142,25.70135585,25.81037525,26.50455026,27.33383463,23.76500294,25.19551174,24.70079435,25.24925665,25.93218523,24.61999182,25.35184525,26.66387861,25.98697393,25.51488463,24.34856641,25.15643551,24.80316475,26.03862862,24.53922279,27.4332823,24.5255253,24.52884216,25.39820787,25.30758771,27.34539486,24.10464026,24.85663065,25.27556768,26.65701019,25.91155191,25.02698912,25.92060903,25.56122009,24.40441717,26.14220767,25.39882034,25.77360376,26.33328615,24.69997806,25.79993034,25.76609747,24.9727209,25.71004744,27.63184864,26.40356174,26.80508786,26.01145266,25.58533833,25.326758,24.71901424,25.29938722,26.57715583,25.49722859,25.40420195,25.34259501,25.42484441,24.99712138,25.04699911,26.05191752,25.89993417,25.98211761,26.4236067,26.2258017,24.54978055,25.41148855,26.17432972,26.15448494,24.71427978,25.62916023,24.41109772,24.63525,25.68985323,25.40856818,25.03014907,26.01902244,26.36176386,26.8232423,26.35331674,25.06346859,24.6588846,25.41574324,26.25699202,26.5759664,25.21414292,24.81521831,1,0,0,0,1,0,0,0,1,0,0,0,1,0,0,0,1,0,0,0,1,0,0,0,1,0,0,0,1,0,0,0,1,0,0,0,1,0,0,0,1,0,0,0,1,0,0,0,1,0,0,0,1,0,0,0,1,0,0,0,1,0,0,0,1,0,0,0,1,0,0,0,1,0,0,0,1,0,0,0,90,320,230,0.28125,182,99,320,221,0.309375,119,27,320,293,0.084375,260,117,320,203,0.365625,161,24,320,296,0.075,287,66,320,254,0.20625,107,90,320,230,0.28125,113,192,320,128,0.6,113,69,320,251,0.215625,215,54,320,266,0.16875,233,33,320,287,0.103125,284,117,320,203,0.365625,134,42,320,278,0.13125,230,183,320,137,0.571875,113,102,320,218,0.31875,161,42,320,278,0.13125,233,51,320,269,0.159375,236,114,320,206,0.35625,116,120,320,200,0.375,161,15,320,305,0.046875,299,0
5,train,jump_to_max,2,360.020168,0,33.47824042,35.37469705,36.13994458,32.92198707,35.11738379,36.38946688,31.84771705,35.33732602,35.78419257,34.81913583,35.40213886,32.87725996,35.41140269,37.24467759,33.47059202,36.20520165,35.13492504,34.86670133,34.79860998,34.95632816,32.07309051,32.94249137,34.62523667,34.69185478,32.40216424,35.65216793,33.58008425,33.75832484,36.05043936,33.8787649,35.65589282,35.35957276,37.21542627,36.24173088,34.1099911,37.09711969,34.88461731,32.39757312,36.59590016,34.61102328,35.87225584,31.74175114,35.34335952,35.83165144,34.94355578,34.71835221,35.20228142,37.02443344,35.69516533,35.96348973,36.59073753,31.98632998,34.50017418,31.0432564,34.25979531,33.74725281,34.92841603,32.91750373,36.20208408,33.84326195,34.5133265,31.01400748,34.76307314,34.22961454,35.0356871,34.18351943,37.61350721,31.90145299,33.40618812,33.52420379,34.18086596,37.18612317,34.06691545,33.12021518,33.71549337,37.94096931,35.01309139,33.52386618,35.40092992,34.88533094,32.83123218,35.34971824,33.39092911,34.627172,35.16202883,34.64047327,35.78553832,35.64538576,34.20786897,34.1696499,38.32665779,33.70090906,37.59515101,36.38515258,33.36697694,34.74487275,32.63470222,31.52128209,37.38804969,36.51322604,33.2097002,34.38728145,33.99344275,31.82234173,32.42193328,37.08361638,35.40852022,34.88070428,35.97881944,32.72413945,33.16744632,34.21916875,36.55785274,34.13304537,34.06694047,33.79521021,34.02715579,33.3898082,35.48912114,34.39853705,32.79377979,36.8442233,35.43103481,35.3504069,34.48952436,32.58518763,32.83347698,32.09641492,37.21488221,34.74737835,33.97760571,33.65133895,1,0,0,0,1,0,0,0,1,0,0,0,1,0,0,0,1,0,0,0,1,0,0,0,1,0,0,0,1,0,0,0,1,0,0,0,1,0,0,0,1,0,0,0,1,0,0,0,1,0,0,0,1,0,0,0,1,0,0,0,1,0,0,0,1,0,0,0,1,0,0,0,1,0,0,0,1,0,0,0,108,320,212,0.3375,197,120,320,200,0.375,35,60,320,260,0.1875,185,153,320,167,0.478125,68,30,320,290,0.09375,218,48,320,272,0.15,74,153,320,167,0.478125,44,294,320,26,0.91875,26,51,320,269,0.159375,224,45,320,275,0.140625,227,24,320,296,0.075,236,192,320,128,0.6,68,48,320,272,0.15,158,252,320,68,0.7875,26,222,320,98,0.69375,32,66,320,254,0.20625,227,45,320,275,0.140625,257,156,320,164,0.4875,26,141,320,179,0.440625,32,9,320,311,0.028125,305,0
5,train,jump_to_max,3,540.0003113,0.002499531,46.5377697,48.97408055,50.39146472,44.75224258,47.44997656,50.3556078,41.32865949,49.05861223,49.26048055,46.28594338,44.1367137,45.37370723,46.73233355,48.77650948,44.95757636,47.18824737,45.03703883,48.80373481,48.42388636,47.22890354,43.65136901,44.41997633,48.00898616,47.17555058,43.52117216,46.24628857,44.24158467,45.21505341,50.11589404,44.64075723,45.80258463,46.29261104,48.14203215,49.17044342,42.90417052,52.11032907,45.69880679,43.88094983,48.91953723,46.6821134,49.43948552,42.53820958,48.42468245,49.21062121,45.06250565,46.96463773,47.30878366,49.54868575,46.18913727,49.85888731,47.89277715,41.33548469,47.42057336,40.27584807,47.81472067,44.68781963,43.91373245,44.27139172,48.11285654,45.68617633,47.14309121,41.96986546,46.04750322,47.22718746,48.27661118,46.11796312,51.09100006,41.69970895,44.10246164,44.84723463,46.87716669,48.99789696,45.81401052,47.11365801,47.12174997,51.74626348,44.54440705,45.04530978,46.73116205,44.3105345,42.86833387,47.83762698,44.57426076,47.01051279,48.14947797,48.10473851,46.15533705,46.75182301,43.41536098,48.65599613,50.33892914,45.97748652,48.75283217,49.4892883,44.67964389,45.52290052,43.55627943,41.82309054,49.0487555,48.53863851,46.1718813,50.40652804,44.57434326,41.47603776,41.21642933,48.89379582,47.81396928,46.91180027,45.91013232,43.72356851,46.9767162,47.37873765,47.46267283,44.01204905,48.92864302,47.39145763,45.7359125,45.5451826,46.20692288,43.97509138,42.18585135,50.41760529,45.81850066,47.16770829,46.71795676,43.67342897,43.26353586,41.2964144,51.11287768,48.33749729,46.04327436,48.04018846,1,0,0,0,1,0,0,0,1,0,0,0,1,0,0,0,1,0,0,0,1,0,0,0,1,0,0,0,1,0,0,0,1,0,0,0,1,0,0,0,1,0,0,0,1,0,0,0,1,0,0,0,1,0,0,0,1,0,0,0,1,0,0,0,1,0,0,0,1,0,0,0,1,0,0,0,1,0,0,0,120,320,200,0.375,80,204,320,116,0.6375,18,54,320,266,0.16875,185,141,320,179,0.440625,38,45,320,275,0.140625,230,105,320,215,0.328125,87,129,320,191,0.403125,36,279,320,41,0.871875,6,120,320,200,0.375,59,75,320,245,0.234375,44,51,320,269,0.159375,90,210,320,110,0.65625,15,117,320,203,0.365625,36,291,320,29,0.909375,6,204,320,116,0.6375,23,132,320,188,0.4125,59,60,320,260,0.1875,105,231,320,89,0.721875,9,189,320,131,0.590625,23,12,320,308,0.0375,290,1
5,train,jump_to_max,4,720.0081937,0.024484783,57.11001297,70.73294355,67.4269744,60.19544861,66.04467838,68.1507235,60.52136069,66.13898624,64.49070402,61.33642729,56.76772936,59.43585529,61.24307023,70.27509841,65.12190337,59.81188769,58.48099939,64.35560708,65.94323741,61.51108523,59.62097766,57.97294537,61.59681728,63.32600835,57.07054105,61.45725699,56.83367448,59.19327718,68.10253811,61.247531,60.05327743,56.77892416,66.64322045,65.99487973,58.47214849,75.07834607,64.2271567,58.98341281,64.23681336,62.83736058,67.97378756,63.53619678,64.17927427,63.14078007,63.0356215,63.76781562,61.37275822,63.8322369,66.53543871,60.70357455,64.21923432,57.59286623,61.86451656,56.81455337,62.52524287,61.92275463,57.08306192,57.87500174,61.15726067,61.87372746,63.96535965,57.80871755,61.06003489,61.93042339,67.1392575,59.85707898,68.94134877,54.54336718,59.12386442,58.846654,69.28445584,64.82954618,59.16429158,64.11171463,66.56321027,67.6169293,58.83111473,62.95801429,60.89354085,59.68866575,55.92503598,66.28336148,59.72609282,62.01894832,63.74217006,64.91872544,64.2959611,63.88118343,57.77575794,67.67091704,69.14766743,61.34598478,64.02975459,69.30826428,61.25264891,61.17431231,59.27933976,59.13680848,65.29975853,66.65865229,63.23741692,63.04644812,55.11503492,59.26495202,53.51074326,64.74575976,64.10756323,62.88260325,61.90553169,59.5942294,61.25621209,68.30318519,64.54849917,63.94171102,67.90997667,63.75550813,60.16788235,60.40288485,59.50074662,61.28401558,62.04311877,70.0756304,63.35549372,68.45661932,62.54312011,61.12361971,61.03377423,58.63951497,66.54974908,66.15982575,61.93598756,60.90915928,1,0,0,0,1,0,0,0,1,0,0,0,1,0,0,0,0,0,0,9,1,0,0,0,1,0,0,0,1,0,0,0,1,0,0,0,1,0,0,0,1,0,0,0,1,0,0,0,1,0,0,0,0,0,0,9,1,0,0,0,1,0,0,0,1,0,0,0,1,0,0,0,1,0,0,0,1,0,0,0,231,320,89,0.721875,41,279,320,41,0.871875,6,111,320,209,0.346875,45,234,320,86,0.73125,9,45,8640,8595,0.005208333,960,114,320,206,0.35625,36,168,320,152,0.525,21,315,320,5,0.984375,3,261,320,59,0.815625,9,102,320,218,0.31875,51,120,320,200,0.375,36,285,320,35,0.890625,6,150,320,170,0.46875,116,414,8640,8226,0.047916667,960,216,320,104,0.675,24,222,320,98,0.69375,18,105,320,215,0.328125,123,225,320,95,0.703125,9,288,320,32,0.9,3,42,320,278,0.13125,176,1
5,train,jump_to_max,5,900.0053095,0.041931224,76.26718728,94.3641708,90.35166554,82.82454111,84.9628905,93.22591156,82.27346226,88.47660163,88.23617403,88.59102998,73.18160464,81.73437735,80.84883664,92.54764811,83.41573133,79.81564399,80.4750454,86.59144281,87.01881389,85.28897907,84.80277892,76.51269937,81.09325888,85.42888458,82.8201176,86.14367315,76.67603627,80.89644976,94.03147042,82.04381175,82.86663877,77.43467666,87.45732359,87.4034818,74.27931822,103.512372,90.53392231,76.40241319,88.77543327,83.26866619,92.62180805,85.21509724,84.12136422,88.43705212,84.07778531,81.74819323,87.08790212,88.17134856,89.3253371,88.6677505,89.63696477,77.77060741,83.01465873,76.44279118,82.61358039,86.09530884,83.38332909,77.20478369,80.09744967,79.97029925,84.95879533,73.50480412,79.7608212,82.35087849,88.09011049,78.1711106,91.92083147,73.86601765,80.01994385,79.78452367,95.43117955,81.64952786,81.94977379,85.29804098,91.93288073,93.00344643,79.39419377,83.55363248,87.4633623,81.57452173,74.48497778,84.98679987,80.99690246,87.04085583,84.24020158,87.1048849,88.10030951,85.21723992,79.85999179,89.92163597,91.95509413,84.05991953,77.85273402,92.71018827,78.65873737,83.25025989,78.30181424,80.58093248,84.7369971,86.32442649,85.88357185,88.46604106,77.31138624,83.89950398,72.81949864,85.23053263,90.22530655,83.63255773,84.82464611,83.79613336,85.146588,97.47880399,86.44088901,83.99240232,95.88266909,85.22160028,83.86648678,78.26527225,83.27674982,84.18717621,83.0897619,95.37465182,84.59239105,96.37840754,82.31826064,81.12909246,79.94644587,83.70872333,87.13094325,85.89349582,79.88385186,81.58695806,1,0,0,0,1,0,0,0,1,0,0,0,1,0,0,0,0,0,0,9,1,0,0,0,1,0,0,0,1,0,0,0,1,0,0,0,1,0,0,0,1,0,0,0,1,0,0,0,1,0,0,0,0,0,0,9,1,0,0,0,1,0,0,0,1,0,0,0,1,0,0,0,1,0,0,0,1,0,0,0,222,320,98,0.69375,12,270,320,50,0.84375,6,138,320,182,0.43125,44,180,320,140,0.5625,26,54,8640,8586,0.00625,960,141,320,179,0.440625,27,231,320,89,0.721875,15,315,320,5,0.984375,3,282,320,38,0.88125,6,186,320,134,0.58125,18,135,320,185,0.421875,21,312,320,8,0.975,3,231,320,89,0.721875,24,450,8640,8190,0.052083333,960,216,320,104,0.675,12,267,320,53,0.834375,6,111,320,209,0.346875,74,282,320,38,0.88125,6,285,320,35,0.890625,6,30,320,290,0.09375,275,1
5,train,jump_to_max,5,900.0053095,0.041931224,76.26718728,94.3641708,90.35166554,82.82454111,84.9628905,93.22591156,82.27346226,88.47660163,88.23617403,88.59102998,73.18160464,81.73437735,80.84883664,92.54764811,83.41573133,79.81564399,80.4750454,86.59144281,87.01881389,85.28897907,84.80277892,76.51269937,81.09325888,85.42888458,82.8201176,86.14367315,76.67603627,80.89644976,94.03147042,82.04381175,82.86663877,77.43467666,87.45732359,87.4034818,74.27931822,103.512372,90.53392231,76.40241319,88.77543327,83.26866619,92.62180805,85.21509724,84.12136422,88.43705212,84.07778531,81.74819323,87.08790212,88.17134856,89.3253371,88.6677505,89.63696477,77.77060741,83.01465873,76.44279118,82.61358039,86.09530884,83.38332909,77.20478369,80.09744967,79.97029925,84.95879533,73.50480412,79.7608212,82.35087849,88.09011049,78.1711106,91.92083147,73.86601765,80.01994385,79.78452367,95.43117955,81.64952786,81.94977379,85.29804098,91.93288073,93.00344643,79.39419377,83.55363248,87.4633623,81.57452173,74.48497778,84.98679987,80.99690246,87.04085583,84.24020158,87.1048849,88.10030951,85.21723992,79.85999179,89.92163597,91.95509413,84.05991953,77.85273402,92.71018827,78.65873737,83.25025989,78.30181424,80.58093248,84.7369971,86.32442649,85.88357185,88.46604106,77.31138624,83.89950398,72.81949864,85.23053263,90.22530655,83.63255773,84.82464611,83.79613336,85.146588,97.47880399,86.44088901,83.99240232,95.88266909,85.22160028,83.86648678,78.26527225,83.27674982,84.18717621,83.0897619,95.37465182,84.59239105,96.37840754,82.31826064,81.12909246,79.94644587,83.70872333,87.13094325,85.89349582,79.88385186,81.58695806,1,0,0,0,1,0,0,0,1,0,0,0,1,0,0,0,0,0,0,9,1,0,0,0,1,0,0,0,1,0,0,0,1,0,0,0,1,0,0,0,1,0,0,0,1,0,0,0,1,0,0,0,0,0,0,9,1,0,0,0,1,0,0,0,1,0,0,0,1,0,0,0,1,0,0,0,1,0,0,0,222,320,98,0.69375,12,270,320,50,0.84375,6,138,320,182,0.43125,44,180,320,140,0.5625,26,54,8640,8586,0.00625,960,141,320,179,0.440625,27,231,320,89,0.721875,15,315,320,5,0.984375,3,282,320,38,0.88125,6,186,320,134,0.58125,18,135,320,185,0.421875,21,312,320,8,0.975,3,231,320,89,0.721875,24,450,8640,8190,0.052083333,960,216,320,104,0.675,12,267,320,53,0.834375,6,111,320,209,0.346875,74,282,320,38,0.88125,6,285,320,35,0.890625,6,30,320,290,0.09375,275,1
5,train,jump_to_max,6,1080.014207,0.084532154,103.8328639,122.1657816,120.8831156,112.8352114,112.6564684,127.9908823,107.9240989,119.0939244,117.3536329,119.877066,101.2266527,103.3017415,103.2408621,126.8544683,117.2585509,108.5455952,107.7004412,120.6411589,119.5019841,108.7827384,115.1411983,107.7497216,104.5532901,113.7679429,110.8113516,109.6717686,95.37101325,106.3750595,131.1782883,111.3508374,107.3828238,105.6708458,115.4274725,122.7151097,99.21707081,137.2190618,119.6864009,94.5015785,117.3655132,108.4240796,121.6467406,115.9719374,106.1878483,118.5997029,113.7764209,109.5615324,108.1939188,110.4887656,120.5851163,113.9341833,117.913374,104.6953098,114.748236,100.9888877,109.647911,117.3843978,110.6907977,104.8873194,106.0889316,109.2576649,113.2136774,99.82712947,106.0639451,106.5937277,117.7142916,103.1085668,124.6319709,102.9542593,110.7167006,106.3687968,132.9526188,115.2297262,115.5702535,110.8114448,117.5160742,124.2466171,102.8786201,112.7779095,120.1617718,110.2799525,105.3890165,116.5559499,108.299254,118.9473845,112.6676138,121.3260553,121.5509457,112.2083311,106.7234457,125.4101993,114.7825103,107.5640964,101.8929982,126.7588835,103.4653547,111.2365727,104.5164202,119.5088279,111.0715509,122.9197092,118.0882793,117.8695417,100.669875,113.6157824,100.2202255,109.9013801,121.659585,113.3898638,111.0017511,104.9784221,120.7195391,128.3761681,115.5782402,114.07782,133.7443792,110.0275811,118.4036184,100.0910497,111.103518,108.1351226,107.7901282,138.0004785,115.4793603,133.4844201,111.4453423,100.7802789,108.5702973,108.5396985,114.2348826,116.1111666,110.2121247,108.6210473,1,0,0,0,1,0,0,0,1,0,0,0,1,0,0,0,0,0,0,9,1,0,0,0,1,0,0,0,1,0,0,0,1,0,0,0,1,0,0,0,1,0,0,0,1,0,0,0,1,0,0,0,0,0,0,9,1,0,0,0,1,0,0,0,1,0,0,0,1,0,0,0,1,0,0,0,1,0,0,0,318,320,2,0.99375,2,267,320,53,0.834375,6,168,320,152,0.525,15,216,320,104,0.675,9,129,8640,8511,0.014930556,960,183,320,137,0.571875,15,315,320,5,0.984375,3,300,320,20,0.9375,3,273,320,47,0.853125,6,261,320,59,0.815625,9,171,320,149,0.534375,21,315,320,5,0.984375,3,255,320,65,0.796875,9,486,8640,8154,0.05625,960,222,320,98,0.69375,12,276,320,44,0.8625,6,120,320,200,0.375,63,288,320,32,0.9,8,285,320,35,0.890625,12,63,320,257,0.196875,90,1
5,train,jump_to_max,6,1080.014207,0.084532154,103.8328639,122.1657816,120.8831156,112.8352114,112.6564684,127.9908823,107.9240989,119.0939244,117.3536329,119.877066,101.2266527,103.3017415,103.2408621,126.8544683,117.2585509,108.5455952,107.7004412,120.6411589,119.5019841,108.7827384,115.1411983,107.7497216,104.5532901,113.7679429,110.8113516,109.6717686,95.37101325,106.3750595,131.1782883,111.3508374,107.3828238,105.6708458,115.4274725,122.7151097,99.21707081,137.2190618,119.6864009,94.5015785,117.3655132,108.4240796,121.6467406,115.9719374,106.1878483,118.5997029,113.7764209,109.5615324,108.1939188,110.4887656,120.5851163,113.9341833,117.913374,104.6953098,114.748236,100.9888877,109.647911,117.3843978,110.6907977,104.8873194,106.0889316,109.2576649,113.2136774,99.82712947,106.0639451,106.5937277,117.7142916,103.1085668,124.6319709,102.9542593,110.7167006,106.3687968,132.9526188,115.2297262,115.5702535,110.8114448,117.5160742,124.2466171,102.8786201,112.7779095,120.1617718,110.2799525,105.3890165,116.5559499,108.299254,118.9473845,112.6676138,121.3260553,121.5509457,112.2083311,106.7234457,125.4101993,114.7825103,107.5640964,101.8929982,126.7588835,103.4653547,111.2365727,104.5164202,119.5088279,111.0715509,122.9197092,118.0882793,117.8695417,100.669875,113.6157824,100.2202255,109.9013801,121.659585,113.3898638,111.0017511,104.9784221,120.7195391,128.3761681,115.5782402,114.07782,133.7443792,110.0275811,118.4036184,100.0910497,111.103518,108.1351226,107.7901282,138.0004785,115.4793603,133.4844201,111.4453423,100.7802789,108.5702973,108.5396985,114.2348826,116.1111666,110.2121247,108.6210473,1,0,0,0,1,0,0,0,1,0,0,0,1,0,0,0,0,0,0,9,1,0,0,0,1,0,0,0,1,0,0,0,1,0,0,0,1,0,0,0,1,0,0,0,1,0,0,0,1,0,0,0,0,0,0,9,1,0,0,0,1,0,0,0,1,0,0,0,1,0,0,0,1,0,0,0,1,0,0,0,318,320,2,0.99375,2,267,320,53,0.834375,6,168,320,152,0.525,15,216,320,104,0.675,9,129,8640,8511,0.014930556,960,183,320,137,0.571875,15,315,320,5,0.984375,3,300,320,20,0.9375,3,273,320,47,0.853125,6,261,320,59,0.815625,9,171,320,149,0.534375,21,315,320,5,0.984375,3,255,320,65,0.796875,9,486,8640,8154,0.05625,960,222,320,98,0.69375,12,276,320,44,0.8625,6,120,320,200,0.375,63,288,320,32,0.9,8,285,320,35,0.890625,12,63,320,257,0.196875,90,1
6,train,jump_to_max,1,180.0862714,0,26.16786041,24.34467111,26.61407812,24.81649293,25.74835494,25.48866758,25.2114155,25.47835541,25.75303162,25.34033775,24.11039043,26.29808785,27.00919167,25.28240083,25.90264601,26.18564875,25.21431573,25.8678549,24.92803066,25.3387121,27.04979916,27.1207538,24.74846391,23.73453513,26.41030793,25.62067527,26.36359146,26.1224301,24.90508477,27.22956998,27.1177627,26.24383332,26.52198056,25.50293244,25.6099656,28.0051808,25.0795705,26.42923924,25.17708785,25.71038915,26.22329093,25.01029385,25.15534464,25.34052734,27.13357852,26.20354288,25.75418124,25.47216357,26.52793502,24.91836117,25.25958141,26.18981161,25.9384683,26.88140102,25.2925649,25.84311869,27.21737974,25.11483577,24.71633167,24.88645483,26.44347903,26.09605396,25.51081267,25.56358235,26.13888245,27.42655003,25.44288586,25.75676343,25.67526784,25.01216233,25.73733468,26.4220834,25.30677261,24.92566329,24.86697782,25.01033283,25.66055776,25.97971588,24.59858224,25.03713159,25.18754702,25.76470759,24.75897227,25.54101727,24.27333312,24.5132661,25.73230463,25.03320563,26.73555683,25.28936698,25.08971418,27.0968628,25.16285303,25.10374552,26.08658803,25.29787765,25.74644805,27.07448863,25.68345009,26.61175159,25.48505712,26.45814492,24.86931987,25.82541024,25.64846235,25.68830586,24.93448199,24.34087923,25.80755515,24.57468209,25.42624712,25.87354521,25.40739023,26.69377348,25.2106821,25.91415709,24.49824836,26.31093816,24.64989241,24.53771072,24.51849105,25.98083734,25.83256727,25.05818347,27.11713239,24.7519604,25.68792622,25.5790325,25.8325326,24.82513547,25.8090609,26.03214709,1,0,0,0,1,0,0,0,1,0,0,0,1,0,0,0,1,0,0,0,1,0,0,0,1,0,0,0,1,0,0,0,1,0,0,0,1,0,0,0,1,0,0,0,1,0,0,0,1,0,0,0,1,0,0,0,1,0,0,0,1,0,0,0,1,0,0,0,1,0,0,0,1,0,0,0,1,0,0,0,111,320,209,0.346875,197,108,320,212,0.3375,74,39,320,281,0.121875,236,111,320,209,0.346875,152,24,320,296,0.075,206,54,320,266,0.16875,84,108,320,212,0.3375,104,204,320,116,0.6375,74,45,320,275,0.140625,224,24,320,296,0.075,266,24,320,296,0.075,284,129,320,191,0.403125,152,45,320,275,0.140625,218,165,320,155,0.515625,74,135,320,185,0.421875,107,42,320,278,0.13125,263,27,320,293,0.084375,269,99,320,221,0.309375,74,111,320,209,0.346875,107,18,320,302,0.05625,299,0
6,train,jump_to_max,2,360.0335359,0.000117495,33.40534787,32.30155796,35.19167026,31.54597097,33.51588121,34.68873954,32.69353169,35.42462382,34.25664798,32.32176825,32.28463569,36.34581079,35.05757461,33.25440297,32.97462042,36.81356368,35.22939795,34.10560899,32.72358777,35.56874316,36.84700507,35.19942949,34.34256914,30.34959943,35.42763952,35.51320405,33.80560103,33.6162489,34.51678816,39.06574035,36.54293732,34.73697175,35.64016682,33.00037981,34.7334063,37.8701441,33.01336506,32.54645317,34.8308501,33.79677684,35.7379268,31.84465679,34.46689592,35.04520779,35.87557704,35.84220276,34.02726571,34.59499239,36.22872353,32.65550461,33.00451288,34.87667357,31.17803111,35.81901818,34.49401392,35.87044743,35.85134619,35.52010413,35.0120525,33.45130306,36.4163481,37.89024414,34.18670776,35.02530529,34.46423904,37.65051831,33.73304164,33.75026457,32.49749257,32.70493728,34.50825855,37.72238119,36.1132542,34.29634037,33.28013964,31.99648334,33.15255127,34.5537071,31.84295343,32.76693425,34.60610997,33.55354042,33.99569854,33.33378353,32.58198761,31.30685893,33.40423249,31.7241846,35.13579702,33.9749073,34.62996851,35.8378644,35.26542125,33.58428555,34.47790632,32.11358364,35.17813432,37.65686378,34.99071684,34.77992166,33.48413879,35.49779668,32.91497817,34.27987838,35.96303366,33.5984906,35.32823971,33.4895496,33.15024979,32.61480635,36.10784146,35.06928729,32.93040741,33.92264383,33.13990525,34.06644555,32.88078148,33.13315776,33.71261646,33.99489718,32.07961929,35.58545753,33.83262367,35.39704661,36.25326809,34.49462415,34.11096524,33.08598124,33.85619563,34.39798298,35.30357968,34.14525632,1,0,0,0,1,0,0,0,1,0,0,0,1,0,0,0,1,0,0,0,1,0,0,0,1,0,0,0,1,0,0,0,1,0,0,0,1,0,0,0,1,0,0,0,1,0,0,0,1,0,0,0,1,0,0,0,1,0,0,0,1,0,0,0,1,0,0,0,1,0,0,0,1,0,0,0,1,0,0,0,108,320,212,0.3375,200,141,320,179,0.440625,56,33,320,287,0.103125,164,114,320,206,0.35625,137,30,320,290,0.09375,230,60,320,260,0.1875,81,123,320,197,0.384375,30,270,320,50,0.84375,14,78,320,242,0.24375,176,42,320,278,0.13125,269,45,320,275,0.140625,114,171,320,149,0.534375,107,66,320,254,0.20625,185,237,320,83,0.740625,20,174,320,146,0.54375,35,60,320,260,0.1875,236,54,320,266,0.16875,236,162,320,158,0.50625,20,123,320,197,0.384375,51,12,320,308,0.0375,302,0
6,train,jump_to_max,3,540.0533235,0.0030261,43.72442993,46.38223594,44.93579844,40.54061936,44.86363579,47.91081039,44.76647548,46.69842887,46.72466081,40.34743843,42.81118703,50.16730101,48.2754711,45.58283256,45.83607219,47.58852207,45.40377218,45.27744751,42.46402191,46.60700651,53.35619379,46.98010929,47.26790327,40.92699317,49.58143083,44.82414453,45.5493166,48.25903429,48.31052451,53.24819094,50.70416385,44.12293048,48.74474517,42.75992398,46.41043196,49.17171779,45.09921073,45.400497,45.26618634,46.50126801,52.45374375,45.88154502,43.78453538,46.17664168,45.79978993,47.16443662,44.85522972,46.81047645,47.13564404,42.77152823,40.85489474,46.19446908,44.76267372,45.91136612,47.81592917,49.44003227,49.94706756,50.01433166,46.22791095,45.51375072,51.12167035,49.27605148,46.48276598,46.70202802,45.75015794,51.16908883,45.87481803,46.522559,44.4678302,44.40461696,44.72853675,50.01077692,47.45043783,49.01364447,43.20050278,44.15422312,42.76361797,46.6103791,43.05519456,44.14182055,46.33900918,46.53858845,46.02526407,43.74385872,42.37320574,42.21382529,42.43081941,46.2372849,48.79003567,43.31060944,48.52867935,49.12620888,48.33700458,48.2628844,48.59152025,42.14067277,48.81877657,49.63871889,46.24900879,46.29522597,48.93089524,46.0724261,45.83456846,46.13718144,50.11148401,47.76679459,47.12563714,45.56880377,43.02215254,44.11214985,48.51261964,47.09534139,44.1543455,45.66668506,46.20473421,45.54821823,44.5822418,44.79261029,44.16217663,45.26510613,40.57296416,51.26588575,42.64038902,47.49017407,47.6709713,47.5332787,47.48865671,43.37305638,45.68415017,44.95165013,47.49049137,44.63772519,1,0,0,0,1,0,0,0,1,0,0,0,1,0,0,0,1,0,0,0,1,0,0,0,1,0,0,0,1,0,0,0,1,0,0,0,1,0,0,0,1,0,0,0,1,0,0,0,1,0,0,0,1,0,0,0,1,0,0,0,1,0,0,0,1,0,0,0,1,0,0,0,1,0,0,0,1,0,0,0,141,320,179,0.440625,131,207,320,113,0.646875,18,81,320,239,0.253125,212,162,320,158,0.50625,27,27,320,293,0.084375,224,108,320,212,0.3375,33,156,320,164,0.4875,18,294,320,26,0.91875,6,123,320,197,0.384375,128,69,320,251,0.215625,120,60,320,260,0.1875,98,255,320,65,0.796875,14,87,320,233,0.271875,69,306,320,14,0.95625,3,219,320,101,0.684375,14,135,320,185,0.421875,128,57,320,263,0.178125,81,192,320,128,0.6,21,225,320,95,0.703125,24,24,320,296,0.075,293,1
6,train,jump_to_max,4,720.057923,0.02466933,56.41922097,63.18781488,61.36655494,53.7992886,61.71459449,67.62389455,61.54515394,66.32023696,60.09233809,53.30849232,54.79149066,65.29402629,64.57176396,62.26993282,62.84556878,61.47930786,58.26577863,58.00134334,58.73841827,60.92904385,70.8053147,61.18823836,63.80474444,52.26413631,69.84245454,57.16387046,66.60181198,66.27743134,63.3151673,70.44652292,66.32782162,59.96006828,68.886775,56.57328752,64.63114012,71.52044935,62.04786523,61.06551687,55.63225588,66.01560249,71.85703842,61.53095487,58.33494834,62.74598117,60.23494935,59.27990947,61.12030053,60.39207181,62.92917454,59.32603238,53.08502123,67.73904452,58.10512374,62.51744164,64.44888224,66.34012477,67.55402584,67.62987716,61.81080332,59.82021376,69.13036842,62.45332506,60.85402842,62.89170258,61.26763454,66.91703985,64.94758187,60.79014366,58.34934115,58.95343739,60.15254781,66.16752228,65.06623778,69.43036338,57.93509821,57.4203828,58.46503754,63.39473388,57.73599,59.07703371,64.30926809,58.89839629,62.434147,59.87752696,57.19237372,56.30289647,59.49563369,59.60080312,65.09743523,59.9570644,69.87781721,63.27901087,63.59785684,66.40389622,67.67788648,61.39898995,61.33317497,66.31249347,62.63241371,61.97428799,69.3722948,63.77389403,62.08423271,65.77834261,71.62378256,62.90081141,65.22593456,60.86184529,58.82687598,57.39449303,64.73707656,59.67536364,58.67906344,64.00960972,58.69815835,58.934285,61.15212492,57.57952711,61.14016147,61.59345683,54.62027553,64.80143255,56.22557594,61.80368031,64.73883666,65.69581901,63.49160836,61.0465389,59.53991988,59.38548974,62.12304804,60.97101282,1,0,0,0,1,0,0,0,1,0,0,0,1,0,0,0,0,0,0,9,1,0,0,0,1,0,0,0,1,0,0,0,1,0,0,0,1,0,0,0,1,0,0,0,1,0,0,0,1,0,0,0,0,0,0,9,1,0,0,0,1,0,0,0,1,0,0,0,1,0,0,0,1,0,0,0,1,0,0,0,183,320,137,0.571875,48,249,320,71,0.778125,9,108,320,212,0.3375,92,201,320,119,0.628125,15,39,8640,8601,0.004513889,960,156,320,164,0.4875,44,228,320,92,0.7125,12,303,320,17,0.946875,3,261,320,59,0.815625,9,123,320,197,0.384375,44,96,320,224,0.3,36,297,320,23,0.928125,6,141,320,179,0.440625,44,420,8640,8220,0.048611111,960,180,320,140,0.5625,15,243,320,77,0.759375,9,78,320,242,0.24375,86,231,320,89,0.721875,12,240,320,80,0.75,12,30,320,290,0.09375,266,1
6,train,jump_to_max,1,180.0862714,0,26.16786041,24.34467111,26.61407812,24.81649293,25.74835494,25.48866758,25.2114155,25.47835541,25.75303162,25.34033775,24.11039043,26.29808785,27.00919167,25.28240083,25.90264601,26.18564875,25.21431573,25.8678549,24.92803066,25.3387121,27.04979916,27.1207538,24.74846391,23.73453513,26.41030793,25.62067527,26.36359146,26.1224301,24.90508477,27.22956998,27.1177627,26.24383332,26.52198056,25.50293244,25.6099656,28.0051808,25.0795705,26.42923924,25.17708785,25.71038915,26.22329093,25.01029385,25.15534464,25.34052734,27.13357852,26.20354288,25.75418124,25.47216357,26.52793502,24.91836117,25.25958141,26.18981161,25.9384683,26.88140102,25.2925649,25.84311869,27.21737974,25.11483577,24.71633167,24.88645483,26.44347903,26.09605396,25.51081267,25.56358235,26.13888245,27.42655003,25.44288586,25.75676343,25.67526784,25.01216233,25.73733468,26.4220834,25.30677261,24.92566329,24.86697782,25.01033283,25.66055776,25.97971588,24.59858224,25.03713159,25.18754702,25.76470759,24.75897227,25.54101727,24.27333312,24.5132661,25.73230463,25.03320563,26.73555683,25.28936698,25.08971418,27.0968628,25.16285303,25.10374552,26.08658803,25.29787765,25.74644805,27.07448863,25.68345009,26.61175159,25.48505712,26.45814492,24.86931987,25.82541024,25.64846235,25.68830586,24.93448199,24.34087923,25.80755515,24.57468209,25.42624712,25.87354521,25.40739023,26.69377348,25.2106821,25.91415709,24.49824836,26.31093816,24.64989241,24.53771072,24.51849105,25.98083734,25.83256727,25.05818347,27.11713239,24.7519604,25.68792622,25.5790325,25.8325326,24.82513547,25.8090609,26.03214709,1,0,0,0,1,0,0,0,1,0,0,0,1,0,0,0,1,0,0,0,1,0,0,0,1,0,0,0,1,0,0,0,1,0,0,0,1,0,0,0,1,0,0,0,1,0,0,0,1,0,0,0,1,0,0,0,1,0,0,0,1,0,0,0,1,0,0,0,1,0,0,0,1,0,0,0,1,0,0,0,111,320,209,0.346875,197,108,320,212,0.3375,74,39,320,281,0.121875,236,111,320,209,0.346875,152,24,320,296,0.075,206,54,320,266,0.16875,84,108,320,212,0.3375,104,204,320,116,0.6375,74,45,320,275,0.140625,224,24,320,296,0.075,266,24,320,296,0.075,284,129,320,191,0.403125,152,45,320,275,0.140625,218,165,320,155,0.515625,74,135,320,185,0.421875,107,42,320,278,0.13125,263,27,320,293,0.084375,269,99,320,221,0.309375,74,111,320,209,0.346875,107,18,320,302,0.05625,299,0
6,train,jump_to_max,2,360.0335359,0.000117495,33.40534787,32.30155796,35.19167026,31.54597097,33.51588121,34.68873954,32.69353169,35.42462382,34.25664798,32.32176825,32.28463569,36.34581079,35.05757461,33.25440297,32.97462042,36.81356368,35.22939795,34.10560899,32.72358777,35.56874316,36.84700507,35.19942949,34.34256914,30.34959943,35.42763952,35.51320405,33.80560103,33.6162489,34.51678816,39.06574035,36.54293732,34.73697175,35.64016682,33.00037981,34.7334063,37.8701441,33.01336506,32.54645317,34.8308501,33.79677684,35.7379268,31.84465679,34.46689592,35.04520779,35.87557704,35.84220276,34.02726571,34.59499239,36.22872353,32.65550461,33.00451288,34.87667357,31.17803111,35.81901818,34.49401392,35.87044743,35.85134619,35.52010413,35.0120525,33.45130306,36.4163481,37.89024414,34.18670776,35.02530529,34.46423904,37.65051831,33.73304164,33.75026457,32.49749257,32.70493728,34.50825855,37.72238119,36.1132542,34.29634037,33.28013964,31.99648334,33.15255127,34.5537071,31.84295343,32.76693425,34.60610997,33.55354042,33.99569854,33.33378353,32.58198761,31.30685893,33.40423249,31.7241846,35.13579702,33.9749073,34.62996851,35.8378644,35.26542125,33.58428555,34.47790632,32.11358364,35.17813432,37.65686378,34.99071684,34.77992166,33.48413879,35.49779668,32.91497817,34.27987838,35.96303366,33.5984906,35.32823971,33.4895496,33.15024979,32.61480635,36.10784146,35.06928729,32.93040741,33.92264383,33.13990525,34.06644555,32.88078148,33.13315776,33.71261646,33.99489718,32.07961929,35.58545753,33.83262367,35.39704661,36.25326809,34.49462415,34.11096524,33.08598124,33.85619563,34.39798298,35.30357968,34.14525632,1,0,0,0,1,0,0,0,1,0,0,0,1,0,0,0,1,0,0,0,1,0,0,0,1,0,0,0,1,0,0,0,1,0,0,0,1,0,0,0,1,0,0,0,1,0,0,0,1,0,0,0,1,0,0,0,1,0,0,0,1,0,0,0,1,0,0,0,1,0,0,0,1,0,0,0,1,0,0,0,108,320,212,0.3375,200,141,320,179,0.440625,56,33,320,287,0.103125,164,114,320,206,0.35625,137,30,320,290,0.09375,230,60,320,260,0.1875,81,123,320,197,0.384375,30,270,320,50,0.84375,14,78,320,242,0.24375,176,42,320,278,0.13125,269,45,320,275,0.140625,114,171,320,149,0.534375,107,66,320,254,0.20625,185,237,320,83,0.740625,20,174,320,146,0.54375,35,60,320,260,0.1875,236,54,320,266,0.16875,236,162,320,158,0.50625,20,123,320,197,0.384375,51,12,320,308,0.0375,302,0
6,train,jump_to_max,3,540.0533235,0.0030261,43.72442993,46.38223594,44.93579844,40.54061936,44.86363579,47.91081039,44.76647548,46.69842887,46.72466081,40.34743843,42.81118703,50.16730101,48.2754711,45.58283256,45.83607219,47.58852207,45.40377218,45.27744751,42.46402191,46.60700651,53.35619379,46.98010929,47.26790327,40.92699317,49.58143083,44.82414453,45.5493166,48.25903429,48.31052451,53.24819094,50.70416385,44.12293048,48.74474517,42.75992398,46.41043196,49.17171779,45.09921073,45.400497,45.26618634,46.50126801,52.45374375,45.88154502,43.78453538,46.17664168,45.79978993,47.16443662,44.85522972,46.81047645,47.13564404,42.77152823,40.85489474,46.19446908,44.76267372,45.91136612,47.81592917,49.44003227,49.94706756,50.01433166,46.22791095,45.51375072,51.12167035,49.27605148,46.48276598,46.70202802,45.75015794,51.16908883,45.87481803,46.522559,44.4678302,44.40461696,44.72853675,50.01077692,47.45043783,49.01364447,43.20050278,44.15422312,42.76361797,46.6103791,43.05519456,44.14182055,46.33900918,46.53858845,46.02526407,43.74385872,42.37320574,42.21382529,42.43081941,46.2372849,48.79003567,43.31060944,48.52867935,49.12620888,48.33700458,48.2628844,48.59152025,42.14067277,48.81877657,49.63871889,46.24900879,46.29522597,48.93089524,46.0724261,45.83456846,46.13718144,50.11148401,47.76679459,47.12563714,45.56880377,43.02215254,44.11214985,48.51261964,47.09534139,44.1543455,45.66668506,46.20473421,45.54821823,44.5822418,44.79261029,44.16217663,45.26510613,40.57296416,51.26588575,42.64038902,47.49017407,47.6709713,47.5332787,47.48865671,43.37305638,45.68415017,44.95165013,47.49049137,44.63772519,1,0,0,0,1,0,0,0,1,0,0,0,1,0,0,0,1,0,0,0,1,0,0,0,1,0,0,0,1,0,0,0,1,0,0,0,1,0,0,0,1,0,0,0,1,0,0,0,1,0,0,0,1,0,0,0,1,0,0,0,1,0,0,0,1,0,0,0,1,0,0,0,1,0,0,0,1,0,0,0,141,320,179,0.440625,131,207,320,113,0.646875,18,81,320,239,0.253125,212,162,320,158,0.50625,27,27,320,293,0.084375,224,108,320,212,0.3375,33,156,320,164,0.4875,18,294,320,26,0.91875,6,123,320,197,0.384375,128,69,320,251,0.215625,120,60,320,260,0.1875,98,255,320,65,0.796875,14,87,320,233,0.271875,69,306,320,14,0.95625,3,219,320,101,0.684375,14,135,320,185,0.421875,128,57,320,263,0.178125,81,192,320,128,0.6,21,225,320,95,0.703125,24,24,320,296,0.075,293,1
6,train,jump_to_max,4,720.057923,0.02466933,56.41922097,63.18781488,61.36655494,53.7992886,61.71459449,67.62389455,61.54515394,66.32023696,60.09233809,53.30849232,54.79149066,65.29402629,64.57176396,62.26993282,62.84556878,61.47930786,58.26577863,58.00134334,58.73841827,60.92904385,70.8053147,61.18823836,63.80474444,52.26413631,69.84245454,57.16387046,66.60181198,66.27743134,63.3151673,70.44652292,66.32782162,59.96006828,68.886775,56.57328752,64.63114012,71.52044935,62.04786523,61.06551687,55.63225588,66.01560249,71.85703842,61.53095487,58.33494834,62.74598117,60.23494935,59.27990947,61.12030053,60.39207181,62.92917454,59.32603238,53.08502123,67.73904452,58.10512374,62.51744164,64.44888224,66.34012477,67.55402584,67.62987716,61.81080332,59.82021376,69.13036842,62.45332506,60.85402842,62.89170258,61.26763454,66.91703985,64.94758187,60.79014366,58.34934115,58.95343739,60.15254781,66.16752228,65.06623778,69.43036338,57.93509821,57.4203828,58.46503754,63.39473388,57.73599,59.07703371,64.30926809,58.89839629,62.434147,59.87752696,57.19237372,56.30289647,59.49563369,59.60080312,65.09743523,59.9570644,69.87781721,63.27901087,63.59785684,66.40389622,67.67788648,61.39898995,61.33317497,66.31249347,62.63241371,61.97428799,69.3722948,63.77389403,62.08423271,65.77834261,71.62378256,62.90081141,65.22593456,60.86184529,58.82687598,57.39449303,64.73707656,59.67536364,58.67906344,64.00960972,58.69815835,58.934285,61.15212492,57.57952711,61.14016147,61.59345683,54.62027553,64.80143255,56.22557594,61.80368031,64.73883666,65.69581901,63.49160836,61.0465389,59.53991988,59.38548974,62.12304804,60.97101282,1,0,0,0,1,0,0,0,1,0,0,0,1,0,0,0,0,0,0,9,1,0,0,0,1,0,0,0,1,0,0,0,1,0,0,0,1,0,0,0,1,0,0,0,1,0,0,0,1,0,0,0,0,0,0,9,1,0,0,0,1,0,0,0,1,0,0,0,1,0,0,0,1,0,0,0,1,0,0,0,183,320,137,0.571875,48,249,320,71,0.778125,9,108,320,212,0.3375,92,201,320,119,0.628125,15,39,8640,8601,0.004513889,960,156,320,164,0.4875,44,228,320,92,0.7125,12,303,320,17,0.946875,3,261,320,59,0.815625,9,123,320,197,0.384375,44,96,320,224,0.3,36,297,320,23,0.928125,6,141,320,179,0.440625,44,420,8640,8220,0.048611111,960,180,320,140,0.5625,15,243,320,77,0.759375,9,78,320,242,0.24375,86,231,320,89,0.721875,12,240,320,80,0.75,12,30,320,290,0.09375,266,1
6,train,jump_to_max,5,900.0075051,0.041991863,76.28693473,90.46236187,81.90239667,74.90104681,84.68004433,93.33070906,82.06109698,94.24145943,85.36972713,75.37623501,75.36189129,83.54613439,92.52441812,80.37761827,82.82470512,82.74611612,83.01799135,78.61010984,76.74247596,85.65642945,95.66810895,83.69668862,85.40210274,66.04527503,91.30671815,75.98053905,93.6055929,93.20390316,88.9433106,97.83368337,90.89340987,80.56726499,92.62421926,75.79677309,81.65261916,96.43705859,86.18667684,82.33421665,78.54634004,92.69025255,95.81864651,81.69783951,78.94356262,79.04964468,74.1928851,82.19094156,84.40074774,78.79699141,83.07246782,78.44645014,71.88364501,93.92988815,73.58449603,86.39329571,87.74465581,96.83535194,85.4023834,88.49486676,82.69554544,84.19040903,94.61259123,83.00472119,83.24569641,88.99978393,86.46741132,93.12561163,91.93232818,81.01178393,71.99497165,78.00636196,78.77538296,84.00484735,85.02059815,89.95152612,84.52979298,76.72781245,78.12981836,81.86974588,77.09892565,80.50482445,87.58083973,72.19934322,83.93405093,85.90201737,77.66614497,74.5184016,82.68107413,76.99925316,86.47855664,83.49353289,86.98016461,83.55481854,84.20505972,93.89002772,88.2254458,81.13238169,81.16719668,91.38492004,90.39187376,83.51885598,91.57172534,87.65276006,81.94390003,87.68698164,94.18970511,84.66131662,89.59824109,85.2485605,78.48502003,79.59741614,88.60332144,76.59222748,78.22342159,89.52626592,78.69982732,77.09879114,81.49637739,76.6358209,83.44854254,82.17087479,76.88409571,81.46197099,78.59033128,81.29376777,89.52210684,91.30799051,83.63354153,84.91690302,79.69906879,81.37116672,81.91061254,85.65890102,1,0,0,0,1,0,0,0,1,0,0,0,1,0,0,0,0,0,0,9,1,0,0,0,1,0,0,0,1,0,0,0,1,0,0,0,1,0,0,0,1,0,0,0,1,0,0,0,1,0,0,0,0,0,0,9,1,0,0,0,1,0,0,0,1,0,0,0,1,0,0,0,1,0,0,0,1,0,0,0,303,320,17,0.946875,3,273,320,47,0.853125,6,150,320,170,0.46875,18,216,320,104,0.675,12,93,8640,8547,0.010763889,960,225,320,95,0.703125,9,240,320,80,0.75,11,312,320,8,0.975,3,282,320,38,0.88125,6,219,320,101,0.684375,17,126,320,194,0.39375,33,309,320,11,0.965625,3,195,320,125,0.609375,32,456,8640,8184,0.052777778,960,195,320,125,0.609375,15,276,320,44,0.8625,6,102,320,218,0.31875,36,240,320,80,0.75,12,297,320,23,0.928125,8,33,320,287,0.103125,287,1
6,train,jump_to_max,5,900.0075051,0.041991863,76.28693473,90.46236187,81.90239667,74.90104681,84.68004433,93.33070906,82.06109698,94.24145943,85.36972713,75.37623501,75.36189129,83.54613439,92.52441812,80.37761827,82.82470512,82.74611612,83.01799135,78.61010984,76.74247596,85.65642945,95.66810895,83.69668862,85.40210274,66.04527503,91.30671815,75.98053905,93.6055929,93.20390316,88.9433106,97.83368337,90.89340987,80.56726499,92.62421926,75.79677309,81.65261916,96.43705859,86.18667684,82.33421665,78.54634004,92.69025255,95.81864651,81.69783951,78.94356262,79.04964468,74.1928851,82.19094156,84.40074774,78.79699141,83.07246782,78.44645014,71.88364501,93.92988815,73.58449603,86.39329571,87.74465581,96.83535194,85.4023834,88.49486676,82.69554544,84.19040903,94.61259123,83.00472119,83.24569641,88.99978393,86.46741132,93.12561163,91.93232818,81.01178393,71.99497165,78.00636196,78.77538296,84.00484735,85.02059815,89.95152612,84.52979298,76.72781245,78.12981836,81.86974588,77.09892565,80.50482445,87.58083973,72.19934322,83.93405093,85.90201737,77.66614497,74.5184016,82.68107413,76.99925316,86.47855664,83.49353289,86.98016461,83.55481854,84.20505972,93.89002772,88.2254458,81.13238169,81.16719668,91.38492004,90.39187376,83.51885598,91.57172534,87.65276006,81.94390003,87.68698164,94.18970511,84.66131662,89.59824109,85.2485605,78.48502003,79.59741614,88.60332144,76.59222748,78.22342159,89.52626592,78.69982732,77.09879114,81.49637739,76.6358209,83.44854254,82.17087479,76.88409571,81.46197099,78.59033128,81.29376777,89.52210684,91.30799051,83.63354153,84.91690302,79.69906879,81.37116672,81.91061254,85.65890102,1,0,0,0,1,0,0,0,1,0,0,0,1,0,0,0,0,0,0,9,1,0,0,0,1,0,0,0,1,0,0,0,1,0,0,0,1,0,0,0,1,0,0,0,1,0,0,0,1,0,0,0,0,0,0,9,1,0,0,0,1,0,0,0,1,0,0,0,1,0,0,0,1,0,0,0,1,0,0,0,303,320,17,0.946875,3,273,320,47,0.853125,6,150,320,170,0.46875,18,216,320,104,0.675,12,93,8640,8547,0.010763889,960,225,320,95,0.703125,9,240,320,80,0.75,11,312,320,8,0.975,3,282,320,38,0.88125,6,219,320,101,0.684375,17,126,320,194,0.39375,33,309,320,11,0.965625,3,195,320,125,0.609375,32,456,8640,8184,0.052777778,960,195,320,125,0.609375,15,276,320,44,0.8625,6,102,320,218,0.31875,36,240,320,80,0.75,12,297,320,23,0.928125,8,33,320,287,0.103125,287,1
6,train,jump_to_max,6,1080.002811,0.084275347,105.0626659,117.0452111,109.0175404,100.4504413,114.7404547,120.6431475,111.6233243,127.6281572,107.6442564,101.063108,101.0307242,111.8694397,124.326161,112.7975008,114.4742682,118.5707411,116.456553,109.3248278,101.8880002,117.1962604,128.6149043,114.5554542,108.8135315,87.32344882,119.7250959,102.7907763,120.1869499,124.591215,123.0967017,126.2527284,115.1969921,106.6443626,125.6572749,105.0397471,109.788387,131.2332225,117.1953251,112.7974772,109.8705466,124.7774324,137.0947171,110.3365721,104.8113749,100.6086465,97.66866664,115.2512035,114.8338754,109.1380655,111.1661503,104.3065313,99.73249842,131.7041289,102.1188229,111.2671517,122.4262213,128.9124302,107.8936907,112.8842119,113.9228102,114.8931078,131.7342417,107.7986334,111.872604,111.8873119,116.8880703,127.8447253,129.5765668,108.7791062,97.6264628,105.215692,102.3539256,117.8000765,113.4956835,111.8984022,117.241071,105.0003094,106.3567918,103.9195663,105.8385623,111.7876805,116.1311755,97.3596326,113.9961549,118.3852655,104.6257937,98.76762442,113.9210302,101.6920801,118.9557131,120.1751395,119.9253514,109.4676137,113.7584411,120.8685032,119.2573378,106.5555056,105.1346949,121.6473492,126.2640549,116.2645774,121.7689873,113.7472215,113.3191151,122.8631452,131.1582984,117.9173948,125.3395945,121.7361483,113.3048718,102.5385267,120.108988,103.5549744,104.3767138,121.422709,103.2870966,103.8441685,114.1705164,103.2325352,114.3441792,109.5482023,108.0157598,109.928834,105.9663367,107.9216747,123.5172969,129.4008079,104.675836,110.1834829,111.3968494,109.3117239,103.0426662,113.9537517,1,0,0,0,1,0,0,0,1,0,0,0,1,0,0,0,0,0,0,9,1,0,0,0,1,0,0,0,1,0,0,0,1,0,0,0,1,0,0,0,1,0,0,0,1,0,0,0,1,0,0,0,0,0,0,9,1,0,0,0,1,0,0,0,1,0,0,0,1,0,0,0,1,0,0,0,1,0,0,0,294,320,26,0.91875,6,237,320,83,0.740625,9,195,320,125,0.609375,15,219,320,101,0.684375,9,168,8640,8472,0.019444444,960,234,320,86,0.73125,21,291,320,29,0.909375,6,300,320,20,0.9375,3,258,320,62,0.80625,6,246,320,74,0.76875,9,207,320,113,0.646875,15,309,320,11,0.965625,3,261,320,59,0.815625,9,498,8640,8142,0.057638889,960,201,320,119,0.628125,18,246,320,74,0.76875,9,207,320,113,0.646875,36,276,320,44,0.8625,9,300,320,20,0.9375,9,45,320,275,0.140625,173,1
6,train,jump_to_max,6,1080.002811,0.084275347,105.0626659,117.0452111,109.0175404,100.4504413,114.7404547,120.6431475,111.6233243,127.6281572,107.6442564,101.063108,101.0307242,111.8694397,124.326161,112.7975008,114.4742682,118.5707411,116.456553,109.3248278,101.8880002,117.1962604,128.6149043,114.5554542,108.8135315,87.32344882,119.7250959,102.7907763,120.1869499,124.591215,123.0967017,126.2527284,115.1969921,106.6443626,125.6572749,105.0397471,109.788387,131.2332225,117.1953251,112.7974772,109.8705466,124.7774324,137.0947171,110.3365721,104.8113749,100.6086465,97.66866664,115.2512035,114.8338754,109.1380655,111.1661503,104.3065313,99.73249842,131.7041289,102.1188229,111.2671517,122.4262213,128.9124302,107.8936907,112.8842119,113.9228102,114.8931078,131.7342417,107.7986334,111.872604,111.8873119,116.8880703,127.8447253,129.5765668,108.7791062,97.6264628,105.215692,102.3539256,117.8000765,113.4956835,111.8984022,117.241071,105.0003094,106.3567918,103.9195663,105.8385623,111.7876805,116.1311755,97.3596326,113.9961549,118.3852655,104.6257937,98.76762442,113.9210302,101.6920801,118.9557131,120.1751395,119.9253514,109.4676137,113.7584411,120.8685032,119.2573378,106.5555056,105.1346949,121.6473492,126.2640549,116.2645774,121.7689873,113.7472215,113.3191151,122.8631452,131.1582984,117.9173948,125.3395945,121.7361483,113.3048718,102.5385267,120.108988,103.5549744,104.3767138,121.422709,103.2870966,103.8441685,114.1705164,103.2325352,114.3441792,109.5482023,108.0157598,109.928834,105.9663367,107.9216747,123.5172969,129.4008079,104.675836,110.1834829,111.3968494,109.3117239,103.0426662,113.9537517,1,0,0,0,1,0,0,0,1,0,0,0,1,0,0,0,0,0,0,9,1,0,0,0,1,0,0,0,1,0,0,0,1,0,0,0,1,0,0,0,1,0,0,0,1,0,0,0,1,0,0,0,0,0,0,9,1,0,0,0,1,0,0,0,1,0,0,0,1,0,0,0,1,0,0,0,1,0,0,0,294,320,26,0.91875,6,237,320,83,0.740625,9,195,320,125,0.609375,15,219,320,101,0.684375,9,168,8640,8472,0.019444444,960,234,320,86,0.73125,21,291,320,29,0.909375,6,300,320,20,0.9375,3,258,320,62,0.80625,6,246,320,74,0.76875,9,207,320,113,0.646875,15,309,320,11,0.965625,3,261,320,59,0.815625,9,498,8640,8142,0.057638889,960,201,320,119,0.628125,18,246,320,74,0.76875,9,207,320,113,0.646875,36,276,320,44,0.8625,9,300,320,20,0.9375,9,45,320,275,0.140625,173,1
7,train,jump_to_max,1,180.0094245,0,25.80331106,25.17596962,26.39191004,24.39460779,25.860005,25.79203069,24.83987563,25.96406076,25.24498449,24.46095027,25.24289842,25.15999909,25.66279157,25.07759365,25.66398156,24.84396657,25.63095859,25.18494776,24.94462932,26.62106592,25.47741281,24.26807253,24.33898243,25.38947351,25.89774617,27.57523894,24.51050137,25.41254747,25.54458958,25.96304255,24.90771007,24.3574966,26.65976531,26.72271354,25.96721252,24.94308078,25.89864162,26.09236611,24.65363556,26.07439636,24.3326555,25.10446125,25.6065862,25.76997334,27.73285944,24.15691255,24.92133405,25.89339884,26.26205474,27.63114773,25.59863273,26.86510247,23.89836752,26.48814595,26.34480918,27.16183471,26.30243185,25.73693993,25.2939685,25.72097649,27.15410108,25.66609313,25.45079244,25.95147373,25.05550201,24.7061515,25.65841704,25.32661409,25.81936672,25.40426464,24.31201401,26.20345835,25.03901625,24.25546869,25.15767439,24.56793984,26.00400456,25.73496521,26.04240135,25.37774085,24.51914318,26.29195262,26.48651812,26.49067281,24.96205947,26.40473327,24.59316133,24.92125727,26.14819175,25.11907849,27.15777412,26.43324663,25.68766617,24.96955946,25.78182502,28.17414191,25.03094631,26.89623113,26.30303676,25.23294483,25.42691969,26.31613082,26.88421315,25.15831485,26.28482605,25.02907512,24.79334538,26.2812953,24.1342754,25.81613618,24.47406875,25.54821661,25.5437355,26.11537576,27.15409955,24.7082757,25.47139596,25.64714061,24.81504679,24.10999186,25.12268543,26.59278472,25.59066695,23.92999042,24.73645951,24.89357691,27.31911738,25.63833282,27.23456682,24.7944417,26.01383303,26.53316569,1,0,0,0,1,0,0,0,1,0,0,0,1,0,0,0,1,0,0,0,1,0,0,0,1,0,0,0,1,0,0,0,1,0,0,0,1,0,0,0,1,0,0,0,1,0,0,0,1,0,0,0,1,0,0,0,1,0,0,0,1,0,0,0,1,0,0,0,1,0,0,0,1,0,0,0,1,0,0,0,69,320,251,0.215625,251,105,320,215,0.328125,77,21,320,299,0.065625,239,75,320,245,0.234375,104,18,320,302,0.05625,254,75,320,245,0.234375,137,84,320,236,0.2625,68,225,320,95,0.703125,71,48,320,272,0.15,227,15,320,305,0.046875,272,30,320,290,0.09375,266,126,320,194,0.39375,104,45,320,275,0.140625,233,186,320,134,0.58125,92,114,320,206,0.35625,71,39,320,281,0.121875,272,24,320,296,0.075,287,102,320,218,0.31875,92,75,320,245,0.234375,71,18,320,302,0.05625,299,0
7,train,jump_to_max,2,360.0470941,0,35.07489349,33.50486054,33.97465245,33.84814863,34.37976987,34.71855322,33.99490104,34.63590297,32.12764027,34.2582139,37.10140868,32.99121539,34.36662954,33.27191163,33.51229956,32.87126001,33.55668652,33.09883173,33.60731951,35.98484788,34.83207035,34.61995663,30.90167016,34.21495071,35.83265489,36.02028031,34.22751856,33.01014801,34.10085948,35.92330536,32.38293749,33.59708164,36.90159521,36.11968395,34.54140829,33.41868368,33.61157483,38.2753529,32.1776052,34.92347569,31.97511221,33.52226081,32.65137063,32.63270686,36.79446691,31.08605957,34.81000944,36.52560634,35.71866315,36.79497529,33.93171376,34.75314481,32.34225987,36.5322823,34.42301947,40.10016773,35.55617169,34.90638733,34.24362863,33.51361409,36.77837925,35.13607887,32.09893097,32.64045337,34.33532132,33.16128716,32.21210691,36.28519891,35.47114188,35.43690661,34.25874274,35.18576422,34.39036652,32.35971592,34.60991902,31.65935642,35.4543134,33.6341435,36.09404067,34.10606536,35.12426932,34.66093311,36.49545409,36.70393433,30.77516609,37.57360598,34.50455383,31.28019829,34.24842229,34.15062137,35.029793,36.83324092,33.75828908,32.27698858,34.88002165,38.09868371,33.69241274,36.97793309,35.24808093,34.2019057,32.5964442,35.85397768,36.83249704,34.10741156,35.48741521,33.29243252,32.85594555,34.32567986,32.96728434,36.97674423,32.63732432,35.38096173,34.16689227,35.7828152,35.59743585,32.5441172,34.48018231,33.98996639,32.41700853,33.93056218,34.1944598,34.64935564,33.7454895,33.25431376,32.92793487,31.35592051,38.79640453,34.27861515,36.20783459,33.5643543,32.49909139,36.25129235,1,0,0,0,1,0,0,0,1,0,0,0,1,0,0,0,1,0,0,0,1,0,0,0,1,0,0,0,1,0,0,0,1,0,0,0,1,0,0,0,1,0,0,0,1,0,0,0,1,0,0,0,1,0,0,0,1,0,0,0,1,0,0,0,1,0,0,0,1,0,0,0,1,0,0,0,1,0,0,0,123,320,197,0.384375,176,108,320,212,0.3375,42,51,320,269,0.159375,194,96,320,224,0.3,135,21,320,299,0.065625,263,78,320,242,0.24375,87,114,320,206,0.35625,33,228,320,92,0.7125,24,57,320,263,0.178125,224,36,320,284,0.1125,230,42,320,278,0.13125,218,117,320,203,0.365625,69,75,320,245,0.234375,182,207,320,113,0.646875,24,141,320,179,0.440625,101,54,320,266,0.16875,230,21,320,299,0.065625,254,93,320,227,0.290625,68,120,320,200,0.375,101,24,320,296,0.075,296,0
7,train,jump_to_max,3,540.0177623,0.002333796,49.70816807,43.79555742,46.43254097,46.83414247,46.42629739,47.68503402,45.02315655,47.68228138,41.77014179,43.32646502,49.81832358,43.29790621,47.05401235,45.39392634,44.72389643,43.16666923,44.7731219,44.78556713,47.16525323,50.51479511,45.74640133,48.65060109,40.85982853,48.4516536,45.98661966,50.30692099,48.29654195,43.93369695,43.9732405,47.23243963,44.57778452,43.57583936,51.06742063,49.65984085,45.80929736,44.09081604,46.21488325,52.36718552,45.52345686,45.38034136,45.73399103,46.89593251,43.43584895,42.35334761,48.08608058,40.07650704,44.95342184,49.8628175,50.83361629,49.44789825,46.90207892,46.1033233,43.21583627,50.24874528,47.8684381,51.59224052,50.50792445,44.53268594,47.38851892,48.20126289,48.01445899,47.89944075,43.0916727,44.91122064,45.33568801,45.14541667,43.21826578,46.82195315,47.19057377,46.90162562,44.87482062,45.4617584,47.95021169,45.12376712,46.18992202,41.70698879,48.24584923,47.27274277,46.40294613,43.45242901,48.46925611,46.3690051,49.61166921,51.15440347,43.4676533,50.27641204,47.84041099,41.57717031,46.61465186,45.88268867,47.51309615,49.71557625,44.57461195,41.64483892,48.70450051,52.74149157,42.51895796,51.49360514,47.19810389,48.03076233,39.80259623,47.92882922,48.87334269,44.19179746,47.16270755,45.07576021,44.71138915,46.4323535,42.60244893,46.84247497,43.2147695,49.90735361,45.01358893,49.70820825,50.39366596,42.73407947,46.67759765,47.03412235,43.8360286,46.4214703,45.50329357,46.00427416,42.39705745,43.58119601,44.98393299,42.59578981,53.9279037,46.06163932,47.75798795,42.95949274,47.00859816,47.12815403,1,0,0,0,1,0,0,0,1,0,0,0,1,0,0,0,1,0,0,0,1,0,0,0,1,0,0,0,1,0,0,0,1,0,0,0,1,0,0,0,1,0,0,0,1,0,0,0,1,0,0,0,1,0,0,0,1,0,0,0,1,0,0,0,1,0,0,0,1,0,0,0,1,0,0,0,1,0,0,0,126,320,194,0.39375,158,222,320,98,0.69375,15,48,320,272,0.15,164,192,320,128,0.6,27,48,320,272,0.15,176,87,320,233,0.271875,51,150,320,170,0.46875,24,273,320,47,0.853125,6,144,320,176,0.45,59,90,320,230,0.28125,84,48,320,272,0.15,149,243,320,77,0.759375,15,84,320,236,0.2625,74,288,320,32,0.9,6,273,320,47,0.853125,6,135,320,185,0.421875,59,51,320,269,0.159375,242,204,320,116,0.6375,18,243,320,77,0.759375,12,18,320,302,0.05625,302,1
7,train,jump_to_max,4,720.0110345,0.039284189,69.22604002,58.26951017,61.38781388,61.11296336,62.51940884,65.53432705,63.20737652,62.21764055,55.82605537,61.29644651,62.9448917,59.08734327,60.65810314,60.19930236,64.41454486,57.7506631,60.32516614,60.60290247,62.4108882,72.92370355,64.86636337,62.64013498,52.8064866,63.91025707,61.3496518,64.45170867,64.33892603,60.23281679,59.01389503,64.04220781,59.04816349,60.57291053,70.27101871,69.04224494,58.93392872,56.23149761,59.35988085,71.09602169,58.40542509,62.18532321,58.39520829,59.46157038,54.95406188,57.11218925,64.95025203,51.54928229,61.19038218,64.74804653,67.47064979,66.00285415,63.00307852,60.91836168,59.02360051,71.01328075,65.80068924,70.13871055,71.90194966,58.59115665,59.94103107,64.05847234,66.91203938,62.54858461,60.10657486,63.18255296,61.90982015,62.00970054,57.92361028,61.22573703,63.73133015,67.12037783,63.48441621,58.62466408,62.94999097,60.26796912,60.05170253,54.33170251,65.69647861,63.32993536,56.83785841,56.22577289,64.9377065,63.47691556,62.72915088,68.88999755,61.2282242,64.51219911,64.10522377,56.53442068,61.86272223,56.43827784,63.48193754,69.79205102,60.46153461,57.47921469,63.5107945,70.01071631,52.68723288,67.97074635,65.52267148,69.23823041,51.86436092,64.95649221,66.44264726,57.4548549,60.86748634,58.59865012,60.3370007,59.88210552,57.75907939,62.82192313,58.42924957,70.34351905,60.41300048,66.57687618,68.56407874,59.88150706,60.16641673,60.32212696,55.93060348,57.40024412,61.16567815,62.9418335,56.4908192,58.10933945,59.83475412,60.82937761,68.87516028,62.97738082,64.76181287,56.77266536,65.78025486,61.674068,1,0,0,0,1,0,0,0,1,0,0,0,1,0,0,0,1,0,0,0,1,0,0,0,1,0,0,0,1,0,0,0,1,0,0,0,1,0,0,0,1,0,0,0,0,0,0,9,1,0,0,0,0,0,0,9,1,0,0,0,1,0,0,0,1,0,0,0,1,0,0,0,1,0,0,0,1,0,0,0,222,320,98,0.69375,56,267,320,53,0.834375,6,78,320,242,0.24375,72,222,320,98,0.69375,44,51,320,269,0.159375,90,120,320,200,0.375,36,174,320,146,0.54375,33,306,320,14,0.95625,3,231,320,89,0.721875,9,105,320,215,0.328125,72,108,320,212,0.3375,30,282,8640,8358,0.032638889,960,180,320,140,0.5625,21,396,8640,8244,0.045833333,960,213,320,107,0.665625,12,192,320,128,0.6,12,60,320,260,0.1875,134,237,320,83,0.740625,24,255,320,65,0.796875,12,33,320,287,0.103125,287,1
7,train,jump_to_max,1,180.0094245,0,25.80331106,25.17596962,26.39191004,24.39460779,25.860005,25.79203069,24.83987563,25.96406076,25.24498449,24.46095027,25.24289842,25.15999909,25.66279157,25.07759365,25.66398156,24.84396657,25.63095859,25.18494776,24.94462932,26.62106592,25.47741281,24.26807253,24.33898243,25.38947351,25.89774617,27.57523894,24.51050137,25.41254747,25.54458958,25.96304255,24.90771007,24.3574966,26.65976531,26.72271354,25.96721252,24.94308078,25.89864162,26.09236611,24.65363556,26.07439636,24.3326555,25.10446125,25.6065862,25.76997334,27.73285944,24.15691255,24.92133405,25.89339884,26.26205474,27.63114773,25.59863273,26.86510247,23.89836752,26.48814595,26.34480918,27.16183471,26.30243185,25.73693993,25.2939685,25.72097649,27.15410108,25.66609313,25.45079244,25.95147373,25.05550201,24.7061515,25.65841704,25.32661409,25.81936672,25.40426464,24.31201401,26.20345835,25.03901625,24.25546869,25.15767439,24.56793984,26.00400456,25.73496521,26.04240135,25.37774085,24.51914318,26.29195262,26.48651812,26.49067281,24.96205947,26.40473327,24.59316133,24.92125727,26.14819175,25.11907849,27.15777412,26.43324663,25.68766617,24.96955946,25.78182502,28.17414191,25.03094631,26.89623113,26.30303676,25.23294483,25.42691969,26.31613082,26.88421315,25.15831485,26.28482605,25.02907512,24.79334538,26.2812953,24.1342754,25.81613618,24.47406875,25.54821661,25.5437355,26.11537576,27.15409955,24.7082757,25.47139596,25.64714061,24.81504679,24.10999186,25.12268543,26.59278472,25.59066695,23.92999042,24.73645951,24.89357691,27.31911738,25.63833282,27.23456682,24.7944417,26.01383303,26.53316569,1,0,0,0,1,0,0,0,1,0,0,0,1,0,0,0,1,0,0,0,1,0,0,0,1,0,0,0,1,0,0,0,1,0,0,0,1,0,0,0,1,0,0,0,1,0,0,0,1,0,0,0,1,0,0,0,1,0,0,0,1,0,0,0,1,0,0,0,1,0,0,0,1,0,0,0,1,0,0,0,69,320,251,0.215625,251,105,320,215,0.328125,77,21,320,299,0.065625,239,75,320,245,0.234375,104,18,320,302,0.05625,254,75,320,245,0.234375,137,84,320,236,0.2625,68,225,320,95,0.703125,71,48,320,272,0.15,227,15,320,305,0.046875,272,30,320,290,0.09375,266,126,320,194,0.39375,104,45,320,275,0.140625,233,186,320,134,0.58125,92,114,320,206,0.35625,71,39,320,281,0.121875,272,24,320,296,0.075,287,102,320,218,0.31875,92,75,320,245,0.234375,71,18,320,302,0.05625,299,0
7,train,jump_to_max,2,360.0470941,0,35.07489349,33.50486054,33.97465245,33.84814863,34.37976987,34.71855322,33.99490104,34.63590297,32.12764027,34.2582139,37.10140868,32.99121539,34.36662954,33.27191163,33.51229956,32.87126001,33.55668652,33.09883173,33.60731951,35.98484788,34.83207035,34.61995663,30.90167016,34.21495071,35.83265489,36.02028031,34.22751856,33.01014801,34.10085948,35.92330536,32.38293749,33.59708164,36.90159521,36.11968395,34.54140829,33.41868368,33.61157483,38.2753529,32.1776052,34.92347569,31.97511221,33.52226081,32.65137063,32.63270686,36.79446691,31.08605957,34.81000944,36.52560634,35.71866315,36.79497529,33.93171376,34.75314481,32.34225987,36.5322823,34.42301947,40.10016773,35.55617169,34.90638733,34.24362863,33.51361409,36.77837925,35.13607887,32.09893097,32.64045337,34.33532132,33.16128716,32.21210691,36.28519891,35.47114188,35.43690661,34.25874274,35.18576422,34.39036652,32.35971592,34.60991902,31.65935642,35.4543134,33.6341435,36.09404067,34.10606536,35.12426932,34.66093311,36.49545409,36.70393433,30.77516609,37.57360598,34.50455383,31.28019829,34.24842229,34.15062137,35.029793,36.83324092,33.75828908,32.27698858,34.88002165,38.09868371,33.69241274,36.97793309,35.24808093,34.2019057,32.5964442,35.85397768,36.83249704,34.10741156,35.48741521,33.29243252,32.85594555,34.32567986,32.96728434,36.97674423,32.63732432,35.38096173,34.16689227,35.7828152,35.59743585,32.5441172,34.48018231,33.98996639,32.41700853,33.93056218,34.1944598,34.64935564,33.7454895,33.25431376,32.92793487,31.35592051,38.79640453,34.27861515,36.20783459,33.5643543,32.49909139,36.25129235,1,0,0,0,1,0,0,0,1,0,0,0,1,0,0,0,1,0,0,0,1,0,0,0,1,0,0,0,1,0,0,0,1,0,0,0,1,0,0,0,1,0,0,0,1,0,0,0,1,0,0,0,1,0,0,0,1,0,0,0,1,0,0,0,1,0,0,0,1,0,0,0,1,0,0,0,1,0,0,0,123,320,197,0.384375,176,108,320,212,0.3375,42,51,320,269,0.159375,194,96,320,224,0.3,135,21,320,299,0.065625,263,78,320,242,0.24375,87,114,320,206,0.35625,33,228,320,92,0.7125,24,57,320,263,0.178125,224,36,320,284,0.1125,230,42,320,278,0.13125,218,117,320,203,0.365625,69,75,320,245,0.234375,182,207,320,113,0.646875,24,141,320,179,0.440625,101,54,320,266,0.16875,230,21,320,299,0.065625,254,93,320,227,0.290625,68,120,320,200,0.375,101,24,320,296,0.075,296,0
7,train,jump_to_max,3,540.0177623,0.002333796,49.70816807,43.79555742,46.43254097,46.83414247,46.42629739,47.68503402,45.02315655,47.68228138,41.77014179,43.32646502,49.81832358,43.29790621,47.05401235,45.39392634,44.72389643,43.16666923,44.7731219,44.78556713,47.16525323,50.51479511,45.74640133,48.65060109,40.85982853,48.4516536,45.98661966,50.30692099,48.29654195,43.93369695,43.9732405,47.23243963,44.57778452,43.57583936,51.06742063,49.65984085,45.80929736,44.09081604,46.21488325,52.36718552,45.52345686,45.38034136,45.73399103,46.89593251,43.43584895,42.35334761,48.08608058,40.07650704,44.95342184,49.8628175,50.83361629,49.44789825,46.90207892,46.1033233,43.21583627,50.24874528,47.8684381,51.59224052,50.50792445,44.53268594,47.38851892,48.20126289,48.01445899,47.89944075,43.0916727,44.91122064,45.33568801,45.14541667,43.21826578,46.82195315,47.19057377,46.90162562,44.87482062,45.4617584,47.95021169,45.12376712,46.18992202,41.70698879,48.24584923,47.27274277,46.40294613,43.45242901,48.46925611,46.3690051,49.61166921,51.15440347,43.4676533,50.27641204,47.84041099,41.57717031,46.61465186,45.88268867,47.51309615,49.71557625,44.57461195,41.64483892,48.70450051,52.74149157,42.51895796,51.49360514,47.19810389,48.03076233,39.80259623,47.92882922,48.87334269,44.19179746,47.16270755,45.07576021,44.71138915,46.4323535,42.60244893,46.84247497,43.2147695,49.90735361,45.01358893,49.70820825,50.39366596,42.73407947,46.67759765,47.03412235,43.8360286,46.4214703,45.50329357,46.00427416,42.39705745,43.58119601,44.98393299,42.59578981,53.9279037,46.06163932,47.75798795,42.95949274,47.00859816,47.12815403,1,0,0,0,1,0,0,0,1,0,0,0,1,0,0,0,1,0,0,0,1,0,0,0,1,0,0,0,1,0,0,0,1,0,0,0,1,0,0,0,1,0,0,0,1,0,0,0,1,0,0,0,1,0,0,0,1,0,0,0,1,0,0,0,1,0,0,0,1,0,0,0,1,0,0,0,1,0,0,0,126,320,194,0.39375,158,222,320,98,0.69375,15,48,320,272,0.15,164,192,320,128,0.6,27,48,320,272,0.15,176,87,320,233,0.271875,51,150,320,170,0.46875,24,273,320,47,0.853125,6,144,320,176,0.45,59,90,320,230,0.28125,84,48,320,272,0.15,149,243,320,77,0.759375,15,84,320,236,0.2625,74,288,320,32,0.9,6,273,320,47,0.853125,6,135,320,185,0.421875,59,51,320,269,0.159375,242,204,320,116,0.6375,18,243,320,77,0.759375,12,18,320,302,0.05625,302,1
7,train,jump_to_max,4,720.0110345,0.039284189,69.22604002,58.26951017,61.38781388,61.11296336,62.51940884,65.53432705,63.20737652,62.21764055,55.82605537,61.29644651,62.9448917,59.08734327,60.65810314,60.19930236,64.41454486,57.7506631,60.32516614,60.60290247,62.4108882,72.92370355,64.86636337,62.64013498,52.8064866,63.91025707,61.3496518,64.45170867,64.33892603,60.23281679,59.01389503,64.04220781,59.04816349,60.57291053,70.27101871,69.04224494,58.93392872,56.23149761,59.35988085,71.09602169,58.40542509,62.18532321,58.39520829,59.46157038,54.95406188,57.11218925,64.95025203,51.54928229,61.19038218,64.74804653,67.47064979,66.00285415,63.00307852,60.91836168,59.02360051,71.01328075,65.80068924,70.13871055,71.90194966,58.59115665,59.94103107,64.05847234,66.91203938,62.54858461,60.10657486,63.18255296,61.90982015,62.00970054,57.92361028,61.22573703,63.73133015,67.12037783,63.48441621,58.62466408,62.94999097,60.26796912,60.05170253,54.33170251,65.69647861,63.32993536,56.83785841,56.22577289,64.9377065,63.47691556,62.72915088,68.88999755,61.2282242,64.51219911,64.10522377,56.53442068,61.86272223,56.43827784,63.48193754,69.79205102,60.46153461,57.47921469,63.5107945,70.01071631,52.68723288,67.97074635,65.52267148,69.23823041,51.86436092,64.95649221,66.44264726,57.4548549,60.86748634,58.59865012,60.3370007,59.88210552,57.75907939,62.82192313,58.42924957,70.34351905,60.41300048,66.57687618,68.56407874,59.88150706,60.16641673,60.32212696,55.93060348,57.40024412,61.16567815,62.9418335,56.4908192,58.10933945,59.83475412,60.82937761,68.87516028,62.97738082,64.76181287,56.77266536,65.78025486,61.674068,1,0,0,0,1,0,0,0,1,0,0,0,1,0,0,0,1,0,0,0,1,0,0,0,1,0,0,0,1,0,0,0,1,0,0,0,1,0,0,0,1,0,0,0,0,0,0,9,1,0,0,0,0,0,0,9,1,0,0,0,1,0,0,0,1,0,0,0,1,0,0,0,1,0,0,0,1,0,0,0,222,320,98,0.69375,56,267,320,53,0.834375,6,78,320,242,0.24375,72,222,320,98,0.69375,44,51,320,269,0.159375,90,120,320,200,0.375,36,174,320,146,0.54375,33,306,320,14,0.95625,3,231,320,89,0.721875,9,105,320,215,0.328125,72,108,320,212,0.3375,30,282,8640,8358,0.032638889,960,180,320,140,0.5625,21,396,8640,8244,0.045833333,960,213,320,107,0.665625,12,192,320,128,0.6,12,60,320,260,0.1875,134,237,320,83,0.740625,24,255,320,65,0.796875,12,33,320,287,0.103125,287,1
7,train,jump_to_max,5,900.0152149,0.042154208,91.00103351,78.31722559,78.40927496,78.26206267,83.4773433,84.27879455,86.31717581,85.27303776,76.832227,79.5741215,85.41099446,84.60386157,79.06092776,76.76999978,91.10772347,78.99845606,82.64832237,80.57847871,84.06540232,97.2129717,86.34389768,83.89471501,67.03712171,84.746295,80.44360004,89.41310534,87.50979156,76.97207233,77.91991224,89.50105247,77.00463711,85.93083842,90.60185285,92.908337,79.13888239,76.54406285,77.74965649,94.37331024,80.27300263,85.4675469,76.05187361,81.53320241,77.09385063,78.15090785,89.65921298,71.02378264,81.05159298,83.26286732,89.31268425,91.14469561,85.93310453,79.07024077,78.11822208,92.95869709,83.10494377,93.15288887,93.64802112,80.01850375,80.87210315,89.4270601,91.7384609,82.57195467,81.84687787,84.70664413,83.07550013,78.97285209,78.83099587,80.91653513,85.68423809,89.19129798,90.33817854,81.5966937,87.58173339,83.24492853,80.2740427,72.47916404,89.74884848,89.59925177,72.36722906,72.22779978,87.43061371,91.01239898,84.75367857,90.84418732,78.46352971,90.79183671,90.06783351,76.80488168,84.55321718,75.60147067,81.80052443,97.37363565,79.26717465,77.59455859,83.60248996,95.14611647,73.89467374,90.56522141,90.29300749,89.4771138,71.96542748,87.78052025,93.60172868,81.24675101,77.18878845,79.91912957,82.26522945,81.1568375,77.89997256,84.09215826,76.64433888,89.85446723,83.53708524,86.69434961,86.5752186,84.45128068,78.56768534,81.78902426,73.84540336,76.99378826,79.08313641,81.93112252,82.34390917,73.50355672,83.85394227,83.85597221,92.03879307,84.46265825,82.27458553,72.26284505,89.45748245,82.07208134,1,0,0,0,1,0,0,0,1,0,0,0,1,0,0,0,1,0,0,0,1,0,0,0,1,0,0,0,1,0,0,0,1,0,0,0,1,0,0,0,1,0,0,0,0,0,0,9,1,0,0,0,0,0,0,9,1,0,0,0,1,0,0,0,1,0,0,0,1,0,0,0,1,0,0,0,1,0,0,0,228,320,92,0.7125,24,264,320,56,0.825,6,132,320,188,0.4125,33,234,320,86,0.73125,21,99,320,221,0.309375,84,189,320,131,0.590625,29,225,320,95,0.703125,9,312,320,8,0.975,3,258,320,62,0.80625,18,159,320,161,0.496875,24,153,320,167,0.478125,39,516,8640,8124,0.059722222,960,204,320,116,0.6375,12,570,8640,8070,0.065972222,960,231,320,89,0.721875,9,237,320,83,0.740625,21,129,320,191,0.403125,39,318,320,2,0.99375,2,279,320,41,0.871875,9,60,320,260,0.1875,156,1
7,train,jump_to_max,5,900.0152149,0.042154208,91.00103351,78.31722559,78.40927496,78.26206267,83.4773433,84.27879455,86.31717581,85.27303776,76.832227,79.5741215,85.41099446,84.60386157,79.06092776,76.76999978,91.10772347,78.99845606,82.64832237,80.57847871,84.06540232,97.2129717,86.34389768,83.89471501,67.03712171,84.746295,80.44360004,89.41310534,87.50979156,76.97207233,77.91991224,89.50105247,77.00463711,85.93083842,90.60185285,92.908337,79.13888239,76.54406285,77.74965649,94.37331024,80.27300263,85.4675469,76.05187361,81.53320241,77.09385063,78.15090785,89.65921298,71.02378264,81.05159298,83.26286732,89.31268425,91.14469561,85.93310453,79.07024077,78.11822208,92.95869709,83.10494377,93.15288887,93.64802112,80.01850375,80.87210315,89.4270601,91.7384609,82.57195467,81.84687787,84.70664413,83.07550013,78.97285209,78.83099587,80.91653513,85.68423809,89.19129798,90.33817854,81.5966937,87.58173339,83.24492853,80.2740427,72.47916404,89.74884848,89.59925177,72.36722906,72.22779978,87.43061371,91.01239898,84.75367857,90.84418732,78.46352971,90.79183671,90.06783351,76.80488168,84.55321718,75.60147067,81.80052443,97.37363565,79.26717465,77.59455859,83.60248996,95.14611647,73.89467374,90.56522141,90.29300749,89.4771138,71.96542748,87.78052025,93.60172868,81.24675101,77.18878845,79.91912957,82.26522945,81.1568375,77.89997256,84.09215826,76.64433888,89.85446723,83.53708524,86.69434961,86.5752186,84.45128068,78.56768534,81.78902426,73.84540336,76.99378826,79.08313641,81.93112252,82.34390917,73.50355672,83.85394227,83.85597221,92.03879307,84.46265825,82.27458553,72.26284505,89.45748245,82.07208134,1,0,0,0,1,0,0,0,1,0,0,0,1,0,0,0,1,0,0,0,1,0,0,0,1,0,0,0,1,0,0,0,1,0,0,0,1,0,0,0,1,0,0,0,0,0,0,9,1,0,0,0,0,0,0,9,1,0,0,0,1,0,0,0,1,0,0,0,1,0,0,0,1,0,0,0,1,0,0,0,228,320,92,0.7125,24,264,320,56,0.825,6,132,320,188,0.4125,33,234,320,86,0.73125,21,99,320,221,0.309375,84,189,320,131,0.590625,29,225,320,95,0.703125,9,312,320,8,0.975,3,258,320,62,0.80625,18,159,320,161,0.496875,24,153,320,167,0.478125,39,516,8640,8124,0.059722222,960,204,320,116,0.6375,12,570,8640,8070,0.065972222,960,231,320,89,0.721875,9,237,320,83,0.740625,21,129,320,191,0.403125,39,318,320,2,0.99375,2,279,320,41,0.871875,9,60,320,260,0.1875,156,1
7,train,jump_to_max,6,1080.002002,0.062941249,122.777251,101.958322,106.0638265,106.9255795,113.4665837,113.4081097,115.7673852,117.0651295,96.44024993,107.4329135,114.237116,112.03086,107.7785209,109.5714436,131.556632,107.050524,106.8317863,112.0199858,112.6371806,134.4633721,115.8038423,111.5146176,87.25258437,117.6265545,105.3797155,119.6115161,123.448521,102.9071341,110.3907599,116.1563317,102.8399643,113.1238908,123.8393775,122.2143931,110.8431012,99.19025236,116.2382683,132.0590081,106.8180785,108.4465469,101.691653,106.7375129,107.2715118,104.1481849,121.831,97.55641511,109.5959628,109.9427187,113.4998603,120.687614,107.8624263,104.3356615,108.653568,115.1604049,102.8932932,128.287571,131.8806103,105.2687416,110.7645024,123.3599935,123.3178163,107.5730597,110.9441294,114.1574447,110.0920589,107.3236583,109.0188333,108.6370418,107.9787177,122.1977358,115.410247,112.1280053,118.7368949,109.9207866,109.3512318,99.57731974,115.8985378,118.9365099,104.6908551,93.62397572,121.6034948,125.4977739,116.0047903,120.9208248,101.1438901,116.6735673,118.692168,107.0876869,111.6828594,101.5893908,108.4744042,128.4051339,104.8500598,108.5966268,109.2820044,128.0779206,101.2957456,124.5878248,119.0484101,113.8864813,96.32028973,114.005554,128.0826596,112.3454657,100.2400102,108.6106119,108.0813914,108.5663392,105.4171727,114.4322046,112.5530563,112.4214172,121.5455466,114.4112785,115.6106665,112.5105616,114.4810908,114.367606,95.23731481,105.2877221,109.7141024,115.4692566,112.6687281,93.90971163,122.3123674,118.346699,122.6587071,117.2601098,107.1979623,96.68746947,115.2029842,108.1344906,1,0,0,0,1,0,0,0,1,0,0,0,1,0,0,0,1,0,0,0,1,0,0,0,1,0,0,0,1,0,0,0,1,0,0,0,1,0,0,0,1,0,0,0,0,0,0,9,1,0,0,0,0,0,0,9,1,0,0,0,1,0,0,0,1,0,0,0,1,0,0,0,1,0,0,0,1,0,0,0,291,320,29,0.909375,6,252,320,68,0.7875,6,162,320,158,0.50625,27,303,320,17,0.946875,5,126,320,194,0.39375,45,180,320,140,0.5625,24,264,320,56,0.825,9,300,320,20,0.9375,6,285,320,35,0.890625,6,231,320,89,0.721875,9,222,320,98,0.69375,15,621,8640,8019,0.071875,960,282,320,38,0.88125,6,600,8640,8040,0.069444444,960,279,320,41,0.871875,6,276,320,44,0.8625,3,156,320,164,0.4875,50,294,320,26,0.91875,6,303,320,17,0.946875,5,78,320,242,0.24375,105,1
7,train,jump_to_max,6,1080.002002,0.062941249,122.777251,101.958322,106.0638265,106.9255795,113.4665837,113.4081097,115.7673852,117.0651295,96.44024993,107.4329135,114.237116,112.03086,107.7785209,109.5714436,131.556632,107.050524,106.8317863,112.0199858,112.6371806,134.4633721,115.8038423,111.5146176,87.25258437,117.6265545,105.3797155,119.6115161,123.448521,102.9071341,110.3907599,116.1563317,102.8399643,113.1238908,123.8393775,122.2143931,110.8431012,99.19025236,116.2382683,132.0590081,106.8180785,108.4465469,101.691653,106.7375129,107.2715118,104.1481849,121.831,97.55641511,109.5959628,109.9427187,113.4998603,120.687614,107.8624263,104.3356615,108.653568,115.1604049,102.8932932,128.287571,131.8806103,105.2687416,110.7645024,123.3599935,123.3178163,107.5730597,110.9441294,114.1574447,110.0920589,107.3236583,109.0188333,108.6370418,107.9787177,122.1977358,115.410247,112.1280053,118.7368949,109.9207866,109.3512318,99.57731974,115.8985378,118.9365099,104.6908551,93.62397572,121.6034948,125.4977739,116.0047903,120.9208248,101.1438901,116.6735673,118.692168,107.0876869,111.6828594,101.5893908,108.4744042,128.4051339,104.8500598,108.5966268,109.2820044,128.0779206,101.2957456,124.5878248,119.0484101,113.8864813,96.32028973,114.005554,128.0826596,112.3454657,100.2400102,108.6106119,108.0813914,108.5663392,105.4171727,114.4322046,112.5530563,112.4214172,121.5455466,114.4112785,115.6106665,112.5105616,114.4810908,114.367606,95.23731481,105.2877221,109.7141024,115.4692566,112.6687281,93.90971163,122.3123674,118.346699,122.6587071,117.2601098,107.1979623,96.68746947,115.2029842,108.1344906,1,0,0,0,1,0,0,0,1,0,0,0,1,0,0,0,1,0,0,0,1,0,0,0,1,0,0,0,1,0,0,0,1,0,0,0,1,0,0,0,1,0,0,0,0,0,0,9,1,0,0,0,0,0,0,9,1,0,0,0,1,0,0,0,1,0,0,0,1,0,0,0,1,0,0,0,1,0,0,0,291,320,29,0.909375,6,252,320,68,0.7875,6,162,320,158,0.50625,27,303,320,17,0.946875,5,126,320,194,0.39375,45,180,320,140,0.5625,24,264,320,56,0.825,9,300,320,20,0.9375,6,285,320,35,0.890625,6,231,320,89,0.721875,9,222,320,98,0.69375,15,621,8640,8019,0.071875,960,282,320,38,0.88125,6,600,8640,8040,0.069444444,960,279,320,41,0.871875,6,276,320,44,0.8625,3,156,320,164,0.4875,50,294,320,26,0.91875,6,303,320,17,0.946875,5,78,320,242,0.24375,105,1
8,train,jump_to_max,1,180.0761352,0,26.86179538,26.63260778,24.26943063,25.3465328,25.63687774,25.10907299,25.09535709,25.25247164,25.18561899,25.10881678,25.91807841,25.95161231,24.28442789,25.97487984,26.77637633,25.40049475,24.35335291,26.41164401,26.26678451,24.50616786,24.96304644,25.30772765,25.60085239,23.94264561,26.69876722,25.85106808,25.89699726,25.11577847,24.35759521,25.50923379,26.86141606,27.862689,26.25045332,25.26007713,26.62053044,26.60965219,25.56666997,25.28062426,26.6604724,26.68473901,24.21696514,26.7411339,25.97375667,26.17613107,25.40098293,24.80749569,25.87656247,26.68714257,25.88769483,24.6878381,25.11322294,26.12238356,23.88844542,25.15333259,26.53469213,26.34191882,24.97743271,25.85466421,25.82429784,24.79081779,26.66354472,24.51384414,24.72795468,24.95452449,25.39973778,25.12295544,26.49635089,26.8056375,25.06304236,26.07693173,24.34172453,24.72155272,26.07800497,24.82744038,26.70330129,25.46019093,24.48652917,26.52123817,23.8965041,24.8329006,25.35725284,25.22875409,24.32609782,26.92406698,25.7403252,25.15510251,25.52520725,25.46274897,24.15768595,25.9488767,25.4078137,25.51547639,25.56939734,26.23039063,26.22574372,25.62928053,26.78629024,27.48584084,24.90154458,25.65214337,24.95675795,24.62139074,25.29733352,25.6079351,25.95739228,25.53629807,26.75640541,26.39174971,26.05505729,24.98187968,25.18692901,24.76959501,24.78431979,24.10942657,24.77848045,25.51029757,24.14506283,25.84326053,26.35763446,27.12186203,24.68477364,25.93421273,26.07553701,26.16577318,26.10073741,25.81794041,25.94457937,25.21774295,26.08135943,25.31466684,26.62568476,25.72828325,1,0,0,0,1,0,0,0,1,0,0,0,1,0,0,0,1,0,0,0,1,0,0,0,1,0,0,0,1,0,0,0,1,0,0,0,1,0,0,0,1,0,0,0,1,0,0,0,1,0,0,0,1,0,0,0,1,0,0,0,1,0,0,0,1,0,0,0,1,0,0,0,1,0,0,0,1,0,0,0,69,320,251,0.215625,227,117,320,203,0.365625,53,36,320,284,0.1125,245,96,320,224,0.3,185,18,320,302,0.05625,254,75,320,245,0.234375,86,99,320,221,0.309375,101,249,320,71,0.778125,53,60,320,260,0.1875,254,30,320,290,0.09375,266,33,320,287,0.103125,275,123,320,197,0.384375,173,63,320,257,0.196875,134,198,320,122,0.61875,62,135,320,185,0.421875,53,42,320,278,0.13125,263,39,320,281,0.121875,275,105,320,215,0.328125,62,99,320,221,0.309375,56,21,320,299,0.065625,299,0
8,train,jump_to_max,2,360.0071476,0,37.3346994,36.80295191,30.9971789,32.99030889,36.33223734,32.47875547,33.28397826,33.85509351,32.48390098,34.15144621,35.05344292,36.47842486,34.28995289,34.09731898,38.87213983,36.23764411,33.44013917,34.71938036,35.18167888,32.98416773,32.68543748,32.87883091,36.72792364,33.31452543,35.8987191,34.7462857,34.70811143,33.85008845,34.67314592,32.45524107,35.66869313,39.16671613,36.63564604,35.11840186,37.51730785,35.35013866,33.29080768,34.62497625,36.43097821,35.54412935,32.07938696,36.88370715,33.04292113,37.79278813,34.81463189,33.55401094,36.14240107,36.02832062,34.39750382,33.13560432,34.09200205,37.87579984,32.88642151,32.35089969,36.27689128,35.17634829,32.13507848,33.56995105,34.09522015,31.60594461,35.79266628,32.34046315,35.36148158,32.68018425,34.40570642,34.02476235,37.84110146,33.78853266,32.27505208,37.06008195,31.7845785,32.81088924,32.26003025,32.25881218,36.42133301,34.69933754,33.19115113,36.06031883,31.30617304,34.78901469,34.40909632,34.30823341,33.6828644,36.36726114,34.75081485,33.21218473,35.46935131,33.26402195,33.53733347,34.14184512,35.0592275,31.5783273,34.08489857,32.85650191,34.82570004,34.53060428,37.00853825,37.61579751,34.51652827,35.10508483,33.80793872,32.60423832,34.08236321,35.79559632,34.81556929,32.23035447,35.2027958,33.97090929,34.78926051,32.90484315,32.9962024,30.81076775,32.92126802,31.9221092,33.65826825,35.13820203,31.80293299,36.58978281,36.12252303,36.02033475,33.27322566,36.13118989,33.81835211,35.37742487,35.50648513,34.75924545,35.19708608,35.1266999,34.74333049,34.70812958,35.25608119,35.58445703,1,0,0,0,1,0,0,0,1,0,0,0,1,0,0,0,1,0,0,0,1,0,0,0,1,0,0,0,1,0,0,0,1,0,0,0,1,0,0,0,1,0,0,0,1,0,0,0,1,0,0,0,1,0,0,0,1,0,0,0,1,0,0,0,1,0,0,0,1,0,0,0,1,0,0,0,1,0,0,0,117,320,203,0.365625,173,117,320,203,0.365625,53,51,320,269,0.159375,233,111,320,209,0.346875,48,39,320,281,0.121875,236,66,320,254,0.20625,84,141,320,179,0.440625,24,240,320,80,0.75,18,36,320,284,0.1125,218,36,320,284,0.1125,257,33,320,287,0.103125,185,156,320,164,0.4875,48,66,320,254,0.20625,54,210,320,110,0.65625,18,147,320,173,0.459375,47,36,320,284,0.1125,251,63,320,257,0.196875,221,135,320,185,0.421875,26,126,320,194,0.39375,47,15,320,305,0.046875,296,0
8,train,jump_to_max,3,540.0169531,0.004919054,48.33915117,49.02615161,42.68464133,42.17172226,47.22091585,45.86027895,47.52663287,42.71163632,46.59691195,45.49756139,45.64924518,50.31979113,43.12259657,46.57677093,49.80967853,48.24277698,46.21864529,46.1615605,48.89681126,44.69900375,44.31862464,43.59292669,50.43003641,43.85140049,47.1607925,44.46830601,47.02926562,46.47698443,49.08379536,40.31921454,50.47257071,51.99906327,46.46356548,51.22389052,46.67162966,49.56041993,42.96404436,45.0536043,49.11844727,48.54572346,44.90953991,50.38315241,44.51169468,51.8653405,46.34914893,45.26968962,45.40172397,52.61144699,48.79769498,47.38690237,45.28798475,51.400867,43.23390691,41.54614258,48.6957532,49.19939309,41.14327092,48.81214123,44.96743494,44.41900988,48.05126971,43.11660926,48.41044383,43.952532,45.07608001,45.28737257,52.69612745,46.15928441,42.33004692,50.03719788,41.8702804,45.04662891,40.94339181,46.2262521,49.45218274,46.61349499,45.85147852,48.85079683,41.5272462,44.48648474,44.7352413,45.39689746,46.13312055,47.39483618,45.65255406,44.56307886,45.89136569,45.21277937,46.74331223,47.30022363,47.00923731,42.84197017,47.51581659,44.00309758,46.33435951,47.68523852,48.45924572,51.54777634,45.04443567,48.2813206,45.052035,42.14343196,47.83160311,43.65198868,45.82280982,43.92838056,48.55018335,45.07341961,46.63866304,43.12505744,43.42228414,41.81229387,46.38415963,42.67116859,45.38910773,49.05210203,40.54143954,48.99521667,48.59686069,48.42494991,44.386025,48.18424794,45.22683162,48.3877744,46.437253,46.35408991,48.16469711,46.35466768,43.83933386,48.07893928,47.02279211,46.41226773,1,0,0,0,1,0,0,0,1,0,0,0,1,0,0,0,1,0,0,0,1,0,0,0,1,0,0,0,1,0,0,0,1,0,0,0,1,0,0,0,1,0,0,0,1,0,0,0,1,0,0,0,1,0,0,0,1,0,0,0,1,0,0,0,1,0,0,0,1,0,0,0,1,0,0,0,1,0,0,0,153,320,167,0.478125,128,186,320,134,0.58125,33,60,320,260,0.1875,188,201,320,119,0.628125,24,15,320,305,0.046875,179,93,320,227,0.290625,36,177,320,143,0.553125,51,306,320,14,0.95625,3,147,320,173,0.459375,131,111,320,209,0.346875,83,75,320,245,0.234375,84,270,320,50,0.84375,9,102,320,218,0.31875,66,294,320,26,0.91875,3,270,320,50,0.84375,6,156,320,164,0.4875,131,69,320,251,0.215625,209,207,320,113,0.646875,12,204,320,116,0.6375,20,27,320,293,0.084375,278,1
8,train,jump_to_max,4,720.0039317,0.026648824,68.52607015,67.42619032,55.94284638,57.17978704,64.88165019,63.9428268,64.05543452,59.98434132,61.13227025,64.11567844,58.3611427,67.70215596,53.6540437,63.32358017,68.97800665,65.96399503,58.6380762,60.43806578,69.22113624,61.56796737,58.54856728,60.43415957,65.65987479,61.07162244,60.52268196,61.59749448,62.52060822,64.07895238,65.74298653,53.90668975,63.1032155,65.69869936,62.84611612,63.67950795,63.47307525,67.50596147,59.4883707,60.38131216,63.83491595,66.17635489,58.32862144,71.43098772,57.48330249,69.74502045,64.14435393,62.09628996,60.64032609,71.04574217,66.23839307,61.60651585,61.03456964,75.18701938,65.86539069,60.37885744,66.09438436,67.1792105,53.77312608,65.49872743,60.98126056,59.45322892,66.44050951,57.85886031,65.89018336,55.40120331,60.77785841,61.33876716,71.47933826,62.74717151,59.30255555,69.14410688,56.37564602,64.80935241,51.1094419,59.7402911,69.14366767,58.939864,60.94229556,62.85757297,55.73480691,59.75752703,59.05334877,64.14560623,63.23591444,63.34925465,62.65168105,57.53404989,58.88879963,60.74328099,59.98250903,66.91196471,66.30286201,61.03513716,62.7330411,60.43486513,60.06935157,58.40217817,63.89498292,71.24846752,58.48593295,61.80025812,59.33241127,58.11586867,65.92440503,58.6592835,64.63242862,62.15323112,62.97828688,61.30023306,64.78568172,59.91468046,57.09067744,55.29283921,64.39392952,56.568523,60.12494294,66.09337938,58.81260784,69.72665759,61.94713887,66.84257899,58.42970383,64.2205434,62.56182473,67.58887375,60.184972,64.96772749,62.60213578,64.6944815,61.44267105,61.64833509,62.79397042,61.93154356,1,0,0,0,1,0,0,0,1,0,0,0,1,0,0,0,0,0,0,9,1,0,0,0,1,0,0,0,1,0,0,0,1,0,0,0,1,0,0,0,1,0,0,0,1,0,0,0,1,0,0,0,0,0,0,9,1,0,0,0,1,0,0,0,1,0,0,0,1,0,0,0,1,0,0,0,1,0,0,0,201,320,119,0.628125,60,225,320,95,0.703125,18,66,320,254,0.20625,128,210,320,110,0.65625,15,33,8640,8607,0.003819444,960,135,320,185,0.421875,24,195,320,125,0.609375,18,303,320,17,0.946875,3,204,320,116,0.6375,15,90,320,230,0.28125,119,111,320,209,0.346875,60,291,320,29,0.909375,6,153,320,167,0.478125,41,432,8640,8208,0.05,960,234,320,86,0.73125,6,162,320,158,0.50625,18,108,320,212,0.3375,122,240,320,80,0.75,11,243,320,77,0.759375,9,24,320,296,0.075,251,1
8,train,jump_to_max,5,900.0488977,0.042811518,89.49429561,91.0347264,73.98918038,79.91423108,89.62410104,90.5354055,86.66191108,80.29553926,84.22059176,86.46247876,76.76507967,91.36775791,67.78090651,87.16930852,92.52824579,85.54163293,85.35229892,77.79011052,93.05308766,81.24555168,85.20647001,80.9034128,90.89301032,76.54717237,85.02178157,83.48603226,83.64451835,85.18557206,88.76598312,71.05065598,81.15178476,87.40226824,85.6162884,88.82158322,80.73804882,85.44065662,85.50072092,78.89760453,84.79484502,92.22979634,79.1457435,98.65986401,74.84547269,89.87426398,84.85784081,82.76459338,82.39406952,95.42607808,87.79734033,78.94927056,79.89062666,98.2297523,85.82268586,81.69591093,91.28725801,90.19206725,74.3813752,87.10845873,84.84909241,78.41823275,88.30508896,80.20436218,87.14811274,71.8157793,85.43799241,83.53761772,96.21597763,85.72889381,79.3509927,91.67507966,74.86152481,84.21381744,70.36146371,78.38019166,88.13551538,79.09275383,84.36178211,83.20207673,72.07658313,81.76073768,81.74792969,85.75994934,85.42170722,86.26455416,86.96861356,76.8409067,79.80165746,84.75793019,80.27649966,96.34308097,94.15452327,84.47563173,79.37164406,80.38030158,81.60857277,80.58449196,86.3957045,103.57447,77.90310968,83.1259755,79.66240776,71.50548153,86.86546647,76.3875291,88.39905608,80.0545173,87.57677559,82.97297496,83.4046055,84.55921969,76.87169436,74.43373006,85.59698312,74.0643408,75.54198619,85.93245008,74.35451466,94.301658,81.41227109,91.06754519,77.07265775,85.0972223,80.20910707,90.51089794,81.49423572,87.79270465,86.93656821,90.42611354,80.20727189,83.2989171,88.89368913,79.13557393,1,0,0,0,1,0,0,0,1,0,0,0,1,0,0,0,0,0,0,9,1,0,0,0,1,0,0,0,1,0,0,0,1,0,0,0,1,0,0,0,1,0,0,0,1,0,0,0,1,0,0,0,0,0,0,9,1,0,0,0,1,0,0,0,1,0,0,0,1,0,0,0,1,0,0,0,1,0,0,0,258,320,62,0.80625,11,276,320,44,0.8625,6,147,320,173,0.459375,35,234,320,86,0.73125,9,90,8640,8550,0.010416667,960,180,320,140,0.5625,24,261,320,59,0.815625,9,297,320,23,0.928125,6,255,320,65,0.796875,6,189,320,131,0.590625,27,186,320,134,0.58125,18,303,320,17,0.946875,8,243,320,77,0.759375,17,456,8640,8184,0.052777778,960,210,320,110,0.65625,18,252,320,68,0.7875,18,108,320,212,0.3375,104,276,320,44,0.8625,6,252,320,68,0.7875,9,36,320,284,0.1125,114,1
8,train,jump_to_max,1,180.0761352,0,26.86179538,26.63260778,24.26943063,25.3465328,25.63687774,25.10907299,25.09535709,25.25247164,25.18561899,25.10881678,25.91807841,25.95161231,24.28442789,25.97487984,26.77637633,25.40049475,24.35335291,26.41164401,26.26678451,24.50616786,24.96304644,25.30772765,25.60085239,23.94264561,26.69876722,25.85106808,25.89699726,25.11577847,24.35759521,25.50923379,26.86141606,27.862689,26.25045332,25.26007713,26.62053044,26.60965219,25.56666997,25.28062426,26.6604724,26.68473901,24.21696514,26.7411339,25.97375667,26.17613107,25.40098293,24.80749569,25.87656247,26.68714257,25.88769483,24.6878381,25.11322294,26.12238356,23.88844542,25.15333259,26.53469213,26.34191882,24.97743271,25.85466421,25.82429784,24.79081779,26.66354472,24.51384414,24.72795468,24.95452449,25.39973778,25.12295544,26.49635089,26.8056375,25.06304236,26.07693173,24.34172453,24.72155272,26.07800497,24.82744038,26.70330129,25.46019093,24.48652917,26.52123817,23.8965041,24.8329006,25.35725284,25.22875409,24.32609782,26.92406698,25.7403252,25.15510251,25.52520725,25.46274897,24.15768595,25.9488767,25.4078137,25.51547639,25.56939734,26.23039063,26.22574372,25.62928053,26.78629024,27.48584084,24.90154458,25.65214337,24.95675795,24.62139074,25.29733352,25.6079351,25.95739228,25.53629807,26.75640541,26.39174971,26.05505729,24.98187968,25.18692901,24.76959501,24.78431979,24.10942657,24.77848045,25.51029757,24.14506283,25.84326053,26.35763446,27.12186203,24.68477364,25.93421273,26.07553701,26.16577318,26.10073741,25.81794041,25.94457937,25.21774295,26.08135943,25.31466684,26.62568476,25.72828325,1,0,0,0,1,0,0,0,1,0,0,0,1,0,0,0,1,0,0,0,1,0,0,0,1,0,0,0,1,0,0,0,1,0,0,0,1,0,0,0,1,0,0,0,1,0,0,0,1,0,0,0,1,0,0,0,1,0,0,0,1,0,0,0,1,0,0,0,1,0,0,0,1,0,0,0,1,0,0,0,69,320,251,0.215625,227,117,320,203,0.365625,53,36,320,284,0.1125,245,96,320,224,0.3,185,18,320,302,0.05625,254,75,320,245,0.234375,86,99,320,221,0.309375,101,249,320,71,0.778125,53,60,320,260,0.1875,254,30,320,290,0.09375,266,33,320,287,0.103125,275,123,320,197,0.384375,173,63,320,257,0.196875,134,198,320,122,0.61875,62,135,320,185,0.421875,53,42,320,278,0.13125,263,39,320,281,0.121875,275,105,320,215,0.328125,62,99,320,221,0.309375,56,21,320,299,0.065625,299,0
8,train,jump_to_max,2,360.0071476,0,37.3346994,36.80295191,30.9971789,32.99030889,36.33223734,32.47875547,33.28397826,33.85509351,32.48390098,34.15144621,35.05344292,36.47842486,34.28995289,34.09731898,38.87213983,36.23764411,33.44013917,34.71938036,35.18167888,32.98416773,32.68543748,32.87883091,36.72792364,33.31452543,35.8987191,34.7462857,34.70811143,33.85008845,34.67314592,32.45524107,35.66869313,39.16671613,36.63564604,35.11840186,37.51730785,35.35013866,33.29080768,34.62497625,36.43097821,35.54412935,32.07938696,36.88370715,33.04292113,37.79278813,34.81463189,33.55401094,36.14240107,36.02832062,34.39750382,33.13560432,34.09200205,37.87579984,32.88642151,32.35089969,36.27689128,35.17634829,32.13507848,33.56995105,34.09522015,31.60594461,35.79266628,32.34046315,35.36148158,32.68018425,34.40570642,34.02476235,37.84110146,33.78853266,32.27505208,37.06008195,31.7845785,32.81088924,32.26003025,32.25881218,36.42133301,34.69933754,33.19115113,36.06031883,31.30617304,34.78901469,34.40909632,34.30823341,33.6828644,36.36726114,34.75081485,33.21218473,35.46935131,33.26402195,33.53733347,34.14184512,35.0592275,31.5783273,34.08489857,32.85650191,34.82570004,34.53060428,37.00853825,37.61579751,34.51652827,35.10508483,33.80793872,32.60423832,34.08236321,35.79559632,34.81556929,32.23035447,35.2027958,33.97090929,34.78926051,32.90484315,32.9962024,30.81076775,32.92126802,31.9221092,33.65826825,35.13820203,31.80293299,36.58978281,36.12252303,36.02033475,33.27322566,36.13118989,33.81835211,35.37742487,35.50648513,34.75924545,35.19708608,35.1266999,34.74333049,34.70812958,35.25608119,35.58445703,1,0,0,0,1,0,0,0,1,0,0,0,1,0,0,0,1,0,0,0,1,0,0,0,1,0,0,0,1,0,0,0,1,0,0,0,1,0,0,0,1,0,0,0,1,0,0,0,1,0,0,0,1,0,0,0,1,0,0,0,1,0,0,0,1,0,0,0,1,0,0,0,1,0,0,0,1,0,0,0,117,320,203,0.365625,173,117,320,203,0.365625,53,51,320,269,0.159375,233,111,320,209,0.346875,48,39,320,281,0.121875,236,66,320,254,0.20625,84,141,320,179,0.440625,24,240,320,80,0.75,18,36,320,284,0.1125,218,36,320,284,0.1125,257,33,320,287,0.103125,185,156,320,164,0.4875,48,66,320,254,0.20625,54,210,320,110,0.65625,18,147,320,173,0.459375,47,36,320,284,0.1125,251,63,320,257,0.196875,221,135,320,185,0.421875,26,126,320,194,0.39375,47,15,320,305,0.046875,296,0
8,train,jump_to_max,3,540.0169531,0.004919054,48.33915117,49.02615161,42.68464133,42.17172226,47.22091585,45.86027895,47.52663287,42.71163632,46.59691195,45.49756139,45.64924518,50.31979113,43.12259657,46.57677093,49.80967853,48.24277698,46.21864529,46.1615605,48.89681126,44.69900375,44.31862464,43.59292669,50.43003641,43.85140049,47.1607925,44.46830601,47.02926562,46.47698443,49.08379536,40.31921454,50.47257071,51.99906327,46.46356548,51.22389052,46.67162966,49.56041993,42.96404436,45.0536043,49.11844727,48.54572346,44.90953991,50.38315241,44.51169468,51.8653405,46.34914893,45.26968962,45.40172397,52.61144699,48.79769498,47.38690237,45.28798475,51.400867,43.23390691,41.54614258,48.6957532,49.19939309,41.14327092,48.81214123,44.96743494,44.41900988,48.05126971,43.11660926,48.41044383,43.952532,45.07608001,45.28737257,52.69612745,46.15928441,42.33004692,50.03719788,41.8702804,45.04662891,40.94339181,46.2262521,49.45218274,46.61349499,45.85147852,48.85079683,41.5272462,44.48648474,44.7352413,45.39689746,46.13312055,47.39483618,45.65255406,44.56307886,45.89136569,45.21277937,46.74331223,47.30022363,47.00923731,42.84197017,47.51581659,44.00309758,46.33435951,47.68523852,48.45924572,51.54777634,45.04443567,48.2813206,45.052035,42.14343196,47.83160311,43.65198868,45.82280982,43.92838056,48.55018335,45.07341961,46.63866304,43.12505744,43.42228414,41.81229387,46.38415963,42.67116859,45.38910773,49.05210203,40.54143954,48.99521667,48.59686069,48.42494991,44.386025,48.18424794,45.22683162,48.3877744,46.437253,46.35408991,48.16469711,46.35466768,43.83933386,48.07893928,47.02279211,46.41226773,1,0,0,0,1,0,0,0,1,0,0,0,1,0,0,0,1,0,0,0,1,0,0,0,1,0,0,0,1,0,0,0,1,0,0,0,1,0,0,0,1,0,0,0,1,0,0,0,1,0,0,0,1,0,0,0,1,0,0,0,1,0,0,0,1,0,0,0,1,0,0,0,1,0,0,0,1,0,0,0,153,320,167,0.478125,128,186,320,134,0.58125,33,60,320,260,0.1875,188,201,320,119,0.628125,24,15,320,305,0.046875,179,93,320,227,0.290625,36,177,320,143,0.553125,51,306,320,14,0.95625,3,147,320,173,0.459375,131,111,320,209,0.346875,83,75,320,245,0.234375,84,270,320,50,0.84375,9,102,320,218,0.31875,66,294,320,26,0.91875,3,270,320,50,0.84375,6,156,320,164,0.4875,131,69,320,251,0.215625,209,207,320,113,0.646875,12,204,320,116,0.6375,20,27,320,293,0.084375,278,1
8,train,jump_to_max,4,720.0039317,0.026648824,68.52607015,67.42619032,55.94284638,57.17978704,64.88165019,63.9428268,64.05543452,59.98434132,61.13227025,64.11567844,58.3611427,67.70215596,53.6540437,63.32358017,68.97800665,65.96399503,58.6380762,60.43806578,69.22113624,61.56796737,58.54856728,60.43415957,65.65987479,61.07162244,60.52268196,61.59749448,62.52060822,64.07895238,65.74298653,53.90668975,63.1032155,65.69869936,62.84611612,63.67950795,63.47307525,67.50596147,59.4883707,60.38131216,63.83491595,66.17635489,58.32862144,71.43098772,57.48330249,69.74502045,64.14435393,62.09628996,60.64032609,71.04574217,66.23839307,61.60651585,61.03456964,75.18701938,65.86539069,60.37885744,66.09438436,67.1792105,53.77312608,65.49872743,60.98126056,59.45322892,66.44050951,57.85886031,65.89018336,55.40120331,60.77785841,61.33876716,71.47933826,62.74717151,59.30255555,69.14410688,56.37564602,64.80935241,51.1094419,59.7402911,69.14366767,58.939864,60.94229556,62.85757297,55.73480691,59.75752703,59.05334877,64.14560623,63.23591444,63.34925465,62.65168105,57.53404989,58.88879963,60.74328099,59.98250903,66.91196471,66.30286201,61.03513716,62.7330411,60.43486513,60.06935157,58.40217817,63.89498292,71.24846752,58.48593295,61.80025812,59.33241127,58.11586867,65.92440503,58.6592835,64.63242862,62.15323112,62.97828688,61.30023306,64.78568172,59.91468046,57.09067744,55.29283921,64.39392952,56.568523,60.12494294,66.09337938,58.81260784,69.72665759,61.94713887,66.84257899,58.42970383,64.2205434,62.56182473,67.58887375,60.184972,64.96772749,62.60213578,64.6944815,61.44267105,61.64833509,62.79397042,61.93154356,1,0,0,0,1,0,0,0,1,0,0,0,1,0,0,0,0,0,0,9,1,0,0,0,1,0,0,0,1,0,0,0,1,0,0,0,1,0,0,0,1,0,0,0,1,0,0,0,1,0,0,0,0,0,0,9,1,0,0,0,1,0,0,0,1,0,0,0,1,0,0,0,1,0,0,0,1,0,0,0,201,320,119,0.628125,60,225,320,95,0.703125,18,66,320,254,0.20625,128,210,320,110,0.65625,15,33,8640,8607,0.003819444,960,135,320,185,0.421875,24,195,320,125,0.609375,18,303,320,17,0.946875,3,204,320,116,0.6375,15,90,320,230,0.28125,119,111,320,209,0.346875,60,291,320,29,0.909375,6,153,320,167,0.478125,41,432,8640,8208,0.05,960,234,320,86,0.73125,6,162,320,158,0.50625,18,108,320,212,0.3375,122,240,320,80,0.75,11,243,320,77,0.759375,9,24,320,296,0.075,251,1
8,train,jump_to_max,5,900.0488977,0.042811518,89.49429561,91.0347264,73.98918038,79.91423108,89.62410104,90.5354055,86.66191108,80.29553926,84.22059176,86.46247876,76.76507967,91.36775791,67.78090651,87.16930852,92.52824579,85.54163293,85.35229892,77.79011052,93.05308766,81.24555168,85.20647001,80.9034128,90.89301032,76.54717237,85.02178157,83.48603226,83.64451835,85.18557206,88.76598312,71.05065598,81.15178476,87.40226824,85.6162884,88.82158322,80.73804882,85.44065662,85.50072092,78.89760453,84.79484502,92.22979634,79.1457435,98.65986401,74.84547269,89.87426398,84.85784081,82.76459338,82.39406952,95.42607808,87.79734033,78.94927056,79.89062666,98.2297523,85.82268586,81.69591093,91.28725801,90.19206725,74.3813752,87.10845873,84.84909241,78.41823275,88.30508896,80.20436218,87.14811274,71.8157793,85.43799241,83.53761772,96.21597763,85.72889381,79.3509927,91.67507966,74.86152481,84.21381744,70.36146371,78.38019166,88.13551538,79.09275383,84.36178211,83.20207673,72.07658313,81.76073768,81.74792969,85.75994934,85.42170722,86.26455416,86.96861356,76.8409067,79.80165746,84.75793019,80.27649966,96.34308097,94.15452327,84.47563173,79.37164406,80.38030158,81.60857277,80.58449196,86.3957045,103.57447,77.90310968,83.1259755,79.66240776,71.50548153,86.86546647,76.3875291,88.39905608,80.0545173,87.57677559,82.97297496,83.4046055,84.55921969,76.87169436,74.43373006,85.59698312,74.0643408,75.54198619,85.93245008,74.35451466,94.301658,81.41227109,91.06754519,77.07265775,85.0972223,80.20910707,90.51089794,81.49423572,87.79270465,86.93656821,90.42611354,80.20727189,83.2989171,88.89368913,79.13557393,1,0,0,0,1,0,0,0,1,0,0,0,1,0,0,0,0,0,0,9,1,0,0,0,1,0,0,0,1,0,0,0,1,0,0,0,1,0,0,0,1,0,0,0,1,0,0,0,1,0,0,0,0,0,0,9,1,0,0,0,1,0,0,0,1,0,0,0,1,0,0,0,1,0,0,0,1,0,0,0,258,320,62,0.80625,11,276,320,44,0.8625,6,147,320,173,0.459375,35,234,320,86,0.73125,9,90,8640,8550,0.010416667,960,180,320,140,0.5625,24,261,320,59,0.815625,9,297,320,23,0.928125,6,255,320,65,0.796875,6,189,320,131,0.590625,27,186,320,134,0.58125,18,303,320,17,0.946875,8,243,320,77,0.759375,17,456,8640,8184,0.052777778,960,210,320,110,0.65625,18,252,320,68,0.7875,18,108,320,212,0.3375,104,276,320,44,0.8625,6,252,320,68,0.7875,9,36,320,284,0.1125,114,1
8,train,jump_to_max,6,1080.012701,0.081535611,129.9475757,120.3563764,96.07842125,106.1060649,122.9724844,129.2358326,117.9773489,108.5746961,110.5504109,119.7064737,109.4176488,130.4239138,84.78211041,113.9697089,124.3148931,110.790524,116.5706273,99.59731744,129.9813168,108.6368687,113.3612874,110.6640865,122.7231902,97.25899615,112.7225172,108.0975408,115.4298163,113.9416196,119.7010828,96.19895265,108.1001958,121.4684269,114.2668614,114.1008391,109.4028288,112.7855476,120.6987897,110.3953167,114.2234347,128.5334022,103.4704771,139.7816121,94.88438843,118.9406131,112.2088579,109.1908729,114.2421148,131.3151349,113.9373996,110.6916254,104.0450045,126.4355794,119.2865406,112.2539252,127.4973369,118.2806552,97.1512109,126.4627669,118.7907135,103.5689853,115.4621017,105.6005385,117.2482201,99.05226654,113.7795913,113.9496139,130.5720894,113.5451249,108.7378803,123.4787253,99.13870415,110.6585007,88.36974414,111.6481428,125.5837686,103.7541898,112.6925458,112.4976937,89.87664305,108.9957689,110.0712295,115.8359493,117.3921244,114.0625875,119.3052033,98.40010949,106.3626662,114.7794958,105.518338,134.9336941,126.2797504,110.4534823,111.1976217,115.199624,108.641115,106.2321524,115.4860289,145.9239533,103.8660155,113.2296731,113.25792,95.5260293,114.718659,102.5802923,111.7215589,104.2401943,122.7693116,108.5831336,115.1247122,108.1512655,100.7731284,98.48567688,119.6850077,96.16355863,99.03569074,112.9449958,98.65075251,132.5393986,112.4484884,128.595122,105.6680636,120.8438627,111.4198642,118.8827574,108.3030155,120.7224023,116.2362593,121.1395614,108.0075807,114.6795161,120.5177987,105.6150596,1,0,0,0,1,0,0,0,1,0,0,0,1,0,0,0,0,0,0,9,1,0,0,0,1,0,0,0,1,0,0,0,1,0,0,0,1,0,0,0,1,0,0,0,1,0,0,0,1,0,0,0,0,0,0,9,1,0,0,0,1,0,0,0,1,0,0,0,1,0,0,0,1,0,0,0,1,0,0,0,306,320,14,0.95625,3,279,320,41,0.871875,6,180,320,140,0.5625,15,213,320,107,0.665625,9,105,8640,8535,0.012152778,960,174,320,146,0.54375,21,309,320,11,0.965625,3,318,320,2,0.99375,2,282,320,38,0.88125,6,252,320,68,0.7875,6,216,320,104,0.675,18,300,320,20,0.9375,3,231,320,89,0.721875,15,492,8640,8148,0.056944444,960,219,320,101,0.684375,12,300,320,20,0.9375,6,150,320,170,0.46875,21,279,320,41,0.871875,6,294,320,26,0.91875,6,60,320,260,0.1875,215,1
8,train,jump_to_max,6,1080.012701,0.081535611,129.9475757,120.3563764,96.07842125,106.1060649,122.9724844,129.2358326,117.9773489,108.5746961,110.5504109,119.7064737,109.4176488,130.4239138,84.78211041,113.9697089,124.3148931,110.790524,116.5706273,99.59731744,129.9813168,108.6368687,113.3612874,110.6640865,122.7231902,97.25899615,112.7225172,108.0975408,115.4298163,113.9416196,119.7010828,96.19895265,108.1001958,121.4684269,114.2668614,114.1008391,109.4028288,112.7855476,120.6987897,110.3953167,114.2234347,128.5334022,103.4704771,139.7816121,94.88438843,118.9406131,112.2088579,109.1908729,114.2421148,131.3151349,113.9373996,110.6916254,104.0450045,126.4355794,119.2865406,112.2539252,127.4973369,118.2806552,97.1512109,126.4627669,118.7907135,103.5689853,115.4621017,105.6005385,117.2482201,99.05226654,113.7795913,113.9496139,130.5720894,113.5451249,108.7378803,123.4787253,99.13870415,110.6585007,88.36974414,111.6481428,125.5837686,103.7541898,112.6925458,112.4976937,89.87664305,108.9957689,110.0712295,115.8359493,117.3921244,114.0625875,119.3052033,98.40010949,106.3626662,114.7794958,105.518338,134.9336941,126.2797504,110.4534823,111.1976217,115.199624,108.641115,106.2321524,115.4860289,145.9239533,103.8660155,113.2296731,113.25792,95.5260293,114.718659,102.5802923,111.7215589,104.2401943,122.7693116,108.5831336,115.1247122,108.1512655,100.7731284,98.48567688,119.6850077,96.16355863,99.03569074,112.9449958,98.65075251,132.5393986,112.4484884,128.595122,105.6680636,120.8438627,111.4198642,118.8827574,108.3030155,120.7224023,116.2362593,121.1395614,108.0075807,114.6795161,120.5177987,105.6150596,1,0,0,0,1,0,0,0,1,0,0,0,1,0,0,0,0,0,0,9,1,0,0,0,1,0,0,0,1,0,0,0,1,0,0,0,1,0,0,0,1,0,0,0,1,0,0,0,1,0,0,0,0,0,0,9,1,0,0,0,1,0,0,0,1,0,0,0,1,0,0,0,1,0,0,0,1,0,0,0,306,320,14,0.95625,3,279,320,41,0.871875,6,180,320,140,0.5625,15,213,320,107,0.665625,9,105,8640,8535,0.012152778,960,174,320,146,0.54375,21,309,320,11,0.965625,3,318,320,2,0.99375,2,282,320,38,0.88125,6,252,320,68,0.7875,6,216,320,104,0.675,18,300,320,20,0.9375,3,231,320,89,0.721875,15,492,8640,8148,0.056944444,960,219,320,101,0.684375,12,300,320,20,0.9375,6,150,320,170,0.46875,21,279,320,41,0.871875,6,294,320,26,0.91875,6,60,320,260,0.1875,215,1
9,train,jump_to_max,1,180.0378373,0,25.89217107,24.69488226,26.65729865,25.0708751,24.88707842,26.17689247,24.39310645,26.02252863,24.6588044,24.92018958,26.47232685,25.23779674,26.94247434,25.70956255,25.88057412,25.13889107,26.61142328,25.65630454,25.83667326,24.54998893,27.31083478,25.18827023,25.52144672,25.83859621,25.47411285,25.6597712,25.90524697,26.4160152,25.93880897,26.52128335,25.49054483,25.58907686,26.54106696,25.26343988,25.23577343,26.03672616,24.42671337,24.79900646,26.60605214,25.57707797,24.70610364,25.22195181,25.28727357,24.75859838,25.78606715,24.88487836,24.67043683,25.0870996,24.73514701,25.81296017,24.71262026,26.73520509,25.77871597,25.36617505,26.05798415,25.22292681,25.82596298,24.71861589,26.03532952,25.58301445,26.43114267,26.69244402,26.12333008,25.84381389,26.01196696,26.02033282,26.49549511,25.91461025,24.69892683,24.46440065,26.39947569,25.30967285,24.91553523,26.06230016,24.16650502,24.91753504,25.84850786,28.46358156,26.50748842,24.54397504,24.7247442,26.90094457,25.68250974,24.90277931,25.7687083,26.28483992,25.44125912,25.27225047,24.97836006,26.17603194,26.555546,25.3902751,25.56286752,26.21454064,24.82855748,26.26629975,25.92633566,26.98830609,25.53075116,23.76639243,24.24212197,25.70859746,26.60408618,26.28021181,24.4417086,26.75095581,25.80226551,24.80214857,26.79959119,26.30321583,25.56865728,25.49900446,25.46391124,26.80029549,24.97672641,25.38342159,25.56658928,24.12182225,26.14957367,24.02120218,25.37909029,25.51116242,24.97090606,25.39841174,25.22185265,25.61266913,26.53937183,25.033772,26.23351403,26.10565134,26.06892898,25.28434273,1,0,0,0,1,0,0,0,1,0,0,0,1,0,0,0,1,0,0,0,1,0,0,0,1,0,0,0,1,0,0,0,1,0,0,0,1,0,0,0,1,0,0,0,1,0,0,0,1,0,0,0,1,0,0,0,1,0,0,0,1,0,0,0,1,0,0,0,1,0,0,0,1,0,0,0,1,0,0,0,87,320,233,0.271875,221,93,320,227,0.290625,113,42,320,278,0.13125,239,102,320,218,0.31875,158,33,320,287,0.103125,257,81,320,239,0.253125,74,102,320,218,0.31875,77,198,320,122,0.61875,95,24,320,296,0.075,233,36,320,284,0.1125,254,12,320,308,0.0375,278,111,320,209,0.346875,158,24,320,296,0.075,200,159,320,161,0.496875,95,120,320,200,0.375,98,42,320,278,0.13125,254,27,320,293,0.084375,287,126,320,194,0.39375,95,105,320,215,0.328125,98,18,320,302,0.05625,302,0
9,train,jump_to_max,2,360.0616716,0,33.79037726,34.85468064,34.24010953,34.20622527,32.33111514,35.92970963,33.95641593,35.20066137,32.90437095,35.98154042,35.38716316,32.42913002,35.94370808,32.94642872,33.38487726,32.82871326,35.86018323,34.50276405,35.65071088,32.2852556,36.73387856,34.49060519,33.6818212,33.35861951,34.14109757,33.51512374,34.38608391,36.87460508,33.7761815,34.95651683,31.77953766,35.65021269,39.05964928,34.65417944,32.18385268,35.99856855,32.35870226,31.74295858,36.72382045,34.79788707,32.90576338,33.98068423,32.98958017,31.27594349,34.54502645,33.25183897,33.68457066,34.77505655,32.11448843,35.99160806,33.4676576,37.79453496,34.296368,34.57688576,32.54620952,32.96844614,35.69049276,33.44890678,36.01523472,34.84871989,35.71497357,36.60179156,35.14436071,32.99118742,33.98876994,33.25106592,35.80386769,34.5107145,32.49974672,33.35759665,35.77176471,34.0685742,33.70119278,34.83592882,33.13613438,33.5124238,33.90000466,38.86068964,37.91237705,31.54778818,34.69158916,37.08896947,34.68795403,34.02130447,34.85763215,33.83906543,35.17050083,32.92148437,33.3640913,35.62825949,35.3458398,34.74099337,33.41184977,33.66698964,35.4228292,32.83381213,34.34906389,35.11962432,34.87451464,34.13260905,34.51861658,36.76334981,36.73067226,35.44062486,31.59666264,36.67053753,34.50829138,35.68604088,33.95945344,34.23700898,33.0995019,34.08686032,34.08241774,35.47908111,33.93376906,35.09428356,35.58366573,31.26551913,34.12921731,31.47867824,34.90247488,33.70536499,31.92582952,33.7922253,33.4538024,35.22025815,34.89890282,33.95039749,33.84708619,34.62265713,35.77935527,33.39679107,1,0,0,0,1,0,0,0,1,0,0,0,1,0,0,0,1,0,0,0,1,0,0,0,1,0,0,0,1,0,0,0,1,0,0,0,1,0,0,0,1,0,0,0,1,0,0,0,1,0,0,0,1,0,0,0,1,0,0,0,1,0,0,0,1,0,0,0,1,0,0,0,1,0,0,0,1,0,0,0,135,320,185,0.421875,176,129,320,191,0.403125,50,51,320,269,0.159375,215,114,320,206,0.35625,86,48,320,272,0.15,236,99,320,221,0.309375,33,111,320,209,0.346875,21,270,320,50,0.84375,20,60,320,260,0.1875,188,27,320,293,0.084375,218,60,320,260,0.1875,69,147,320,173,0.459375,45,72,320,248,0.225,116,270,320,50,0.84375,14,171,320,149,0.534375,89,51,320,269,0.159375,218,42,320,278,0.13125,254,168,320,152,0.525,18,141,320,179,0.440625,89,12,320,308,0.0375,305,0
9,train,jump_to_max,3,540.0141845,0.001948338,45.72228867,45.34037682,46.08310512,43.74991221,44.97454976,46.93226745,44.27472315,48.86343003,41.5533158,48.65780496,48.51659094,42.35108178,49.26866528,43.16755668,46.18171408,43.57274403,46.638922,44.25179867,46.17169944,42.57424294,51.90261728,46.94186909,49.88476393,42.20811073,45.57738641,47.03571684,46.93532952,48.3018663,45.92177892,45.76343164,41.86195858,47.38135299,53.85085764,48.05092932,43.31310475,48.77153561,43.05436525,46.09080466,50.80004409,47.83135342,44.0288789,44.64352703,43.42696551,43.03976189,45.76737642,45.24378477,45.14201449,46.22945724,43.70123121,49.18542663,44.29992251,48.84990253,45.9999669,48.99500687,41.23453777,42.68204792,53.34630212,44.60478388,48.86237898,47.03262291,48.38772162,47.40485987,47.29587592,46.73049797,46.16851823,46.02874674,48.695972,46.87852874,42.61362067,44.64265717,51.39302044,45.65354375,45.29758444,46.17799586,43.95071578,46.81333649,44.91202397,54.48400484,48.00641449,41.37056668,44.47991338,54.10538004,43.69744881,48.07519388,46.74321536,43.1253893,51.24659355,47.87978323,46.43847018,48.36218986,48.24575011,46.46850185,42.39140892,42.89077728,49.28071246,43.767863,46.67675338,45.86573804,47.46634325,46.98783201,49.32013042,49.38883899,50.81992981,46.44891999,41.65067139,49.77617203,46.98330565,48.99306152,45.95602979,47.28730413,43.74769026,43.33894862,46.27936561,50.08954089,46.30223391,48.03378357,48.17443258,42.70326952,44.28502312,44.85768176,50.30082904,43.97835857,42.66842981,45.75328696,43.88795667,46.27848471,46.81631448,44.56281241,45.53116882,43.10368007,46.78347524,49.23007022,1,0,0,0,1,0,0,0,1,0,0,0,1,0,0,0,1,0,0,0,1,0,0,0,1,0,0,0,1,0,0,0,1,0,0,0,1,0,0,0,1,0,0,0,1,0,0,0,1,0,0,0,1,0,0,0,1,0,0,0,1,0,0,0,1,0,0,0,1,0,0,0,1,0,0,0,1,0,0,0,144,320,176,0.45,105,183,320,137,0.571875,18,81,320,239,0.253125,173,114,320,206,0.35625,77,54,320,266,0.16875,170,90,320,230,0.28125,78,135,320,185,0.421875,51,297,320,23,0.928125,3,96,320,224,0.3,128,78,320,242,0.24375,194,72,320,248,0.225,86,180,320,140,0.5625,62,99,320,221,0.309375,44,252,320,68,0.7875,9,234,320,86,0.73125,14,114,320,206,0.35625,161,108,320,212,0.3375,51,147,320,173,0.459375,36,177,320,143,0.553125,21,12,320,308,0.0375,305,1
9,train,jump_to_max,4,720.0379207,0.026342256,57.73697332,56.55369381,59.73392503,62.0914914,61.04433461,62.60467445,60.92547858,65.30859255,57.80249644,63.76887368,68.53568136,52.61692183,67.20868097,59.94234694,63.03984543,60.21729895,60.5479422,57.19129552,58.19574426,58.97714749,69.77758763,60.18821516,71.41156818,56.85997315,58.32527357,62.67628043,63.01512473,67.32090863,66.40052788,60.23302907,57.17394812,62.03468067,71.59585441,69.18207155,57.89152305,69.03059206,58.4529896,60.7259125,67.29050926,64.94029392,61.00079461,55.79351799,56.90648615,58.70274383,61.98047507,63.69431713,61.72294356,63.44407936,56.96888014,66.49128534,60.50689457,62.8891503,61.62834834,63.71521767,55.85111831,57.46996498,70.98301913,65.18538035,65.11263179,61.84571005,66.15258801,60.74051419,63.36543961,63.10517524,58.98603018,60.84889886,63.10625325,59.6119409,60.94683568,63.8286356,66.14225347,59.22947356,60.91796144,63.07578162,61.27126537,66.3940936,59.33707735,78.32538943,65.10592704,54.32332983,59.54902073,72.31731418,58.02295324,61.95860645,60.02663234,54.69928813,64.57236892,64.39198553,64.00359913,65.51469672,64.84681473,62.03998563,57.08599913,58.36908707,66.18878035,54.40384805,65.41859994,63.49017617,60.97405908,63.41935375,67.51733028,67.46114174,67.65864842,63.44802626,56.6759041,66.90805132,65.69908422,64.1385512,57.22143012,67.35279278,59.72411068,60.51699655,64.3726703,66.91679767,62.69157716,64.06647352,64.38676155,62.68973202,60.02217389,62.5746179,69.88196389,58.76379375,58.72893613,58.24542258,61.31014206,62.94856338,63.43258168,59.95784752,61.17441506,58.76215555,59.65808571,62.51185539,1,0,0,0,1,0,0,0,1,0,0,0,1,0,0,0,0,0,0,9,1,0,0,0,1,0,0,0,1,0,0,0,1,0,0,0,1,0,0,0,1,0,0,0,1,0,0,0,1,0,0,0,0,0,0,9,1,0,0,0,1,0,0,0,1,0,0,0,1,0,0,0,1,0,0,0,1,0,0,0,195,320,125,0.609375,24,216,320,104,0.675,12,99,320,221,0.309375,101,189,320,131,0.590625,18,54,8640,8586,0.00625,960,114,320,206,0.35625,42,192,320,128,0.6,33,306,320,14,0.95625,3,186,320,134,0.58125,15,84,320,236,0.2625,119,123,320,197,0.384375,39,291,320,29,0.909375,3,132,320,188,0.4125,113,402,8640,8238,0.046527778,960,231,320,89,0.721875,9,174,320,146,0.54375,12,111,320,209,0.346875,71,279,320,41,0.871875,9,300,320,20,0.9375,6,24,320,296,0.075,224,1
9,train,jump_to_max,5,900.0155349,0.042069212,78.00708599,73.43446772,75.73806154,83.81420678,79.75950365,80.66733412,82.7095759,88.35880123,80.01566978,84.82965223,87.89551459,71.17117804,87.57326217,81.5583952,82.13574837,82.30588134,82.65964268,70.87402984,78.28608332,74.2376895,96.16461979,80.15690225,95.87351428,78.17094146,81.58355483,82.96032512,85.04246915,89.81366707,95.56281906,79.54035529,79.65521042,85.71892224,98.55716493,95.89763036,76.86836401,93.14256787,81.6028818,81.31983972,95.98078017,85.7188788,84.76986857,75.11055101,71.39496681,77.49733692,85.57595947,90.31958527,79.8788243,86.67434389,74.32267102,87.37477448,77.37628204,80.26330868,81.06121363,86.14924937,74.5184911,75.7978985,102.6604806,91.32309514,88.13223653,82.84848645,86.36813502,78.76491527,90.56466503,87.6510667,77.03988792,81.59560279,84.92665302,81.99832977,77.66572505,82.4169122,92.42803584,82.84852923,80.92320735,82.11502956,82.88258656,90.46598076,82.88263725,102.1910741,83.35041965,70.8300157,81.8664003,97.40129386,82.63517146,85.3594603,84.20534392,75.01646721,85.37746679,82.36386838,88.69939209,86.25466557,86.40019332,83.81044518,75.27277644,78.34781972,88.63742626,72.18834432,90.17107419,86.63155066,82.1184214,85.08391457,87.03715968,92.74709061,88.09432249,89.76957817,76.09126967,94.37684954,86.11910386,90.68021955,77.2684008,87.76155154,81.41643135,84.97166404,85.31345602,90.72546829,81.48959383,85.05106682,88.98847997,82.01396882,78.86671227,84.16870235,95.09206313,79.7685543,80.46996813,80.59468857,81.71605482,86.55268771,83.84867259,79.5041852,80.60559148,76.29965892,83.42653948,82.45557327,1,0,0,0,1,0,0,0,1,0,0,0,1,0,0,0,0,0,0,9,1,0,0,0,1,0,0,0,1,0,0,0,1,0,0,0,1,0,0,0,1,0,0,0,1,0,0,0,1,0,0,0,0,0,0,9,1,0,0,0,1,0,0,0,1,0,0,0,1,0,0,0,1,0,0,0,1,0,0,0,231,320,89,0.721875,21,288,320,32,0.9,3,180,320,140,0.5625,35,186,320,134,0.58125,23,72,8640,8568,0.008333333,960,156,320,164,0.4875,36,246,320,74,0.76875,12,315,320,5,0.984375,3,276,320,44,0.8625,9,249,320,71,0.778125,14,153,320,167,0.478125,27,315,320,5,0.984375,3,243,320,77,0.759375,9,453,8640,8187,0.052430556,960,198,320,122,0.61875,12,285,320,35,0.890625,6,123,320,197,0.384375,95,219,320,101,0.684375,21,303,320,17,0.946875,3,33,320,287,0.103125,278,1
9,train,jump_to_max,1,180.0378373,0,25.89217107,24.69488226,26.65729865,25.0708751,24.88707842,26.17689247,24.39310645,26.02252863,24.6588044,24.92018958,26.47232685,25.23779674,26.94247434,25.70956255,25.88057412,25.13889107,26.61142328,25.65630454,25.83667326,24.54998893,27.31083478,25.18827023,25.52144672,25.83859621,25.47411285,25.6597712,25.90524697,26.4160152,25.93880897,26.52128335,25.49054483,25.58907686,26.54106696,25.26343988,25.23577343,26.03672616,24.42671337,24.79900646,26.60605214,25.57707797,24.70610364,25.22195181,25.28727357,24.75859838,25.78606715,24.88487836,24.67043683,25.0870996,24.73514701,25.81296017,24.71262026,26.73520509,25.77871597,25.36617505,26.05798415,25.22292681,25.82596298,24.71861589,26.03532952,25.58301445,26.43114267,26.69244402,26.12333008,25.84381389,26.01196696,26.02033282,26.49549511,25.91461025,24.69892683,24.46440065,26.39947569,25.30967285,24.91553523,26.06230016,24.16650502,24.91753504,25.84850786,28.46358156,26.50748842,24.54397504,24.7247442,26.90094457,25.68250974,24.90277931,25.7687083,26.28483992,25.44125912,25.27225047,24.97836006,26.17603194,26.555546,25.3902751,25.56286752,26.21454064,24.82855748,26.26629975,25.92633566,26.98830609,25.53075116,23.76639243,24.24212197,25.70859746,26.60408618,26.28021181,24.4417086,26.75095581,25.80226551,24.80214857,26.79959119,26.30321583,25.56865728,25.49900446,25.46391124,26.80029549,24.97672641,25.38342159,25.56658928,24.12182225,26.14957367,24.02120218,25.37909029,25.51116242,24.97090606,25.39841174,25.22185265,25.61266913,26.53937183,25.033772,26.23351403,26.10565134,26.06892898,25.28434273,1,0,0,0,1,0,0,0,1,0,0,0,1,0,0,0,1,0,0,0,1,0,0,0,1,0,0,0,1,0,0,0,1,0,0,0,1,0,0,0,1,0,0,0,1,0,0,0,1,0,0,0,1,0,0,0,1,0,0,0,1,0,0,0,1,0,0,0,1,0,0,0,1,0,0,0,1,0,0,0,87,320,233,0.271875,221,93,320,227,0.290625,113,42,320,278,0.13125,239,102,320,218,0.31875,158,33,320,287,0.103125,257,81,320,239,0.253125,74,102,320,218,0.31875,77,198,320,122,0.61875,95,24,320,296,0.075,233,36,320,284,0.1125,254,12,320,308,0.0375,278,111,320,209,0.346875,158,24,320,296,0.075,200,159,320,161,0.496875,95,120,320,200,0.375,98,42,320,278,0.13125,254,27,320,293,0.084375,287,126,320,194,0.39375,95,105,320,215,0.328125,98,18,320,302,0.05625,302,0
9,train,jump_to_max,2,360.0616716,0,33.79037726,34.85468064,34.24010953,34.20622527,32.33111514,35.92970963,33.95641593,35.20066137,32.90437095,35.98154042,35.38716316,32.42913002,35.94370808,32.94642872,33.38487726,32.82871326,35.86018323,34.50276405,35.65071088,32.2852556,36.73387856,34.49060519,33.6818212,33.35861951,34.14109757,33.51512374,34.38608391,36.87460508,33.7761815,34.95651683,31.77953766,35.65021269,39.05964928,34.65417944,32.18385268,35.99856855,32.35870226,31.74295858,36.72382045,34.79788707,32.90576338,33.98068423,32.98958017,31.27594349,34.54502645,33.25183897,33.68457066,34.77505655,32.11448843,35.99160806,33.4676576,37.79453496,34.296368,34.57688576,32.54620952,32.96844614,35.69049276,33.44890678,36.01523472,34.84871989,35.71497357,36.60179156,35.14436071,32.99118742,33.98876994,33.25106592,35.80386769,34.5107145,32.49974672,33.35759665,35.77176471,34.0685742,33.70119278,34.83592882,33.13613438,33.5124238,33.90000466,38.86068964,37.91237705,31.54778818,34.69158916,37.08896947,34.68795403,34.02130447,34.85763215,33.83906543,35.17050083,32.92148437,33.3640913,35.62825949,35.3458398,34.74099337,33.41184977,33.66698964,35.4228292,32.83381213,34.34906389,35.11962432,34.87451464,34.13260905,34.51861658,36.76334981,36.73067226,35.44062486,31.59666264,36.67053753,34.50829138,35.68604088,33.95945344,34.23700898,33.0995019,34.08686032,34.08241774,35.47908111,33.93376906,35.09428356,35.58366573,31.26551913,34.12921731,31.47867824,34.90247488,33.70536499,31.92582952,33.7922253,33.4538024,35.22025815,34.89890282,33.95039749,33.84708619,34.62265713,35.77935527,33.39679107,1,0,0,0,1,0,0,0,1,0,0,0,1,0,0,0,1,0,0,0,1,0,0,0,1,0,0,0,1,0,0,0,1,0,0,0,1,0,0,0,1,0,0,0,1,0,0,0,1,0,0,0,1,0,0,0,1,0,0,0,1,0,0,0,1,0,0,0,1,0,0,0,1,0,0,0,1,0,0,0,135,320,185,0.421875,176,129,320,191,0.403125,50,51,320,269,0.159375,215,114,320,206,0.35625,86,48,320,272,0.15,236,99,320,221,0.309375,33,111,320,209,0.346875,21,270,320,50,0.84375,20,60,320,260,0.1875,188,27,320,293,0.084375,218,60,320,260,0.1875,69,147,320,173,0.459375,45,72,320,248,0.225,116,270,320,50,0.84375,14,171,320,149,0.534375,89,51,320,269,0.159375,218,42,320,278,0.13125,254,168,320,152,0.525,18,141,320,179,0.440625,89,12,320,308,0.0375,305,0
9,train,jump_to_max,3,540.0141845,0.001948338,45.72228867,45.34037682,46.08310512,43.74991221,44.97454976,46.93226745,44.27472315,48.86343003,41.5533158,48.65780496,48.51659094,42.35108178,49.26866528,43.16755668,46.18171408,43.57274403,46.638922,44.25179867,46.17169944,42.57424294,51.90261728,46.94186909,49.88476393,42.20811073,45.57738641,47.03571684,46.93532952,48.3018663,45.92177892,45.76343164,41.86195858,47.38135299,53.85085764,48.05092932,43.31310475,48.77153561,43.05436525,46.09080466,50.80004409,47.83135342,44.0288789,44.64352703,43.42696551,43.03976189,45.76737642,45.24378477,45.14201449,46.22945724,43.70123121,49.18542663,44.29992251,48.84990253,45.9999669,48.99500687,41.23453777,42.68204792,53.34630212,44.60478388,48.86237898,47.03262291,48.38772162,47.40485987,47.29587592,46.73049797,46.16851823,46.02874674,48.695972,46.87852874,42.61362067,44.64265717,51.39302044,45.65354375,45.29758444,46.17799586,43.95071578,46.81333649,44.91202397,54.48400484,48.00641449,41.37056668,44.47991338,54.10538004,43.69744881,48.07519388,46.74321536,43.1253893,51.24659355,47.87978323,46.43847018,48.36218986,48.24575011,46.46850185,42.39140892,42.89077728,49.28071246,43.767863,46.67675338,45.86573804,47.46634325,46.98783201,49.32013042,49.38883899,50.81992981,46.44891999,41.65067139,49.77617203,46.98330565,48.99306152,45.95602979,47.28730413,43.74769026,43.33894862,46.27936561,50.08954089,46.30223391,48.03378357,48.17443258,42.70326952,44.28502312,44.85768176,50.30082904,43.97835857,42.66842981,45.75328696,43.88795667,46.27848471,46.81631448,44.56281241,45.53116882,43.10368007,46.78347524,49.23007022,1,0,0,0,1,0,0,0,1,0,0,0,1,0,0,0,1,0,0,0,1,0,0,0,1,0,0,0,1,0,0,0,1,0,0,0,1,0,0,0,1,0,0,0,1,0,0,0,1,0,0,0,1,0,0,0,1,0,0,0,1,0,0,0,1,0,0,0,1,0,0,0,1,0,0,0,1,0,0,0,144,320,176,0.45,105,183,320,137,0.571875,18,81,320,239,0.253125,173,114,320,206,0.35625,77,54,320,266,0.16875,170,90,320,230,0.28125,78,135,320,185,0.421875,51,297,320,23,0.928125,3,96,320,224,0.3,128,78,320,242,0.24375,194,72,320,248,0.225,86,180,320,140,0.5625,62,99,320,221,0.309375,44,252,320,68,0.7875,9,234,320,86,0.73125,14,114,320,206,0.35625,161,108,320,212,0.3375,51,147,320,173,0.459375,36,177,320,143,0.553125,21,12,320,308,0.0375,305,1
9,train,jump_to_max,4,720.0379207,0.026342256,57.73697332,56.55369381,59.73392503,62.0914914,61.04433461,62.60467445,60.92547858,65.30859255,57.80249644,63.76887368,68.53568136,52.61692183,67.20868097,59.94234694,63.03984543,60.21729895,60.5479422,57.19129552,58.19574426,58.97714749,69.77758763,60.18821516,71.41156818,56.85997315,58.32527357,62.67628043,63.01512473,67.32090863,66.40052788,60.23302907,57.17394812,62.03468067,71.59585441,69.18207155,57.89152305,69.03059206,58.4529896,60.7259125,67.29050926,64.94029392,61.00079461,55.79351799,56.90648615,58.70274383,61.98047507,63.69431713,61.72294356,63.44407936,56.96888014,66.49128534,60.50689457,62.8891503,61.62834834,63.71521767,55.85111831,57.46996498,70.98301913,65.18538035,65.11263179,61.84571005,66.15258801,60.74051419,63.36543961,63.10517524,58.98603018,60.84889886,63.10625325,59.6119409,60.94683568,63.8286356,66.14225347,59.22947356,60.91796144,63.07578162,61.27126537,66.3940936,59.33707735,78.32538943,65.10592704,54.32332983,59.54902073,72.31731418,58.02295324,61.95860645,60.02663234,54.69928813,64.57236892,64.39198553,64.00359913,65.51469672,64.84681473,62.03998563,57.08599913,58.36908707,66.18878035,54.40384805,65.41859994,63.49017617,60.97405908,63.41935375,67.51733028,67.46114174,67.65864842,63.44802626,56.6759041,66.90805132,65.69908422,64.1385512,57.22143012,67.35279278,59.72411068,60.51699655,64.3726703,66.91679767,62.69157716,64.06647352,64.38676155,62.68973202,60.02217389,62.5746179,69.88196389,58.76379375,58.72893613,58.24542258,61.31014206,62.94856338,63.43258168,59.95784752,61.17441506,58.76215555,59.65808571,62.51185539,1,0,0,0,1,0,0,0,1,0,0,0,1,0,0,0,0,0,0,9,1,0,0,0,1,0,0,0,1,0,0,0,1,0,0,0,1,0,0,0,1,0,0,0,1,0,0,0,1,0,0,0,0,0,0,9,1,0,0,0,1,0,0,0,1,0,0,0,1,0,0,0,1,0,0,0,1,0,0,0,195,320,125,0.609375,24,216,320,104,0.675,12,99,320,221,0.309375,101,189,320,131,0.590625,18,54,8640,8586,0.00625,960,114,320,206,0.35625,42,192,320,128,0.6,33,306,320,14,0.95625,3,186,320,134,0.58125,15,84,320,236,0.2625,119,123,320,197,0.384375,39,291,320,29,0.909375,3,132,320,188,0.4125,113,402,8640,8238,0.046527778,960,231,320,89,0.721875,9,174,320,146,0.54375,12,111,320,209,0.346875,71,279,320,41,0.871875,9,300,320,20,0.9375,6,24,320,296,0.075,224,1
9,train,jump_to_max,5,900.0155349,0.042069212,78.00708599,73.43446772,75.73806154,83.81420678,79.75950365,80.66733412,82.7095759,88.35880123,80.01566978,84.82965223,87.89551459,71.17117804,87.57326217,81.5583952,82.13574837,82.30588134,82.65964268,70.87402984,78.28608332,74.2376895,96.16461979,80.15690225,95.87351428,78.17094146,81.58355483,82.96032512,85.04246915,89.81366707,95.56281906,79.54035529,79.65521042,85.71892224,98.55716493,95.89763036,76.86836401,93.14256787,81.6028818,81.31983972,95.98078017,85.7188788,84.76986857,75.11055101,71.39496681,77.49733692,85.57595947,90.31958527,79.8788243,86.67434389,74.32267102,87.37477448,77.37628204,80.26330868,81.06121363,86.14924937,74.5184911,75.7978985,102.6604806,91.32309514,88.13223653,82.84848645,86.36813502,78.76491527,90.56466503,87.6510667,77.03988792,81.59560279,84.92665302,81.99832977,77.66572505,82.4169122,92.42803584,82.84852923,80.92320735,82.11502956,82.88258656,90.46598076,82.88263725,102.1910741,83.35041965,70.8300157,81.8664003,97.40129386,82.63517146,85.3594603,84.20534392,75.01646721,85.37746679,82.36386838,88.69939209,86.25466557,86.40019332,83.81044518,75.27277644,78.34781972,88.63742626,72.18834432,90.17107419,86.63155066,82.1184214,85.08391457,87.03715968,92.74709061,88.09432249,89.76957817,76.09126967,94.37684954,86.11910386,90.68021955,77.2684008,87.76155154,81.41643135,84.97166404,85.31345602,90.72546829,81.48959383,85.05106682,88.98847997,82.01396882,78.86671227,84.16870235,95.09206313,79.7685543,80.46996813,80.59468857,81.71605482,86.55268771,83.84867259,79.5041852,80.60559148,76.29965892,83.42653948,82.45557327,1,0,0,0,1,0,0,0,1,0,0,0,1,0,0,0,0,0,0,9,1,0,0,0,1,0,0,0,1,0,0,0,1,0,0,0,1,0,0,0,1,0,0,0,1,0,0,0,1,0,0,0,0,0,0,9,1,0,0,0,1,0,0,0,1,0,0,0,1,0,0,0,1,0,0,0,1,0,0,0,231,320,89,0.721875,21,288,320,32,0.9,3,180,320,140,0.5625,35,186,320,134,0.58125,23,72,8640,8568,0.008333333,960,156,320,164,0.4875,36,246,320,74,0.76875,12,315,320,5,0.984375,3,276,320,44,0.8625,9,249,320,71,0.778125,14,153,320,167,0.478125,27,315,320,5,0.984375,3,243,320,77,0.759375,9,453,8640,8187,0.052430556,960,198,320,122,0.61875,12,285,320,35,0.890625,6,123,320,197,0.384375,95,219,320,101,0.684375,21,303,320,17,0.946875,3,33,320,287,0.103125,278,1
9,train,jump_to_max,6,1080.005622,0.0812019,104.8559434,106.3120436,99.43482217,116.5345324,102.1665085,112.4076523,110.4804675,123.4052763,111.881375,110.3594012,124.2045731,97.36614893,113.0374524,114.4142454,110.6279685,111.127604,111.165524,99.86425427,107.9808711,104.2689143,131.4349584,111.5457049,127.3148752,110.7828809,107.7091652,108.2126125,114.4651654,121.3677214,131.1636651,103.8921029,102.9358889,109.7273396,131.7066835,125.3465615,101.5953732,121.5960586,110.0898123,111.0881843,126.6366565,118.2737695,112.3562315,101.5852321,99.56931185,103.0073114,118.9526531,116.2214234,113.1346823,115.5241374,99.67004644,117.0522568,99.95638381,109.3040612,113.2896018,110.9846054,102.7214418,104.5927168,137.724616,124.1397672,115.4802365,103.7711121,115.7665088,102.2145254,118.8632195,120.915565,98.75955103,111.3752247,112.8266947,107.8012616,110.6788995,113.5681173,128.650863,110.8124241,109.7775525,109.6187001,114.1298116,122.4838268,109.8633641,139.2689736,116.8694515,94.05131997,107.6451947,139.8221365,117.5970882,118.7084729,112.3367336,98.06668624,120.0833746,114.8079796,117.8641444,114.2864601,117.1173247,116.808688,103.4013929,106.5151583,120.1941075,95.76813281,120.4696418,120.8106578,108.6624743,118.8598083,112.779368,126.6436352,119.0134585,124.8692637,102.9267307,122.1999223,110.8875571,122.3888999,102.1463726,118.2700271,113.2269741,113.2292767,116.0588063,110.8320787,107.6427787,121.8496597,116.3187018,106.1219029,104.196444,106.5449503,130.2900803,106.5899146,106.7423206,114.0957479,109.1688215,110.1382262,106.5892192,104.6491265,108.9958427,102.1749515,121.7435085,108.6133439,1,0,0,0,1,0,0,0,1,0,0,0,1,0,0,0,0,0,0,9,1,0,0,0,1,0,0,0,1,0,0,0,1,0,0,0,1,0,0,0,1,0,0,0,1,0,0,0,1,0,0,0,0,0,0,9,1,0,0,0,1,0,0,0,1,0,0,0,1,0,0,0,1,0,0,0,1,0,0,0,312,320,8,0.975,3,264,320,56,0.825,6,204,320,116,0.6375,9,228,320,92,0.7125,15,153,8640,8487,0.017708333,960,198,320,122,0.61875,9,312,320,8,0.975,3,315,320,5,0.984375,3,282,320,38,0.88125,6,243,320,77,0.759375,6,201,320,119,0.628125,18,318,320,2,0.99375,2,267,320,53,0.834375,6,501,8640,8139,0.057986111,960,210,320,110,0.65625,18,291,320,29,0.909375,9,189,320,131,0.590625,14,267,320,53,0.834375,6,285,320,35,0.890625,3,54,320,266,0.16875,251,1
9,train,jump_to_max,6,1080.005622,0.0812019,104.8559434,106.3120436,99.43482217,116.5345324,102.1665085,112.4076523,110.4804675,123.4052763,111.881375,110.3594012,124.2045731,97.36614893,113.0374524,114.4142454,110.6279685,111.127604,111.165524,99.86425427,107.9808711,104.2689143,131.4349584,111.5457049,127.3148752,110.7828809,107.7091652,108.2126125,114.4651654,121.3677214,131.1636651,103.8921029,102.9358889,109.7273396,131.7066835,125.3465615,101.5953732,121.5960586,110.0898123,111.0881843,126.6366565,118.2737695,112.3562315,101.5852321,99.56931185,103.0073114,118.9526531,116.2214234,113.1346823,115.5241374,99.67004644,117.0522568,99.95638381,109.3040612,113.2896018,110.9846054,102.7214418,104.5927168,137.724616,124.1397672,115.4802365,103.7711121,115.7665088,102.2145254,118.8632195,120.915565,98.75955103,111.3752247,112.8266947,107.8012616,110.6788995,113.5681173,128.650863,110.8124241,109.7775525,109.6187001,114.1298116,122.4838268,109.8633641,139.2689736,116.8694515,94.05131997,107.6451947,139.8221365,117.5970882,118.7084729,112.3367336,98.06668624,120.0833746,114.8079796,117.8641444,114.2864601,117.1173247,116.808688,103.4013929,106.5151583,120.1941075,95.76813281,120.4696418,120.8106578,108.6624743,118.8598083,112.779368,126.6436352,119.0134585,124.8692637,102.9267307,122.1999223,110.8875571,122.3888999,102.1463726,118.2700271,113.2269741,113.2292767,116.0588063,110.8320787,107.6427787,121.8496597,116.3187018,106.1219029,104.196444,106.5449503,130.2900803,106.5899146,106.7423206,114.0957479,109.1688215,110.1382262,106.5892192,104.6491265,108.9958427,102.1749515,121.7435085,108.6133439,1,0,0,0,1,0,0,0,1,0,0,0,1,0,0,0,0,0,0,9,1,0,0,0,1,0,0,0,1,0,0,0,1,0,0,0,1,0,0,0,1,0,0,0,1,0,0,0,1,0,0,0,0,0,0,9,1,0,0,0,1,0,0,0,1,0,0,0,1,0,0,0,1,0,0,0,1,0,0,0,312,320,8,0.975,3,264,320,56,0.825,6,204,320,116,0.6375,9,228,320,92,0.7125,15,153,8640,8487,0.017708333,960,198,320,122,0.61875,9,312,320,8,0.975,3,315,320,5,0.984375,3,282,320,38,0.88125,6,243,320,77,0.759375,6,201,320,119,0.628125,18,318,320,2,0.99375,2,267,320,53,0.834375,6,501,8640,8139,0.057986111,960,210,320,110,0.65625,18,291,320,29,0.909375,9,189,320,131,0.590625,14,267,320,53,0.834375,6,285,320,35,0.890625,3,54,320,266,0.16875,251,1
10,train,jump_to_max,1,180.0420749,0,25.45090781,26.76540845,26.46425551,25.66415115,25.20111863,25.82258111,26.04924914,26.66963543,25.44608473,25.01818595,25.00972022,25.3950075,24.94462382,25.15010328,25.4309331,26.30680886,26.51933918,24.98733458,25.94342681,25.22937682,25.05691026,24.44587376,24.01232182,25.81028151,26.300841,27.42563211,27.58795856,25.63937664,24.86556457,24.9965222,24.53556293,24.98255366,25.41205263,25.79807209,26.26396978,25.42772669,24.60976995,25.94211994,24.30140655,26.44622611,24.69418793,24.4050568,25.01665479,25.14848302,25.44496102,26.34500865,25.50528341,25.27025715,26.59247125,26.37424673,26.67699147,24.70810956,25.58024899,25.1490543,24.72620486,26.33095581,25.96164748,25.72661194,25.8278738,25.8744657,25.4714891,24.66840719,24.76562731,25.11458393,25.02766252,24.68616527,24.72743122,24.78354923,24.20186767,25.19254213,25.92555876,25.73648932,23.81250213,24.29991398,24.97947858,24.59917683,26.03723814,25.27830694,26.66581017,25.71680456,23.84447378,25.93654083,26.06822683,25.16823161,25.22768205,25.04667922,24.78441443,24.81795534,25.95782693,25.47678798,25.54567416,26.2338389,24.70885485,26.33300469,25.09212335,26.03554938,24.90456645,25.03531452,24.73242643,26.80470881,25.4252061,27.08029785,24.58185926,25.99881588,24.98339483,26.20110051,25.50170399,26.62515945,24.93811347,25.7979134,25.86740339,23.99075879,26.18968004,25.1698287,26.52146038,25.62400221,25.99725526,26.66028764,26.07574391,25.20530404,26.68171065,24.73315486,25.21942676,25.79786719,24.8170516,25.55567571,26.04878476,23.75303704,26.22105974,24.80183549,25.40361252,24.51529513,1,0,0,0,1,0,0,0,1,0,0,0,1,0,0,0,1,0,0,0,1,0,0,0,1,0,0,0,1,0,0,0,1,0,0,0,1,0,0,0,1,0,0,0,1,0,0,0,1,0,0,0,1,0,0,0,1,0,0,0,1,0,0,0,1,0,0,0,1,0,0,0,1,0,0,0,1,0,0,0,60,320,260,0.1875,242,117,320,203,0.365625,89,39,320,281,0.121875,239,78,320,242,0.24375,173,33,320,287,0.103125,269,60,320,260,0.1875,89,84,320,236,0.2625,122,204,320,116,0.6375,89,51,320,269,0.159375,221,45,320,275,0.140625,251,33,320,287,0.103125,233,90,320,230,0.28125,170,60,320,260,0.1875,98,162,320,158,0.50625,95,132,320,188,0.4125,89,42,320,278,0.13125,224,15,320,305,0.046875,296,84,320,236,0.2625,95,123,320,197,0.384375,89,15,320,305,0.046875,302,0
10,train,jump_to_max,2,360.0041658,0,34.27593427,34.62081655,34.95440663,32.37212977,33.82394379,33.04084688,36.28755646,34.28389871,34.90238981,34.58342705,31.91524816,34.68115285,32.49073793,35.53644345,33.98733716,35.87643404,35.47810534,34.34509821,35.67122951,33.66494811,35.3556988,31.94851483,33.44535037,32.55141695,34.11177405,38.59371139,35.81850836,34.64200992,34.72600336,34.55927757,32.17870363,30.70617942,35.36045542,35.75409204,34.38482978,34.19116977,33.77511144,36.54093409,32.38084437,38.2992949,34.24309873,31.38659619,34.64278125,34.50755126,35.52097313,36.12459771,33.41328006,33.62462838,35.64207672,35.32827276,34.98925657,31.85067017,36.55360933,35.11581178,32.7618919,35.76259031,36.4863359,34.32388365,33.87764587,31.44908939,35.22212319,32.84416939,34.801326,34.26570811,33.24950753,33.77016626,34.54938212,33.29092981,32.96566335,36.64320465,34.39536444,33.55351613,33.24001619,32.98189554,32.4258236,32.49980533,34.62660713,31.61021558,37.17279116,34.01777385,31.68487284,35.50392063,33.7951481,32.47427308,32.74399593,31.32430135,34.0045551,32.05698163,33.46367658,35.10754631,35.35115836,36.41183358,34.31968175,35.5689765,33.19616308,32.81140058,32.45993398,34.2612669,33.09102764,36.02974712,33.78761796,35.50633617,35.80047309,35.58150743,31.83105717,37.15960275,34.716183,35.07190761,33.67693278,36.67410023,34.53147215,30.68236293,34.09915022,32.60814868,37.22921301,32.3719417,36.82436199,37.26490274,33.73873957,34.06074706,38.51170706,34.55010508,34.84877029,35.2879797,32.04693538,33.28876678,36.36123578,30.1002577,33.79606732,33.50320306,34.02844345,33.76330551,1,0,0,0,1,0,0,0,1,0,0,0,1,0,0,0,1,0,0,0,1,0,0,0,1,0,0,0,1,0,0,0,1,0,0,0,1,0,0,0,1,0,0,0,1,0,0,0,1,0,0,0,1,0,0,0,1,0,0,0,1,0,0,0,1,0,0,0,1,0,0,0,1,0,0,0,1,0,0,0,111,320,209,0.346875,179,120,320,200,0.375,29,48,320,272,0.15,188,120,320,200,0.375,119,27,320,293,0.084375,242,75,320,245,0.234375,96,159,320,161,0.496875,36,273,320,47,0.853125,23,60,320,260,0.1875,191,66,320,254,0.20625,191,48,320,272,0.15,218,162,320,158,0.50625,83,69,320,251,0.215625,218,219,320,101,0.684375,26,183,320,137,0.571875,23,72,320,248,0.225,191,69,320,251,0.215625,197,138,320,182,0.43125,27,174,320,146,0.54375,24,24,320,296,0.075,296,0
10,train,jump_to_max,3,540.0081036,0.000760601,44.96988166,50.2580635,49.81971996,42.48306414,43.64224031,47.99576489,47.15662524,47.52841239,50.21717289,46.33405736,42.92213778,45.70736087,42.05159256,46.30209017,44.35606095,47.79561231,48.37883356,45.46512046,44.94845897,43.22403993,49.30697298,42.92816221,43.7310732,43.88510671,47.78985696,53.87945263,47.70869322,47.3132874,46.98650643,43.92792086,40.74581734,42.34019146,49.10488087,47.75336331,48.31343551,44.20152278,43.890136,49.13582939,43.07497162,52.22475373,43.78869727,40.48370762,45.84635456,48.58034318,49.81304654,48.67800051,47.1888287,46.38216589,47.71122853,45.34376351,45.66566543,41.38359762,49.39552794,46.09476408,41.02969362,46.00488109,51.09452603,45.37651966,45.83051284,43.55483135,48.58724259,47.27256731,45.74565771,46.37611009,40.41665719,44.29351117,46.1907506,45.65779475,43.63524653,49.96982959,46.95934482,46.09385538,45.8673565,42.9800027,43.59450677,41.78079744,44.71047664,42.01293818,53.67475221,46.63177123,42.41408222,45.31053679,42.40494507,43.52598664,44.51834084,38.97437472,46.76564205,42.77833413,45.38833445,46.48341001,49.57903376,50.79558578,44.34412254,46.28979489,42.00995421,43.98185753,44.74521407,45.41981677,43.81634844,47.46960968,45.48911167,48.88526463,47.30433637,44.97801868,44.30013647,48.36549087,44.79687366,43.60860267,43.51669352,48.60827177,48.17914542,39.5997082,47.28587422,42.87464001,51.81613114,44.50684773,50.50663725,48.57392262,46.19530388,46.7503836,53.49307078,44.40565872,46.70848981,47.04880584,43.40006219,46.65861512,48.49833847,41.25323623,46.52701233,44.47692177,47.46891266,45.05377256,1,0,0,0,1,0,0,0,1,0,0,0,1,0,0,0,1,0,0,0,1,0,0,0,1,0,0,0,1,0,0,0,1,0,0,0,1,0,0,0,1,0,0,0,1,0,0,0,1,0,0,0,1,0,0,0,1,0,0,0,1,0,0,0,1,0,0,0,1,0,0,0,1,0,0,0,1,0,0,0,174,320,146,0.54375,95,183,320,137,0.571875,20,72,320,248,0.225,122,147,320,173,0.459375,38,48,320,272,0.15,170,66,320,254,0.20625,75,162,320,158,0.50625,21,252,320,68,0.7875,9,123,320,197,0.384375,113,45,320,275,0.140625,218,42,320,278,0.13125,77,252,320,68,0.7875,32,117,320,203,0.365625,135,264,320,56,0.825,9,231,320,89,0.721875,20,93,320,227,0.290625,113,48,320,272,0.15,236,150,320,170,0.46875,24,204,320,116,0.6375,33,12,320,308,0.0375,308,1
10,train,jump_to_max,4,720.0136665,0.016451878,60.14841392,64.99343401,65.18538062,56.32896007,57.78942169,66.46108623,63.52194706,64.38839398,67.6620965,61.14773086,58.41727129,63.35215768,56.03009922,63.99430624,59.38916114,62.91445463,67.85295238,59.01656988,61.90193317,57.3830588,70.93345337,56.77840271,55.80586331,56.91564716,63.86397523,77.05204752,63.26500223,58.98601334,61.92265649,58.34761911,53.23465371,57.42880916,65.96231307,62.32615756,66.17752796,57.47163825,57.89927257,65.02593196,60.88938317,72.76400483,59.72135687,53.71617162,59.98852877,64.00365934,63.37590311,65.85079309,63.29222512,64.14600394,66.84394457,60.34987936,59.93515449,57.40040088,66.69931608,64.43489986,57.55964308,60.73501175,72.63006285,60.98936467,60.71039759,58.90345343,65.86878049,63.96503348,57.04779453,62.85861934,54.72019075,60.54270991,61.51891443,58.32064398,59.59715531,64.57088508,65.36511716,63.09930115,60.85352424,57.35777035,58.74862995,55.88776453,58.12197615,54.91925538,73.95074795,64.87628661,55.9347862,61.28598279,56.94437189,60.19199728,60.62907258,52.99235316,61.35269688,57.39780644,59.12117746,63.60380906,63.58704379,66.82204729,58.13904871,61.92641917,56.79102436,55.59290809,61.85496061,62.05583725,60.48353653,66.6291378,61.66100029,66.76381864,63.78764114,64.46689954,59.24715672,66.54537428,58.68543617,54.59660741,56.1940092,61.00600273,65.09233113,53.28008708,65.24708132,56.5353002,74.73564976,57.43215052,67.83967908,71.70110073,61.08127655,62.15884874,68.52189749,56.60566762,62.29184719,62.72002055,58.15679805,62.83344988,62.27814526,55.87873851,58.77303062,61.54239566,64.58309473,62.20257322,1,0,0,0,1,0,0,0,1,0,0,0,1,0,0,0,1,0,0,0,1,0,0,0,1,0,0,0,1,0,0,0,1,0,0,0,1,0,0,0,1,0,0,0,1,0,0,0,1,0,0,0,1,0,0,0,1,0,0,0,1,0,0,0,1,0,0,0,1,0,0,0,1,0,0,0,1,0,0,0,198,320,122,0.61875,27,246,320,74,0.76875,6,69,320,251,0.215625,113,192,320,128,0.6,33,60,320,260,0.1875,164,120,320,200,0.375,86,186,320,134,0.58125,21,294,320,26,0.91875,3,216,320,104,0.675,27,120,320,200,0.375,42,120,320,200,0.375,42,252,320,68,0.7875,9,126,320,194,0.39375,48,297,320,23,0.928125,3,264,320,56,0.825,6,246,320,74,0.76875,36,165,320,155,0.515625,42,246,320,74,0.76875,9,267,320,53,0.834375,6,39,320,281,0.121875,99,1
10,train,jump_to_max,5,900.0266928,0.045392412,83.36137586,90.62815711,85.74702894,76.01459613,77.85886846,91.70006503,86.83360677,84.09355754,91.47867164,83.39075458,81.21240775,88.69174224,75.46773666,82.8554371,78.70288461,87.85464785,93.79002675,76.55911981,84.89989778,82.59554638,100.5880047,77.80702744,73.52371114,79.57949446,88.74971609,97.46998717,86.54969811,76.89207769,84.10506105,86.38133441,70.99673751,75.42855703,86.27554847,81.97201034,92.05667544,76.95280744,80.53659785,86.01390516,84.70858614,96.37148686,81.86383869,74.10421729,82.44358045,77.02289935,81.24739396,90.72145294,81.78056072,86.59907355,93.36744752,76.54129802,84.1664957,81.66582307,87.7106844,84.82080144,74.93022572,80.54280901,97.55193117,79.70177126,80.41999761,74.97627888,92.39160184,82.22226369,78.14128874,82.11004901,72.27825636,82.06091807,86.35746436,77.52902211,77.62117573,85.04568556,83.13446177,80.83434591,79.20424791,77.34731804,79.08495416,75.04943846,81.15164644,72.92544308,96.77234896,87.24425553,76.85510379,83.2891445,81.61631788,84.16198838,77.99091289,68.4595577,88.7016168,79.6292719,78.92729455,84.48509677,85.51173064,85.20761687,73.29470378,82.5862474,76.49345825,77.04240117,85.15864121,82.07568708,86.22400002,84.97210594,78.40487898,89.25691078,86.23781202,84.67565767,79.32522416,87.22172489,82.08040021,75.08842988,74.58715812,81.09516952,89.34402474,72.26708007,89.54856789,72.74281859,99.97415881,78.7545829,96.30212091,92.02305352,80.15763697,86.37596453,92.96976293,80.18549511,85.5825648,85.78897319,78.68131087,89.37750806,80.92692438,75.46702644,78.49459909,82.30585572,88.26509383,81.14633277,1,0,0,0,1,0,0,0,1,0,0,0,1,0,0,0,1,0,0,0,1,0,0,0,1,0,0,0,1,0,0,0,1,0,0,0,1,0,0,0,1,0,0,0,1,0,0,0,1,0,0,0,1,0,0,0,1,0,0,0,1,0,0,0,1,0,0,0,1,0,0,0,1,0,0,0,1,0,0,0,294,320,26,0.91875,6,270,320,50,0.84375,6,153,320,167,0.478125,30,237,320,83,0.740625,9,63,320,257,0.196875,89,153,320,167,0.478125,26,237,320,83,0.740625,18,300,320,20,0.9375,3,261,320,59,0.815625,6,204,320,116,0.6375,12,120,320,200,0.375,30,297,320,23,0.928125,6,189,320,131,0.590625,18,306,320,14,0.95625,6,246,320,74,0.76875,6,288,320,32,0.9,6,195,320,125,0.609375,39,240,320,80,0.75,6,258,320,62,0.80625,12,36,320,284,0.1125,269,1
10,train,jump_to_max,6,1080.016792,0.092654247,112.41563,127.7792289,118.8659079,97.99714721,101.3675074,123.9089079,120.1702348,105.0877815,124.0392958,111.4657603,109.2510623,115.7452373,103.1973655,104.9893232,107.8904854,120.1171271,127.6704299,105.390926,111.4231842,117.2905934,132.6473673,98.47083654,95.07675167,105.1601549,125.188042,128.1197387,106.4824501,98.83486989,118.5315096,115.0428697,98.63887931,97.14383576,116.601358,117.1811507,119.6637872,101.4560328,106.0574581,118.0519722,116.8702824,134.7730083,108.8748259,103.1332698,116.9864025,106.6668382,106.157477,121.0036856,104.9977125,111.539911,121.0311793,99.23129761,114.172485,110.9281094,127.5765404,110.5308905,108.6095655,111.3691366,133.2169414,106.3741944,107.167824,98.62723982,129.3526107,110.7730257,106.8994279,111.7880229,95.83120014,104.0271436,123.5700879,100.7986324,104.4021235,115.8976367,116.3835246,111.9539701,107.9971526,105.853485,107.4387214,94.72830408,109.5071117,98.88958156,135.4362506,121.0397949,104.5696409,116.8644264,106.5547313,106.4379244,102.0909671,94.34884994,121.4683727,104.1705778,103.891324,103.7531415,118.8976743,113.4936544,98.98806904,116.1976867,106.2266866,103.3434118,119.1861068,110.6128908,108.8376052,118.563632,100.8834859,123.3486614,109.6648708,109.9255381,106.813124,111.4407179,101.0641803,103.5408294,104.4757891,103.2210026,122.0945225,99.02960606,119.6520609,98.84895934,132.5211519,106.0015113,131.0576607,127.136876,103.0858181,116.8449254,125.7874064,108.9033045,114.7834479,110.5998675,106.8405457,114.0622351,108.5998172,98.09319389,103.7780455,110.5951091,114.9327602,107.7534235,1,0,0,0,1,0,0,0,1,0,0,0,1,0,0,0,1,0,0,0,1,0,0,0,1,0,0,0,1,0,0,0,1,0,0,0,1,0,0,0,1,0,0,0,1,0,0,0,1,0,0,0,1,0,0,0,1,0,0,0,1,0,0,0,1,0,0,0,1,0,0,0,1,0,0,0,1,0,0,0,309,320,11,0.965625,3,288,320,32,0.9,6,204,320,116,0.6375,15,246,320,74,0.76875,11,138,320,182,0.43125,30,204,320,116,0.6375,15,276,320,44,0.8625,14,306,320,14,0.95625,3,237,320,83,0.740625,12,201,320,119,0.628125,18,165,320,155,0.515625,18,312,320,8,0.975,3,249,320,71,0.778125,6,315,320,5,0.984375,3,306,320,14,0.95625,3,300,320,20,0.9375,6,225,320,95,0.703125,27,255,320,65,0.796875,21,279,320,41,0.871875,6,90,320,230,0.28125,69,1
11,train,jump_to_max,1,180.0193366,0,25.73266146,25.15563231,24.57854663,24.75059339,27.22628961,25.46273529,25.03201426,26.06271793,25.21489723,24.47563105,25.49472178,27.03149428,26.00852514,24.37188659,26.61744578,25.27470348,24.72232446,26.01395192,25.68427558,27.24031506,25.22765498,26.16088325,26.61472452,24.04665377,25.26367883,25.02780222,26.72189367,25.62466364,25.1561266,24.59991295,25.66154451,25.72310885,25.15080163,25.28617777,24.27660035,24.637988,25.95209035,25.39271906,26.01652505,25.95555707,26.97555693,26.02150941,24.69192402,24.21689773,25.95252423,25.82641856,24.43408964,25.21204479,24.98016698,23.9232163,25.54522124,26.67136294,24.20046563,26.75280887,24.6370917,26.34783755,26.25903677,25.18241806,25.2571907,25.33601967,26.44685864,24.52200787,24.20662609,26.0481467,27.0237647,25.08237355,26.89627998,24.11257391,25.46989728,24.5625428,25.97501535,25.31097939,26.0852478,24.90533631,24.23172275,25.11218779,26.57051088,25.3294555,26.35780423,26.33927943,24.65212444,25.97193629,25.56334471,25.05574208,25.47006264,25.31980534,24.40233827,24.20419507,25.41541808,26.93442552,24.25994258,24.97457517,26.42682881,24.90173487,26.88975553,26.70665544,25.42454109,24.87536109,25.24079133,25.28302554,25.41495559,26.7351822,27.10914379,25.04228418,24.81316775,25.36321324,25.02696493,24.4956829,26.70911907,23.26206485,26.55687982,25.74488697,25.78817977,25.29166517,23.80705195,26.36096911,25.43036129,25.04720519,24.06675534,26.56314109,24.8434719,25.75152893,25.42356728,26.55295769,24.97800837,24.9490102,25.58015273,26.24705468,23.86822943,25.99005252,24.00109743,25.20493279,1,0,0,0,1,0,0,0,1,0,0,0,1,0,0,0,1,0,0,0,1,0,0,0,1,0,0,0,1,0,0,0,1,0,0,0,1,0,0,0,1,0,0,0,1,0,0,0,1,0,0,0,1,0,0,0,1,0,0,0,1,0,0,0,1,0,0,0,1,0,0,0,1,0,0,0,1,0,0,0,51,320,269,0.159375,218,84,320,236,0.2625,110,39,320,281,0.121875,224,54,320,266,0.16875,179,30,320,290,0.09375,269,78,320,242,0.24375,75,87,320,233,0.271875,38,198,320,122,0.61875,98,48,320,272,0.15,248,27,320,293,0.084375,251,15,320,305,0.046875,275,120,320,200,0.375,170,51,320,269,0.159375,209,162,320,158,0.50625,110,147,320,173,0.459375,98,54,320,266,0.16875,251,45,320,275,0.140625,269,96,320,224,0.3,110,120,320,200,0.375,125,6,320,314,0.01875,314,0
11,train,jump_to_max,2,360.0191066,0,34.46957909,32.98995333,33.55836107,33.35369872,35.71293858,35.37609768,35.97002813,36.39185752,34.23816897,31.6659599,33.7093283,36.07842788,32.61282051,33.10809351,34.05372836,35.28466272,33.98658636,33.18015197,33.20125079,37.21663395,32.22869207,34.17119017,33.74120816,32.72911396,33.94975347,31.97289375,37.45647187,34.90535843,34.00392496,31.7546099,32.5030942,33.7766023,34.89712136,33.28587521,33.45926898,33.39881122,36.18312123,34.41483511,34.80357415,33.60157731,37.07148571,33.16980664,33.28663918,34.9153231,35.92652566,36.14686239,32.45586102,32.72437544,30.64664335,31.49541104,35.61730504,33.37319289,33.47877994,36.82623886,32.68400882,34.94017151,35.52512967,34.15830897,34.71629909,33.8665656,36.12583765,32.66151995,33.47086848,37.11109193,34.27361573,34.03626773,35.813154,32.01590718,34.41636628,34.49490971,33.16899086,35.92437848,35.13763021,35.28256364,31.86484735,35.74865081,35.50080862,33.17189534,35.84444123,36.200887,34.7299225,35.19072036,35.01219839,34.64754606,34.53343426,32.20319802,34.37122824,32.49940317,34.91676076,34.85015233,32.75290261,32.34391432,36.93498364,31.52115155,37.4735385,38.11295246,36.11330458,33.39217104,32.27217456,34.59381438,36.11306977,35.94577814,35.62424914,33.59612904,31.13694338,36.01993177,33.97856735,33.82015157,35.69299528,32.7203323,35.49278463,34.03480812,35.19305223,34.55729505,30.26046395,35.6552933,33.44726208,33.53521596,33.1403926,37.13075716,33.08824825,36.45211081,35.31023126,36.23200591,34.12593253,32.23582066,33.7010558,34.50038124,34.00963743,35.88352518,33.43997376,34.41823961,1,0,0,0,1,0,0,0,1,0,0,0,1,0,0,0,1,0,0,0,1,0,0,0,1,0,0,0,1,0,0,0,1,0,0,0,1,0,0,0,1,0,0,0,1,0,0,0,1,0,0,0,1,0,0,0,1,0,0,0,1,0,0,0,1,0,0,0,1,0,0,0,1,0,0,0,1,0,0,0,123,320,197,0.384375,191,126,320,194,0.39375,42,39,320,281,0.121875,212,117,320,203,0.365625,110,42,320,278,0.13125,209,60,320,260,0.1875,62,99,320,221,0.309375,65,300,320,20,0.9375,6,87,320,233,0.271875,191,54,320,266,0.16875,191,30,320,290,0.09375,284,153,320,167,0.478125,110,87,320,233,0.271875,69,243,320,77,0.759375,12,174,320,146,0.54375,24,93,320,227,0.290625,191,45,320,275,0.140625,248,168,320,152,0.525,30,144,320,176,0.45,45,15,320,305,0.046875,302,0
11,train,jump_to_max,3,540.0066337,0.001492537,46.09083516,47.80091817,43.98280195,46.25666881,48.80441119,45.19042313,49.95318019,47.83580777,43.90461583,41.15795248,45.18854807,48.14581518,43.0260041,46.08164633,44.22725566,48.63710182,47.62125569,42.92810196,43.072454,49.33540514,41.78456314,47.698749,44.44525049,44.17140595,47.64639276,44.09735108,52.29861212,49.31291921,43.77603474,43.22303124,43.89461331,45.98155766,46.39030647,42.05659631,46.30906404,47.74261467,50.66334055,49.60517326,46.13086193,47.76249493,49.88094099,44.0712912,47.08762358,47.29147849,46.26592779,49.50132534,45.86374061,46.64001739,38.39401454,40.11646568,47.64888167,45.13336009,45.02805094,49.29359139,43.33666177,46.40625434,49.06605018,50.03224338,48.41757105,44.09813752,46.93452981,45.28892357,46.8936137,50.24672828,46.64534606,47.02664982,46.24280059,41.27641564,45.89754738,48.16368252,43.50477522,46.88060477,48.30477156,47.95207388,44.03267314,48.0757392,48.84149668,45.17287012,46.50102628,48.26133616,48.4338824,49.3397646,46.98665393,47.20456804,47.40971563,44.62863558,45.48741467,42.15484221,48.92091747,45.55086132,46.15345823,44.78251881,46.02183675,43.26317269,49.87290679,50.49245051,48.36951702,42.63318255,44.84009539,48.26520066,48.10835699,48.61380117,47.73379922,46.6751326,41.80972374,46.88864331,46.0767411,45.37461159,48.89871468,42.50741621,46.54688534,42.76028733,45.27830971,43.4837665,41.67550477,44.87185723,47.98226761,43.9321278,45.89365275,47.55356801,43.09972242,46.6423072,48.06041909,50.36798142,45.20777831,46.28706998,44.42245605,47.07843576,46.74559028,47.62534676,45.52436765,46.03355986,1,0,0,0,1,0,0,0,1,0,0,0,1,0,0,0,1,0,0,0,1,0,0,0,1,0,0,0,1,0,0,0,1,0,0,0,1,0,0,0,1,0,0,0,1,0,0,0,1,0,0,0,1,0,0,0,1,0,0,0,1,0,0,0,1,0,0,0,1,0,0,0,1,0,0,0,1,0,0,0,165,320,155,0.515625,128,165,320,155,0.515625,21,96,320,224,0.3,104,156,320,164,0.4875,50,42,320,278,0.13125,158,111,320,209,0.346875,54,162,320,158,0.50625,45,294,320,26,0.91875,3,57,320,263,0.178125,119,60,320,260,0.1875,143,48,320,272,0.15,72,174,320,146,0.54375,29,93,320,227,0.290625,33,264,320,56,0.825,9,249,320,71,0.778125,12,96,320,224,0.3,143,114,320,206,0.35625,56,174,320,146,0.54375,15,207,320,113,0.646875,27,33,320,287,0.103125,287,1
11,train,jump_to_max,4,720.0092281,0.019725922,62.36273984,62.96218061,55.41459909,66.09674929,64.12059845,59.37952107,69.96432531,64.63347272,60.52544253,54.14054489,60.04465264,64.42686574,58.93964231,58.45062805,55.5300841,63.91407905,62.57562101,61.54127812,56.87547444,66.70147815,55.28915431,65.29420566,57.27783575,59.93996107,62.97224136,59.36859861,68.45949368,64.179803,57.56571515,60.20004328,56.96440446,62.70498051,63.19804158,58.09851647,59.06789899,64.85973397,67.46300072,66.98776253,62.25337452,64.11519586,67.32202813,57.84707471,60.37610817,64.50150933,59.99050205,62.92751416,57.98803663,58.52189333,52.35869119,54.81224061,60.81494895,60.79620569,60.36064256,63.6959614,59.46706259,61.26864818,68.86005073,64.35384566,64.76526192,57.37392127,61.49851956,61.96902315,60.56944745,69.28135515,62.80311334,59.00207543,62.78226688,54.91532596,61.05527414,65.65506721,57.10699964,62.28947044,62.41846566,65.63553434,56.59054372,67.95061104,65.84177152,64.13348742,65.44981758,68.4278298,62.82839619,64.54359969,60.44272035,65.3265126,63.50705187,59.19419526,62.27681389,55.41322395,65.04454731,60.06599341,60.09633695,58.7874458,58.1751301,57.01568574,64.10718249,68.1682822,62.21959865,60.83045046,57.5575267,62.73533254,62.75675051,61.2704868,57.78804286,59.83610006,52.53026629,63.71082607,63.98173122,59.39738077,66.14628871,52.81559922,63.52523804,60.67185997,59.24401465,58.37051781,54.15999658,60.23190943,65.69514184,60.77618639,61.18248332,64.69169252,58.24860115,62.06507059,67.9056643,64.20413175,59.62804361,59.31111109,63.45455481,63.19662071,66.99071986,67.14245971,59.39425692,61.47711795,1,0,0,0,1,0,0,0,1,0,0,0,1,0,0,0,0,0,0,9,1,0,0,0,1,0,0,0,1,0,0,0,1,0,0,0,1,0,0,0,1,0,0,0,1,0,0,0,1,0,0,0,0,0,0,9,1,0,0,0,1,0,0,0,1,0,0,0,1,0,0,0,1,0,0,0,1,0,0,0,192,320,128,0.6,39,225,320,95,0.703125,6,78,320,242,0.24375,80,189,320,131,0.590625,15,36,8640,8604,0.004166667,960,129,320,191,0.403125,30,207,320,113,0.646875,21,306,320,14,0.95625,6,213,320,107,0.665625,15,75,320,245,0.234375,149,93,320,227,0.290625,69,300,320,20,0.9375,3,153,320,167,0.478125,48,447,8640,8193,0.051736111,960,162,320,158,0.50625,21,171,320,149,0.534375,24,96,320,224,0.3,66,288,320,32,0.9,3,207,320,113,0.646875,15,24,320,296,0.075,290,1
11,train,jump_to_max,5,900.013482,0.037745539,77.57144984,85.63020649,68.58177634,90.19593092,85.56659111,77.19856953,98.3582539,88.91309114,76.32664839,71.80494003,78.93039917,86.44898913,80.88206809,80.67198164,73.72969186,85.29776009,81.59767644,84.78068391,78.59527479,86.19454437,80.26205339,91.71882032,74.84533496,84.63945276,80.59427289,82.08229177,91.26756859,85.89295688,79.13317945,76.10561589,72.97061943,82.3168916,82.91312875,75.20759208,77.28021987,85.94134033,93.67297074,86.44838469,80.62590241,83.70450965,90.13817532,77.96147881,84.16024586,85.96765554,81.58222141,80.90826846,77.67672794,79.9536171,69.98423236,75.75778372,84.06742301,83.72030135,81.20207206,86.75495004,79.53780748,83.83420087,92.02288022,88.48201977,89.1790424,77.27186589,83.3519726,80.41216459,80.25662593,92.90263085,84.36062067,80.89072708,88.38713554,72.51125442,79.87875207,87.39987544,80.31032391,78.11361241,82.88488243,83.37766579,73.19397504,87.19483976,85.690674,86.37527239,87.29648948,90.6882362,84.04638859,93.03458571,79.73784201,91.06355453,89.46192067,81.02608641,84.99709169,77.48913427,91.39400694,76.00218703,78.92709551,78.93131747,77.45359706,77.09463675,86.72483063,94.22780152,82.88574024,79.54529202,79.58522867,84.46501425,80.51003719,80.21464736,78.48980924,81.75509353,69.26012182,85.04344422,89.42819305,79.60981762,85.79736663,67.3080111,81.60474885,83.65174775,78.31535194,78.48351143,80.34485929,82.6132133,90.95457543,78.86730703,78.15480135,88.52152085,76.57475062,81.96189931,93.36436488,83.85530127,85.11169025,80.41964819,83.7307428,85.65928202,91.99997278,91.72978652,86.14797794,77.93279887,1,0,0,0,1,0,0,0,1,0,0,0,1,0,0,0,0,0,0,9,1,0,0,0,1,0,0,0,1,0,0,0,1,0,0,0,1,0,0,0,1,0,0,0,1,0,0,0,1,0,0,0,0,0,0,9,1,0,0,0,1,0,0,0,1,0,0,0,1,0,0,0,1,0,0,0,1,0,0,0,258,320,62,0.80625,9,240,320,80,0.75,15,189,320,131,0.590625,15,192,320,128,0.6,15,90,8640,8550,0.010416667,960,186,320,134,0.58125,21,237,320,83,0.740625,12,315,320,5,0.984375,3,300,320,20,0.9375,3,240,320,80,0.75,21,159,320,161,0.496875,21,318,320,2,0.99375,2,222,320,98,0.69375,30,504,8640,8136,0.058333333,960,213,320,107,0.665625,9,270,320,50,0.84375,6,105,320,215,0.328125,104,279,320,41,0.871875,9,273,320,47,0.853125,9,45,320,275,0.140625,195,1
11,train,jump_to_max,6,1080.009782,0.077855584,111.6537563,112.9872372,86.73238588,121.9725322,113.8137957,111.6962871,127.0076683,121.5247303,98.67379526,97.12889636,103.7784185,112.4274808,109.1057525,105.1819999,94.60475454,107.9616307,111.8644364,111.2702431,109.4747561,110.3550956,116.5810645,127.7462646,95.66106801,110.5238673,108.3208131,115.7553369,128.551492,115.078467,110.1899047,99.90587047,98.76921027,109.5159679,112.6453736,108.1086106,101.2396582,111.4139892,117.0298358,112.2097762,112.2897794,120.8475597,120.8031284,104.5848539,119.6152807,123.5942537,116.4035287,107.1781893,109.3497114,107.2149601,94.31399258,99.76706927,118.4422435,104.8286417,105.6791626,114.3634952,106.6555296,105.1828631,114.1328705,121.3442085,116.6782661,97.6092644,107.9482988,106.4073232,103.2858106,117.4354391,118.4599463,111.7487073,118.493545,100.4793854,102.5904451,113.5125156,107.0394915,103.3173974,118.4002259,110.3847647,103.0708358,116.6510068,120.0025234,124.6756263,122.3276033,111.083729,109.8743849,121.4247912,108.7384378,121.5614521,117.4681097,110.0154157,119.1778454,103.3790072,126.1268837,95.14646204,110.0810155,108.7336964,102.9502697,104.6974776,116.7307252,129.3579226,114.5899538,109.6471534,104.7112854,114.7250359,113.26717,113.5291743,106.0563399,105.8820773,99.86109342,120.1096981,122.3979823,110.13471,121.5443135,93.33183318,119.3958516,114.8275238,104.543601,109.3066503,107.4889768,109.0394004,124.2728902,95.86934123,108.2296623,119.0389294,105.8125336,112.8755251,132.1362441,116.7132615,107.8345881,106.5154017,110.8287165,110.5598602,121.573811,124.820492,118.2068668,101.9754643,1,0,0,0,1,0,0,0,1,0,0,0,1,0,0,0,0,0,0,9,1,0,0,0,1,0,0,0,1,0,0,0,1,0,0,0,1,0,0,0,1,0,0,0,1,0,0,0,1,0,0,0,0,0,0,9,1,0,0,0,1,0,0,0,1,0,0,0,1,0,0,0,1,0,0,0,1,0,0,0,312,320,8,0.975,3,273,320,47,0.853125,6,183,320,137,0.571875,9,240,320,80,0.75,14,156,8640,8484,0.018055556,960,210,320,110,0.65625,12,282,320,38,0.88125,9,318,320,2,0.99375,2,276,320,44,0.8625,6,273,320,47,0.853125,6,171,320,149,0.534375,15,318,320,2,0.99375,2,240,320,80,0.75,9,486,8640,8154,0.05625,960,252,320,68,0.7875,12,279,320,41,0.871875,9,165,320,155,0.515625,20,267,320,53,0.834375,6,285,320,35,0.890625,6,57,320,263,0.178125,134,1
12,train,jump_to_max,1,180.0130499,0,25.51168527,26.19225776,25.78654616,26.30489861,25.61010621,26.69833907,26.73612216,26.08887736,25.49005319,26.04708088,27.08302471,24.9445384,25.12717896,25.97908421,26.88488773,26.54743948,24.96889828,25.61173861,26.37130444,26.24747975,25.45631183,25.18679425,25.54899279,25.68019957,25.91771021,26.61509228,26.53186931,26.43953247,25.98905104,26.45497174,25.9265859,24.1305718,27.21163396,25.91303061,24.42973939,25.27017497,26.39834628,26.19298359,25.50240345,25.2066289,25.09944455,24.87780132,26.06409217,25.40451084,26.49674086,25.09500118,26.08874091,26.25920673,25.59217553,25.37145653,25.76873054,25.64958005,25.0337313,24.5611253,25.26601155,25.98753863,26.36971996,26.06920323,27.26901468,25.06395833,25.12047997,26.56672875,25.59646812,26.39389189,25.14019106,25.38327757,25.27043597,25.1269232,24.42285281,26.33955528,26.82210952,27.80075058,24.42801759,26.07123222,25.48795452,25.4914266,24.67000816,25.10103302,25.21251864,27.17160048,24.78920303,27.31984453,26.42117079,25.71483045,26.70284801,24.51381755,24.59968838,26.37194256,24.88859739,24.49094027,25.35781686,24.45445665,26.38161814,24.69967692,24.76948603,25.87048359,26.06437116,25.47543387,26.18944843,25.85126023,27.5746682,26.87028785,24.42847705,25.46308765,26.01892607,24.2414106,26.7355734,25.92544544,25.21385354,24.79774542,26.20555873,23.95540557,25.33757447,26.70746376,26.25809638,24.2143241,27.82178304,25.2858466,24.65018615,25.44765425,26.86764268,25.54285799,24.95113252,24.29688535,27.38043017,27.63252732,26.61551765,24.79397672,24.99106565,25.81795699,25.63305341,27.63252477,1,0,0,0,1,0,0,0,1,0,0,0,1,0,0,0,1,0,0,0,1,0,0,0,1,0,0,0,1,0,0,0,1,0,0,0,1,0,0,0,1,0,0,0,1,0,0,0,1,0,0,0,1,0,0,0,1,0,0,0,1,0,0,0,1,0,0,0,1,0,0,0,1,0,0,0,1,0,0,0,75,320,245,0.234375,215,114,320,206,0.35625,92,48,320,272,0.15,230,72,320,248,0.225,194,24,320,296,0.075,263,78,320,242,0.24375,77,117,320,203,0.365625,74,195,320,125,0.609375,83,75,320,245,0.234375,221,36,320,284,0.1125,281,18,320,302,0.05625,299,87,320,233,0.271875,194,33,320,287,0.103125,182,162,320,158,0.50625,83,132,320,188,0.4125,86,33,320,287,0.103125,269,30,320,290,0.09375,263,108,320,212,0.3375,83,102,320,218,0.31875,104,9,320,311,0.028125,311,0
12,train,jump_to_max,2,360.0138487,0,35.53545716,33.82784597,34.3101867,34.91995422,33.86495348,35.5696355,37.1813164,34.69629341,33.65134035,33.09781303,36.32859222,32.98518793,34.09584141,36.06712061,34.38620451,35.82418022,31.84960169,35.20154049,35.47818956,38.26284686,32.90354542,33.21566177,31.70911195,36.50968275,35.91582914,37.12906769,36.84908749,36.10630491,34.488927,34.03736441,33.90177568,33.32308257,33.55641571,35.62610309,32.31610578,35.03294816,35.85964921,37.29053713,33.9185187,35.13251385,35.52674058,32.72217387,39.06520733,36.82963366,34.34346459,32.71041703,35.73413901,37.2330408,36.30296625,35.1989588,35.07889213,35.63098005,35.78972856,33.11504493,32.38892708,34.28869019,34.09816352,35.24519245,34.32068906,35.48000667,34.93859615,35.29613309,34.04430442,35.96523355,33.1140696,34.99909805,33.55389679,34.53611586,32.4922198,35.87629411,35.79186121,38.46381158,30.4981788,34.65068121,36.74783805,35.55288826,34.65450458,33.62144905,34.33903634,38.23119062,32.89409645,36.29572268,35.84867416,32.9536308,37.17401509,31.37666298,34.73242772,34.32299455,34.35793552,33.65322726,34.83244773,31.51870774,36.15696106,32.09865181,31.18670703,33.89013501,34.91229638,32.98021085,33.70436155,36.58101508,33.66923394,35.62731441,34.01955153,36.34400593,38.01395552,33.30849676,35.03483902,34.80122616,34.05652117,32.13287326,35.47580927,32.32428006,32.1000002,35.54239951,34.89871201,32.9325102,36.82021952,35.82284866,32.23036111,31.87589122,36.81472848,33.27470293,34.88333768,33.64223462,36.64505144,36.99242954,33.89309745,35.21004026,34.55271349,34.26658068,38.19817508,37.243022,1,0,0,0,1,0,0,0,1,0,0,0,1,0,0,0,1,0,0,0,1,0,0,0,1,0,0,0,1,0,0,0,1,0,0,0,1,0,0,0,1,0,0,0,1,0,0,0,1,0,0,0,1,0,0,0,1,0,0,0,1,0,0,0,1,0,0,0,1,0,0,0,1,0,0,0,1,0,0,0,102,320,218,0.31875,200,129,320,191,0.403125,65,45,320,275,0.140625,206,135,320,185,0.421875,50,18,320,302,0.05625,254,78,320,242,0.24375,51,147,320,173,0.459375,71,264,320,56,0.825,23,57,320,263,0.178125,191,54,320,266,0.16875,236,42,320,278,0.13125,209,174,320,146,0.54375,50,84,320,236,0.2625,119,276,320,44,0.8625,38,177,320,143,0.553125,24,45,320,275,0.140625,227,66,320,254,0.20625,194,183,320,137,0.571875,41,141,320,179,0.440625,104,15,320,305,0.046875,296,1
12,train,jump_to_max,3,540.0497794,0.017182993,46.23352926,46.20895365,47.19689559,42.17612574,46.64327078,47.22027501,53.51893086,45.01232691,44.31143214,45.73181114,51.37784559,45.36299411,45.24101895,48.84323574,46.01496729,47.05619726,45.64198654,48.49258012,49.93910079,52.85828443,42.14781432,43.42789266,42.78554967,49.28400459,46.34789814,46.95378747,50.21398331,50.9177733,43.03567775,45.18281928,48.47668975,47.78662009,44.63292922,45.99581921,45.84355056,50.19491949,48.99893995,50.77722153,46.37237324,47.29366662,48.02368416,44.64949677,53.92192345,49.79245003,46.73898926,39.30967937,46.88225942,53.39387256,49.70012654,46.56681618,45.91711363,45.93285807,48.00687062,45.36805125,44.65858738,46.42598239,45.35492962,46.95177567,48.50694351,47.7910876,47.78905577,47.92100521,44.49504783,46.93693554,44.25796342,44.64735635,46.07123249,47.24187062,41.45937991,47.2666674,47.87709988,51.93041897,42.23499669,47.46000822,46.22414322,48.87920793,47.69986905,46.53501157,46.18200281,51.37050592,45.31979058,47.35505292,48.31141233,43.33017568,50.2344776,40.27143285,44.50679149,47.3425574,46.28277284,42.35702785,46.44432815,45.09706837,47.65079471,42.86891501,41.94073558,43.22083104,47.73405916,43.53912226,43.82872444,47.76639676,45.73406565,47.53809966,45.72160254,46.61934476,48.83502653,43.73500507,47.65668619,46.54239418,46.22672538,43.8644721,47.51227939,45.61877846,41.46251708,48.69706284,48.08296792,44.16918637,45.88889728,50.58316355,44.80249789,40.7300859,48.12009691,43.68745683,45.77458918,47.33920117,49.44777917,49.39001471,45.47856052,47.74904768,46.82314414,45.61228946,53.99509836,52.13256662,1,0,0,0,1,0,0,0,1,0,0,0,1,0,0,0,1,0,0,0,1,0,0,0,1,0,0,0,0,0,0,9,1,0,0,0,1,0,0,0,1,0,0,0,1,0,0,0,1,0,0,0,1,0,0,0,1,0,0,0,1,0,0,0,1,0,0,0,0,0,0,9,1,0,0,0,1,0,0,0,126,320,194,0.39375,143,171,320,149,0.534375,44,45,320,275,0.140625,164,159,320,161,0.496875,24,45,320,275,0.140625,206,105,320,215,0.328125,63,147,320,173,0.459375,59,375,8640,8265,0.043402778,960,102,320,218,0.31875,161,51,320,269,0.159375,248,57,320,263,0.178125,188,189,320,131,0.590625,15,66,320,254,0.20625,71,285,320,35,0.890625,6,255,320,65,0.796875,35,84,320,236,0.2625,149,78,320,242,0.24375,194,153,8640,8487,0.017708333,960,234,320,86,0.73125,35,36,320,284,0.1125,60,1
12,train,jump_to_max,4,720.0041235,0.028354,58.85552008,63.36840159,63.50842986,56.84729374,62.59408525,66.3693333,79.0269086,60.64135877,61.83640905,58.93951828,66.46529258,59.47090257,64.3599176,63.30914218,61.8364424,70.38220507,59.88127782,67.25220616,69.03556407,71.52086757,55.94670426,57.72347467,57.52189173,62.5088392,61.57910459,61.68006699,63.21701007,70.29416685,57.23755955,59.94875911,63.89998422,61.71845934,60.15621646,63.77971299,65.05812123,69.01255032,69.38683176,69.12324355,62.37210366,64.22563436,65.24444809,60.27904214,70.24950904,64.64952723,64.45462075,52.63143964,62.05559492,72.03941879,64.75048168,61.45145156,64.11186359,61.51042472,63.95228231,64.52816122,62.99059069,62.72550648,60.29731082,62.99834734,65.17681894,63.61060362,63.73559971,63.74442409,57.28966518,62.41955057,60.88023267,60.89878375,63.23372794,61.9698388,53.87819785,63.82072951,62.69784576,66.43169807,57.15984318,60.86837081,65.15332561,64.59802296,63.75556158,60.89517728,60.32200777,68.22715146,60.05299815,62.27732572,68.59213472,59.64293216,70.8773675,51.39199415,57.66231231,64.19996988,61.23546506,59.9004027,61.3750825,63.08626314,66.40611758,52.83278117,56.9971769,56.97070473,65.76102251,56.42319157,60.66096562,62.46297171,61.68603035,62.43887246,65.92458707,60.82262197,63.24224808,60.97000919,65.32819753,65.15660065,64.12783993,57.87321867,65.1401534,58.45635935,56.04056428,64.31486807,60.72868561,59.48067018,61.4558064,70.17099644,60.03761523,55.44382471,63.13905005,59.32144398,62.08650593,68.32694629,66.5536985,65.77072249,57.69110762,60.03227152,59.80982327,57.57587964,73.80480236,70.00813335,1,0,0,0,1,0,0,0,1,0,0,0,1,0,0,0,1,0,0,0,1,0,0,0,1,0,0,0,0,0,0,9,1,0,0,0,1,0,0,0,0,0,0,9,1,0,0,0,1,0,0,0,0,0,0,9,1,0,0,0,1,0,0,0,1,0,0,0,0,0,0,9,1,0,0,0,1,0,0,0,174,320,146,0.54375,26,279,320,41,0.871875,14,75,320,245,0.234375,131,216,320,104,0.675,9,60,320,260,0.1875,254,138,320,182,0.43125,68,240,320,80,0.75,32,492,8640,8148,0.056944444,960,141,320,179,0.440625,18,126,320,194,0.39375,131,54,8640,8586,0.00625,960,303,320,17,0.946875,3,123,320,197,0.384375,32,459,8640,8181,0.053125,960,246,320,74,0.76875,9,186,320,134,0.58125,21,108,320,212,0.3375,117,279,8640,8361,0.032291667,960,258,320,62,0.80625,9,6,320,314,0.01875,311,1
12,train,jump_to_max,5,900.0374467,0.029568999,77.74770013,85.17761159,85.46823705,79.67841744,81.74042419,87.12486548,103.3853429,77.7432878,80.72616906,84.88897262,92.27386695,80.76140051,84.92773697,83.01434776,81.22773791,97.94241903,80.27725842,90.37573081,88.37106808,93.0559898,72.65823123,74.28921293,77.68104078,82.83457594,81.41541078,80.55518973,89.42946937,99.36266784,80.62303585,76.97262019,89.57077259,82.12752117,83.8947224,85.83876636,86.58212739,95.67120855,98.16342651,91.27027632,88.34652787,87.67246177,83.22977331,84.43819572,90.24995941,85.46211266,85.92179985,74.11246654,84.00522703,96.1777558,90.73930703,82.87268026,82.52990376,80.69481955,83.48146109,85.55384815,89.48322949,84.44893885,82.07451014,86.87930142,92.73505003,91.42014506,84.05969462,89.5157357,75.29322381,86.77953323,82.35868702,78.00228722,82.99863926,82.40175638,75.51030904,87.02201791,81.88126118,90.21275341,72.55189247,77.96672659,90.38649056,81.83709214,84.04669414,77.31620811,79.81085474,88.74046333,78.2446933,83.76587188,96.05688651,80.14790192,90.98566251,69.52822108,75.81457339,88.1003094,84.43427535,77.34033005,85.47073431,82.24787059,86.31496792,72.26183429,74.73589904,76.66181649,87.22349708,76.01918638,84.83913302,85.82993111,79.24218058,84.62685837,88.51606814,80.95014041,89.32855235,81.38626164,82.43917088,88.73066672,92.41390252,80.49064072,87.63741115,76.65969381,82.22841237,87.26435122,86.67868549,78.11928501,82.42609209,93.34695818,78.19901442,77.66062383,81.53023821,80.50131251,80.26052838,93.91319172,93.07592429,89.21442981,81.67059902,77.71763421,74.99879916,70.44217134,95.95864063,91.97334058,1,0,0,0,1,0,0,0,1,0,0,0,1,0,0,0,1,0,0,0,1,0,0,0,1,0,0,0,0,0,0,9,1,0,0,0,1,0,0,0,0,0,0,9,1,0,0,0,1,0,0,0,0,0,0,9,1,0,0,0,1,0,0,0,1,0,0,0,0,0,0,9,1,0,0,0,1,0,0,0,279,320,41,0.871875,6,291,320,29,0.909375,6,204,320,116,0.6375,26,234,320,86,0.73125,15,84,320,236,0.2625,39,261,320,59,0.815625,9,306,320,14,0.95625,3,564,8640,8076,0.065277778,960,117,320,203,0.365625,18,126,320,194,0.39375,57,102,8640,8538,0.011805556,960,297,320,23,0.928125,3,177,320,143,0.553125,18,558,8640,8082,0.064583333,960,249,320,71,0.778125,9,177,320,143,0.553125,27,159,320,161,0.496875,63,381,8640,8259,0.044097222,960,276,320,44,0.8625,6,33,320,287,0.103125,281,1
12,train,jump_to_max,6,1080.007969,0.056231509,105.3690651,112.2201728,109.8519064,101.7887087,109.6542606,118.8706057,128.3599492,107.13982,105.0239255,118.3441175,120.7522079,105.9639887,114.7806987,109.6772135,109.5021115,130.70226,104.8260297,128.7684248,116.3367337,124.2607379,98.65575897,98.96850126,102.1707141,109.2140523,111.155651,107.6407203,118.1768348,145.1640123,108.6893992,102.628922,120.1630773,113.5609005,110.4525165,117.1253838,116.2005544,125.2585966,134.4562955,118.5264454,123.4639629,125.8564963,112.0092469,114.2984629,121.6490664,117.5021922,119.0288256,99.39097297,109.8883365,128.622988,123.6986806,114.4830766,118.3722997,111.3088132,109.4937531,115.4490304,123.0056334,117.8758569,104.1408598,114.8963646,121.1531141,124.202271,110.3811945,117.9727177,105.4158428,113.968785,107.7821817,105.6076959,115.0811962,110.7264309,100.5712887,115.4456174,112.3189904,117.0611576,102.2655886,101.2225929,125.8243708,110.2274099,118.9002243,108.8741386,105.3481686,120.415845,101.887281,109.2354164,129.2861965,106.7490794,117.5865394,93.05511318,104.3627563,122.6751297,124.8184021,109.8145989,115.6158565,109.2001264,119.8901963,97.10334454,101.1787253,108.0144713,113.412451,101.4380607,110.8440336,116.4792522,114.0829188,114.5832633,123.3534347,110.4848071,118.2070207,108.3889863,108.3907595,117.2524668,127.223209,107.0942686,121.4589695,105.3190993,112.1117414,114.0104692,117.7032032,101.1577373,116.3201914,125.6424114,109.3810792,104.6918875,111.8376108,110.0849441,106.9948543,123.6207826,122.87475,129.3586317,118.220272,107.41947,99.68886135,95.77123984,129.1470077,118.1027452,1,0,0,0,1,0,0,0,1,0,0,0,1,0,0,0,1,0,0,0,1,0,0,0,1,0,0,0,0,0,0,9,1,0,0,0,1,0,0,0,0,0,0,9,1,0,0,0,1,0,0,0,0,0,0,9,1,0,0,0,1,0,0,0,1,0,0,0,0,0,0,9,1,0,0,0,1,0,0,0,312,320,8,0.975,3,306,320,14,0.95625,3,237,320,83,0.740625,11,234,320,86,0.73125,15,156,320,164,0.4875,30,282,320,38,0.88125,12,312,320,8,0.975,3,849,8640,7791,0.098263889,960,165,320,155,0.515625,27,192,320,128,0.6,21,171,8640,8469,0.019791667,960,315,320,5,0.984375,3,204,320,116,0.6375,14,753,8640,7887,0.087152778,960,264,320,56,0.825,9,258,320,62,0.80625,12,150,320,170,0.46875,26,495,8640,8145,0.057291667,960,288,320,32,0.9,5,60,320,260,0.1875,248,1
13,train,jump_to_max,1,180.0264795,0,26.87554067,26.23264785,26.83048333,25.77365757,25.68375031,24.95897036,25.19339923,25.59514218,26.46720036,25.39416318,25.08215885,26.00234517,23.14026477,25.8967649,26.05754322,24.436668,25.19999354,25.93194815,24.7975209,25.33600692,24.7286453,25.84250506,27.11440224,24.83684372,24.6079494,24.79213144,25.62543492,25.47464211,26.3336094,26.01850422,25.31978252,24.04545872,26.31158929,24.9532215,24.06852478,26.18817122,25.63531636,25.76520543,23.83521701,25.10854575,26.55561467,24.27385486,24.59418535,26.2664681,26.42229978,26.38050202,24.57894224,24.76081951,27.69127969,25.34576448,26.70829964,25.99680326,26.41559343,26.4661088,24.85898566,25.74323906,24.19588099,24.44563567,25.91157953,25.67551743,24.71722878,24.59617895,26.00456218,25.83093734,25.92406589,25.65735109,25.65381504,25.89298813,25.14742992,25.11899499,24.51490376,26.09537051,25.71955631,25.60741701,25.56267101,26.17408559,25.1393587,25.02518951,24.42923689,25.46760132,24.0535321,25.03617754,26.19200605,26.11060022,24.56005094,24.49133162,27.9390578,25.37699372,25.79093466,24.5359731,24.83388831,25.08464618,24.7140244,27.11490628,24.69866576,24.63305839,26.40855578,25.45420823,25.3970999,25.74221561,24.58989415,25.05345233,24.67565405,24.78674945,24.14278306,24.08987826,24.61185408,24.87376324,24.25601408,26.13739488,25.2795208,27.06644861,25.76269575,26.51913187,26.9849768,26.3239435,25.29098736,26.62905557,25.11578267,25.76514277,27.32185093,26.18878032,25.8630576,25.04133038,27.76564398,26.01939778,26.09969004,25.17074425,25.22087874,24.41169779,24.31454403,26.32412221,1,0,0,0,1,0,0,0,1,0,0,0,1,0,0,0,1,0,0,0,1,0,0,0,1,0,0,0,1,0,0,0,1,0,0,0,1,0,0,0,1,0,0,0,1,0,0,0,1,0,0,0,1,0,0,0,1,0,0,0,1,0,0,0,1,0,0,0,1,0,0,0,1,0,0,0,1,0,0,0,69,320,251,0.215625,230,90,320,230,0.28125,68,33,320,287,0.103125,245,93,320,227,0.290625,152,21,320,299,0.065625,230,48,320,272,0.15,131,144,320,176,0.45,101,225,320,95,0.703125,65,51,320,269,0.159375,254,42,320,278,0.13125,263,12,320,308,0.0375,287,162,320,158,0.50625,152,33,320,287,0.103125,248,216,320,104,0.675,71,177,320,143,0.553125,65,39,320,281,0.121875,254,39,320,281,0.121875,227,138,320,182,0.43125,71,138,320,182,0.43125,68,12,320,308,0.0375,308,0
13,train,jump_to_max,2,360.0307845,0,35.87183108,36.44856996,37.45001011,33.70304894,33.29937245,34.13597971,35.11585259,35.5379953,34.74966159,33.63522884,33.94499624,34.2873512,30.88904647,32.45821915,32.4899982,31.6568908,32.67324501,33.74580324,32.35758883,31.58180729,34.48028469,35.01280474,37.66782018,35.08182055,33.50849936,35.30352272,33.77453768,35.73017098,36.17802218,35.17458382,32.78572613,31.88072179,36.00296044,34.62545555,31.94461076,37.50195229,34.0123053,33.9189597,31.3551783,34.94017872,35.38757486,30.83359427,32.35551929,37.02160918,34.95102078,34.86200919,35.01959869,33.03381226,36.23677558,34.02802937,38.0689804,33.05335591,34.49100527,37.07214703,32.03401962,35.09856529,31.03976401,32.69537543,35.06043394,36.5439857,32.96225799,32.72007212,37.1720583,35.37224962,34.23988463,33.85948626,34.55298425,35.29827324,33.9761512,34.41233801,35.42376736,35.53190443,34.63117771,34.82609609,34.27645528,39.37677089,33.12472956,34.65279617,32.132388,34.5758373,32.10818137,33.5457729,34.91025696,35.97516788,33.17502357,32.24102555,37.39826014,36.93853647,35.14275544,33.88243732,33.32570514,34.17388475,33.20028896,35.8317641,33.2364387,33.6560419,34.39756393,34.9732483,34.26686665,35.00308188,32.79531539,33.93799092,33.38731921,33.78412353,32.96621724,31.83347064,33.49630786,33.93582142,31.35257712,34.29410493,32.97563894,36.58459963,33.6821885,37.54457435,36.5350105,36.32027114,33.51040291,36.72890132,34.45345737,34.39173642,35.71016694,36.34281361,34.01306737,31.65856016,35.96352937,34.42222321,35.72157659,34.3167067,35.31067502,32.63634772,32.71116925,34.66237018,1,0,0,0,1,0,0,0,1,0,0,0,1,0,0,0,1,0,0,0,1,0,0,0,1,0,0,0,1,0,0,0,1,0,0,0,1,0,0,0,1,0,0,0,1,0,0,0,1,0,0,0,1,0,0,0,1,0,0,0,1,0,0,0,1,0,0,0,1,0,0,0,1,0,0,0,1,0,0,0,99,320,221,0.309375,182,123,320,197,0.384375,63,39,320,281,0.121875,209,108,320,212,0.3375,63,12,320,308,0.0375,281,81,320,239,0.253125,72,129,320,191,0.403125,35,255,320,65,0.796875,9,51,320,269,0.159375,233,45,320,275,0.140625,200,21,320,299,0.065625,263,177,320,143,0.553125,41,57,320,263,0.178125,122,243,320,77,0.759375,9,174,320,146,0.54375,60,75,320,245,0.234375,200,48,320,272,0.15,239,159,320,161,0.496875,18,183,320,137,0.571875,71,9,320,311,0.028125,284,0
13,train,jump_to_max,3,540.0312642,0.003352945,47.6323836,48.37099105,49.35575625,43.48092508,45.24404137,47.16767006,48.21683777,49.09271188,47.63436014,42.48220778,47.28081814,46.6916489,39.14532441,45.61923159,45.15497272,41.96398645,42.99570936,44.56543646,40.99772349,41.35520906,45.10381714,47.69606278,51.86775955,47.74777898,45.77139718,47.15474237,47.34985354,49.86834483,51.37806658,47.77903021,48.20724631,42.83616391,45.5940963,48.35216283,42.20343969,49.15700224,45.39517261,47.63321733,43.96964202,47.82995649,48.74900375,40.6442325,43.64530599,47.62042356,45.9496394,47.23494707,44.36935078,43.60331186,49.9931329,45.69253902,50.88482837,41.46787909,46.08174798,48.60556607,42.26739597,47.36704521,40.3669842,48.14425833,46.28518719,48.93478107,44.1920821,44.92258271,49.36271258,48.06987144,46.66755479,44.82874648,46.6391275,49.45165845,47.25478904,45.58621784,47.73592233,45.74136929,46.56023124,44.94950989,46.76693457,54.34517746,42.64266172,45.36496184,44.10648974,46.44448234,42.22994207,43.69473969,49.0051978,48.86809263,45.66113858,42.3963164,54.57255842,51.91690417,47.04313742,46.1336613,41.90432263,44.27669128,46.32330931,49.54604562,46.49363625,45.86739567,47.01122935,48.30710457,46.81872623,46.33758298,44.02095415,46.40803832,43.84272054,44.16536964,42.38926965,43.27287586,45.5340606,47.24253517,43.54887467,45.60881019,46.37875001,52.44193552,46.65618303,47.77258796,47.07831519,48.23122882,43.89558075,49.80406291,46.77072025,45.35683726,47.25999303,49.86576648,48.00880384,43.70912741,49.60521769,45.75033759,45.93937481,44.91794671,47.06916856,43.54575237,45.07475898,46.15640256,1,0,0,0,1,0,0,0,1,0,0,0,1,0,0,0,1,0,0,0,1,0,0,0,1,0,0,0,1,0,0,0,1,0,0,0,1,0,0,0,1,0,0,0,1,0,0,0,1,0,0,0,1,0,0,0,1,0,0,0,1,0,0,0,1,0,0,0,1,0,0,0,1,0,0,0,1,0,0,0,132,320,188,0.4125,104,150,320,170,0.46875,29,78,320,242,0.24375,131,153,320,167,0.478125,30,39,320,281,0.121875,203,51,320,269,0.159375,56,156,320,164,0.4875,27,288,320,32,0.9,6,87,320,233,0.271875,173,81,320,239,0.253125,161,75,320,245,0.234375,99,243,320,77,0.759375,12,105,320,215,0.328125,42,306,320,14,0.95625,3,243,320,77,0.759375,26,96,320,224,0.3,143,78,320,242,0.24375,185,228,320,92,0.7125,12,204,320,116,0.6375,29,18,320,302,0.05625,302,1
13,train,jump_to_max,4,720.0580064,0.026513683,62.10732738,60.95016924,67.97044671,60.26460179,64.15032231,66.48661126,64.92826669,64.00304502,63.22905867,55.73801573,65.86483281,61.71411828,52.82180291,61.78052334,58.95985008,56.67514668,59.50908636,59.82376427,53.80629308,56.16748699,57.2111545,62.60568886,70.13587683,67.43879617,63.02220868,63.12319785,61.83501986,66.41384688,67.47167391,59.71737627,64.13137571,61.75848163,57.81514435,63.677694,59.90077465,66.6382128,61.15241375,63.40214131,60.86713895,64.09417108,63.91641327,51.65817686,57.11430502,62.92817982,63.70006789,62.21091948,58.21364996,57.40160425,70.20007218,61.54609777,66.90959158,54.68592082,59.8375853,63.71476846,58.33593546,66.42099656,54.84445361,68.45730151,57.87982893,66.94114208,59.11500334,62.33961031,66.22596386,63.16020848,61.2348759,59.65740798,63.23681436,67.98724164,62.47767311,58.85464204,66.80153346,64.53707407,61.00472029,62.54001779,65.56797985,78.31929778,55.71618363,60.68150846,59.12843394,62.82583873,57.50086546,59.26030226,65.2622504,66.36593424,60.88558685,52.95640147,71.91317657,72.36592404,62.85591697,61.46291523,56.93169249,57.28789628,58.73225728,70.66381507,60.2619246,65.04045077,59.60876285,64.92651687,60.28534548,64.17219487,62.06284754,65.53934798,63.06661597,59.96984637,54.36298156,55.99315693,63.17303483,63.25340777,55.07398337,58.1598393,63.88754125,71.40656028,64.9918799,65.64159341,66.77525597,68.50495442,61.05408875,63.26620988,62.57880414,62.83770753,64.75649558,68.14500521,61.71286816,58.59232315,68.29430526,65.86629568,61.86798094,59.74287279,65.16137553,57.78979482,60.0872421,63.10743183,1,0,0,0,1,0,0,0,1,0,0,0,1,0,0,0,0,0,0,9,1,0,0,0,1,0,0,0,1,0,0,0,1,0,0,0,1,0,0,0,1,0,0,0,1,0,0,0,1,0,0,0,0,0,0,9,1,0,0,0,1,0,0,0,1,0,0,0,1,0,0,0,1,0,0,0,1,0,0,0,222,320,98,0.69375,39,243,320,77,0.759375,17,75,320,245,0.234375,104,210,320,110,0.65625,12,48,8640,8592,0.005555556,960,111,320,209,0.346875,65,228,320,92,0.7125,14,285,320,35,0.890625,3,228,320,92,0.7125,20,108,320,212,0.3375,99,105,320,215,0.328125,24,288,320,32,0.9,6,117,320,203,0.365625,56,429,8640,8211,0.049652778,960,210,320,110,0.65625,15,216,320,104,0.675,20,78,320,242,0.24375,179,264,320,56,0.825,12,252,320,68,0.7875,9,36,320,284,0.1125,260,1
13,train,jump_to_max,5,900.0056316,0.042898878,86.68221047,84.87893654,93.52676557,77.10141379,87.50896266,83.27847647,88.15618025,84.33831801,88.13400808,74.0936368,94.83127226,84.09533557,68.04737072,85.42851328,76.92627647,76.2948276,81.69620052,83.58201591,71.48618945,78.56580053,82.11861372,85.02364192,88.7172289,94.06756659,81.19516649,82.90394973,77.81695178,91.45900043,94.83279538,83.00220664,83.37767645,84.94144886,74.20377407,90.09770537,77.64159016,92.37115237,84.39424547,89.88887684,83.52957895,86.06213603,87.47910343,69.37461526,80.57500175,81.52246488,83.06495462,79.43085156,79.83196797,75.56817664,90.43608995,81.36269008,90.58087905,75.06710712,81.52456917,84.42302081,75.99356281,91.38729803,75.63130372,90.64344091,78.11228039,91.70541398,73.39473081,83.69255091,93.51182566,84.47954697,83.17159175,84.42587667,86.04009827,92.23798019,89.68560054,79.36678475,94.56977461,86.04475981,82.01433982,86.53193923,89.0315019,108.6553364,76.43227679,80.34013442,75.73764337,86.94103958,77.24313873,74.78351174,90.60643571,84.44545723,77.755907,73.76213171,95.34221267,93.09467405,87.71399305,85.31184659,78.56266965,79.61234799,79.59087205,90.42333902,79.30246672,88.84283918,75.99956933,84.47900708,81.04721423,87.69728627,79.89820051,86.53230527,88.67665059,75.098829,73.73483869,78.00197562,84.66681533,82.35968121,73.2082963,80.26943442,85.29875565,95.00700807,90.83723034,90.36650063,91.78164044,93.95269376,79.69129213,86.80420243,81.62145715,83.88731325,89.40138917,89.27042751,81.87137752,83.81971997,90.62147555,84.98588444,83.84433575,76.3952582,89.78952333,77.66408511,81.75205556,85.54591093,1,0,0,0,1,0,0,0,1,0,0,0,1,0,0,0,0,0,0,9,1,0,0,0,1,0,0,0,1,0,0,0,1,0,0,0,1,0,0,0,1,0,0,0,1,0,0,0,1,0,0,0,0,0,0,9,1,0,0,0,1,0,0,0,1,0,0,0,1,0,0,0,1,0,0,0,1,0,0,0,231,320,89,0.721875,9,249,320,71,0.778125,12,123,320,197,0.384375,66,210,320,110,0.65625,15,57,8640,8583,0.006597222,960,153,320,167,0.478125,29,228,320,92,0.7125,9,306,320,14,0.95625,3,270,320,50,0.84375,6,117,320,203,0.365625,45,126,320,194,0.39375,26,306,320,14,0.95625,3,198,320,122,0.61875,24,438,8640,8202,0.050694444,960,255,320,65,0.796875,6,231,320,89,0.721875,9,144,320,176,0.45,57,249,320,71,0.778125,6,264,320,56,0.825,6,36,320,284,0.1125,228,1
13,train,jump_to_max,6,1080.017896,0.082114736,116.6706915,115.7538464,135.8534193,103.0845039,108.9827026,110.6831723,124.9203322,109.8852888,123.6909523,99.91761155,124.4518949,110.8651088,96.2311729,117.914456,108.0557023,104.3709279,108.7425867,115.131505,94.00342608,103.2777419,107.1528634,113.0391853,120.0435686,127.2158012,112.4515958,111.3357195,105.3946542,117.2240259,131.5837074,103.6604387,111.2852025,112.4018802,99.60000912,129.1918739,100.5325078,122.9863087,113.8752469,121.1441203,111.1445236,115.7934751,120.4046833,93.44589386,104.2532541,110.6356714,104.2001428,106.5833343,114.4776699,101.9289311,116.6567128,110.7613462,122.504215,100.4955545,108.2496278,118.7371431,103.271872,119.7597643,108.4847324,119.4347168,103.8648632,124.7631572,99.0666637,117.1338261,130.2938823,112.9914539,113.3957428,112.1148448,115.5776739,120.3231559,120.8514261,103.7509569,125.1383315,120.9539111,112.4711657,110.5409432,116.3264532,140.8788853,107.0211382,111.179203,105.8124158,116.7798954,110.3112496,102.8882574,119.144928,119.3488509,104.2006974,103.6904973,127.9218221,127.5207871,111.4493722,112.8501875,104.0183463,106.1670232,111.364726,125.2897671,103.5922604,109.7601976,100.9449119,112.0719157,106.0888485,119.8668596,108.6028448,122.279389,116.8538845,98.20583447,97.05617447,108.3129217,110.5373512,108.1766821,99.15096447,109.417365,116.4913028,136.5800498,125.1188788,122.4123579,122.983308,127.0829764,103.599201,117.1753633,107.0057392,111.4761746,120.0458326,122.2932311,108.6985416,115.6641685,119.0150455,112.7810907,113.9293008,107.6493942,116.4590125,110.0432361,117.3565714,114.7166436,1,0,0,0,1,0,0,0,1,0,0,0,1,0,0,0,0,0,0,9,1,0,0,0,1,0,0,0,1,0,0,0,1,0,0,0,1,0,0,0,1,0,0,0,1,0,0,0,1,0,0,0,0,0,0,9,1,0,0,0,1,0,0,0,1,0,0,0,1,0,0,0,1,0,0,0,1,0,0,0,312,320,8,0.975,3,285,320,35,0.890625,6,219,320,101,0.684375,24,255,320,65,0.796875,8,171,8640,8469,0.019791667,960,213,320,107,0.665625,12,318,320,2,0.99375,2,315,320,5,0.984375,3,267,320,53,0.834375,9,267,320,53,0.834375,9,174,320,146,0.54375,21,303,320,17,0.946875,3,225,320,95,0.703125,12,543,8640,8097,0.062847222,960,234,320,86,0.73125,12,285,320,35,0.890625,3,171,320,149,0.534375,21,258,320,62,0.80625,15,303,320,17,0.946875,3,63,320,257,0.196875,87,1
14,train,jump_to_max,1,180.0146983,0,26.17167214,25.72135614,26.14770613,25.1739503,26.03023258,26.44439802,25.54136608,26.15133078,25.08869821,25.33169061,26.81149198,24.31903661,25.10555471,25.17525877,26.63907394,25.61085055,25.03185979,26.61995352,26.62818666,24.93994501,26.07248431,24.23174029,25.89896772,25.41895886,25.30346368,24.84160506,26.74753703,25.77069237,25.39503787,25.77703736,24.51742802,24.91308835,24.66797908,25.45780483,26.0368943,26.41753425,27.25641142,27.00334365,26.10144697,25.46608045,24.63817384,25.14644193,27.43460034,24.70025812,25.43115849,24.83994592,26.4207675,24.71358835,26.33513646,24.84837524,26.09999812,25.75985359,26.31618954,25.40284718,26.96788141,26.06756604,24.86159689,25.47031857,25.06431544,24.62753404,25.64437382,26.34695878,27.7217044,26.75836357,25.00065905,27.15075071,24.87732695,24.65762532,26.03638692,25.121494,27.58660267,27.13494636,26.77628808,24.54101079,26.14568911,24.89702199,25.28073244,26.36443981,25.61843519,25.45054023,27.76504912,25.85807701,25.83701385,24.48840678,25.11249156,25.01737293,25.64269512,26.66391939,24.51583628,27.00864965,24.35786276,24.87429936,25.75941312,24.02241892,25.75777851,24.47998133,24.48429486,24.39884197,24.6492083,25.50449059,26.03061849,24.67322759,27.38879386,25.95424978,24.90971265,26.17276897,25.63320282,26.90545267,25.02543522,24.13212766,25.68253619,26.48947452,25.45089519,26.11459182,26.45193561,25.57466152,24.60656403,25.51503794,27.00641035,26.34718165,26.88049319,25.0425533,26.54110552,26.40004335,25.51096724,27.11901339,25.28927982,25.4400741,26.89223554,26.01107929,24.4615237,25.68764906,1,0,0,0,1,0,0,0,1,0,0,0,1,0,0,0,1,0,0,0,1,0,0,0,1,0,0,0,1,0,0,0,1,0,0,0,1,0,0,0,1,0,0,0,1,0,0,0,1,0,0,0,1,0,0,0,1,0,0,0,1,0,0,0,1,0,0,0,1,0,0,0,1,0,0,0,1,0,0,0,63,320,257,0.196875,242,87,320,233,0.271875,98,48,320,272,0.15,218,111,320,209,0.346875,107,21,320,299,0.065625,299,45,320,275,0.140625,146,120,320,200,0.375,71,201,320,119,0.628125,74,36,320,284,0.1125,242,36,320,284,0.1125,239,15,320,305,0.046875,305,159,320,161,0.496875,107,39,320,281,0.121875,194,219,320,101,0.684375,74,150,320,170,0.46875,143,54,320,266,0.16875,239,24,320,296,0.075,254,144,320,176,0.45,83,117,320,203,0.365625,149,3,320,317,0.009375,302,0
14,train,jump_to_max,2,360.045537,0,34.83307827,35.9098336,35.09319994,34.77187939,36.08905511,36.23886189,33.14387177,34.8088312,34.18077589,33.87814124,37.67780765,33.48151339,33.98367238,33.45885124,35.47824016,32.88163098,33.53262239,36.60902591,36.66188533,33.68703791,34.5613127,33.54058025,34.9870973,32.40894854,35.26663663,31.97487919,38.0223567,36.04428813,36.73222015,34.81281948,33.27885079,33.43075257,33.23603156,34.98127829,33.71433836,33.03421159,34.779974,35.30284175,34.89867738,35.49314826,33.46958242,33.15385892,36.78872828,32.70568452,33.40482536,34.0151902,35.59295385,31.74738687,36.28168629,32.01716707,35.22429999,34.08006533,36.42392467,35.62300159,35.31927167,33.71888345,33.63428187,36.2526635,32.09924189,33.06548259,34.36814856,35.94098766,34.3938034,34.63691505,35.46335017,38.13613351,34.06506848,32.06880963,34.52261811,32.65884672,36.49692498,37.23334184,35.97337907,31.68195024,35.2078997,34.24007379,34.27484981,34.98010763,32.37351471,35.54205475,38.18035329,33.41057738,32.88301562,35.13077413,33.26445983,34.90760456,33.57524538,34.13844567,31.87773801,36.21870148,32.0368322,32.99858239,32.77749916,31.66652371,37.04204267,31.58534124,33.65893735,31.8130491,32.57689308,33.6764298,37.29952382,33.14807862,35.66151557,34.99105332,34.10226048,36.01215974,35.0089475,35.07185687,34.0552342,31.54659674,35.13161527,34.45033229,33.72866976,35.65526226,34.26286588,35.04957948,34.64100842,35.200289,37.13136729,34.1064861,33.38455189,34.1849866,37.30668212,33.6781582,33.03076916,36.6400541,34.58826621,33.84873282,35.25845802,35.23610388,31.44681289,37.36405607,1,0,0,0,1,0,0,0,1,0,0,0,1,0,0,0,1,0,0,0,1,0,0,0,1,0,0,0,1,0,0,0,1,0,0,0,1,0,0,0,1,0,0,0,1,0,0,0,1,0,0,0,1,0,0,0,1,0,0,0,1,0,0,0,1,0,0,0,1,0,0,0,1,0,0,0,1,0,0,0,93,320,227,0.290625,197,138,320,182,0.43125,45,42,320,278,0.13125,197,108,320,212,0.3375,107,24,320,296,0.075,230,72,320,248,0.225,69,147,320,173,0.459375,36,306,320,14,0.95625,3,84,320,236,0.2625,179,39,320,281,0.121875,176,30,320,290,0.09375,266,165,320,155,0.515625,107,72,320,248,0.225,203,228,320,92,0.7125,12,198,320,122,0.61875,18,84,320,236,0.2625,176,33,320,287,0.103125,263,93,320,227,0.290625,33,162,320,158,0.50625,48,15,320,305,0.046875,302,0
14,train,jump_to_max,3,540.0066014,0.002656289,46.90854001,50.09890306,46.9111109,48.16369904,50.70631948,48.46996763,42.25198697,47.97366778,46.76132601,45.63806872,47.86444276,45.03845635,47.5198143,42.17365495,47.1170796,43.83653999,42.21030422,52.38567573,50.41534648,46.02803601,45.44754006,45.94111144,48.16780654,45.33393827,48.16464068,43.64033863,50.49948017,47.18901854,51.57299174,47.30928789,42.84352708,45.23534036,44.41954723,44.57652776,44.5401228,43.48093018,49.39060456,46.81735263,48.65682813,48.18059296,47.80995351,45.23008108,51.74604872,44.02298766,47.74829711,46.53402771,49.64238371,42.92752765,48.92749536,44.80354399,43.56519143,46.60952779,46.85468672,48.74768527,47.3187083,45.07666802,43.53796844,51.03692371,44.53326627,42.35547868,48.51229237,50.48430095,47.35200658,45.84538771,46.74784883,51.81622924,45.68287742,41.72015564,47.27164988,44.48778828,50.08187632,49.11909607,46.19295198,39.39392471,45.95628341,44.25996707,45.91357969,46.91489443,41.89948409,47.44195416,48.69398516,43.7783823,43.9293348,50.4447012,43.82046873,49.72595153,44.86307596,46.69581783,43.85533555,48.21136605,41.82378649,44.94930243,41.97986661,41.91368184,50.79143869,44.76291487,46.84543931,39.49688393,44.03144961,46.52215422,48.61731703,46.42390327,47.89243193,46.89961369,43.53559788,46.82974967,46.47803441,47.11574464,46.36786362,43.52778293,48.14774503,47.79151895,45.11945905,47.22538631,46.97259946,49.63422014,45.6668642,46.87379027,49.51830567,47.76726914,43.17903163,44.96271095,50.0231805,46.04422024,43.74325332,50.82582098,44.89573495,46.57303473,48.49880386,47.04320114,41.67791907,48.94398399,1,0,0,0,1,0,0,0,1,0,0,0,1,0,0,0,1,0,0,0,1,0,0,0,1,0,0,0,1,0,0,0,1,0,0,0,1,0,0,0,1,0,0,0,1,0,0,0,1,0,0,0,1,0,0,0,1,0,0,0,1,0,0,0,1,0,0,0,1,0,0,0,1,0,0,0,1,0,0,0,144,320,176,0.45,125,216,320,104,0.675,12,96,320,224,0.3,119,174,320,146,0.54375,21,57,320,263,0.178125,224,66,320,254,0.20625,68,171,320,149,0.534375,21,318,320,2,0.99375,2,135,320,185,0.421875,122,87,320,233,0.271875,96,54,320,266,0.16875,147,246,320,74,0.76875,20,102,320,218,0.31875,65,309,320,11,0.965625,5,270,320,50,0.84375,20,117,320,203,0.365625,161,60,320,260,0.1875,141,213,320,107,0.665625,12,201,320,119,0.628125,20,18,320,302,0.05625,302,1
14,train,jump_to_max,4,720.0003042,0.02654935,65.12885653,68.08468498,66.54596719,65.26805546,68.66362699,65.6815897,57.91201038,69.23288664,63.57323615,60.62526392,67.47805998,59.8038756,64.55570537,55.14884447,64.32452536,61.03423692,54.6788997,67.39333608,64.22521659,62.79893464,60.5584365,59.42472501,65.94564608,60.94514066,61.45182197,55.34609022,67.31413059,67.53068681,66.13091751,60.67606932,56.71266899,61.71594368,58.70759226,60.31053393,59.54950041,61.85491132,66.80729101,62.36265487,65.1943873,63.22578686,66.5456274,60.11251273,66.47148152,59.22256949,59.86866655,63.79848112,64.70190005,57.88603138,68.06830762,62.94077281,57.97123188,63.4270587,65.5016014,67.32746601,62.83466909,60.94248264,60.25414219,71.40841406,59.45630065,57.9044494,65.84895241,68.08000106,60.06089302,60.15951143,64.96696483,67.13963921,62.84300097,58.45513516,68.89367648,61.04399784,64.21219715,70.42540641,60.55176064,52.82483469,61.98009346,56.46667278,61.24117764,59.67922846,55.36606093,64.50784734,64.34493325,61.47172664,61.4718848,70.74797755,57.73816427,65.83471886,60.02157771,63.29591151,60.89762414,63.48881743,53.05440224,61.45716923,56.82566779,55.14141573,67.88324928,59.2566907,62.66437531,51.36929091,59.02330043,65.21698941,62.78279106,63.79544961,64.87610648,59.22000998,59.70195845,63.25501743,64.11489981,63.1707132,60.39969616,54.30740619,60.89061408,62.60210336,58.94750057,62.66882556,62.00816275,69.29124551,58.30861592,63.60271223,70.33706597,58.89262989,60.71122157,57.66566223,63.0043671,59.18539759,59.06520986,68.83325368,61.30187187,62.47325951,64.56422149,62.61649715,56.9386679,61.18871794,1,0,0,0,1,0,0,0,1,0,0,0,1,0,0,0,0,0,0,9,1,0,0,0,1,0,0,0,1,0,0,0,1,0,0,0,1,0,0,0,1,0,0,0,1,0,0,0,1,0,0,0,0,0,0,9,1,0,0,0,1,0,0,0,1,0,0,0,1,0,0,0,1,0,0,0,1,0,0,0,207,320,113,0.646875,30,249,320,71,0.778125,6,93,320,227,0.290625,125,144,320,176,0.45,39,69,8640,8571,0.007986111,960,153,320,167,0.478125,48,192,320,128,0.6,21,315,320,5,0.984375,5,234,320,86,0.73125,9,99,320,221,0.309375,27,99,320,221,0.309375,42,231,320,89,0.721875,15,138,320,182,0.43125,74,405,8640,8235,0.046875,960,177,320,143,0.553125,18,243,320,77,0.759375,6,78,320,242,0.24375,65,207,320,113,0.646875,24,252,320,68,0.7875,6,42,320,278,0.13125,276,1
14,train,jump_to_max,5,900.0017629,0.041436744,87.73082529,91.46059062,90.28644939,90.89241994,94.70947583,87.75562752,76.84521525,84.36322993,85.12234276,81.54066649,90.81057793,82.68274157,84.3329896,77.13782415,86.50850494,79.01308627,71.86916004,87.39629708,90.2309437,84.099306,79.41036324,81.93974836,82.43921417,79.56864724,85.1183196,73.96691304,86.01194295,88.50302801,87.96761426,88.18695633,77.96947334,88.14575122,81.91298642,82.51497127,82.84425209,86.58854771,90.25206091,87.70137437,91.85457296,87.29492258,94.07276962,80.90070889,91.64693714,81.15587829,79.3144647,86.47262937,92.38966748,82.98001692,91.09046825,83.31110296,73.78557372,90.44473949,89.02187414,92.63003756,79.7915645,81.92619587,84.34083897,94.0154567,81.60472935,79.05028087,86.17411996,91.48248933,84.52273527,76.88952787,83.15388457,86.54808604,86.47241256,77.24639811,92.51562438,83.0064842,86.70554617,102.7371106,82.32912992,70.68128537,83.20794301,75.26607531,80.19204523,79.10938617,76.10911683,91.12766977,88.06337096,83.81752141,83.1640035,95.08059077,75.80468534,91.74505232,87.06096349,83.74270282,79.54266563,86.30894385,69.74530461,77.89474782,72.25910042,75.87037176,87.47315348,81.77962134,87.56429143,66.73477427,84.54412281,93.88422823,83.8696406,86.65267634,85.59223751,78.59806294,79.88211817,82.82321739,88.00861509,85.31014578,80.59664995,70.37012927,82.85945075,84.06929275,80.34607677,85.16016398,90.10272655,88.74260713,79.61634821,89.3570171,97.32510439,79.96793942,81.29383937,79.49884962,86.3808579,76.68739763,82.03469875,91.68177669,82.98895734,81.84464977,84.4726163,84.51031177,72.19610207,81.08507462,1,0,0,0,1,0,0,0,1,0,0,0,1,0,0,0,0,0,0,9,1,0,0,0,1,0,0,0,1,0,0,0,1,0,0,0,1,0,0,0,1,0,0,0,1,0,0,0,1,0,0,0,0,0,0,9,1,0,0,0,1,0,0,0,1,0,0,0,1,0,0,0,1,0,0,0,1,0,0,0,249,320,71,0.778125,27,273,320,47,0.853125,3,150,320,170,0.46875,27,198,320,122,0.61875,24,96,8640,8544,0.011111111,960,150,320,170,0.46875,41,276,320,44,0.8625,6,309,320,11,0.965625,3,276,320,44,0.8625,6,147,320,173,0.459375,15,186,320,134,0.58125,15,312,320,8,0.975,3,255,320,65,0.796875,8,459,8640,8181,0.053125,960,216,320,104,0.675,18,270,320,50,0.84375,6,141,320,179,0.440625,75,258,320,62,0.80625,9,282,320,38,0.88125,6,51,320,269,0.159375,260,1
14,train,jump_to_max,6,1080.018598,0.082902722,121.3709586,120.7518543,120.9687827,125.2219551,125.780311,111.0569806,103.5558591,113.2490999,113.0891482,114.8893056,121.0462858,110.7034633,108.416448,105.4473661,120.800525,101.7596065,92.6734813,120.2501597,121.1489225,115.5005375,110.9837007,104.5947183,119.0869736,109.9720947,111.1038713,100.2578241,112.4884601,122.7074391,118.0003776,113.6814571,100.6606755,117.2103488,111.1826222,119.0883269,117.1426311,120.7818858,117.8749315,111.8595421,124.6308962,113.5813769,122.9091313,113.455952,123.2676498,114.3519911,102.7641559,116.6278026,130.4081318,112.7295647,122.8264383,118.1148387,103.9296578,122.6577068,119.0876567,126.1055347,101.2632477,107.8814028,111.7779034,128.9640472,107.0283701,109.1225347,115.9076818,121.175938,113.7023954,103.1106543,108.49497,117.456997,112.4748618,104.8957949,122.3673715,105.4630258,119.7724782,130.3525268,111.9187967,94.93341343,112.9937936,102.9184298,107.0626406,108.7995303,106.210389,118.4989888,114.5089044,111.8114437,119.1180354,118.024431,97.68384368,120.9082508,118.7500699,108.1701094,99.35352452,117.0790738,88.43498966,108.6832419,88.15125839,105.8120578,117.6731049,110.1969704,108.6779361,89.63678695,115.0397825,123.4741806,109.8166255,116.3232613,107.4931269,100.1115021,105.8575911,110.5933148,116.7138099,112.0375584,101.9702907,95.42327677,120.3512895,109.7983369,110.5055127,113.6067616,117.6289783,117.5418998,108.3555871,121.3561058,134.1385606,104.7556868,105.1533047,109.042481,119.5600489,103.9920658,111.9719051,119.5378121,116.8585622,108.028855,110.423303,120.0601789,102.9122565,112.67139,1,0,0,0,1,0,0,0,1,0,0,0,1,0,0,0,0,0,0,9,1,0,0,0,1,0,0,0,1,0,0,0,1,0,0,0,1,0,0,0,1,0,0,0,1,0,0,0,1,0,0,0,0,0,0,9,1,0,0,0,1,0,0,0,1,0,0,0,1,0,0,0,1,0,0,0,1,0,0,0,315,320,5,0.984375,3,252,320,68,0.7875,6,180,320,140,0.5625,18,234,320,86,0.73125,6,108,8640,8532,0.0125,960,195,320,125,0.609375,15,291,320,29,0.909375,6,315,320,5,0.984375,3,261,320,59,0.815625,9,267,320,53,0.834375,9,198,320,122,0.61875,18,306,320,14,0.95625,5,288,320,32,0.9,6,522,8640,8118,0.060416667,960,249,320,71,0.778125,15,270,320,50,0.84375,6,153,320,167,0.478125,29,303,320,17,0.946875,3,303,320,17,0.946875,6,78,320,242,0.24375,81,1
15,test,jump_to_max,1,180.0030695,0,24.53421225,24.62381296,26.16459224,25.92038532,25.35583681,25.0045915,25.29888448,27.07164905,26.49775994,25.16671168,25.42380087,26.32054272,24.64031152,26.69619137,25.11050947,27.02262726,26.67012785,26.5300586,25.96989899,26.54668014,25.17382395,25.39122044,27.3434812,25.89677808,24.9457232,25.18513647,25.26798778,25.31288632,26.40499357,25.09426653,25.44232865,26.85109633,25.824383,26.64453187,25.35241252,25.77822275,26.53160693,27.60641564,25.14107867,25.85888754,26.29478553,24.79241087,26.76775272,26.00442834,26.85202201,25.04118378,24.8308974,25.47457704,24.13535637,25.14520908,26.32794173,24.34057964,26.94438686,24.51950257,25.43302178,25.22919417,25.06368459,24.55198504,25.59549293,24.90926488,25.95315941,26.9603125,25.71077747,25.98423974,26.76150966,26.29668325,25.25635776,24.98992523,24.59114123,25.27219687,25.17503723,25.98577438,25.43758999,24.98192733,24.17525084,24.6977502,23.46062686,24.23273715,25.74229437,26.33171,25.29394825,26.0348897,26.04686311,25.77602621,25.9603278,26.36905944,26.41737198,24.65939981,26.03347008,24.34244902,25.14599005,25.60176186,25.61594958,26.25415297,24.73703761,25.50050724,27.00820175,24.7012657,24.82304361,25.41085891,25.79023532,24.81385251,24.89911584,25.34551176,25.55972029,25.18095841,25.20474028,23.47966505,26.6281874,26.0990251,24.68485086,24.52405623,25.66900235,25.81503501,27.02892041,25.56901927,25.09667478,25.48205233,27.38460465,26.70759673,25.91148329,25.81038951,25.40460023,24.27901523,27.76079603,25.72809848,26.09918089,25.79323401,25.85364809,25.50838676,23.94664368,26.04456334,1,0,0,0,1,0,0,0,1,0,0,0,1,0,0,0,1,0,0,0,1,0,0,0,1,0,0,0,1,0,0,0,1,0,0,0,1,0,0,0,1,0,0,0,1,0,0,0,1,0,0,0,1,0,0,0,1,0,0,0,1,0,0,0,1,0,0,0,1,0,0,0,1,0,0,0,1,0,0,0,90,320,230,0.28125,212,132,320,188,0.4125,32,27,320,293,0.084375,260,90,320,230,0.28125,140,27,320,293,0.084375,281,66,320,254,0.20625,95,87,320,233,0.271875,119,279,320,41,0.871875,23,51,320,269,0.159375,248,33,320,287,0.103125,260,15,320,305,0.046875,251,111,320,209,0.346875,140,51,320,269,0.159375,191,216,320,104,0.675,26,162,320,158,0.50625,27,33,320,287,0.103125,260,33,320,287,0.103125,254,129,320,191,0.403125,26,138,320,182,0.43125,59,6,320,314,0.01875,302,0
15,test,jump_to_max,2,360.0041739,0.000117055,33.32607384,33.63418481,35.31498612,35.52678047,33.36436282,35.55576818,34.32684256,36.88707075,35.5492763,32.24711168,34.5027337,37.89610896,33.81021985,36.83791226,33.40080682,36.67948266,37.03526981,34.97001863,34.08230562,34.46203929,34.03535759,34.38006992,35.76128812,34.11351717,36.96454685,35.52442293,32.76029266,35.27210646,32.65628453,33.65555233,32.26070511,33.46133067,36.36509813,37.37895109,33.25779153,35.60814944,35.89043634,36.36231284,34.41719641,34.09455466,37.37501131,32.68535988,36.91526124,33.54654943,37.38007539,33.436098,32.45857333,35.63264669,33.18587587,33.72367497,36.11101128,31.48164803,37.17252106,30.12462078,37.89957395,32.57871592,35.01347854,34.89746997,35.3496019,35.20328029,36.44987612,34.48351309,36.48929473,37.22692802,36.97497646,32.787737,36.33355185,33.72068486,32.68767931,32.64116919,33.25667651,35.20736401,35.82837177,34.70959474,31.97663604,32.88122791,31.79742677,33.14958421,35.07946101,36.66468915,33.28523177,34.87241021,34.55100613,34.66926175,37.50707248,33.93640789,37.01930328,33.61391513,34.33961835,32.28759285,31.91222732,35.60629276,36.26869257,35.60385908,33.7334188,34.2795308,34.92319337,32.55749644,35.10960609,34.39119509,34.54286841,32.60253872,33.27765721,33.01586087,33.1317629,32.98293754,33.18995494,32.15132582,35.55576437,35.57143266,33.16483344,34.60779551,33.59318665,33.99017888,36.59291659,34.52461576,34.72947346,36.56908461,36.87523123,35.20314271,33.1274216,32.80736489,33.24094641,31.33386211,36.825568,34.40924365,33.89474218,34.07207424,33.8370937,35.09971295,32.03902523,33.69355154,1,0,0,0,1,0,0,0,1,0,0,0,1,0,0,0,1,0,0,0,1,0,0,0,1,0,0,0,1,0,0,0,1,0,0,0,1,0,0,0,1,0,0,0,1,0,0,0,1,0,0,0,1,0,0,0,1,0,0,0,1,0,0,0,1,0,0,0,1,0,0,0,1,0,0,0,1,0,0,0,96,320,224,0.3,212,153,320,167,0.478125,24,48,320,272,0.15,200,123,320,197,0.384375,131,27,320,293,0.084375,266,87,320,233,0.271875,86,138,320,182,0.43125,42,297,320,23,0.928125,6,78,320,242,0.24375,206,42,320,278,0.13125,236,39,320,281,0.121875,230,159,320,161,0.496875,131,48,320,272,0.15,221,228,320,92,0.7125,18,177,320,143,0.553125,30,81,320,239,0.253125,188,51,320,269,0.159375,185,162,320,158,0.50625,18,162,320,158,0.50625,45,9,320,311,0.028125,302,0
15,test,jump_to_max,3,540.0110435,0.003958032,44.37626692,45.76722514,48.74118378,48.53303005,42.44583071,48.16233409,44.23029488,50.59897711,48.68444405,43.46290485,49.03530518,52.84550946,46.55760227,50.97171253,46.08156323,47.5203545,50.2191441,48.77367783,46.59014567,45.51154376,43.91732429,44.85048502,47.67989439,48.31073813,52.75249321,47.33883387,45.53872969,46.80521485,43.6232707,47.51904362,43.502898,44.88395405,48.54780192,54.0976915,45.61452124,49.14628194,48.65892776,49.01740919,47.58337508,44.15860421,52.42070098,46.10810887,50.69069895,44.07040251,48.82887379,46.56907136,38.90778618,47.4474076,46.78661891,47.81631986,47.4591545,42.51353139,48.17209726,38.01309687,49.36871684,47.10650503,45.86586673,46.24768918,47.48435323,45.43845089,49.87312292,49.95993549,50.11514237,51.90467047,50.15647267,43.29018748,50.71819971,45.54290438,46.99811662,45.96654713,42.9197005,48.62190656,46.09902444,48.38689214,40.82430627,45.04044379,41.80985992,44.63387541,46.18996607,48.0789381,44.12118487,47.44735131,45.46738285,46.05341603,46.39972618,42.78483596,51.38668006,44.23739177,45.74919976,40.584133,41.96759758,52.69950687,48.45962435,47.83967924,45.0230679,42.63862576,46.3951002,43.82155233,45.34274117,47.47335471,46.44400489,42.18125768,44.44136613,46.20461471,41.66875766,43.31658959,44.03406595,46.62709381,50.71026499,48.04924507,44.46532672,46.28182536,43.18678107,46.58882002,50.72766667,46.81697459,46.23058981,51.25137449,48.52116941,49.33054552,46.22484656,46.07455068,42.06009149,42.26881219,49.02279909,46.10482223,46.36161494,46.50901888,44.95144061,48.45071432,42.89792306,43.21764768,1,0,0,0,1,0,0,0,1,0,0,0,1,0,0,0,1,0,0,0,1,0,0,0,1,0,0,0,1,0,0,0,1,0,0,0,1,0,0,0,1,0,0,0,1,0,0,0,1,0,0,0,1,0,0,0,1,0,0,0,1,0,0,0,1,0,0,0,1,0,0,0,1,0,0,0,1,0,0,0,153,320,167,0.478125,158,162,320,158,0.50625,30,72,320,248,0.225,134,174,320,146,0.54375,24,39,320,281,0.121875,197,96,320,224,0.3,84,153,320,167,0.478125,27,285,320,35,0.890625,6,102,320,218,0.31875,158,78,320,242,0.24375,51,42,320,278,0.13125,161,249,320,71,0.778125,11,108,320,212,0.3375,74,306,320,14,0.95625,6,252,320,68,0.7875,14,81,320,239,0.253125,122,72,320,248,0.225,95,165,320,155,0.515625,12,201,320,119,0.628125,26,21,320,299,0.065625,299,1
15,test,jump_to_max,4,720.0381426,0.025072773,60.19647049,62.13890998,67.40411926,65.53344979,58.32519905,64.71180129,57.59217573,66.14608498,62.08574573,60.89945289,68.87606964,69.32325834,65.27822853,68.61235967,63.09107476,60.55799488,69.72650192,64.13850395,63.38415564,62.7059639,61.95996049,60.79813702,64.76841464,63.98702087,70.02749138,66.13140232,62.26362779,60.99334257,61.28579295,63.43218712,56.07811713,60.85456021,67.22661331,73.22043438,61.73556798,66.56878291,63.32137565,64.47333433,60.7994219,62.10924451,67.85140196,62.36391687,67.79303379,62.05257111,67.28365191,63.8901531,51.0101129,59.1646937,59.50226293,62.62670954,61.61674107,57.83513877,65.66781126,49.73327676,64.9447025,65.71902215,61.55017676,63.96550485,62.28646641,65.86567693,67.70092099,70.74690514,66.70940179,68.19560736,68.5500262,61.58575439,65.37259433,58.94186744,64.66588821,59.21957228,57.65853442,63.02892242,63.81078649,62.35922981,55.9677062,62.38159082,54.94883587,61.50056587,62.93555766,66.79104882,57.79693024,62.13392707,62.22904885,63.75418574,61.78663531,55.82034447,69.69550879,60.14457165,58.48054848,51.68829297,57.0067047,65.74158784,61.48568704,62.49993459,61.78654955,55.91159669,63.21731224,58.65274995,64.14108171,63.40529857,59.03813814,55.78534237,63.91958274,63.21097317,58.24714028,56.86742297,59.2340533,62.43074686,69.73776379,63.54833844,58.42907688,62.2594915,59.82367623,61.75755111,66.8527669,60.36505585,63.20354308,69.37669396,64.2356995,67.0392815,64.91896985,59.63042693,57.7955252,57.79588047,69.49755573,64.26827274,62.91127523,62.27410084,60.69736344,63.45396275,56.70441919,56.30771151,1,0,0,0,1,0,0,0,1,0,0,0,1,0,0,0,0,0,0,9,1,0,0,0,1,0,0,0,1,0,0,0,1,0,0,0,1,0,0,0,1,0,0,0,1,0,0,0,1,0,0,0,0,0,0,9,1,0,0,0,1,0,0,0,1,0,0,0,1,0,0,0,1,0,0,0,1,0,0,0,183,320,137,0.571875,68,216,320,104,0.675,18,102,320,218,0.31875,134,192,320,128,0.6,21,66,8640,8574,0.007638889,960,138,320,182,0.43125,45,183,320,137,0.571875,27,291,320,29,0.909375,6,216,320,104,0.675,53,66,320,254,0.20625,143,99,320,221,0.309375,36,312,320,8,0.975,3,135,320,185,0.421875,54,372,8640,8268,0.043055556,960,258,320,62,0.80625,6,195,320,125,0.609375,53,69,320,251,0.215625,194,195,320,125,0.609375,9,258,320,62,0.80625,9,21,320,299,0.065625,293,1
15,test,jump_to_max,5,900.0014496,0.043337744,81.03889234,88.6873467,88.0518975,82.26482344,75.35058654,87.0968196,84.24331347,91.83669037,80.10592939,79.42410041,96.17363612,92.29639058,86.58804671,93.72606917,83.99696457,83.61198285,97.48636777,93.83855649,86.04379719,87.28315557,87.54475111,83.11780003,85.00750839,87.34058375,91.73673143,91.84960778,82.67077888,78.60474622,85.30095167,89.18359304,72.5540402,78.91327671,90.2184426,100.1878974,82.74343939,84.68773796,80.27705654,85.07341269,85.56749402,83.41585996,90.07913269,87.07562931,91.66342341,89.36052807,91.54920118,85.48832728,68.30630587,76.12070293,83.58656349,84.63537533,83.59614938,79.45203891,88.06254864,65.94563684,93.76157017,88.50726265,83.04980403,87.27580835,77.89452954,91.89979028,88.8463175,96.76807955,89.57529446,93.45108423,92.05691996,80.68986439,86.88061019,78.56421086,91.00039994,77.73856873,76.12193843,85.58567704,87.09794772,82.98004007,74.8166168,79.85450015,73.41284155,80.77857995,84.28380064,91.18029018,77.67555396,86.00966568,86.73673169,89.01692558,83.77362049,75.54414311,96.84945272,75.80635907,77.67827791,75.00109194,74.7983555,93.15773949,83.890602,83.42077393,89.17881884,72.97985632,88.01092247,75.88106254,89.57281162,86.54655516,79.0631564,74.88480842,87.44837019,89.28569317,77.82794981,77.86981185,75.49128945,87.6484081,85.83098392,84.69748106,79.82700756,82.49436984,79.06459036,88.9100553,88.02936624,84.42581815,81.26127031,92.02982977,83.62619714,89.89062964,86.70276927,80.19792452,75.85949868,80.80258489,91.02230748,86.20266438,85.14580342,84.41291141,80.44031327,84.25661792,72.82612442,71.50162927,1,0,0,0,1,0,0,0,1,0,0,0,1,0,0,0,0,0,0,9,1,0,0,0,1,0,0,0,1,0,0,0,1,0,0,0,1,0,0,0,1,0,0,0,1,0,0,0,1,0,0,0,0,0,0,9,1,0,0,0,1,0,0,0,1,0,0,0,1,0,0,0,1,0,0,0,1,0,0,0,270,320,50,0.84375,6,252,320,68,0.7875,6,159,320,161,0.496875,15,219,320,101,0.684375,12,102,8640,8538,0.011805556,960,174,320,146,0.54375,15,267,320,53,0.834375,15,315,320,5,0.984375,3,288,320,32,0.9,6,228,320,92,0.7125,15,198,320,122,0.61875,24,312,320,8,0.975,3,228,320,92,0.7125,6,513,8640,8127,0.059375,960,237,320,83,0.740625,12,264,320,56,0.825,6,108,320,212,0.3375,39,231,320,89,0.721875,6,297,320,23,0.928125,3,45,320,275,0.140625,96,1
15,test,jump_to_max,6,1080.003394,0.081391092,106.3158995,118.6196674,113.563544,106.557534,100.6708622,117.9094927,111.8600878,123.0528623,110.6591912,104.2940534,134.0510796,119.5899407,111.3781216,127.733378,114.1676794,115.8110552,129.9735632,123.4900008,119.4551938,114.406209,116.0688447,111.8705965,112.5899626,115.1499069,125.5983821,125.1235918,108.622504,101.021591,116.215685,119.598268,93.29721203,103.5070739,117.4097288,133.2491722,111.3902362,115.4759372,101.1853625,117.1617739,113.0665734,104.5805794,127.9663028,121.2197821,133.2909054,123.800971,121.8528806,115.8397188,91.10473752,99.36852462,107.0784493,106.7538324,113.9945512,107.8864926,120.9781491,91.50440055,128.7154616,124.4633901,103.1877085,117.3735576,106.5582867,128.2271261,127.7669332,127.0739855,115.5552565,123.2855363,121.0016885,106.0863294,111.6298523,104.8313083,116.2313133,103.7395941,105.8203351,114.3505904,117.2823821,111.4267451,100.3638682,108.9392594,100.8273564,114.6462683,116.6299984,120.7960578,109.0767087,121.1390576,115.3197569,119.9851328,114.5733691,100.5310202,130.7768006,94.12909562,103.9148126,104.4415755,98.32634643,126.3450261,113.7464682,113.6461094,122.7660807,99.49677318,117.6263596,96.78756567,112.1577608,122.668358,106.1793471,102.5484454,117.2841913,116.007625,104.5139188,101.0980822,103.8393694,120.4626911,122.7405185,114.6647257,114.2825176,115.0758254,105.5564424,119.5859425,120.9108511,108.1626399,113.0042037,124.430411,113.8376348,129.1553801,124.2305339,105.0206138,96.82200199,101.0474951,125.9685246,115.2251277,113.2029499,114.4402502,105.3364587,111.0127735,98.31043153,94.49807316,1,0,0,0,1,0,0,0,1,0,0,0,1,0,0,0,0,0,0,9,1,0,0,0,1,0,0,0,1,0,0,0,1,0,0,0,1,0,0,0,1,0,0,0,1,0,0,0,1,0,0,0,0,0,0,9,1,0,0,0,1,0,0,0,1,0,0,0,1,0,0,0,1,0,0,0,1,0,0,0,285,320,35,0.890625,15,267,320,53,0.834375,9,162,320,158,0.50625,15,174,320,146,0.54375,15,147,8640,8493,0.017013889,960,210,320,110,0.65625,12,312,320,8,0.975,3,309,320,11,0.965625,3,273,320,47,0.853125,6,219,320,101,0.684375,21,201,320,119,0.628125,12,318,320,2,0.99375,2,273,320,47,0.853125,14,522,8640,8118,0.060416667,960,225,320,95,0.703125,12,282,320,38,0.88125,9,147,320,173,0.459375,53,303,320,17,0.946875,6,270,320,50,0.84375,9,48,320,272,0.15,107,1
16,test,jump_to_max,1,180.0340853,0,24.46273804,25.96576639,26.80744018,25.26192307,24.40296203,25.95747859,25.37275566,25.27395657,25.9894319,25.94593509,25.0170896,25.49472681,26.6357166,25.29712445,25.41192759,26.29535214,26.4162307,24.3308551,26.49376485,25.85128834,24.44165805,26.01758029,25.91359087,25.45224973,25.81313788,25.30793171,25.84091853,24.86169425,26.46318593,25.19198293,24.94796192,25.01230327,26.0470018,25.10991747,24.9174389,25.83176321,25.02761053,24.28062526,26.91510034,24.71001016,24.99118388,24.69365025,25.71861623,24.323293,26.55934418,25.48650539,23.99486362,24.66576187,25.60976268,24.91843128,25.0093239,27.0945023,25.29420052,26.9876531,25.69984766,24.92719218,23.74797928,25.34939108,24.3152594,25.84055266,26.22391478,25.43734638,24.39638166,26.66009817,25.89642103,24.79626139,26.49743612,25.49954437,25.30895831,27.49706722,26.21502433,26.09193612,26.24759651,24.18603318,26.43030251,25.02244718,26.2064219,25.90581404,25.09592425,26.30115098,26.28988884,25.53787291,24.73275016,25.68860234,26.54346641,25.61596727,25.3634943,26.16174199,25.79625476,25.54052407,25.86318339,26.88012145,25.18592886,24.93929879,25.51537927,25.27183496,24.50399335,26.25885205,26.24852694,25.96279567,27.20719337,24.56513453,26.10542826,25.7508372,25.4499138,24.94824419,25.32073107,26.26884643,26.19537301,26.86407655,25.46185493,25.61693277,25.72136033,26.61285665,26.38618241,25.03337015,25.90001199,26.68526196,25.27524529,26.04492404,25.08700683,25.20338386,25.02769963,26.95291781,25.3116565,25.53965518,24.44766051,24.7604491,25.73239992,25.22963745,25.93060877,25.78696787,1,0,0,0,1,0,0,0,1,0,0,0,1,0,0,0,1,0,0,0,1,0,0,0,1,0,0,0,1,0,0,0,1,0,0,0,1,0,0,0,1,0,0,0,1,0,0,0,1,0,0,0,1,0,0,0,1,0,0,0,1,0,0,0,1,0,0,0,1,0,0,0,1,0,0,0,1,0,0,0,105,320,215,0.328125,203,111,320,209,0.346875,107,24,320,296,0.075,257,96,320,224,0.3,128,24,320,296,0.075,227,45,320,275,0.140625,120,111,320,209,0.346875,98,222,320,98,0.69375,95,39,320,281,0.121875,260,27,320,293,0.084375,254,15,320,305,0.046875,293,90,320,230,0.28125,128,51,320,269,0.159375,128,192,320,128,0.6,95,108,320,212,0.3375,101,54,320,266,0.16875,251,36,320,284,0.1125,269,135,320,185,0.421875,95,93,320,227,0.290625,167,21,320,299,0.065625,299,0
16,test,jump_to_max,2,360.0095518,0,32.33955195,33.55538047,35.16320783,35.20115921,33.3618515,37.33950401,33.86523509,32.40060302,34.31068446,34.39684193,32.70322288,35.51258728,34.77022455,34.02885796,35.31701197,34.81913925,36.57238623,32.51307548,39.38952412,33.72016953,31.52563316,35.88440657,34.18620798,35.00268288,35.87244816,32.97199626,35.7247998,32.613373,34.12579944,33.04142223,32.41927628,32.36185856,34.60133681,31.99112864,33.86982956,34.07797981,33.60436317,32.32837849,37.44435076,34.02353957,33.7648561,32.00978209,35.86174871,33.32489606,38.2233445,35.07809144,32.95035614,33.74644594,33.30042517,35.3449222,34.7175085,40.14460501,34.45301427,34.3552761,33.55929873,31.82216917,30.52276042,34.60942148,32.47545482,32.74666751,36.30027074,33.94743235,32.49771662,34.74931247,34.18290726,32.41270792,35.90562937,34.70174201,32.75319267,36.90460294,33.19153918,35.29489707,33.56979533,33.8684202,37.52974526,33.51885367,35.42128369,34.15561041,34.66060611,34.15012677,35.16645313,34.04675521,34.6803442,34.98118413,36.39050103,34.92072522,36.61681836,35.13098053,35.95257716,35.24840446,36.43950085,35.91073311,35.04860704,33.48108983,35.7097379,38.73902095,31.94960214,34.13019817,38.31228636,33.12519361,37.20420868,31.22949987,34.90370656,35.9108386,34.14394601,33.15305934,34.10669432,34.31709877,35.2810407,36.93154097,34.33500433,33.42674861,33.91090477,37.36138241,35.15670539,33.59831088,35.55385469,35.80851807,34.63523975,35.37464527,35.28174961,32.75229374,34.10988049,36.71180824,33.57519441,35.25794157,32.02788639,32.58125328,36.00188678,33.00730219,35.93804378,35.39862069,1,0,0,0,1,0,0,0,1,0,0,0,1,0,0,0,1,0,0,0,1,0,0,0,1,0,0,0,1,0,0,0,1,0,0,0,1,0,0,0,1,0,0,0,1,0,0,0,1,0,0,0,1,0,0,0,1,0,0,0,1,0,0,0,1,0,0,0,1,0,0,0,1,0,0,0,1,0,0,0,138,320,182,0.43125,170,147,320,173,0.459375,45,51,320,269,0.159375,185,138,320,182,0.43125,119,30,320,290,0.09375,197,87,320,233,0.271875,81,168,320,152,0.525,35,270,320,50,0.84375,8,72,320,248,0.225,167,57,320,263,0.178125,248,33,320,287,0.103125,197,171,320,149,0.534375,119,72,320,248,0.225,125,261,320,59,0.815625,27,168,320,152,0.525,33,63,320,257,0.196875,236,57,320,263,0.178125,224,168,320,152,0.525,54,132,320,188,0.4125,38,18,320,302,0.05625,296,0
16,test,jump_to_max,3,540.00609,0.003574116,42.82847742,45.11143593,47.4638562,48.97296388,46.25603188,49.51643314,44.13238672,43.70164845,50.15971505,47.11587621,45.0513494,45.6952063,43.08149283,45.36414438,51.98163173,46.11034084,49.21838057,44.4849392,53.11382909,44.33570993,42.16892017,45.64164508,45.52511988,49.32472758,47.22372841,42.6389589,49.22351016,42.69171103,46.745954,45.6023276,44.78785641,43.87234429,48.22191995,40.35147662,44.85647392,46.02257474,43.94529363,42.03352062,48.18820007,46.03375863,46.54179812,44.13775212,49.89147015,43.2515992,54.22966281,46.21358488,44.95544113,45.9397872,45.46586032,46.92801011,47.94367133,56.45688941,48.74193413,50.06877465,45.09913454,43.84895344,41.81815411,49.63696607,45.3324982,42.98148933,49.28254691,44.8812455,45.98353304,45.68157017,46.54875862,42.08602615,46.19521566,47.73501714,43.30558994,49.88406434,44.14789397,50.85748525,42.38737614,44.95080081,50.51669761,44.4309233,45.54015676,47.12980053,48.77026196,46.17303523,48.67216557,45.05675176,50.59040139,47.09549541,46.25763925,45.58218791,53.42277559,49.51647722,48.82115124,46.08809,48.8069646,50.58103879,50.78450037,44.5227929,47.12556049,51.10895478,45.28480818,46.77495182,52.39970386,46.52267071,48.61169887,41.04796139,47.28149293,48.4609972,47.20848889,44.09587831,47.32658684,45.5752573,48.20181231,52.69806228,45.90813653,46.05147194,45.89046323,47.95608069,47.9877725,44.46522389,45.94305673,49.63015497,46.27964692,45.67321463,49.73302149,45.46464879,45.47151278,49.77909619,43.89154189,45.08075168,47.04383973,44.74540297,49.06528078,45.69699219,46.66894053,47.10971588,1,0,0,0,1,0,0,0,1,0,0,0,1,0,0,0,1,0,0,0,1,0,0,0,1,0,0,0,1,0,0,0,1,0,0,0,1,0,0,0,1,0,0,0,1,0,0,0,1,0,0,0,1,0,0,0,1,0,0,0,1,0,0,0,1,0,0,0,1,0,0,0,1,0,0,0,1,0,0,0,153,320,167,0.478125,72,162,320,158,0.50625,30,54,320,266,0.16875,197,156,320,164,0.4875,23,42,320,278,0.13125,170,108,320,212,0.3375,33,198,320,122,0.61875,21,276,320,44,0.8625,3,138,320,182,0.43125,68,78,320,242,0.24375,152,66,320,254,0.20625,84,234,320,86,0.73125,23,120,320,200,0.375,101,279,320,41,0.871875,12,276,320,44,0.8625,8,120,320,200,0.375,119,60,320,260,0.1875,156,210,320,110,0.65625,18,237,320,83,0.740625,11,42,320,278,0.13125,278,1
16,test,jump_to_max,4,720.0203154,0.024148821,56.40961002,63.52844941,60.01037136,65.26729204,63.94954959,63.26129762,61.65378629,60.69047925,67.18402837,62.66651354,62.53705616,60.74493614,57.46989913,62.40256054,70.60153982,63.20889218,63.09266905,60.89930101,73.61919146,60.83385626,54.49443213,59.76437981,58.74548816,68.69706759,61.43445227,56.68549502,68.71750308,60.64581753,63.49808788,62.87782573,58.48583825,59.40731747,64.92859486,54.53981196,59.94912943,60.3544981,60.61139071,58.28515302,65.77116196,62.22018108,65.36604717,59.18876715,66.79884351,59.40074463,72.40676131,62.3386576,60.22519908,58.59831696,59.65122847,66.4657463,65.56586496,74.69161455,64.90588175,65.64114422,62.30233366,59.02814124,56.92224541,67.16422298,57.42618211,58.52907394,68.32746528,60.76215354,63.21188622,60.81266854,58.68110019,53.24050011,58.67064204,65.08135573,54.12690857,64.05101118,60.64854895,69.81716383,55.08512239,59.18340701,70.89658308,59.5235879,59.55404965,62.35174408,67.89560863,62.88834559,66.43919165,63.69509793,66.50111186,60.84914358,64.03647339,64.74467524,70.77053552,62.04586273,67.03011684,60.7501752,67.11010451,64.42034883,68.17840746,57.60254521,57.84992812,67.88558568,62.77988237,63.7068505,69.17628026,63.62948534,68.31772669,52.67847475,64.00168139,67.14822236,66.31230622,57.0130001,66.62975987,62.89074454,69.06228786,74.25239498,63.01566084,64.70880701,57.95656254,67.40509315,67.98581433,60.39096308,63.1606584,67.22137281,64.33100214,63.49705724,64.2201159,56.83909135,59.0489585,65.47563257,56.71336643,61.66186704,64.30667875,60.56185059,62.08627078,57.24340241,58.61976403,62.21822652,1,0,0,0,1,0,0,0,1,0,0,0,1,0,0,0,0,0,0,9,1,0,0,0,1,0,0,0,1,0,0,0,1,0,0,0,1,0,0,0,1,0,0,0,1,0,0,0,1,0,0,0,0,0,0,9,1,0,0,0,1,0,0,0,1,0,0,0,1,0,0,0,1,0,0,0,1,0,0,0,189,320,131,0.590625,33,249,320,71,0.778125,9,99,320,221,0.309375,122,207,320,113,0.646875,15,54,8640,8586,0.00625,960,132,320,188,0.4125,69,198,320,122,0.61875,15,315,320,5,0.984375,3,270,320,50,0.84375,11,105,320,215,0.328125,110,123,320,197,0.384375,24,279,320,41,0.871875,9,132,320,188,0.4125,38,411,8640,8229,0.047569444,960,207,320,113,0.646875,15,222,320,98,0.69375,11,81,320,239,0.253125,146,258,320,62,0.80625,6,267,320,53,0.834375,6,39,320,281,0.121875,222,1
16,test,jump_to_max,5,900.0411984,0.042724646,80.53355371,86.80589947,77.42921782,91.20360765,84.40058465,82.54261015,81.45403195,86.50018435,90.28320323,83.77069417,87.36520951,79.39563604,79.50268659,85.31557367,92.42671059,84.99279734,86.68755885,84.4369016,94.07022698,83.07973856,69.07210858,80.62226549,77.85703245,91.5021699,84.26976508,74.69203883,91.35011661,84.90776393,82.62578607,79.59888361,78.12756655,77.13686917,86.62674482,75.56723384,82.4497469,78.809981,82.06380498,77.45208543,88.57731908,83.01630605,88.84105072,79.31742843,88.97187307,78.64130332,95.71463168,84.21595188,79.4253955,77.09293919,74.05257165,90.70860794,87.531437,97.55665448,86.33450502,87.87451939,85.43879421,79.53783192,76.85349339,94.71488455,77.51031435,77.1584723,93.06076759,85.73104716,86.18392166,79.49998078,79.23847589,71.38247984,75.11176525,87.30428823,78.24992129,88.24689508,83.94501352,93.25306368,72.552254,81.88781966,96.88357844,80.90968025,80.46992896,84.73111106,95.31846728,82.99580493,93.59007477,85.96437476,88.70766346,77.54037885,85.72894575,88.02342567,101.3355501,84.84902643,88.16004448,85.08718903,88.76794904,92.23092745,90.19956005,75.33398923,76.51590478,85.54379018,86.2804284,87.67465849,93.21297011,84.13181012,94.09740574,69.7238386,85.88060531,86.93791483,93.61588829,70.88055436,91.26067023,82.75817848,98.11506031,100.8634543,86.18343347,86.35070875,80.78618821,90.76871766,94.22852228,84.23735528,84.70810816,93.12964095,79.21255427,80.92425291,87.35958915,73.76150031,82.16237151,87.82477248,78.44682156,79.09563063,81.53374688,79.61319853,79.67151801,74.71838296,74.20772465,86.00739444,1,0,0,0,1,0,0,0,1,0,0,0,1,0,0,0,0,0,0,9,1,0,0,0,1,0,0,0,1,0,0,0,1,0,0,0,1,0,0,0,1,0,0,0,1,0,0,0,1,0,0,0,0,0,0,9,1,0,0,0,1,0,0,0,1,0,0,0,1,0,0,0,1,0,0,0,1,0,0,0,255,320,65,0.796875,9,264,320,56,0.825,6,180,320,140,0.5625,18,213,320,107,0.665625,9,90,8640,8550,0.010416667,960,153,320,167,0.478125,51,246,320,74,0.76875,9,306,320,14,0.95625,3,282,320,38,0.88125,6,198,320,122,0.61875,12,195,320,125,0.609375,21,312,320,8,0.975,3,189,320,131,0.590625,15,513,8640,8127,0.059375,960,204,320,116,0.6375,9,234,320,86,0.73125,12,129,320,191,0.403125,104,285,320,35,0.890625,6,288,320,32,0.9,6,51,320,269,0.159375,207,1
16,test,jump_to_max,6,1080.003663,0.082181768,106.269846,116.2794264,104.2112671,121.6581206,117.7013374,111.7857535,107.7612405,119.0414061,125.5337205,124.5511579,116.1755327,101.54176,108.6442289,118.4297683,124.554218,114.4091751,110.9033336,109.7939402,130.4369957,108.4633926,85.75427721,102.4098274,102.7968091,127.5164033,111.9430839,108.1159027,125.9641852,115.8457614,116.7781132,110.0004278,101.8600938,100.1215001,112.4410165,102.5860819,112.9206886,99.43527337,104.7147781,102.9101837,110.0333967,104.1974436,121.2891752,107.6204613,117.9465221,110.8173719,128.3423594,117.978117,104.1835955,102.0933288,99.82575263,117.0427635,117.4748646,133.5703125,117.2096382,118.1840657,109.0158412,112.1782941,101.2346307,131.504047,107.0356234,104.5855607,122.4217256,115.4053257,127.1561912,98.8920403,105.7186594,90.52977831,95.51919161,119.7260445,112.6595067,120.8995003,112.8930924,129.2868679,95.43341858,106.3702882,130.401542,105.7846513,103.7797289,117.7076614,125.3534209,107.4807721,125.3967772,116.5523252,118.6361483,100.7266754,111.5844279,122.0041878,136.5544062,111.9269415,122.3196701,110.0865129,125.2871765,124.0283604,112.7482951,100.4556452,97.80221551,115.1681973,117.6011517,116.6855651,129.6143147,111.2603016,126.5921101,89.45838782,118.0452382,120.1558624,123.6904895,91.81864818,122.6164094,114.1882628,128.1090526,139.1105118,118.065938,113.4796058,109.0284495,118.8534794,127.5494912,110.7749151,114.3326713,131.3698748,106.9842262,110.0869824,116.2782349,102.1534019,107.300038,119.1874062,106.8203605,101.8771175,110.0563459,112.2184655,110.8576492,103.8214653,95.54705122,119.3444218,1,0,0,0,1,0,0,0,1,0,0,0,1,0,0,0,0,0,0,9,1,0,0,0,1,0,0,0,1,0,0,0,1,0,0,0,1,0,0,0,1,0,0,0,1,0,0,0,1,0,0,0,0,0,0,9,1,0,0,0,1,0,0,0,1,0,0,0,1,0,0,0,1,0,0,0,1,0,0,0,303,320,17,0.946875,3,261,320,59,0.815625,9,207,320,113,0.646875,9,222,320,98,0.69375,12,147,8640,8493,0.017013889,960,243,320,77,0.759375,9,285,320,35,0.890625,9,309,320,11,0.965625,3,276,320,44,0.8625,5,267,320,53,0.834375,6,231,320,89,0.721875,9,312,320,8,0.975,3,228,320,92,0.7125,12,495,8640,8145,0.057291667,960,237,320,83,0.740625,12,273,320,47,0.853125,6,177,320,143,0.553125,12,258,320,62,0.80625,6,303,320,17,0.946875,5,54,320,266,0.16875,57,1
17,test,jump_to_max,1,180.1472247,0,26.23088098,26.44061083,26.81067447,25.04899086,25.78353683,25.6569218,26.05890257,25.48632619,25.49240369,24.78059688,24.22984363,24.79957738,24.88273623,27.00498739,25.6441933,25.00984584,26.05210234,27.09637272,25.04286029,24.98522826,25.82323795,27.04629546,25.06850862,25.27883818,26.07126583,26.58415024,26.44072587,25.07209929,25.15411745,25.9295336,25.00170716,24.1508542,24.88378412,26.12642453,24.11342031,23.96840943,26.62224278,25.51729264,24.93403461,24.85367326,25.55199538,25.7073772,26.45055328,26.03105891,25.10375143,25.80751496,25.55358974,24.66607689,25.42652939,27.29291621,26.48244857,24.24949792,25.81060071,25.58366182,25.75204754,25.85725199,25.74284744,27.61655893,25.03351609,24.49200868,25.15196608,25.90167785,25.84534371,25.12741592,25.10108769,25.19219184,24.76912547,25.97569508,26.92758555,25.6182033,25.27786796,24.92785064,24.81852885,25.84003921,25.99010232,24.47957502,25.01954162,25.26727156,25.12668722,25.31526697,25.37344565,25.30092446,25.53706477,25.42247036,23.99098908,24.12917884,25.48881936,24.46434877,26.51272087,26.52980504,25.17115364,26.10361238,26.07841041,25.73740092,26.60456564,26.00806936,24.47876454,25.84767694,24.32481849,24.87546636,26.82939015,24.79426614,25.2708347,26.53732193,25.26426915,26.53515865,24.86599441,24.8623694,24.895966,25.72203858,26.64411323,24.05373424,25.04518907,25.11062874,26.02738562,25.29249888,25.21040719,24.70716444,25.9463718,25.39528209,26.07194579,24.84282255,26.81274506,24.66861569,26.13485785,25.75087147,25.69313294,25.38240825,24.0249388,26.68768639,25.75412146,27.08917924,1,0,0,0,1,0,0,0,1,0,0,0,1,0,0,0,1,0,0,0,1,0,0,0,1,0,0,0,1,0,0,0,1,0,0,0,1,0,0,0,1,0,0,0,1,0,0,0,1,0,0,0,1,0,0,0,1,0,0,0,1,0,0,0,1,0,0,0,1,0,0,0,1,0,0,0,1,0,0,0,99,320,221,0.309375,197,111,320,209,0.346875,51,24,320,296,0.075,254,90,320,230,0.28125,164,24,320,296,0.075,200,51,320,269,0.159375,188,111,320,209,0.346875,122,216,320,104,0.675,50,69,320,251,0.215625,224,36,320,284,0.1125,257,24,320,296,0.075,257,108,320,212,0.3375,146,33,320,287,0.103125,269,189,320,131,0.590625,50,153,320,167,0.478125,57,42,320,278,0.13125,257,36,320,284,0.1125,281,123,320,197,0.384375,50,114,320,206,0.35625,122,12,320,308,0.0375,308,0
17,test,jump_to_max,2,360.0375522,0,35.59707454,37.56991645,37.34818808,33.60165529,32.26032394,34.00721472,35.59180653,33.20186565,31.4721542,32.15950754,31.39184399,31.64933623,34.44806074,35.25738706,34.32615392,33.38814318,36.07849242,35.87861217,34.05333724,32.59841688,36.6056944,36.42440742,33.52827301,33.99291525,36.56071416,36.35824402,34.61245079,35.82845475,35.44893831,34.90829352,31.5545071,33.5417982,33.66358765,32.7345225,29.76537072,33.87924053,33.74203165,34.23244454,34.59797911,32.64436041,31.81051018,35.37388897,35.67707645,35.17486911,33.16097674,32.7531728,34.74934581,33.92952616,35.00966055,37.91652462,36.2953977,30.78799246,33.71344439,35.02375509,32.67372969,34.98238375,36.34848797,41.09769372,32.75538455,33.61929631,34.77154912,35.14202937,36.29497021,34.03194494,34.96068041,35.408727,31.27280802,35.10685739,37.00519693,34.19522762,31.8569901,32.85306915,34.73301746,34.17298603,34.45779583,33.00324292,31.63350172,31.17907723,32.51715641,33.24247149,34.06155998,32.94554771,32.42497566,35.04038013,31.97862778,34.1638152,33.5393797,31.96404383,34.54035589,35.73829532,32.64817644,33.84973122,34.39035885,33.27048816,36.7277166,35.50129488,32.32448333,33.21893219,33.63894449,33.11332689,36.10748774,34.29552052,35.99656583,36.03337798,33.60922654,36.9520675,33.2178044,33.26305549,33.33369868,32.77194154,34.30657896,30.89343074,33.4915169,34.94676692,36.11564204,34.43805311,32.42130861,33.33894693,36.33414657,33.0819801,34.85449455,32.92594741,36.65115445,31.76396938,36.74497956,32.47549614,34.93296355,36.57911839,31.31354621,37.83199915,33.68097383,39.28694041,1,0,0,0,1,0,0,0,1,0,0,0,1,0,0,0,1,0,0,0,1,0,0,0,1,0,0,0,1,0,0,0,1,0,0,0,1,0,0,0,1,0,0,0,1,0,0,0,1,0,0,0,1,0,0,0,1,0,0,0,1,0,0,0,1,0,0,0,1,0,0,0,1,0,0,0,1,0,0,0,96,320,224,0.3,206,135,320,185,0.421875,62,36,320,284,0.1125,230,90,320,230,0.28125,125,39,320,281,0.121875,230,96,320,224,0.3,50,117,320,203,0.365625,30,267,320,53,0.834375,20,60,320,260,0.1875,212,30,320,290,0.09375,233,45,320,275,0.140625,125,174,320,146,0.54375,116,63,320,257,0.196875,194,219,320,101,0.684375,35,210,320,110,0.65625,24,60,320,260,0.1875,227,63,320,257,0.196875,224,141,320,179,0.440625,35,135,320,185,0.421875,44,6,320,314,0.01875,314,0
17,test,jump_to_max,3,540.0000199,0.002485501,43.80084892,49.50790964,47.9119456,45.26677445,44.4890845,46.82180586,47.86247849,47.24387052,42.84610495,44.84315891,41.19910877,41.17433628,46.26767779,45.92566634,45.5045442,42.53977738,45.54106003,48.94833031,43.99041233,45.22701852,48.75177582,51.0033271,44.68513023,47.25446268,46.51804087,50.77901377,47.23239483,50.16065653,50.06590042,46.81846892,39.08493588,45.38613018,43.34260773,43.42259639,39.50028053,44.29953648,43.70567157,46.96404845,43.41845415,44.65965993,41.73501697,50.29921429,46.63077035,49.75457921,42.57862748,45.04375172,45.96042098,46.42899598,45.1238571,50.94186875,47.39835168,39.78601263,46.29417795,47.91139956,42.82677935,47.75690643,48.64490648,57.32362653,44.03906168,44.20134787,47.8450313,47.16730029,50.83385806,47.53276104,48.82378028,47.16971229,42.4103593,46.26680986,51.39628833,43.73790397,42.28956273,44.59219509,44.7465167,44.6675214,47.21340083,46.67635315,46.03733788,40.76416978,45.19988899,42.83577625,45.68572996,44.53108108,44.17495123,46.2054578,43.92120275,44.70088858,44.41178696,43.09709476,46.05051167,49.12297477,46.56141912,45.75190102,47.19167593,42.74834076,48.53231912,46.4851218,43.35461545,46.75941307,46.64035431,43.31638868,51.14216119,46.47756509,47.67294047,49.04536941,46.26170693,50.05399697,45.5992377,45.62256215,45.75323229,41.33588637,47.30631891,43.41494869,45.83491558,45.40510312,50.34948044,43.60147798,42.96631403,47.02762404,48.11520667,44.9854799,48.31016887,44.33423731,51.94959944,44.47474618,48.80411367,45.09241927,46.1803775,50.85375625,40.78431743,48.38178441,48.31811662,52.96630288,1,0,0,0,1,0,0,0,1,0,0,0,1,0,0,0,1,0,0,0,1,0,0,0,1,0,0,0,1,0,0,0,1,0,0,0,1,0,0,0,1,0,0,0,1,0,0,0,1,0,0,0,1,0,0,0,1,0,0,0,1,0,0,0,1,0,0,0,1,0,0,0,1,0,0,0,1,0,0,0,132,320,188,0.4125,155,165,320,155,0.515625,18,48,320,272,0.15,179,171,320,149,0.534375,38,21,320,299,0.065625,293,81,320,239,0.253125,60,171,320,149,0.534375,21,297,320,23,0.928125,5,120,320,200,0.375,128,102,320,218,0.31875,122,30,320,290,0.09375,123,240,320,80,0.75,15,96,320,224,0.3,101,291,320,29,0.909375,6,246,320,74,0.76875,20,150,320,170,0.46875,122,87,320,233,0.271875,164,195,320,125,0.609375,15,240,320,80,0.75,26,21,320,299,0.065625,293,1
17,test,jump_to_max,4,720.0274882,0.030447156,58.03473837,66.36593017,66.67168444,64.31805624,58.61606642,64.01962157,64.87662749,66.34698236,56.34448718,61.97478596,53.90458885,55.86283287,63.54553906,62.81951904,58.61056524,57.00899979,61.83487604,66.30546774,56.82410633,63.84772844,67.65980413,67.87915506,58.18211155,66.43877879,61.54836163,69.3792416,64.68245766,68.58510729,70.75009431,65.46463284,53.13597562,60.82592696,56.41526411,56.30718164,51.16128675,58.97061279,63.07511491,64.68400087,57.03515119,57.79974479,59.30157806,66.84277175,63.61274487,68.18284541,61.36822544,60.96679759,61.63967208,60.86825749,58.50828664,68.39527873,65.49016983,52.50463829,60.40139385,62.02596888,59.67803651,67.36289957,67.46636147,75.35637689,60.11598081,59.54092212,64.80699338,65.48273325,70.80417204,64.44418705,62.63628315,60.17605231,55.83215978,57.42877817,70.16842204,58.29324314,54.81561569,61.5340362,62.1192006,57.71842407,65.9212892,59.28519891,59.49944419,52.36088663,61.50343352,56.35550911,61.35776107,61.83241786,60.07373266,60.91289044,61.7413726,59.80040621,59.46831735,56.37201612,63.0051718,66.57798056,65.83152702,62.57132581,64.4894431,58.87543271,67.37187718,62.72742533,57.68268132,63.65087724,61.57519819,55.90906431,65.27973458,62.60477574,64.29843218,65.48228325,63.9326325,69.11822262,65.87781166,62.66348653,64.63133917,53.25331192,64.99917758,60.65797468,59.73731552,63.4381437,68.23264665,61.97156134,61.80677067,62.91023058,63.53631271,62.71915193,66.48978117,57.4914023,66.75997108,62.27940715,70.29806292,59.80023845,61.4926193,64.50646931,52.27343958,62.70780107,62.82777513,69.97341432,1,0,0,0,1,0,0,0,1,0,0,0,1,0,0,0,1,0,0,0,1,0,0,0,1,0,0,0,1,0,0,0,1,0,0,0,1,0,0,0,1,0,0,0,1,0,0,0,1,0,0,0,0,0,0,9,0,0,0,9,1,0,0,0,1,0,0,0,1,0,0,0,1,0,0,0,1,0,0,0,243,320,77,0.759375,24,252,320,68,0.7875,9,96,320,224,0.3,92,198,320,122,0.61875,15,54,320,266,0.16875,143,129,320,191,0.403125,23,213,320,107,0.665625,24,303,320,17,0.946875,6,270,320,50,0.84375,8,108,320,212,0.3375,92,93,320,227,0.290625,33,282,320,38,0.88125,6,153,320,167,0.478125,26,420,8640,8220,0.048611111,960,195,8640,8445,0.022569444,960,234,320,86,0.73125,20,84,320,236,0.2625,101,216,320,104,0.675,12,270,320,50,0.84375,6,39,320,281,0.121875,90,1
17,test,jump_to_max,5,900.0104025,0.045542262,76.60440545,89.4772777,86.54606777,86.05107765,75.25965075,89.62602885,88.49747369,88.29984728,74.60569299,89.91664794,72.62344318,73.79474009,86.27720206,85.69221022,80.97438737,77.25270171,84.73764168,87.38297537,79.29392513,84.83369482,93.72570332,95.7172719,82.87219157,88.10604819,84.11887991,95.49034444,89.20669421,94.16363553,97.34446578,88.8602835,69.99315383,77.52592604,72.49368914,78.94553082,69.9757996,78.20058497,90.08439473,86.40948001,72.1242968,71.13887125,79.68134341,88.56039355,87.45261444,91.07159462,84.69329322,80.92503457,86.77937049,82.47971063,80.50488987,86.65408873,90.21870895,69.59901796,79.49373914,80.10130579,80.79509051,87.01435054,86.97837213,105.2249953,76.85708626,80.89794145,86.94674012,85.32935684,92.42914068,82.30260149,81.99984569,86.65066756,77.44760941,78.33092482,98.63031663,79.39946327,78.26323975,82.55020184,86.8818329,73.08656417,85.1719334,77.93870436,79.90706633,71.22700782,76.71607288,76.29469044,81.78342134,80.65477691,80.26658145,86.94665491,84.23609275,76.73014911,81.34408571,76.36062707,86.580795,86.80392927,93.13403441,85.93058577,90.35683181,77.61987017,90.45057617,89.71629975,75.68670025,85.72185248,80.24619777,74.46324515,85.3763929,84.23117877,87.2523292,91.70017173,81.75392881,91.94697088,88.58941251,85.37100381,86.99097568,67.84835194,89.9198984,83.0686352,79.80080704,88.89484853,95.92427688,81.68452817,83.33916555,85.1029774,86.2913467,91.33917949,89.17551542,80.98546447,88.31263253,85.57078833,85.08415484,80.53998694,79.2577632,82.12938106,71.0811368,83.58734514,84.13984231,98.07552325,1,0,0,0,1,0,0,0,1,0,0,0,1,0,0,0,1,0,0,0,1,0,0,0,1,0,0,0,1,0,0,0,1,0,0,0,1,0,0,0,1,0,0,0,1,0,0,0,1,0,0,0,0,0,0,9,0,0,0,9,1,0,0,0,1,0,0,0,1,0,0,0,1,0,0,0,1,0,0,0,240,320,80,0.75,21,273,320,47,0.853125,6,153,320,167,0.478125,29,225,320,95,0.703125,15,57,320,263,0.178125,81,219,320,101,0.684375,9,195,320,125,0.609375,30,309,320,11,0.965625,3,261,320,59,0.815625,6,159,320,161,0.496875,39,159,320,161,0.496875,18,306,320,14,0.95625,3,243,320,77,0.759375,17,399,8640,8241,0.046180556,960,267,8640,8373,0.030902778,960,267,320,53,0.834375,6,111,320,209,0.346875,42,249,320,71,0.778125,9,300,320,20,0.9375,3,30,320,290,0.09375,245,1
17,test,jump_to_max,6,1080.004729,0.084797071,103.8572444,124.2067319,120.3862974,116.4698224,100.8836682,118.2715812,115.8295428,124.9874138,94.74759589,129.1399229,100.8527109,100.2164573,111.6754267,110.9571053,112.1824822,100.0036803,110.85155,112.1528772,106.3008416,115.0304311,129.4140426,130.8215003,106.7015195,114.5076825,107.4152376,128.7348011,121.076992,134.1853951,134.8727259,115.2012149,94.85152394,110.4762168,98.05731667,103.078837,87.2342686,103.886831,112.8901283,117.342786,95.41218408,101.3923189,105.2701175,122.1601313,112.9870377,125.5794131,115.5245544,107.5784293,113.0348434,112.2316446,114.6396973,121.3409518,122.6179595,94.4894534,105.4531741,104.1456772,110.3277893,113.4150123,122.6598636,150.6961401,101.7922825,106.9274308,117.6904039,114.5596355,123.1472212,112.9788949,110.5457069,128.5984533,110.5200261,98.75623737,144.1858847,111.6032491,100.2416522,109.2307673,114.4510233,95.88097305,111.8740421,103.563856,104.5987581,91.99416402,104.5217576,97.59643408,111.4465079,104.2982644,103.462839,118.6723523,111.7498812,103.0823048,109.0619999,101.9228664,113.8469955,113.575158,131.2150744,118.9881426,114.3761323,100.1764515,121.4844861,119.0185883,104.0187415,114.2976003,108.6225063,103.8758652,116.5545532,114.0108199,119.5142438,120.0298046,109.6375398,121.868774,113.5447507,120.5278383,118.2988232,94.96411972,121.822635,106.1575388,102.3478633,123.5764923,120.5360277,100.6374161,115.7950651,111.547911,117.2371223,120.0109412,116.746182,112.2251695,117.14062,115.4405449,114.8228076,104.0713753,104.9998125,113.5839705,94.59965948,110.8533415,113.6725102,130.5228313,1,0,0,0,1,0,0,0,1,0,0,0,1,0,0,0,1,0,0,0,1,0,0,0,1,0,0,0,1,0,0,0,1,0,0,0,1,0,0,0,1,0,0,0,1,0,0,0,1,0,0,0,0,0,0,9,0,0,0,9,1,0,0,0,1,0,0,0,1,0,0,0,1,0,0,0,1,0,0,0,291,320,29,0.909375,6,258,320,62,0.80625,6,219,320,101,0.684375,9,222,320,98,0.69375,12,150,320,170,0.46875,51,195,320,125,0.609375,30,309,320,11,0.965625,3,309,320,11,0.965625,3,288,320,32,0.9,6,264,320,56,0.825,9,204,320,116,0.6375,12,312,320,8,0.975,5,261,320,59,0.815625,9,504,8640,8136,0.058333333,960,279,8640,8361,0.032291667,960,294,320,26,0.91875,6,108,320,212,0.3375,122,294,320,26,0.91875,3,297,320,23,0.928125,3,57,320,263,0.178125,96,1
18,test,jump_to_max,1,180.0651713,0,26.95399889,25.5680781,25.0698034,25.02635933,26.59829747,24.38566608,25.80366311,25.15133809,26.06352462,25.27641159,25.57973221,24.71100462,26.75170711,25.31322897,25.84249891,25.5481395,25.23208848,24.213358,25.53317713,25.01663834,24.72671061,24.80924147,25.55612872,25.42688714,25.92681027,25.71075037,25.16360058,25.51767875,24.6427158,24.38331844,24.50948649,25.05414629,26.18683965,26.65702263,25.08912808,25.13454113,25.20549369,25.1310517,26.16969042,24.49682343,24.65035174,24.22154167,24.41989542,25.23917323,25.22597836,26.37508218,25.05611828,23.82976025,25.68062001,24.70066166,24.85561611,26.14651115,25.92717179,26.12093668,25.28013097,24.93938555,25.41350506,26.2871238,25.84329117,25.79488722,25.6781883,27.16209798,24.39075891,24.96637861,25.08542884,24.96456399,24.68888357,25.4631903,27.47186568,25.46952268,27.37583124,25.56609017,27.18296904,24.7288799,26.34074404,24.73284438,25.76252125,25.6469645,25.28432755,27.36237379,24.70423664,26.69470328,25.68987257,26.77951829,25.79642456,24.88565199,25.96315397,26.0219237,25.39537659,25.46484242,26.68537384,25.45520866,27.03724213,25.39601486,25.60505756,26.02936715,25.75027405,26.08932874,24.79775693,26.47265339,26.08082594,24.82339888,25.28801269,25.24544611,26.14416727,25.15634064,25.82688456,25.46557325,26.17293847,26.94183204,25.04698798,24.85066349,25.97836942,25.16277956,28.00412057,26.03206753,25.91770989,26.59864354,25.40957547,26.24551744,26.18256133,25.89299727,25.26909814,26.17885708,26.70440153,25.25684097,26.37517683,26.9092925,26.12014504,25.53599048,25.99981167,25.62748339,1,0,0,0,1,0,0,0,1,0,0,0,1,0,0,0,1,0,0,0,1,0,0,0,1,0,0,0,1,0,0,0,1,0,0,0,1,0,0,0,1,0,0,0,1,0,0,0,1,0,0,0,1,0,0,0,1,0,0,0,1,0,0,0,1,0,0,0,1,0,0,0,1,0,0,0,1,0,0,0,87,320,233,0.271875,215,78,320,242,0.24375,89,33,320,287,0.103125,251,99,320,221,0.309375,164,24,320,296,0.075,227,39,320,281,0.121875,113,111,320,209,0.346875,92,177,320,143,0.553125,80,39,320,281,0.121875,233,30,320,290,0.09375,263,39,320,281,0.121875,248,129,320,191,0.403125,164,72,320,248,0.225,212,162,320,158,0.50625,80,132,320,188,0.4125,143,30,320,290,0.09375,263,30,320,290,0.09375,275,108,320,212,0.3375,80,87,320,233,0.271875,143,9,320,311,0.028125,305,0
18,test,jump_to_max,2,360.0266679,0,35.53322353,32.54345551,33.85619877,35.43778415,35.48096408,33.55710654,35.62019748,35.19873638,34.83738806,32.87374467,35.78393091,35.14927696,36.4084997,32.61316646,37.4219443,35.44348588,33.6871219,32.63168676,33.66864687,33.68405009,32.28734174,32.01386335,34.18629259,34.30421075,33.0311571,33.73468308,34.75861069,33.11573494,34.31483116,32.90690932,32.930115,32.45194874,33.96929916,36.6530787,33.05192918,32.89696868,35.95513445,34.50663098,35.05356632,31.26299069,33.70910286,32.24337016,33.87617774,35.45872503,34.21129301,37.08937948,32.87493903,33.89369553,33.8473801,34.00199836,33.19149004,36.75354709,33.99760227,35.62697117,34.04334654,34.67998571,34.54179464,35.33008218,36.17204273,31.56765593,33.37743401,37.37983425,32.71656704,33.67933559,32.35310989,33.15400546,33.87361193,34.8092948,35.79916697,32.27300349,35.49329939,33.70823582,37.82517569,34.79453603,36.30369422,32.19398608,35.00745712,32.32456754,33.92183468,38.14399605,32.57346252,35.77594326,33.95588237,36.82636276,35.09989413,35.55505122,35.15925411,34.53745446,31.67113154,33.45122493,33.45421427,33.82217821,36.6051957,35.71128813,34.28185378,35.45331781,37.53566411,34.88696023,34.98639584,33.9002019,35.79743691,33.04829245,35.25231771,35.31181548,35.31271495,34.41580523,35.73436884,32.96234994,34.14777401,37.90933871,32.98995831,30.99366373,35.38449282,33.95471664,36.64668661,36.32937392,36.0088331,35.22980149,35.6611513,37.10623504,37.32929305,35.40786449,32.37046477,35.17469523,37.97061562,35.19140338,35.99288107,35.03384894,33.19927075,33.35975583,35.91948101,34.01364165,1,0,0,0,1,0,0,0,1,0,0,0,1,0,0,0,1,0,0,0,1,0,0,0,1,0,0,0,1,0,0,0,1,0,0,0,1,0,0,0,1,0,0,0,1,0,0,0,1,0,0,0,1,0,0,0,1,0,0,0,1,0,0,0,1,0,0,0,1,0,0,0,1,0,0,0,1,0,0,0,108,320,212,0.3375,200,150,320,170,0.46875,24,60,320,260,0.1875,173,102,320,218,0.31875,86,30,320,290,0.09375,218,66,320,254,0.20625,57,126,320,194,0.39375,33,246,320,74,0.76875,9,102,320,218,0.31875,194,51,320,269,0.159375,203,57,320,263,0.178125,224,171,320,149,0.534375,86,66,320,254,0.20625,158,240,320,80,0.75,9,147,320,173,0.459375,62,72,320,248,0.225,203,60,320,260,0.1875,200,141,320,179,0.440625,21,162,320,158,0.50625,98,21,320,299,0.065625,296,0
18,test,jump_to_max,3,540.0046289,0.002563461,48.86595373,44.32480579,47.27172059,45.90750513,46.62946969,45.30983889,49.49731877,47.41338094,43.62945474,44.7271302,48.96070105,45.3360996,46.83763452,43.41519422,51.34887955,47.15813827,44.74366372,42.54681809,44.71583399,46.00888506,42.17723923,44.56865994,42.91156035,44.43040469,44.31983102,45.05324277,46.47132505,42.1372133,47.48895648,46.89410226,45.10547942,44.49657612,46.69318332,49.3666382,45.36880594,42.74581174,48.20760135,45.88675509,49.04385138,43.49251168,49.24566797,43.8302839,46.82129593,44.99049485,48.07843419,49.03364278,44.74912403,47.90477356,45.29704177,43.84609521,43.62768588,52.69439134,45.4214424,49.50577957,44.37361683,43.72236109,47.56326703,45.25563655,45.75264906,44.14650234,43.6932016,48.81877763,44.5110076,43.32537746,42.46305055,44.3050551,44.47799648,46.64373731,47.15132662,46.24408944,49.16997345,47.07161565,49.75071295,45.46097134,45.72686715,41.86960136,46.24399017,40.21904476,48.3430223,48.85914951,44.8131967,47.10453352,44.83808351,52.04780941,46.53834369,50.6179575,45.69736778,44.97920771,42.85602289,43.45255115,42.09126501,45.93288738,45.90814806,46.05012308,47.19633751,47.57048719,51.87512853,46.63766125,44.63578849,46.71039951,48.02302296,43.43017056,46.64193516,46.07434622,46.33359767,46.06163716,48.7312857,42.76362366,47.47627927,53.2828267,43.12796337,40.31794529,46.1807375,45.63771352,50.56045785,49.99930141,44.78813096,48.17765026,47.75022158,51.64362949,48.88885396,48.80662608,43.15144129,47.3321848,48.81751529,44.79385526,48.15349585,49.90862582,42.30793959,44.84502256,48.83715854,46.09634377,1,0,0,0,1,0,0,0,1,0,0,0,1,0,0,0,1,0,0,0,1,0,0,0,1,0,0,0,1,0,0,0,1,0,0,0,1,0,0,0,1,0,0,0,1,0,0,0,1,0,0,0,1,0,0,0,1,0,0,0,1,0,0,0,1,0,0,0,1,0,0,0,1,0,0,0,1,0,0,0,159,320,161,0.496875,98,144,320,176,0.45,33,60,320,260,0.1875,95,141,320,179,0.440625,33,51,320,269,0.159375,173,99,320,221,0.309375,51,162,320,158,0.50625,27,288,320,32,0.9,3,87,320,233,0.271875,116,75,320,245,0.234375,194,75,320,245,0.234375,99,213,320,107,0.665625,18,111,320,209,0.346875,36,303,320,17,0.946875,3,243,320,77,0.759375,15,78,320,242,0.24375,113,48,320,272,0.15,98,186,320,134,0.58125,21,207,320,113,0.646875,32,12,320,308,0.0375,299,1
18,test,jump_to_max,4,720.0249596,0.02280017,64.61487344,62.92757578,64.44261641,60.4630514,60.99283052,62.99681125,65.96808851,65.19773998,57.12645645,57.73856164,65.53531389,62.94142378,65.41454919,58.14842766,68.08064524,67.2289203,61.13318822,55.60326132,59.69462734,61.37342628,57.57621989,58.95100533,57.57277188,58.503921,56.65180156,59.56899909,63.21513603,55.47334599,66.72487922,62.88669236,56.8839346,57.42763734,62.77661319,68.79089808,60.05905492,57.75544375,63.25599508,61.14595303,65.44744259,57.16470828,65.94602851,56.85271887,68.27107783,54.25034743,63.07340081,61.97252755,63.94265269,66.79533688,63.1677716,57.05870051,61.03726081,70.2017281,60.30932597,66.80646019,61.10695031,58.75741889,65.25803418,61.54389162,58.1150406,62.14046052,62.04418423,64.613179,62.45111348,56.45207256,60.0876046,58.55426416,57.5726861,63.12988913,65.70330686,64.05566368,68.78584454,64.29032831,65.9239465,59.46012033,61.08824347,55.03254298,62.7002714,54.28349563,66.41730033,64.55800235,62.13356377,65.91094223,62.34055453,74.00085761,63.05688832,69.262685,58.51233607,59.04080931,61.18259546,59.90074972,56.59240089,64.05189715,62.65540661,62.37158871,63.87069203,60.33990136,65.64572675,63.91697465,58.87502424,63.57290029,63.41299077,56.77285674,60.60519588,62.41618954,68.80200036,64.99801096,64.55118019,59.13448811,63.9931582,74.10225295,59.90608294,53.0390358,62.11320627,61.0025323,62.70005362,72.38633561,62.47444279,61.57038423,64.21041079,69.95939813,62.23269839,68.77226778,57.25871014,64.59742941,62.31150154,61.80108759,61.51053999,70.65398355,58.36418803,60.03451876,63.0491095,59.55624944,1,0,0,0,1,0,0,0,1,0,0,0,1,0,0,0,0,0,0,9,1,0,0,0,1,0,0,0,1,0,0,0,1,0,0,0,1,0,0,0,1,0,0,0,1,0,0,0,1,0,0,0,0,0,0,9,1,0,0,0,1,0,0,0,1,0,0,0,1,0,0,0,1,0,0,0,1,0,0,0,192,320,128,0.6,27,237,320,83,0.740625,12,99,320,221,0.309375,143,222,320,98,0.69375,17,45,8640,8595,0.005208333,960,150,320,170,0.46875,18,171,320,149,0.534375,27,291,320,29,0.909375,3,246,320,74,0.76875,15,117,320,203,0.365625,86,105,320,215,0.328125,36,303,320,17,0.946875,3,156,320,164,0.4875,51,411,8640,8229,0.047569444,960,213,320,107,0.665625,12,261,320,59,0.815625,15,81,320,239,0.253125,191,249,320,71,0.778125,12,258,320,62,0.80625,6,30,320,290,0.09375,284,1
18,test,jump_to_max,5,900.0013612,0.040776103,83.47791759,85.259774,82.20443274,83.38737079,82.21827253,84.73797729,90.89103138,87.72103137,76.55831992,75.3432394,92.02434783,82.74378137,91.85846944,78.63703092,94.17773168,88.0002002,86.87980631,73.45236372,81.69326523,80.28170596,77.06477235,77.69227595,76.28504738,80.7455802,72.44721209,78.07736879,87.65814103,77.33315248,88.39229954,82.71406664,75.97995826,77.7677332,85.09104776,92.20288637,85.90341137,76.92528566,88.6082672,81.27253614,86.20230768,79.89325025,90.26808334,75.30270874,86.0113681,70.7707704,82.54013481,81.67331393,86.19450126,89.06939675,78.81202511,72.79789871,81.9155044,96.46478102,79.99131114,93.05981818,78.9889205,79.26601266,91.72102145,76.88629178,80.34144265,84.42661217,80.67043883,90.2980419,83.88782144,71.84985636,78.74436077,82.12998371,77.17980578,82.27097057,92.99682744,88.49453748,90.94253772,91.54029643,86.0111667,78.29749378,75.03973643,74.5084216,80.41742927,69.68570978,90.64616003,88.10760662,78.71642933,90.52208441,81.39635183,98.84043964,81.20843597,93.0001048,85.27267588,77.05759552,85.50686496,77.8815472,75.70782908,87.47327952,81.88776127,83.15070744,85.50067134,83.22256667,88.43882373,85.12866908,82.29555901,85.05900879,87.06074103,75.49904229,80.98956523,87.1888641,95.97611944,91.89547205,86.62810759,78.36923909,88.42509478,99.36563536,82.8098253,73.34001784,82.59105817,87.51418395,81.46309752,96.72512799,81.56065522,83.03271933,87.46717413,95.13235719,85.51813943,86.23414561,79.89797613,89.97739406,82.65787477,80.5196774,84.21524941,97.17501939,79.43037307,80.0842541,82.01904201,80.1053265,1,0,0,0,1,0,0,0,1,0,0,0,1,0,0,0,0,0,0,9,1,0,0,0,1,0,0,0,1,0,0,0,1,0,0,0,1,0,0,0,1,0,0,0,1,0,0,0,1,0,0,0,0,0,0,9,1,0,0,0,1,0,0,0,1,0,0,0,1,0,0,0,1,0,0,0,1,0,0,0,222,320,98,0.69375,17,264,320,56,0.825,6,183,320,137,0.571875,15,189,320,131,0.590625,15,60,8640,8580,0.006944444,960,129,320,191,0.403125,33,249,320,71,0.778125,14,315,320,5,0.984375,3,255,320,65,0.796875,3,189,320,131,0.590625,24,132,320,188,0.4125,15,318,320,2,0.99375,2,255,320,65,0.796875,12,456,8640,8184,0.052777778,960,192,320,128,0.6,12,267,320,53,0.834375,6,150,320,170,0.46875,56,276,320,44,0.8625,12,294,320,26,0.91875,3,36,320,284,0.1125,281,1
18,test,jump_to_max,6,1080.045867,0.080823143,113.3818614,110.8938744,107.5937724,116.2198294,119.7522198,105.4985441,124.5673886,119.293263,103.0023763,97.14635849,121.1627362,105.5866754,129.6134503,111.9263344,130.8969434,120.2530573,122.3857345,98.55553813,101.9795559,107.5208601,96.61474999,108.0600387,101.4426716,109.8487418,95.38660112,107.5647275,116.7354609,100.3407974,115.6928374,107.6307133,109.8823964,101.6771153,110.9206916,122.346455,111.8419916,101.2579059,119.5502825,113.7309289,112.8053637,108.2805308,117.3692811,101.8055013,122.5248654,99.06889728,108.4204878,110.2368969,113.0660452,116.0220732,106.3302178,97.77356884,110.9593563,128.7198428,101.0757456,126.1540463,104.5426044,107.4672637,122.010398,101.4101345,111.6021034,109.9709996,105.0379908,118.9929836,113.9331028,91.21696348,107.2624054,115.3691597,98.65980934,114.8580438,119.0742851,117.8402381,122.2510706,128.5848363,119.9607299,100.407975,107.5453112,98.53474029,99.98555949,97.37053373,128.8362963,119.2899743,104.6642817,130.5176629,111.9228044,137.6580856,104.7178578,130.2318734,114.8861114,106.6891846,114.6981588,110.2613923,103.6000167,122.366149,109.3951485,119.1253201,113.8314329,107.9842913,119.6689094,120.7724467,108.9949991,119.6503857,115.3762468,105.1054541,109.8597704,123.2031593,125.564214,124.7580844,117.1221403,101.2019954,121.3016859,138.8714843,118.2262044,101.9954295,115.1953058,124.2737519,115.1926819,127.3752617,111.7151366,106.4570327,111.8224434,127.1012649,117.2397061,113.1261876,107.282852,123.1495563,108.0969047,106.510102,112.7422218,133.5252562,108.0066336,110.8178615,113.3766441,108.0368378,1,0,0,0,1,0,0,0,1,0,0,0,1,0,0,0,0,0,0,9,1,0,0,0,1,0,0,0,1,0,0,0,1,0,0,0,1,0,0,0,1,0,0,0,1,0,0,0,1,0,0,0,0,0,0,9,1,0,0,0,1,0,0,0,1,0,0,0,1,0,0,0,1,0,0,0,1,0,0,0,297,320,23,0.928125,6,255,320,65,0.796875,9,201,320,119,0.628125,21,195,320,125,0.609375,15,138,8640,8502,0.015972222,960,198,320,122,0.61875,15,252,320,68,0.7875,6,309,320,11,0.965625,3,282,320,38,0.88125,6,285,320,35,0.890625,6,207,320,113,0.646875,9,303,320,17,0.946875,3,258,320,62,0.80625,6,567,8640,8073,0.065625,960,249,320,71,0.778125,9,303,320,17,0.946875,3,162,320,158,0.50625,51,264,320,56,0.825,9,294,320,26,0.91875,8,78,320,242,0.24375,125,1
19,test,jump_to_max,1,180.0144259,0,26.88966283,27.19325532,24.2670242,25.53183281,25.68301206,26.33758722,25.43118487,24.93338479,24.30449941,25.39008245,25.81984201,25.45829812,23.90447164,25.41314016,25.27082931,25.07170773,24.20294364,26.08086537,25.62522908,25.56012889,26.96196016,27.16755166,26.78540563,24.77461258,26.58586839,25.69722306,25.63516274,24.93111887,24.92148394,26.89699278,26.25723813,25.5882725,25.33303101,25.90440279,26.48096668,25.14001049,27.60329196,26.14854484,26.05114374,26.00148259,24.58950639,26.06756157,24.65334282,25.10184976,25.54468396,25.13401397,24.95518817,25.04850669,26.99418498,25.10127841,25.18407792,26.30609316,26.17724243,25.35348458,25.36211415,25.86475708,25.91732811,25.41011079,26.57260311,27.31068885,26.26838675,24.61098032,25.48919348,25.67809576,25.79763494,25.81212195,24.69711329,25.45318138,25.57201602,23.60971841,25.92310555,24.95778762,26.23494963,25.26730711,24.01584212,26.73179653,25.73663574,25.12213219,26.5602576,24.59954003,26.62075604,25.46082242,25.49206195,24.38585078,26.17834493,26.17484205,26.51180984,24.92865652,25.43101801,25.63816924,25.36829336,24.86438494,24.86497382,25.22001954,24.9832618,25.6547125,24.83472891,25.66696214,24.54588012,25.98711453,25.26865586,25.68892376,25.93219008,25.56242748,25.92184144,25.14132845,27.00312905,23.95461343,25.75542663,25.08478524,25.70962418,25.63213071,24.95860886,25.95329085,27.15384233,23.76528581,25.65966056,25.64659899,26.04810912,26.81593259,25.51607173,24.44841341,26.06928408,26.10631254,25.69510429,25.94431532,26.02271529,24.77118196,26.25225326,26.30147667,25.54705954,25.80777227,1,0,0,0,1,0,0,0,1,0,0,0,1,0,0,0,1,0,0,0,1,0,0,0,1,0,0,0,1,0,0,0,1,0,0,0,1,0,0,0,1,0,0,0,1,0,0,0,1,0,0,0,1,0,0,0,1,0,0,0,1,0,0,0,1,0,0,0,1,0,0,0,1,0,0,0,1,0,0,0,75,320,245,0.234375,236,102,320,218,0.31875,125,33,320,287,0.103125,224,75,320,245,0.234375,131,21,320,299,0.065625,245,45,320,275,0.140625,98,138,320,182,0.43125,92,144,320,176,0.45,125,63,320,257,0.196875,230,27,320,293,0.084375,236,18,320,302,0.05625,230,117,320,203,0.365625,122,24,320,296,0.075,233,129,320,191,0.403125,122,135,320,185,0.421875,167,42,320,278,0.13125,236,42,320,278,0.13125,239,66,320,254,0.20625,125,111,320,209,0.346875,167,18,320,302,0.05625,299,0
19,test,jump_to_max,2,360.0378413,0,36.63840448,39.21388976,34.52129353,33.83226425,36.52790836,36.19658911,34.58622775,31.72618283,30.93704898,34.66772337,32.89114977,32.51452024,31.76567419,35.04420042,34.79262364,32.60757996,33.18415473,35.05740287,36.20822729,34.25407993,37.2506878,36.31659831,36.27111841,34.67022748,37.55445369,33.2009438,35.48731481,34.6233249,32.57212475,34.89878025,35.49681563,34.69849183,32.92258746,34.30543076,35.10985938,33.99626859,40.08800377,34.95446172,35.77401379,37.19678972,32.54440154,32.93434397,32.19571634,34.84033761,34.77839357,35.16825975,32.96777715,33.49756923,36.78981747,32.72588403,33.23995858,34.329895,35.00952729,34.18470013,35.67430106,34.96853403,34.756728,36.38082652,35.55195802,35.77366873,34.72533019,33.3665516,35.72005865,32.0216998,35.56451426,32.41586698,35.41134336,36.37370601,35.03712683,31.50304009,34.62185281,32.86198934,36.57862815,33.86046865,32.56329505,36.70866276,35.45077554,34.98066666,37.86022609,32.04733354,33.81687531,34.58459536,36.96902725,32.23297573,35.46919051,36.07237566,37.37265085,31.92651531,32.40277425,36.09943536,35.68407533,35.91822167,34.57014585,31.46483419,34.51128123,32.87735179,32.41829962,36.09884311,33.01067019,33.6484681,33.46527719,35.09102532,36.17121901,34.25998406,36.44043676,33.05429526,35.37618951,32.16340602,33.66252969,33.23089335,33.9657635,35.06437344,31.72847412,34.29050722,38.61865221,30.59094619,35.51966607,34.33655436,35.11536607,36.70104584,32.6845147,32.8702008,34.03421351,34.04133358,34.42816072,33.79232313,37.18156654,31.18622874,37.02934038,34.78144374,34.44200341,34.1009308,1,0,0,0,1,0,0,0,1,0,0,0,1,0,0,0,1,0,0,0,1,0,0,0,1,0,0,0,1,0,0,0,1,0,0,0,1,0,0,0,1,0,0,0,1,0,0,0,1,0,0,0,1,0,0,0,1,0,0,0,1,0,0,0,1,0,0,0,1,0,0,0,1,0,0,0,1,0,0,0,129,320,191,0.403125,176,153,320,167,0.478125,33,42,320,278,0.13125,212,129,320,191,0.403125,56,39,320,281,0.121875,176,81,320,239,0.253125,57,135,320,185,0.421875,48,279,320,41,0.871875,6,51,320,269,0.159375,212,42,320,278,0.13125,200,42,320,278,0.13125,248,195,320,125,0.609375,24,84,320,236,0.2625,149,300,320,20,0.9375,3,180,320,140,0.5625,44,54,320,266,0.16875,200,36,320,284,0.1125,236,198,320,122,0.61875,12,171,320,149,0.534375,44,12,320,308,0.0375,290,0
19,test,jump_to_max,3,540.0442762,0.003786468,47.94386269,52.91060529,44.34617983,45.23375233,48.01955031,48.74214966,49.12707156,43.84975195,42.65073666,49.68334791,45.24810265,44.03495942,41.67483264,48.37602429,44.75133313,43.70079636,42.46406444,44.33873555,45.43376193,44.49268065,50.40535554,48.54525294,46.16398444,47.83214959,47.03727431,44.0896624,46.32924635,45.1185185,44.04387179,46.49869017,47.74573185,47.11869724,44.96297328,46.0140751,48.09013405,45.63889011,55.76752912,47.20615149,47.56805115,51.45692776,44.97111666,43.68574205,43.81540851,50.17747694,45.87424857,49.01059957,43.98746638,45.7159135,49.45948254,43.62832595,45.20326669,43.82633247,47.03858559,45.39602562,48.7732443,45.01335512,46.44223123,50.44015533,45.31849564,51.0959532,44.67846094,43.92539784,46.97393113,44.99151974,46.07745158,42.99990241,46.25216392,51.59002598,46.8197885,44.37068113,44.86669111,44.37759478,46.68840361,43.65967532,44.59440703,49.50590468,49.16030205,46.51650914,53.70212915,41.81355928,45.12598292,47.48493329,49.64685222,44.38034709,46.49416871,52.10194226,49.37471204,44.33192503,44.46755563,50.69849676,49.37630801,48.15376586,46.85453619,46.19166064,45.86648758,45.27890891,43.0100296,51.01892415,43.21400984,42.89897753,41.04841722,48.34608793,50.70479625,44.27885058,51.38261627,44.88048613,48.55286923,43.06903737,42.20181828,45.32860154,46.62736383,44.01955678,43.60399756,46.4499849,50.94591581,43.40538567,47.57790844,45.77066031,46.74910244,49.31082936,43.88560896,45.82315913,43.99558141,44.46221486,42.60138743,46.05820118,51.32853705,40.48993425,51.53092082,46.72886354,45.41053896,44.20342965,1,0,0,0,1,0,0,0,1,0,0,0,1,0,0,0,1,0,0,0,1,0,0,0,1,0,0,0,1,0,0,0,1,0,0,0,1,0,0,0,1,0,0,0,1,0,0,0,1,0,0,0,1,0,0,0,1,0,0,0,1,0,0,0,1,0,0,0,1,0,0,0,1,0,0,0,1,0,0,0,147,320,173,0.459375,170,174,320,146,0.54375,27,60,320,260,0.1875,197,141,320,179,0.440625,29,45,320,275,0.140625,212,105,320,215,0.328125,78,162,320,158,0.50625,36,282,320,38,0.88125,6,102,320,218,0.31875,128,84,320,236,0.2625,102,63,320,257,0.196875,90,222,320,98,0.69375,20,87,320,233,0.271875,90,300,320,20,0.9375,3,228,320,92,0.7125,12,120,320,200,0.375,116,114,320,206,0.35625,59,189,320,131,0.590625,15,222,320,98,0.69375,20,15,320,305,0.046875,305,1
19,test,jump_to_max,4,720.0060338,0.022671191,63.4473171,71.36390233,63.66211267,61.44672537,64.02069297,67.07663905,68.16623653,61.85072047,56.02953938,69.55481359,62.67415958,54.35526828,59.67095009,64.56739641,53.98685383,58.64819589,56.39815877,58.34242194,58.22846832,62.37107571,70.50333406,64.1026449,58.28461197,66.74748584,58.76363275,60.75343911,65.78716569,60.61789159,60.1556786,58.63631791,62.63409228,61.79420556,59.47143958,62.97088584,64.37024371,59.53843521,77.70848777,61.76052366,66.44332205,65.852909,57.07549633,58.94902823,60.06315147,66.87824045,62.11749241,67.06943308,56.88374693,60.76017537,64.00002417,56.26995151,61.82346812,58.91880586,62.96608516,60.43297445,65.67371634,59.68564148,61.63383263,64.42421587,59.06906766,66.65696665,57.11902304,57.63406161,65.48960376,59.80185239,63.30358882,55.92048495,65.89947923,66.84635602,63.6952391,58.28375732,58.65275041,58.99254854,58.83982217,59.16742647,57.69658889,68.89397566,67.05737254,60.33910548,69.89843546,57.58749277,58.11695804,62.18611327,67.24981399,63.17324529,63.47043519,67.83389095,64.92757224,62.14059475,61.06623546,71.41240979,65.10526961,65.46209625,62.17619791,65.3441222,61.4255442,56.9265926,54.5515197,66.59206615,56.55111816,60.90081752,54.34055291,65.53886486,69.45223289,60.5549603,64.46878356,59.73946724,66.99236829,57.76764066,58.09073735,61.65027632,62.90921818,58.37746331,58.29160275,65.25007155,70.92444808,59.45584834,61.63105556,61.70242305,64.71563735,63.35808758,58.81931315,59.56786955,59.34993556,57.3431145,55.05085645,59.77862848,70.50263437,54.96116082,68.54554423,65.25049592,56.91142795,64.21424785,1,0,0,0,1,0,0,0,1,0,0,0,1,0,0,0,0,0,0,9,1,0,0,0,1,0,0,0,1,0,0,0,1,0,0,0,1,0,0,0,1,0,0,0,1,0,0,0,1,0,0,0,0,0,0,9,1,0,0,0,1,0,0,0,1,0,0,0,1,0,0,0,1,0,0,0,1,0,0,0,243,320,77,0.759375,44,261,320,59,0.815625,6,72,320,248,0.225,116,198,320,122,0.61875,18,42,8640,8598,0.004861111,960,132,320,188,0.4125,42,243,320,77,0.759375,12,297,320,23,0.928125,9,231,320,89,0.721875,26,72,320,248,0.225,113,123,320,197,0.384375,48,246,320,74,0.76875,9,141,320,179,0.440625,36,363,8640,8277,0.042013889,960,246,320,74,0.76875,6,186,320,134,0.58125,18,93,320,227,0.290625,137,228,320,92,0.7125,12,243,320,77,0.759375,12,42,320,278,0.13125,149,1
19,test,jump_to_max,5,900.0561345,0.039856649,91.00296702,94.26554697,88.01124287,79.21693826,84.64349446,93.32148711,92.03759828,81.58192957,77.09838546,94.67129839,85.06061081,71.89891247,78.57665438,87.04955792,74.12602363,77.35558788,75.11471363,74.41703821,78.46620224,84.82726267,90.51804837,90.2486107,77.6602762,86.58951332,78.48101217,76.75403519,87.09645036,82.43992853,78.34074181,77.12338259,87.22962321,80.60129546,78.05970767,84.67039037,87.36387845,80.21347334,101.397945,82.93068304,90.08759674,85.8487309,84.0335904,80.34647151,83.67962635,91.53113145,80.23988515,92.63258992,77.09851356,82.4927852,87.22494368,77.16980586,85.87527761,76.43091243,81.87634429,79.01599334,89.91837444,80.93045971,84.91169322,83.04477497,81.28601347,91.80255206,74.46024495,79.46050527,86.57847078,85.06375782,84.63425918,79.221779,86.94100575,94.02833278,87.07353333,80.07767907,79.18541938,81.46295885,84.07386862,81.78044894,76.70380153,91.01839166,84.92425494,82.50825981,91.36915327,70.92612371,78.77711016,83.03932317,93.02663134,88.13816477,84.68011231,87.92262767,87.80037798,82.25966033,84.08507277,97.17837149,91.58014693,91.07638651,85.15242575,87.34758039,83.70916795,76.14340897,77.43253875,89.78403728,77.72505503,84.06026625,76.97440128,83.5914411,89.83264855,85.34974742,82.71846039,76.30853285,89.18515621,76.48535975,77.11988129,85.69715221,84.01027338,81.10654202,79.37655259,81.52509223,98.79404932,79.62985747,83.9984807,85.38424028,90.34948171,88.42338238,81.71720138,85.17029936,77.91975515,75.75825305,78.43737234,76.70485454,94.48121024,73.15120638,89.59167699,86.91517345,75.05536264,92.83417843,1,0,0,0,1,0,0,0,1,0,0,0,1,0,0,0,0,0,0,9,1,0,0,0,1,0,0,0,1,0,0,0,1,0,0,0,1,0,0,0,1,0,0,0,1,0,0,0,1,0,0,0,0,0,0,9,1,0,0,0,1,0,0,0,1,0,0,0,1,0,0,0,1,0,0,0,1,0,0,0,267,320,53,0.834375,15,264,320,56,0.825,6,153,320,167,0.478125,60,219,320,101,0.684375,12,81,8640,8559,0.009375,960,174,320,146,0.54375,26,267,320,53,0.834375,12,303,320,17,0.946875,3,291,320,29,0.909375,6,231,320,89,0.721875,17,129,320,191,0.403125,45,315,320,5,0.984375,3,204,320,116,0.6375,11,468,8640,8172,0.054166667,960,231,320,89,0.721875,6,255,320,65,0.796875,6,114,320,206,0.35625,137,246,320,74,0.76875,12,264,320,56,0.825,6,42,320,278,0.13125,156,1
19,test,jump_to_max,6,1080.04271,0.077382526,127.0977934,129.4559651,119.533055,109.0977617,115.6259411,132.8550526,124.0726732,110.4796287,104.6171447,129.0394598,119.1682765,96.74675628,107.8146141,115.500432,93.83191986,104.8339849,103.8531187,92.68365136,108.7893289,115.4397793,122.1199093,131.1024202,114.2464361,118.5546677,104.2335287,102.1436659,120.2766881,113.469765,101.5414812,99.74250815,115.011788,106.4102916,107.1108063,113.2208718,114.7382327,101.4566011,136.5473217,113.1246692,122.5086657,116.7182568,120.1755655,109.6359192,108.7850889,125.0661455,105.9026331,123.503914,106.630515,119.3433314,114.7250186,111.1542246,119.4671738,102.7240787,114.4889997,108.8123554,114.6670831,104.2537319,119.5537187,111.9340598,104.9232027,122.8512479,96.53137625,100.3837902,115.5129912,113.9883158,111.5453902,109.7864469,114.9731121,121.7935785,114.4980402,111.3465068,112.021917,110.9796399,111.1998195,112.6813424,103.6231618,118.4636698,115.0808532,114.5268312,123.3659562,99.3211418,110.6132359,113.2281201,123.89907,119.5799119,116.7463154,120.7989731,115.9573641,107.2299288,111.4965957,119.0677434,118.8270876,125.1040375,110.7000628,115.1341929,112.2419977,98.57184288,100.9742633,118.8168644,107.4287699,118.5685542,98.25423699,104.8885527,118.7505614,112.3077489,108.1500274,106.2453435,121.7927216,98.89734349,99.78077426,113.3816741,105.5671094,113.9866209,105.1688406,110.9742215,124.8263597,108.2406037,111.6485169,121.3711314,122.8941825,123.8062812,109.0409066,119.3014645,112.3553503,106.1406606,112.1017349,102.7549394,129.6070301,100.7732494,118.3631483,119.0023529,98.44990947,130.1433815,1,0,0,0,1,0,0,0,1,0,0,0,1,0,0,0,0,0,0,9,1,0,0,0,1,0,0,0,1,0,0,0,1,0,0,0,1,0,0,0,1,0,0,0,1,0,0,0,1,0,0,0,0,0,0,9,1,0,0,0,1,0,0,0,1,0,0,0,1,0,0,0,1,0,0,0,1,0,0,0,273,320,47,0.853125,9,255,320,65,0.796875,12,183,320,137,0.571875,15,219,320,101,0.684375,15,168,8640,8472,0.019444444,960,198,320,122,0.61875,9,291,320,29,0.909375,6,318,320,2,0.99375,2,264,320,56,0.825,12,234,320,86,0.73125,15,195,320,125,0.609375,12,306,320,14,0.95625,3,249,320,71,0.778125,9,576,8640,8064,0.066666667,960,207,320,113,0.646875,18,258,320,62,0.80625,6,159,320,161,0.496875,27,300,320,20,0.9375,3,306,320,14,0.95625,3,72,320,248,0.225,99,1
