seed,split,algorithm,cycle_number,current_day,current_BBP,lambda_0_1,lambda_0_2,lambda_0_3,lambda_0_4,lambda_0_5,lambda_0_6,lambda_0_7,lambda_0_8,lambda_0_9,lambda_0_10,lambda_0_11,lambda_1_0,lambda_1_2,lambda_1_3,lambda_1_4,lambda_1_5,lambda_1_6,lambda_1_7,lambda_1_8,lambda_1_9,lambda_1_10,lambda_1_11,lambda_2_0,lambda_2_1,lambda_2_3,lambda_2_4,lambda_2_5,lambda_2_6,lambda_2_7,lambda_2_8,lambda_2_9,lambda_2_10,lambda_2_11,lambda_3_0,lambda_3_1,lambda_3_2,lambda_3_4,lambda_3_5,lambda_3_6,lambda_3_7,lambda_3_8,lambda_3_9,lambda_3_10,lambda_3_11,lambda_4_0,lambda_4_1,lambda_4_2,lambda_4_3,lambda_4_5,lambda_4_6,lambda_4_7,lambda_4_8,lambda_4_9,lambda_4_10,lambda_4_11,lambda_5_0,lambda_5_1,lambda_5_2,lambda_5_3,lambda_5_4,lambda_5_6,lambda_5_7,lambda_5_8,lambda_5_9,lambda_5_10,lambda_5_11,lambda_6_0,lambda_6_1,lambda_6_2,lambda_6_3,lambda_6_4,lambda_6_5,lambda_6_7,lambda_6_8,lambda_6_9,lambda_6_10,lambda_6_11,lambda_7_0,lambda_7_1,lambda_7_2,lambda_7_3,lambda_7_4,lambda_7_5,lambda_7_6,lambda_7_8,lambda_7_9,lambda_7_10,lambda_7_11,lambda_8_0,lambda_8_1,lambda_8_2,lambda_8_3,lambda_8_4,lambda_8_5,lambda_8_6,lambda_8_7,lambda_8_9,lambda_8_10,lambda_8_11,lambda_9_0,lambda_9_1,lambda_9_2,lambda_9_3,lambda_9_4,lambda_9_5,lambda_9_6,lambda_9_7,lambda_9_8,lambda_9_10,lambda_9_11,lambda_10_0,lambda_10_1,lambda_10_2,lambda_10_3,lambda_10_4,lambda_10_5,lambda_10_6,lambda_10_7,lambda_10_8,lambda_10_9,lambda_10_11,lambda_11_0,lambda_11_1,lambda_11_2,lambda_11_3,lambda_11_4,lambda_11_5,lambda_11_6,lambda_11_7,lambda_11_8,lambda_11_9,lambda_11_10,link_0_SC_C,link_0_SC_CL,link_0_MC_C,link_0_MC_CL,link_1_SC_C,link_1_SC_CL,link_1_MC_C,link_1_MC_CL,link_2_SC_C,link_2_SC_CL,link_2_MC_C,link_2_MC_CL,link_3_SC_C,link_3_SC_CL,link_3_MC_C,link_3_MC_CL,link_4_SC_C,link_4_SC_CL,link_4_MC_C,link_4_MC_CL,link_5_SC_C,link_5_SC_CL,link_5_MC_C,link_5_MC_CL,link_6_SC_C,link_6_SC_CL,link_6_MC_C,link_6_MC_CL,link_7_SC_C,link_7_SC_CL,link_7_MC_C,link_7_MC_CL,link_8_SC_C,link_8_SC_CL,link_8_MC_C,link_8_MC_CL,link_9_SC_C,link_9_SC_CL,link_9_MC_C,link_9_MC_CL,link_10_SC_C,link_10_SC_CL,link_10_MC_C,link_10_MC_CL,link_11_SC_C,link_11_SC_CL,link_11_MC_C,link_11_MC_CL,link_12_SC_C,link_12_SC_CL,link_12_MC_C,link_12_MC_CL,link_13_SC_C,link_13_SC_CL,link_13_MC_C,link_13_MC_CL,link_14_SC_C,link_14_SC_CL,link_14_MC_C,link_14_MC_CL,link_15_SC_C,link_15_SC_CL,link_15_MC_C,link_15_MC_CL,link_16_SC_C,link_16_SC_CL,link_16_MC_C,link_16_MC_CL,link_17_SC_C,link_17_SC_CL,link_17_MC_C,link_17_MC_CL,link_18_SC_C,link_18_SC_CL,link_18_MC_C,link_18_MC_CL,link_19_SC_C,link_19_SC_CL,link_19_MC_C,link_19_MC_CL,link_0_occupied_slots,link_0_total_slots,link_0_free_slots,link_0_slot_utilization,link_0_max_contiguous_free_slots,link_1_occupied_slots,link_1_total_slots,link_1_free_slots,link_1_slot_utilization,link_1_max_contiguous_free_slots,link_2_occupied_slots,link_2_total_slots,link_2_free_slots,link_2_slot_utilization,link_2_max_contiguous_free_slots,link_3_occupied_slots,link_3_total_slots,link_3_free_slots,link_3_slot_utilization,link_3_max_contiguous_free_slots,link_4_occupied_slots,link_4_total_slots,link_4_free_slots,link_4_slot_utilization,link_4_max_contiguous_free_slots,link_5_occupied_slots,link_5_total_slots,link_5_free_slots,link_5_slot_utilization,link_5_max_contiguous_free_slots,link_6_occupied_slots,link_6_total_slots,link_6_free_slots,link_6_slot_utilization,link_6_max_contiguous_free_slots,link_7_occupied_slots,link_7_total_slots,link_7_free_slots,link_7_slot_utilization,link_7_max_contiguous_free_slots,link_8_occupied_slots,link_8_total_slots,link_8_free_slots,link_8_slot_utilization,link_8_max_contiguous_free_slots,link_9_occupied_slots,link_9_total_slots,link_9_free_slots,link_9_slot_utilization,link_9_max_contiguous_free_slots,link_10_occupied_slots,link_10_total_slots,link_10_free_slots,link_10_slot_utilization,link_10_max_contiguous_free_slots,link_11_occupied_slots,link_11_total_slots,link_11_free_slots,link_11_slot_utilization,link_11_max_contiguous_free_slots,link_12_occupied_slots,link_12_total_slots,link_12_free_slots,link_12_slot_utilization,link_12_max_contiguous_free_slots,link_13_occupied_slots,link_13_total_slots,link_13_free_slots,link_13_slot_utilization,link_13_max_contiguous_free_slots,link_14_occupied_slots,link_14_total_slots,link_14_free_slots,link_14_slot_utilization,link_14_max_contiguous_free_slots,link_15_occupied_slots,link_15_total_slots,link_15_free_slots,link_15_slot_utilization,link_15_max_contiguous_free_slots,link_16_occupied_slots,link_16_total_slots,link_16_free_slots,link_16_slot_utilization,link_16_max_contiguous_free_slots,link_17_occupied_slots,link_17_total_slots,link_17_free_slots,link_17_slot_utilization,link_17_max_contiguous_free_slots,link_18_occupied_slots,link_18_total_slots,link_18_free_slots,link_18_slot_utilization,link_18_max_contiguous_free_slots,link_19_occupied_slots,link_19_total_slots,link_19_free_slots,link_19_slot_utilization,link_19_max_contiguous_free_slots,upgrade_needed
0,train,no_upgrade,1,180.01906669883067,0.0,26.22267376064661,25.086763468890027,26.0607470284101,25.16799172050759,26.06618222000053,25.726447467913935,25.2336548456587,25.604128579438743,25.412344634231705,24.72901632776066,25.697033155175806,25.72228601303716,24.74236490687897,25.912108450722407,25.25924014950945,24.912842570100718,25.570535446467495,26.042174845155074,23.825203303946047,23.807402373794275,27.227435671003168,26.442761344736912,25.25093189236039,25.15299714327847,27.229850707163042,26.265725369638307,24.87768138253657,24.353427531823616,24.710007573051513,24.74940292904131,24.155350508416234,26.537688888360236,24.53306633601157,25.36915112552458,27.157376353441126,24.09489603275088,26.941696600580393,24.2419055746804,26.517606094544714,25.414980550011617,26.207814261929588,24.187750802518423,26.62868785948137,25.58253257936428,25.784570569950912,26.2218480100651,26.351971260067103,26.08398550641235,25.605623996615428,27.274449918351248,26.190536388935325,25.72904433090207,25.39064157766018,25.543765860626614,25.51286112448552,27.08734191525209,25.556678943497058,25.424241177552606,25.49488328973912,26.870931900408856,25.755351216523376,25.869891517852626,26.812179664168692,25.423568591918354,25.30367986358758,25.988505292797917,24.601624534236525,24.89688607308743,25.7881011288824,26.177237527203246,24.869374998672928,25.22521812666876,26.04109651753265,24.585657336461118,25.72530479350472,25.375579807249483,26.219855189433954,27.494636947648985,26.381699394209775,25.827051805412513,26.09525261394054,26.63356778087638,24.41413646532178,25.231921373414057,24.38187437810789,25.862290343745855,25.657078710927752,27.164817510949856,24.320779842427335,25.962413166370098,25.59134049439463,26.04910629053203,26.17135740855222,27.06395569707864,25.856823001417144,24.636178875460434,25.666081858860856,26.350990804819727,25.579209764349603,25.651270764568196,26.884435635956855,26.1946756453919,26.505754007581483,25.75985831605835,26.552301336846057,25.415308906813557,24.56269078808399,25.795915376273946,25.623424714006024,25.48992882712814,25.251767994488432,25.567217935846955,25.077192249848647,25.449454701484985,24.267105333757502,24.50191195799724,25.924797361715843,26.119030958020915,27.05636951180663,25.23394073996393,26.34679782525107,25.404911550141144,24.877761584036058,26.231278718062164,27.512826745527185,25.609248104056043,25.512810738877715,25.396938865882856,25.967359855457136,26.29107173755032,26.248963646486832,24.869611829781256,1,0,0,0,1,0,0,0,1,0,0,0,1,0,0,0,1,0,0,0,1,0,0,0,1,0,0,0,1,0,0,0,1,0,0,0,1,0,0,0,1,0,0,0,1,0,0,0,1,0,0,0,1,0,0,0,1,0,0,0,1,0,0,0,1,0,0,0,1,0,0,0,1,0,0,0,1,0,0,0,63,320,257,0.196875,227,93,320,227,0.290625,71,39,320,281,0.121875,206,72,320,248,0.225,161,24,320,296,0.075,227,57,320,263,0.178125,98,90,320,230,0.28125,113,207,320,113,0.646875,71,63,320,257,0.196875,230,21,320,299,0.065625,257,9,320,311,0.028125,281,129,320,191,0.403125,137,30,320,290,0.09375,203,174,320,146,0.54375,113,123,320,197,0.384375,71,39,320,281,0.121875,215,27,320,293,0.084375,224,90,320,230,0.28125,116,138,320,182,0.43125,71,15,320,305,0.046875,302,0
0,train,no_upgrade,2,360.06497493382375,0.0,33.76015403169281,34.717006729341605,37.038658768536905,36.06385746274495,34.30618442526782,35.59895166439608,31.58478979137996,35.5545103896199,35.1478740789688,33.2932989346007,33.83196083907291,35.0273247307924,32.24184094885104,35.964507890392454,35.203047184459386,34.324096402359935,34.75325566372311,34.6978123258995,32.23879192399064,32.10070435575311,37.10753102246069,34.84789101698919,33.43474851247736,31.38835118695777,39.020182468113795,35.78517353396497,35.50449060440585,31.47141415575233,32.970113169803824,33.05925629654378,31.762951266506747,34.316676880032354,32.858389187626074,33.37699438310434,37.115266123243885,32.391500026549004,35.765426345466416,32.95530646695343,36.54453683669718,34.17239812088452,36.09946497687272,34.544128348418845,36.090019065623785,33.76723166725327,34.406360453879,33.76715272948861,35.52567034865718,35.63870446107554,34.81301369743321,35.879038513062945,36.07365309667514,34.07343561570779,31.983666030959995,34.37398643850884,33.907550686681425,36.0939755920204,34.40254890171124,35.6068971959271,33.16508225806429,34.5084456943848,36.93175660180061,34.57116408801779,36.75721356238808,35.865320669780644,33.55479346370264,36.75306339188707,34.60643401793347,31.552328885268775,33.68039854491198,35.759444550989826,32.5845398438701,34.0111613005024,35.62676134679718,33.210820231390116,36.66238920967168,32.90315682561794,34.3547823974299,36.51643779165189,35.41666356344727,32.61287056001066,35.09043214032747,35.56414460902748,31.454586961307005,33.00785050302277,32.36312223538076,36.31981130342752,33.9076846590845,37.7512227420339,33.474196986667415,33.7935550498115,32.98724078016035,36.95082691922896,36.56521000319019,37.30087595225381,35.838593245139435,33.628538823625654,32.82154212787213,34.884775166540955,33.193984856242096,34.9013840197669,37.1463172945704,34.59367136456241,35.39936565884357,35.16169017424105,36.01275687366019,36.961417216805124,31.318314903012148,36.05036070171848,35.686647069895756,34.01311626734683,32.32100942466496,34.22594445446681,34.84027190572538,32.38304019457909,32.336975510188665,32.52195641942515,35.47040621962834,33.785112682053175,36.54414243454817,32.83675797642709,35.12962854180245,33.142314007603304,32.504275051343676,33.57516411946468,37.06323062841894,36.52077897258735,35.09199966009425,32.31467482417514,33.68493812049463,33.17600884474429,37.28661342993218,34.11101262943183,1,0,0,0,1,0,0,0,1,0,0,0,1,0,0,0,1,0,0,0,1,0,0,0,1,0,0,0,1,0,0,0,1,0,0,0,1,0,0,0,1,0,0,0,1,0,0,0,1,0,0,0,1,0,0,0,1,0,0,0,1,0,0,0,1,0,0,0,1,0,0,0,1,0,0,0,1,0,0,0,123,320,197,0.384375,176,132,320,188,0.4125,51,27,320,293,0.084375,215,132,320,188,0.4125,53,24,320,296,0.075,251,90,320,230,0.28125,51,141,320,179,0.440625,48,234,320,86,0.73125,26,63,320,257,0.196875,191,45,320,275,0.140625,233,21,320,299,0.065625,263,210,320,110,0.65625,23,75,320,245,0.234375,158,255,320,65,0.796875,23,168,320,152,0.525,80,39,320,281,0.121875,233,48,320,272,0.15,227,174,320,146,0.54375,23,150,320,170,0.46875,80,24,320,296,0.075,293,0
0,train,no_upgrade,3,540.0113193334703,0.0033453103704621486,43.82699374772905,47.1441508446628,49.88081315817166,49.63983363920054,47.48053837786202,47.312574882335475,41.22429489943697,48.97655253258401,49.49762139721631,45.410363335393484,47.60192161910489,47.8297365028827,45.1046815930857,46.46728130990826,45.91457025327699,44.89427981341075,44.5219125333669,48.91384657189779,43.41265144878941,42.70759653541499,49.24343216246092,45.185130851839666,44.136018262103306,41.21529788186543,52.593196640918414,49.33625252540312,45.92535025220428,42.93919729346571,40.93018641320215,42.099933491263705,43.436472869427476,48.67269951016733,43.20305931746967,43.323940551877286,50.20229862455246,44.592943912316436,48.852228718455144,42.310138220140864,49.92898957706069,44.49532296334057,49.92841695720659,46.48014724500367,51.98756177759824,46.25182862009145,44.549971000581436,46.45447104580892,48.29814091958696,49.52490283512769,47.96780992298659,46.40338061827476,46.179676464810676,45.782193150625176,45.583990717137574,46.137244835760164,46.43668921126439,51.37884030421018,47.673665692805386,46.786343044617496,46.50078412069492,44.33838606139411,49.188398665480555,47.568993774774924,49.6280549112968,49.7774968164254,45.0002744268435,52.58774830620087,47.71240692702574,44.168099508690496,44.15247902709622,46.11304750650835,47.18590770529445,47.13720826876848,45.677802222636046,45.04774177492747,48.026373183175444,45.45154177063689,45.34868515380547,46.69898277398117,49.685608907054764,44.7889383959816,45.11144685913918,50.03029744989496,41.91934268355071,43.59612563499359,42.99462476393374,48.90927525948672,43.163520569259674,50.94696665143949,46.968642366105755,44.159804702287,44.93621557231524,48.91152271731308,49.6624874608684,50.79916624346942,49.54427401057442,44.19369332961886,41.50942319697032,47.49645479243333,46.464103505852904,47.26605933092036,49.2799941373357,45.63448671246819,49.14034854588856,45.897572218829154,48.738035441872896,48.43557681303524,43.557009862975875,47.708726323843244,45.897407508826646,45.70585470196708,44.14827497787484,44.9129079247984,46.40410395515078,45.85571195225596,43.28180948651892,42.81924118680856,49.236255748988455,46.69125480709081,48.367327946513335,45.16324167337763,47.72280891453857,45.80500609163857,43.722798913826466,45.271825289720596,49.846751175071255,47.77714305680884,48.01914831573219,42.978908286363115,45.967330661253484,44.402522233396965,50.84894416422878,48.0467450528657,1,0,0,0,1,0,0,0,1,0,0,0,1,0,0,0,1,0,0,0,1,0,0,0,1,0,0,0,1,0,0,0,1,0,0,0,1,0,0,0,1,0,0,0,1,0,0,0,1,0,0,0,1,0,0,0,1,0,0,0,1,0,0,0,1,0,0,0,1,0,0,0,1,0,0,0,1,0,0,0,144,320,176,0.45,104,183,320,137,0.571875,15,75,320,245,0.234375,134,186,320,134,0.58125,24,45,320,275,0.140625,242,75,320,245,0.234375,54,189,320,131,0.590625,30,318,320,2,0.99375,2,99,320,221,0.309375,158,108,320,212,0.3375,93,48,320,272,0.15,86,246,320,74,0.76875,11,93,320,227,0.290625,78,288,320,32,0.9,6,246,320,74,0.76875,12,138,320,182,0.43125,95,90,320,230,0.28125,51,204,320,116,0.6375,27,210,320,110,0.65625,18,24,320,296,0.075,134,0
0,train,no_upgrade,4,720.0506506980709,0.017356066977597676,59.37994612962524,61.13017248123595,64.87374840993677,65.54637316832473,62.095890448480205,64.30722552986592,55.066877955059816,63.4532685543754,69.12018883463391,60.10349233274057,63.60684423693693,64.55793607649468,60.93972884252717,63.20041597829777,61.01222778444409,62.04546271060756,59.840391536586026,66.048308371065,57.493968285571036,57.27916264593516,66.58516942132587,64.124000295748,55.22822033619946,50.82168141093667,72.09878955390238,67.75597237013784,62.20447256745028,57.33230080893107,55.42615366923893,57.695619985662226,56.90591449213231,66.37374497395389,53.97778980695227,57.25212574526592,68.89408994095756,59.482284407843885,62.90461248300218,58.37378410632935,64.67525822258654,63.10266902080151,66.73911539622826,62.128752749560725,69.69805052794479,62.49707139772932,56.27082963664137,68.63900586368847,64.18985643147667,65.2674539179803,66.80474257145,63.40668191836257,63.53752544543896,63.097632472102035,64.43687214684854,61.90630482002611,66.64533306077985,68.32439003213673,62.41208372536356,62.882346857269354,62.69723303352511,59.93729377278309,65.3858278517091,62.72930761547124,67.30236335527445,68.32428574066115,60.612580499711804,71.0398550696621,65.2211008030572,57.76158794565795,59.24460888274548,61.92898804103136,63.07796285269864,62.462305374076124,59.88147552453172,57.56299672820545,63.04325374925374,60.13835526305524,62.79797104611174,62.507852292354215,66.96622835347884,60.02332857009808,61.915313576026385,70.41325807441139,52.09206449723658,64.63458316249742,58.39979833084835,71.3129482341567,56.84933894284183,69.80647522681151,60.19517640151469,59.70344673961375,58.54786050331035,65.17677181920276,68.95987416651403,69.13798537996342,63.11430186401769,62.574563702850845,56.90553531718824,64.87397093190756,61.46772318531164,62.046364220197006,68.25134169880292,62.5743483827587,65.32396457641893,64.12384901548504,65.59880764396753,65.97104699058552,59.05247958190634,61.75443829227648,63.90127575524991,62.85485891491731,59.906647663484534,57.68348258390121,62.86655342816351,64.22397920497457,56.57659527742911,57.65693192330796,65.82869251545965,62.671703423785786,64.47389551143138,55.98213770096647,66.91379298949909,66.41254299408227,55.1864603590977,61.19018082756371,68.04840249429729,61.05690430887546,64.6989175066918,56.87822948159713,63.03366103344758,57.27392536929655,69.66618479526691,64.1088474399779,1,0,0,0,1,0,0,0,1,0,0,0,1,0,0,0,1,0,0,0,1,0,0,0,1,0,0,0,1,0,0,0,1,0,0,0,1,0,0,0,1,0,0,0,1,0,0,0,1,0,0,0,1,0,0,0,1,0,0,0,1,0,0,0,1,0,0,0,1,0,0,0,1,0,0,0,1,0,0,0,222,320,98,0.69375,15,240,320,80,0.75,9,54,320,266,0.16875,140,165,320,155,0.515625,15,63,320,257,0.196875,140,102,320,218,0.31875,42,186,320,134,0.58125,18,285,320,35,0.890625,6,249,320,71,0.778125,9,120,320,200,0.375,83,72,320,248,0.225,96,306,320,14,0.95625,3,147,320,173,0.459375,27,303,320,17,0.946875,3,255,320,65,0.796875,6,258,320,62,0.80625,6,84,320,236,0.2625,50,225,320,95,0.703125,9,270,320,50,0.84375,6,21,320,299,0.065625,243,0
0,train,no_upgrade,5,900.0242244991741,0.048160942897785004,83.0488128804572,80.16099496054981,87.05424797705611,83.7614296583533,83.88429924888752,90.73497724427985,74.92107837177613,84.42748474816715,92.35409847885089,77.9434243271231,82.34499012167878,83.60554713278309,77.0670454609462,82.4198124399827,79.91808171875735,77.93521180406402,79.57719122726661,89.03655283154824,74.17319553517027,77.60724416820082,90.33715980306718,90.96286381353892,73.66910675212459,68.42368095998583,93.29218475149767,87.09155252448959,86.40467868908799,78.94557814026885,73.13263309059508,79.00187217400581,84.34736341909311,94.00934479546541,76.50248336885755,75.8238275076416,87.72484648029294,83.65448823490202,80.2809509476165,78.60695720892652,84.40874464073417,86.65253434573374,96.01145771945798,84.38187149149444,93.72674924086303,87.57210701945769,73.85207954656912,94.08136332289122,92.93656558806966,85.49293643097995,92.28585961979677,85.86405929632235,87.60448320491444,83.37937403241106,87.64782626170263,86.0433035062114,89.49629225628235,91.56860367289406,81.77209702756547,84.73944811977083,79.3544466971384,82.030796625991,86.17204686217876,85.62819647403961,89.70939325545072,94.51206207635661,84.28426985453873,96.9965100104429,88.87149368426954,78.33267928864527,82.16951946175111,82.57455558906655,90.61476148884314,86.65734639738855,78.03125608198077,77.25886933499451,83.45989137302928,81.95487758955692,86.95053184834728,83.50485885882907,91.44916365840083,74.84302635849943,81.62909832013001,89.42135896118081,67.99806589646492,88.94686291051184,84.7420426708832,98.50673799267196,76.08246894539612,94.35919384995628,83.25485881302437,80.60840173443285,79.01666062708543,90.5464951430897,90.71969417457082,91.63662629536746,83.27162922047592,85.62558355933255,80.19668790811369,92.55875394542838,82.6453735036282,82.43652647720397,91.80304682186181,80.44623428954331,88.22429043551074,86.53828200983111,84.10331501695794,86.76998296935258,82.26699602186011,80.35825309494778,84.90280842019469,82.70519843694481,78.89233450901598,76.94070809933224,84.80673101628659,89.93718681482329,76.47460034707723,78.9739211742095,86.86161342373529,80.80616641068299,86.60703671434727,76.15596654094615,92.50621375890755,93.92928003787819,73.50427373011826,81.986425484365,91.3335603814355,81.45601205770265,88.82893045487081,74.46091647806993,77.17143155083077,78.1073627987959,96.43350259513551,90.04295320894803,1,0,0,0,1,0,0,0,1,0,0,0,1,0,0,0,1,0,0,0,1,0,0,0,1,0,0,0,1,0,0,0,1,0,0,0,1,0,0,0,1,0,0,0,1,0,0,0,1,0,0,0,1,0,0,0,1,0,0,0,1,0,0,0,1,0,0,0,1,0,0,0,1,0,0,0,1,0,0,0,267,320,53,0.834375,15,270,320,50,0.84375,9,147,320,173,0.459375,24,258,320,62,0.80625,9,69,320,251,0.215625,101,156,320,164,0.4875,48,261,320,59,0.815625,9,288,320,32,0.9,9,261,320,59,0.815625,6,180,320,140,0.5625,15,114,320,206,0.35625,51,312,320,8,0.975,3,153,320,167,0.478125,33,303,320,17,0.946875,3,279,320,41,0.871875,6,315,320,5,0.984375,3,183,320,137,0.571875,42,213,320,107,0.665625,12,291,320,29,0.909375,3,39,320,281,0.121875,174,0
0,train,no_upgrade,6,1080.0024827275993,0.09356428721247291,111.8944006919137,103.43355016750937,116.00533971523434,125.87329787998823,112.39759897980471,122.10958480302575,102.30683342695836,116.88372996556147,121.33375402183822,105.22090531349757,110.30518165921684,113.87604715131292,103.36264733590961,116.70594378570921,104.18316971104257,102.78074008156139,110.34140526294817,117.84050254876858,101.3880582310486,102.49255060682961,118.73147542785838,120.96380872364192,99.76163209920738,94.18763563013104,133.5241651791911,123.16200526816085,110.48420956249751,104.99798398755865,102.83177726112613,104.16696191260098,108.728204741225,121.3307359990907,106.2195242696687,101.45485750640533,119.59213363838171,112.59972652927264,106.39103370581924,105.1657286326486,119.84180208191508,118.01354158911045,133.34764567408186,110.3794623186577,127.56822122189602,115.23532790897654,93.01041143917422,123.16489388670541,127.66023143280893,118.92302736263647,123.19934426203737,115.12196227882981,115.57697187575158,109.98112988011842,120.0679142925552,111.91370941476403,127.13867193656455,126.6515487458831,111.26108719885451,113.32539999509497,104.82867353762131,113.38761663124794,119.07047623443475,114.9240306790645,117.2411847451752,135.49848250872162,114.32322236881859,129.83777478310296,125.61615004511658,98.5216609095478,117.74493951594289,111.46696428876757,119.83284039269552,120.65284823242536,103.25106759933158,105.16309988392938,116.41661717884244,111.7994652148994,117.49269441074996,106.02536478508709,119.5723340296027,100.731350401493,108.64175071243439,121.28110165349466,83.3023864982248,120.68115342318796,107.59485959675142,141.22321836697498,104.73623411187127,128.94195369518252,108.98850461712873,112.74990542879159,104.89776915686079,126.43470579645042,121.97168889881715,129.1683321892553,114.05782230948182,111.73207164453162,106.29905493745872,121.24679956715798,112.73250347555653,110.91549442075997,126.99555439806979,108.88870850415933,110.20067583414823,114.46845700609832,110.63404048751988,121.7342571515459,106.00952742145546,106.35920075057648,115.11816171531993,110.25745797042464,112.79596609402405,97.46023038834812,117.06125296896631,124.01049431492484,101.61113015998275,115.1472038378288,119.93881295359004,99.30002633640963,115.01425211446427,101.80069534878129,120.39472205989648,122.34498555448839,99.5484078728192,104.28187744396303,120.27958437949214,117.293170378135,119.17731124464021,98.74746520173326,104.60101446322736,103.62439748256813,124.07034582982062,118.99795464522094,1,0,0,0,1,0,0,0,1,0,0,0,1,0,0,0,1,0,0,0,1,0,0,0,1,0,0,0,1,0,0,0,1,0,0,0,1,0,0,0,1,0,0,0,1,0,0,0,1,0,0,0,1,0,0,0,1,0,0,0,1,0,0,0,1,0,0,0,1,0,0,0,1,0,0,0,1,0,0,0,276,320,44,0.8625,5,264,320,56,0.825,9,174,320,146,0.54375,27,234,320,86,0.73125,12,123,320,197,0.384375,33,174,320,146,0.54375,18,306,320,14,0.95625,3,276,320,44,0.8625,6,303,320,17,0.946875,3,243,320,77,0.759375,9,177,320,143,0.553125,21,306,320,14,0.95625,3,225,320,95,0.703125,9,285,320,35,0.890625,3,291,320,29,0.909375,6,291,320,29,0.909375,9,201,320,119,0.628125,15,246,320,74,0.76875,12,297,320,23,0.928125,3,69,320,251,0.215625,75,0
1,train,no_upgrade,1,180.04060712097908,0.0,26.937049666064937,25.57852155213086,25.48091461003543,26.68981248435062,24.438415766333215,26.58956608926951,25.95597806091533,25.776007755593195,25.479146024526603,26.190357158804094,27.824366769005014,26.614537550389848,26.43850482084028,25.197652639665584,24.878373127171834,25.861942813014736,25.11526379602673,25.457135059951863,27.510196817937246,26.971328670026608,26.66870263189185,26.16410459404506,27.289432036690492,24.284293326163585,26.419358017032817,25.322820174936627,25.131813963499305,24.46007056171074,24.329787990280973,25.385683501499827,25.896762762570795,25.747167271256462,24.95017234312672,26.293197531520168,26.83426770372492,23.825495797543837,26.16319142829291,25.65348748488933,25.895948480766915,25.200208274332084,25.06396891831564,25.36606697145963,25.73067814051446,25.748091818377237,25.63330018470132,25.86389380315168,25.91695577484046,25.242500505277917,26.866621008936818,25.994606091042147,25.143417642390048,24.487946606098333,25.887337793693977,25.910861213948063,24.905382477750795,25.355664514341264,26.32176231754686,24.975558193021097,27.330880348516725,26.274919246598618,24.65748765442136,26.741610753319076,24.921365312273906,24.33392815919146,26.852959980099506,25.34769985571913,26.610694312682746,24.898705690952344,25.209068065199297,25.266961111231083,24.972956598731656,25.306744571746442,25.159888451820304,26.50354269089228,25.845760316784606,24.672005151694584,25.392479215172656,24.546712923823854,24.577814533727956,25.8151939253047,25.002816226462148,25.083492207293034,26.983112362417078,25.426604983806023,25.7932393014493,26.761250088827317,24.595775175293184,26.364027877691058,25.324090267454956,25.337714254073802,27.413361957212437,24.765992286343195,25.63837995261847,25.771661581086175,26.30625649035752,24.76859729779132,24.633742342240023,25.13101580997208,23.782554295907808,25.177426196926056,26.55466183265549,24.862036453285555,26.69825123142397,25.39153442303646,26.529178904927825,26.738119305224295,25.886232919376805,25.752856451276358,26.0405966274018,24.980645918654915,25.25428832391308,25.407319606440947,26.977941132391898,25.144384903364237,24.69975773574112,25.986865951085736,25.454177936361337,26.247753362164293,26.686247047479917,25.60246379282754,26.322332948246263,26.234442676309598,25.11289488357666,25.749704233439328,25.54352631397587,24.279346548092413,25.51995422250191,26.67604836827006,25.144444433064116,25.774689603313767,25.50513104799765,26.76005624475533,1,0,0,0,1,0,0,0,1,0,0,0,1,0,0,0,1,0,0,0,1,0,0,0,1,0,0,0,1,0,0,0,1,0,0,0,1,0,0,0,1,0,0,0,1,0,0,0,1,0,0,0,1,0,0,0,1,0,0,0,1,0,0,0,1,0,0,0,1,0,0,0,1,0,0,0,1,0,0,0,63,320,257,0.196875,233,93,320,227,0.290625,50,30,320,290,0.09375,230,93,320,227,0.290625,134,15,320,305,0.046875,269,57,320,263,0.178125,113,93,320,227,0.290625,110,219,320,101,0.684375,50,36,320,284,0.1125,212,48,320,272,0.15,245,24,320,296,0.075,257,126,320,194,0.39375,134,51,320,269,0.159375,143,198,320,122,0.61875,59,126,320,194,0.39375,50,54,320,266,0.16875,245,36,320,284,0.1125,251,120,320,200,0.375,68,120,320,200,0.375,60,21,320,299,0.065625,293,0
1,train,no_upgrade,2,360.01384055172974,0.0,34.97082353113457,34.19992492991076,35.9547507711703,36.11606160579432,32.38812319555026,34.84809925273082,34.93612268165777,36.692904506110175,35.85797625588636,33.61451791842154,34.68586265973681,35.68077753854073,34.56499746763369,34.63259686353317,32.120679096398504,34.339020694796474,34.78118636264831,35.332676443948145,37.293661656440015,36.0097505457569,35.19132749001793,34.429455102590026,36.96989259488386,33.78593814761308,35.6169348386962,34.30368049181097,32.868982174884934,33.45097718116384,33.898890086208574,35.1110230957788,35.9773685559559,33.04535646139654,33.80013414574012,34.27090364226211,35.91849959403644,29.56436111959108,34.647796055191144,34.73624990727571,33.748251546106935,34.98917806377124,34.214788984297705,35.214371518989196,33.521981325722514,33.12392072633214,34.91012307584056,36.60565583940594,34.53958007332005,36.29242688697775,35.29014024013909,34.43516009318631,33.043316879287886,32.68460933709718,33.88854657519446,36.16590528770656,33.43876427315579,37.36053407073575,36.16351836237661,32.959865652520804,36.423195060051,33.422082412775275,32.28899898169014,37.07846112847007,33.57973722547242,32.3033533133764,36.004836884165265,35.202235286690744,37.763394905781254,31.568606763099403,34.0646999436667,33.48694766158362,31.76366581669233,32.2134551171981,32.60279179029128,35.25778703975062,34.56368566055321,33.186391262540425,33.33311696057511,33.79768561818415,33.14384370346351,33.66678099539869,31.89826685793411,34.45832367970743,36.232418385555526,35.27953292645871,34.163450604098266,35.98549819233464,32.4595689314244,32.9392547499465,34.03329429733807,34.580059758707485,37.36396383331217,32.3056551193996,32.91156822192179,36.01763544817149,37.61922057659171,34.71110455099699,36.03689866043498,34.9613759544712,32.89236811147579,35.642787406757684,37.00311353084827,32.88108968493439,37.2985137552201,34.94592681405937,36.25962698281093,36.01375225362492,35.85374676415731,35.492354829173436,34.083489645062,33.599014698756925,33.019336141571245,33.43044856151921,35.96581009160408,34.84023029097511,34.10533914931794,33.543657732963275,34.14523447025339,33.609486942333895,33.61863865528162,36.36436145418102,35.14080444285993,35.37945182567966,34.64455751880129,34.0307525782129,33.889600227859404,34.11412453932895,35.429433297337376,35.04091930735031,32.31581074706601,32.489232916529005,33.644431639426045,33.98995139311373,1,0,0,0,1,0,0,0,1,0,0,0,1,0,0,0,1,0,0,0,1,0,0,0,1,0,0,0,1,0,0,0,1,0,0,0,1,0,0,0,1,0,0,0,1,0,0,0,1,0,0,0,1,0,0,0,1,0,0,0,1,0,0,0,1,0,0,0,1,0,0,0,1,0,0,0,1,0,0,0,123,320,197,0.384375,161,150,320,170,0.46875,27,48,320,272,0.15,203,126,320,194,0.39375,137,21,320,299,0.065625,218,81,320,239,0.253125,75,153,320,167,0.478125,24,282,320,38,0.88125,6,45,320,275,0.140625,239,51,320,269,0.159375,221,27,320,293,0.084375,242,144,320,176,0.45,137,60,320,260,0.1875,182,234,320,86,0.73125,12,180,320,140,0.5625,39,54,320,266,0.16875,221,45,320,275,0.140625,251,153,320,167,0.478125,18,162,320,158,0.50625,39,9,320,311,0.028125,311,0
1,train,no_upgrade,3,540.0519889949175,0.003698827659707855,48.2509042561611,43.34711033781661,48.08180214224143,47.13903114420182,44.44354405468098,46.75468832318614,45.436027603599484,49.48732163041978,48.29590195139229,45.70466021371138,46.01783984779793,48.99027431452135,46.68996996287167,44.992943827568496,44.263848195215324,45.21835726789908,48.040472985928325,46.820006048265945,51.10435518438402,46.48247432847626,45.340491816838295,49.24111398664408,50.38343611936879,47.57696785962841,49.165707256764215,44.658307252567624,41.819435556297066,45.16760489831267,45.13352039295397,48.100765311771546,48.269349620619046,43.96696226328674,44.28329568520865,45.689305517800186,48.26343364219027,38.17874205633686,46.94112380536571,50.13864117510618,44.004336978123156,46.357068624581316,46.922305063655394,43.44300566825198,47.80611266090398,42.88544651874194,49.733519214772926,49.25619038176701,45.52190882677684,48.766171873604705,49.74733718316964,45.527580740805064,43.77938278478605,43.56522715413659,46.85948755360926,48.39327436771127,49.0830831639389,50.07209127282545,49.66421924437724,43.403530130523556,46.86883617073011,44.76463969561813,40.33698112933691,49.61545388522323,45.24965687717873,41.8112105517804,47.579247467380256,47.58418414242534,50.804705457458226,43.498230137443365,47.29378003115121,46.05632858229642,42.857560691872145,43.317325426567365,43.35629804304331,45.150085298693796,46.63842506908301,48.53070323138834,46.80306817729899,45.88984571806708,41.96919184942251,44.96171333343152,43.25433555887352,47.529113639648905,51.45473012397017,44.467047830663105,44.61572785277252,48.42327761568561,43.76850163142775,44.672790460946594,46.69478055581674,46.606924255621536,49.805932943352836,41.85181124124279,44.0788562037231,49.30499385028296,49.776880202905446,45.85473733871852,45.5015004933469,49.29998727044587,43.529300712845725,48.56577040232067,48.704134260678245,42.21315239304508,51.156896417481214,46.72831101210784,50.75030247694133,50.67509890359146,50.54746542530784,46.13203782112245,43.36347252585797,42.429757580823775,45.15983675095091,43.987739623436454,46.61423266053963,46.31101177971055,43.168642553384956,47.013907762771474,44.39777024575496,44.58831687425858,42.01126986941444,51.51830159483336,47.59655158966294,45.8096529843119,48.910745902964784,45.255766322157555,44.587705350390095,46.36918971521634,49.72979358831118,45.064731177320716,43.4692640190853,45.738335207093606,42.770148945195686,45.23713458106262,1,0,0,0,1,0,0,0,1,0,0,0,1,0,0,0,1,0,0,0,1,0,0,0,1,0,0,0,1,0,0,0,1,0,0,0,1,0,0,0,1,0,0,0,1,0,0,0,1,0,0,0,1,0,0,0,1,0,0,0,1,0,0,0,1,0,0,0,1,0,0,0,1,0,0,0,1,0,0,0,153,320,167,0.478125,128,186,320,134,0.58125,21,42,320,278,0.13125,158,168,320,152,0.525,68,30,320,290,0.09375,251,90,320,230,0.28125,51,129,320,191,0.403125,45,303,320,17,0.946875,6,117,320,203,0.365625,116,78,320,242,0.24375,108,84,320,236,0.2625,53,201,320,119,0.628125,42,84,320,236,0.2625,38,282,320,38,0.88125,3,237,320,83,0.740625,15,135,320,185,0.421875,98,72,320,248,0.225,107,171,320,149,0.534375,24,237,320,83,0.740625,24,30,320,290,0.09375,287,0
1,train,no_upgrade,4,720.0242997870455,0.01477395463663015,65.81905868971491,60.298741799650465,64.5811696007222,58.967037720556576,59.0387896740417,65.74875090681945,57.1075281580225,67.37033119466528,62.80986856892733,59.29284662331541,62.96958005297024,66.15747158807675,62.3535767973064,57.65815067892013,54.92763549945143,60.46634065656425,66.00733253805036,63.409461596187164,71.0334623819118,65.38815402617674,59.75339097450921,65.696664240156,68.76220002112638,64.68208380255739,68.43193528893974,61.12232190701538,55.57789243093143,62.05359038845825,61.59223524902084,66.30648814600892,61.03542961455738,57.78712183659732,60.52405433366085,62.869257711465785,69.50762183478882,49.32266112670563,59.63941324383268,72.14607244664265,56.936337116094286,60.69664126381544,63.95071884198357,59.046718849356544,68.3293013043777,55.15691100678737,63.9262447965516,66.05162299869724,61.76197172736187,66.60455283734997,64.11396154456195,61.232002220046446,58.49956991801151,60.116617453394895,63.87890080371834,66.47404698323787,63.900035144194234,70.05304234525946,69.57517779174755,56.535412360745156,61.59369028783898,57.72373000653053,51.20603926564325,64.38917955252431,62.100885154529976,58.07848221031078,62.78031211599248,67.16764186479146,63.42320976697882,57.200724728908135,64.37424263951132,60.833681170523874,60.61388844444412,59.68942188319391,60.463517100098144,59.36803556502072,56.815713567214125,64.44571993464115,60.117389327426345,57.63759158392539,56.07071836572004,62.41667497596829,56.96135520675054,58.682598469837764,69.20332294410278,59.2081414861624,56.79720321749896,66.99637156377007,56.00294674710911,59.435865898490434,63.981656651949244,65.20421304848836,65.3398012719167,58.61286382643873,57.70100774395392,65.18592654380666,65.43289135460425,60.702257060024955,59.48663074598382,67.4131947908952,57.84505162836265,64.74296293024564,65.08870320502953,60.82262195049737,68.50220773917243,62.763399058722285,69.72337627889486,67.55389243111263,66.6699001070496,61.61942941360201,58.2923316173082,56.16998492510014,61.80947678952978,59.58682887360242,65.37280972251499,59.15841259212254,59.2898689162189,63.98712358759695,63.692572691221585,60.76729423813707,55.77769365854727,70.16177982664942,64.1183664932403,63.17660690184693,64.91498103174335,60.84061484491778,58.730254771559466,60.96644609960673,66.26517703537034,61.60026630079425,56.32060828169096,61.33331408421655,59.72679739469972,59.45156044655759,1,0,0,0,1,0,0,0,1,0,0,0,1,0,0,0,1,0,0,0,1,0,0,0,1,0,0,0,1,0,0,0,1,0,0,0,1,0,0,0,1,0,0,0,1,0,0,0,1,0,0,0,1,0,0,0,1,0,0,0,1,0,0,0,1,0,0,0,1,0,0,0,1,0,0,0,1,0,0,0,195,320,125,0.609375,86,252,320,68,0.7875,6,102,320,218,0.31875,101,198,320,122,0.61875,27,51,320,269,0.159375,140,132,320,188,0.4125,21,246,320,74,0.76875,9,294,320,26,0.91875,6,264,320,56,0.825,8,117,320,203,0.365625,60,93,320,227,0.290625,75,261,320,59,0.815625,6,168,320,152,0.525,33,288,320,32,0.9,3,288,320,32,0.9,3,255,320,65,0.796875,8,105,320,215,0.328125,33,177,320,143,0.553125,18,285,320,35,0.890625,6,42,320,278,0.13125,267,0
1,train,no_upgrade,5,900.0183979187094,0.04253035143769968,86.70446817053305,81.2912341404375,82.29429279700265,74.80565693345969,79.28925426416313,92.91574381696955,70.18017406692748,87.48483408348535,83.12856647464513,79.42797235509116,79.04264492801995,88.32036446590537,88.20670287834099,74.55581809535389,73.91395686212735,79.8028480697151,91.39969486777912,84.52143670945502,92.52986947154838,89.61905566986343,78.54050173832307,82.58498142076732,93.65989552740237,88.64180634530867,91.72450034428547,83.86836816160124,77.6685351359579,81.22148946362202,84.78951900639679,95.69994489666615,84.85090717980692,79.66785540099289,86.44108191350189,83.44433409226086,97.14457204523111,65.16852676217006,78.51494299907216,100.25071659847862,75.75335780905391,82.52332394974951,82.64211832128487,77.39106854219311,94.2012459833807,71.39491917916024,90.81145646515044,89.34558735833839,83.09921783523929,91.90693666871093,83.19088490389426,82.3618506343888,81.31115348378906,81.06939557891143,87.09522432277303,85.19910021669293,92.2259030332635,87.15522060472125,96.12568968798216,77.3079867110767,83.35252926393667,75.67697193946115,66.51506476620783,84.02988870826115,85.58203784332204,74.718212503294,88.59869746835213,86.95167557777754,83.31475773183055,72.0472958580367,89.82325221892019,76.89370487387025,81.45191273391099,78.5055091911962,82.08220386806259,81.13150743107153,75.30349577323739,88.59917817501871,82.29164319113076,79.38953867589356,79.53549057375386,85.02395612763031,77.34137265848105,81.76129149172775,94.06144942335268,75.7108197775209,77.97505700754408,92.32075540250226,74.91996877095082,80.90870312054635,83.68667724675925,87.33786283068534,85.49888176672181,80.5837973229736,78.65167069486176,87.6634821137294,82.56681761276495,80.73840192902092,73.75014374533748,91.05363607870926,77.76476699197678,92.8666786427869,85.56514878370487,84.55777540088589,92.1238429147598,82.79221770418285,93.30139611543487,93.93233758089312,88.31672897873815,82.48496648591853,75.16919154872731,72.62479403227901,79.05318180780951,77.07214702710368,84.13822104716435,78.65967405421117,76.35892027005242,87.75234475354127,90.75666606868765,83.4954823254319,73.6893463612916,97.54263203336076,92.41178850686153,84.93104318615293,89.97818155491659,78.98974913850856,77.64308726712582,77.71587976022674,84.76144159715635,83.814477749442,80.18558002470186,76.96058204469152,77.6821748826462,82.99955592922909,1,0,0,0,1,0,0,0,1,0,0,0,1,0,0,0,1,0,0,0,1,0,0,0,1,0,0,0,1,0,0,0,1,0,0,0,1,0,0,0,1,0,0,0,1,0,0,0,1,0,0,0,1,0,0,0,1,0,0,0,1,0,0,0,1,0,0,0,1,0,0,0,1,0,0,0,1,0,0,0,222,320,98,0.69375,29,234,320,86,0.73125,9,162,320,158,0.50625,26,207,320,113,0.646875,12,81,320,239,0.253125,176,153,320,167,0.478125,24,219,320,101,0.684375,15,291,320,29,0.909375,3,255,320,65,0.796875,9,132,320,188,0.4125,27,102,320,218,0.31875,47,291,320,29,0.909375,3,231,320,89,0.721875,11,303,320,17,0.946875,3,273,320,47,0.853125,9,279,320,41,0.871875,6,210,320,110,0.65625,15,228,320,92,0.7125,9,267,320,53,0.834375,18,57,320,263,0.178125,260,0
1,train,no_upgrade,6,1080.000595471619,0.08844206974128234,110.08160947527963,112.99704251342128,112.43857048554997,101.07977902661531,113.36532381126105,125.13581217908774,90.57489188378773,121.64086679602191,113.02982271826662,104.66468188677501,107.89271471002559,123.12907269722825,118.31291824669094,97.95345436117222,102.86274822842437,105.14810856320823,117.35481000128041,110.11474953772955,131.84612899028693,118.9609690666152,104.06341442107087,105.85109355256607,121.83896133972029,121.32768006281105,123.20552776540883,119.56785073145035,113.22900720574263,105.19675309168419,119.52773364009248,128.72447496575796,119.60390576456872,109.32846117501958,109.365540281855,115.1433945880951,137.22571731142182,89.29518657885637,115.28770588091272,134.50262315659114,95.64232002799145,110.07636078977953,111.15991983748172,104.92658255089195,118.07600378537838,90.55510418411598,121.86663577209642,113.05891398536991,114.913820449306,118.80835672074973,110.66142328996517,110.3104839357607,113.32851592315208,109.38421734489964,113.43351685609113,113.87793256738752,124.63161988412408,123.25236953541044,129.2455421882924,99.70682847708026,109.15970082244654,97.34998813564259,97.989677245099,113.79148179847216,118.04964108989057,108.54012485312727,122.04127881875684,116.38863390942734,113.88512483085375,91.06992773198535,130.94904155250128,105.72942140904514,107.18241599091942,99.81368819612021,117.45741394298412,109.75029794797071,100.72405304996973,116.24892157828171,107.4039727231001,103.52841239914858,109.47931013223,115.27863181567456,105.52844231861475,111.65641868989331,133.12290627051004,95.76133404626746,103.48208067904295,121.7377353911521,99.9564328660878,105.01362562962427,108.13943009066992,113.40437656973701,115.61703731642014,108.21866795750445,112.03537054723178,112.24459023386486,108.95380496261627,107.45651417634481,99.50865343816139,122.40128430098412,98.69557726886987,133.00282929115815,113.57925209194832,107.46145324925295,118.43149237911791,108.7299674941153,130.1172079141486,126.16472432507443,122.03847708356697,110.89701784160684,101.25276545813966,100.74696056711223,106.95323801480657,107.05066700017233,110.8561827072682,105.79173173169596,102.78065301686912,121.15391808869276,119.60978052506835,114.20243331652138,107.33417469012588,131.95306168979212,118.15936895957412,120.34061191604874,124.32287287626946,106.37736216565808,108.39265092408876,99.79212034730527,115.01264960648228,108.46684548818817,112.0983681538728,98.19580113481946,98.22318550969106,119.0685416798769,1,0,0,0,1,0,0,0,1,0,0,0,1,0,0,0,1,0,0,0,1,0,0,0,1,0,0,0,1,0,0,0,1,0,0,0,1,0,0,0,1,0,0,0,1,0,0,0,1,0,0,0,1,0,0,0,1,0,0,0,1,0,0,0,1,0,0,0,1,0,0,0,1,0,0,0,1,0,0,0,291,320,29,0.909375,6,249,320,71,0.778125,18,171,320,149,0.534375,12,246,320,74,0.76875,12,135,320,185,0.421875,57,237,320,83,0.740625,21,312,320,8,0.975,3,291,320,29,0.909375,3,249,320,71,0.778125,12,216,320,104,0.675,24,222,320,98,0.69375,21,300,320,20,0.9375,3,225,320,95,0.703125,12,291,320,29,0.909375,9,276,320,44,0.8625,6,267,320,53,0.834375,6,222,320,98,0.69375,26,240,320,80,0.75,12,306,320,14,0.95625,3,42,320,278,0.13125,188,0
2,train,no_upgrade,1,180.06986099960022,0.0,27.136143324944733,26.04336280322996,25.602029370395776,25.660191812544223,25.91805752255668,25.811926539212802,26.70599010131063,26.092166342244514,25.358145977178427,24.718109425524347,23.727462595360034,25.193025201363913,26.088790784329024,24.91100736145932,25.459752927488584,26.85861359898035,27.515679580759027,24.5383031642663,26.83137960012108,25.95913196132605,27.287185077069978,24.5498497795892,26.502554576104448,24.70032837502935,25.288339586057376,27.072654839306303,25.885682542249466,24.958789279380262,26.459292876037853,26.486321620511216,25.18442658500119,25.05146060628873,25.15969177953205,25.041394076009617,24.76788044470262,25.543731464514856,24.19424102973042,23.99404381228717,25.664462312686883,24.312323673806738,25.103269741427823,26.125085044306786,24.016262119184628,26.048641373542402,23.449064845763072,25.1455659446127,26.1767353281604,25.29703732242879,26.32708111302004,25.176716336309948,26.122191561900912,25.351343887698725,24.489720369259913,27.564007624680325,25.59272204938584,23.71558267222063,25.448064686833174,24.261168052816817,24.83697904526461,25.72877664388716,25.59549585895963,25.254312446912444,24.721770705727046,26.95284510831833,26.032392993731342,25.338655559712446,24.746096533932057,24.348581460888585,24.40893444635959,23.684185350032525,25.19302759129645,26.27947958614118,25.522493748640866,24.54505737660385,24.938099656735876,24.95396593373474,25.396008828074596,25.417367609731055,24.28329126363513,26.051993570566506,25.40188196620072,26.725272265235244,24.369794339798588,25.155433056886103,25.360248840711204,25.386800593841464,24.307025566701636,25.55679280571783,26.073980718149276,24.920040423602817,24.295569825253867,24.238893551783622,26.322433150507482,24.759419839570523,25.87187410237022,24.94442121714365,25.287104677094124,24.34164079498094,25.38083381950469,25.329691483350395,25.454343817777705,26.571700456758215,24.54855306526962,25.604881827280103,25.6355971793166,26.018357621634955,25.184601127830838,25.919581618522493,24.630728664125208,25.881803812674306,26.015828717192225,26.35624552784154,25.685009854600285,25.91081487635894,26.85029051010052,25.443567659699788,25.142223110675502,26.226140689519802,25.44374500313049,26.342892988746303,25.742486295465582,24.80876825557135,25.567999051210432,27.088037978930323,26.074947601446052,27.192083265367838,27.00455447074766,24.75627567868048,25.193241314948985,25.917011749856183,24.91306972595239,25.519702094880497,1,0,0,0,1,0,0,0,1,0,0,0,1,0,0,0,1,0,0,0,1,0,0,0,1,0,0,0,1,0,0,0,1,0,0,0,1,0,0,0,1,0,0,0,1,0,0,0,1,0,0,0,1,0,0,0,1,0,0,0,1,0,0,0,1,0,0,0,1,0,0,0,1,0,0,0,1,0,0,0,87,320,233,0.271875,221,108,320,212,0.3375,110,42,320,278,0.13125,215,84,320,236,0.2625,182,18,320,302,0.05625,245,60,320,260,0.1875,53,117,320,203,0.365625,42,174,320,146,0.54375,110,51,320,269,0.159375,233,36,320,284,0.1125,269,18,320,302,0.05625,263,102,320,218,0.31875,182,45,320,275,0.140625,227,150,320,170,0.46875,110,141,320,179,0.440625,149,36,320,284,0.1125,269,30,320,290,0.09375,239,87,320,233,0.271875,125,111,320,209,0.346875,149,12,320,308,0.0375,302,0
2,train,no_upgrade,2,360.0065548757936,0.0003456619426201175,35.29643518901435,33.275337429371056,35.05232622319959,35.286511419598334,34.06502454321264,34.134228872358214,35.96892852689865,36.29720711596093,34.19557593332401,32.24734378817425,30.6075394204396,32.07472220400967,32.715860705422095,33.21166818033281,32.655111108575774,34.85840770251338,37.15253511916289,32.389231591833855,36.15137778193069,34.04983610195958,35.59989907043083,33.30712771691938,35.91690921394242,31.330563426241884,33.245150033910555,34.47722373274655,33.03640799278272,31.80351344373113,34.98400634127825,35.823091596216216,32.666090135353436,32.49832089660325,35.98673219999847,35.94473117511088,34.68654922414484,36.03900042555887,32.28240863241972,32.50321256074275,33.62710901189844,31.558188111173916,34.19238925609584,34.467765690556774,33.60047561679486,37.48177279697099,31.424325246768003,35.02216435375037,35.593274725281205,33.32033443095765,35.877729696094804,33.0069765211847,34.06636420899352,34.325798073606634,33.328079370344746,34.930741479913316,34.710233895217605,31.978821955309012,35.73676742992039,34.625222433120385,33.59975202540333,35.378890143193914,33.738771310040725,33.96903067077279,31.902422750270468,35.807316635039236,36.30500251585772,31.941394482782425,32.67359053340879,31.048889669078935,34.04386176631323,30.66734160116272,35.358522383360615,36.11366048214185,34.01261007930352,32.242170544268646,35.4076422300744,31.36224738316812,32.740360475542836,32.86862300569334,34.68912569961608,34.85717330922659,35.441157482350036,37.674418194375185,32.28245385381875,31.676968374613345,33.11731165639456,36.00826192816091,31.12383280255603,33.67241062648671,34.8884479285898,34.20842910257381,33.257789287972365,32.77048675414572,36.13207728008721,32.17934738881377,31.98648725454438,34.4052739035585,36.94020650676662,34.64685671780868,34.41172496178395,33.68700112594597,33.04673245986581,35.55709967412719,33.707984383452654,33.38154373723204,36.92282059777997,33.31143711667156,33.63225542941899,36.50002415424984,35.01790143812696,35.13250773264419,35.20719927681707,36.151054986846354,33.576390009851146,36.08378048991526,36.43894527260026,32.39103552679731,33.35669777140353,33.15481947888075,34.480228505333294,34.21895698754526,34.39920940141375,35.13956587667774,35.3913017303172,37.93450649823008,36.37575707400092,38.09605239768102,37.7130842403611,32.84345586688591,35.30565731205845,33.261852641451355,32.96390101841334,33.654807140574476,1,0,0,0,1,0,0,0,1,0,0,0,1,0,0,0,1,0,0,0,1,0,0,0,1,0,0,0,1,0,0,0,1,0,0,0,1,0,0,0,1,0,0,0,1,0,0,0,1,0,0,0,1,0,0,0,1,0,0,0,1,0,0,0,1,0,0,0,1,0,0,0,1,0,0,0,1,0,0,0,108,320,212,0.3375,200,105,320,215,0.328125,51,48,320,272,0.15,230,99,320,221,0.309375,72,45,320,275,0.140625,212,78,320,242,0.24375,56,171,320,149,0.534375,20,279,320,41,0.871875,9,84,320,236,0.2625,170,27,320,293,0.084375,155,33,320,287,0.103125,173,180,320,140,0.5625,45,54,320,266,0.16875,137,297,320,23,0.928125,6,159,320,161,0.496875,36,69,320,251,0.215625,170,48,320,272,0.15,233,189,320,131,0.590625,12,153,320,167,0.478125,42,12,320,308,0.0375,302,0
2,train,no_upgrade,3,540.0053481896692,0.002689853621919179,47.3562028545026,44.62032856372379,49.39014268964008,48.36686945511012,45.96770390742028,45.34721664302205,50.00615723105581,46.34364408615149,42.509998361230906,43.576609433288205,40.08703873011522,43.205010929100936,44.21315584008602,43.402146895416074,44.55108445625657,45.953013873922686,51.018072414483704,45.794108763587616,49.77423262396138,46.123340079055936,49.477720207931554,45.45205818265273,47.99872482037844,44.10303349829541,43.45776407482617,44.61676651008806,41.489023865786585,43.5890421061006,47.189959723827386,46.87076917350532,44.881987770888145,45.950662374780144,51.3317217673817,48.72443016764021,45.671548650023325,44.71732101832631,42.47130382880278,43.30345801417432,43.59727570521367,40.75174669080627,45.10929533176296,48.17041649720904,43.75589640178275,51.53316442064625,43.75885210266247,44.180752563800624,48.57594293003115,46.71675925309059,48.03913835498985,42.92910150014569,48.9061013274132,48.163326266595064,44.238526320677934,44.87901636013454,45.84728495363915,43.977587219766534,52.33729268483283,45.236525346569415,44.21302644007667,47.45857954117089,47.308191436410745,45.80256616915066,41.740509921153205,44.06057616472109,48.44160576651673,45.767971493408254,44.97516303490581,39.83240265401686,45.601773088604155,40.98615683560141,47.65622609737617,50.61991198172483,43.28011238267424,43.49861299662019,50.19702290584672,42.727549957984074,45.48687878298673,45.58144865320374,46.29151500202038,46.48062536084881,47.763357675152136,51.58677647610289,43.79166391136957,41.06008417630243,43.394054132391005,49.27733614572254,41.27439970639969,45.50787590367484,45.80787629098842,44.485363141723624,41.89086441933628,44.816813901543014,48.258920194954904,44.87266138386786,43.351989575942866,48.98741963069439,46.82773804350993,45.69851505833796,47.5015463528969,44.052917684821715,42.80066546035461,46.001300290629786,47.416491749588666,43.417764000638016,51.032109172346416,43.87426821170888,45.31545573165654,49.756112664796376,49.09710262925235,49.06212877846478,46.573620480867255,48.896486014487934,45.87156783371462,48.346523501187306,50.54876165538414,45.097154386216744,41.43355908995478,43.58545196749505,45.99405323461988,45.9326130338988,45.87150325183944,45.37549439250553,49.972048017499006,50.916032686037134,51.214823494502525,50.00462044631049,49.30361711370332,42.47963032907654,46.99068074684405,44.606605381567064,43.16360776965881,43.706339859685734,1,0,0,0,1,0,0,0,1,0,0,0,1,0,0,0,1,0,0,0,1,0,0,0,1,0,0,0,1,0,0,0,1,0,0,0,1,0,0,0,1,0,0,0,1,0,0,0,1,0,0,0,1,0,0,0,1,0,0,0,1,0,0,0,1,0,0,0,1,0,0,0,1,0,0,0,1,0,0,0,144,320,176,0.45,158,207,320,113,0.646875,14,108,320,212,0.3375,143,180,320,140,0.5625,18,42,320,278,0.13125,188,90,320,230,0.28125,120,153,320,167,0.478125,21,312,320,8,0.975,3,129,320,191,0.403125,66,69,320,251,0.215625,87,75,320,245,0.234375,107,291,320,29,0.909375,6,99,320,221,0.309375,45,297,320,23,0.928125,6,300,320,20,0.9375,3,120,320,200,0.375,152,87,320,233,0.271875,99,225,320,95,0.703125,14,216,320,104,0.675,18,24,320,296,0.075,296,0
2,train,no_upgrade,4,720.0013234841772,0.013540329170071204,60.84639691838951,59.34351122659298,66.25997687145951,62.92465130065243,63.7163385168861,64.47729674862899,68.67605934031828,61.01367058275804,54.64031166344541,60.30439652552372,53.510859190716815,56.73916104307042,57.84122036205766,57.05391661330102,62.86278312000816,60.93122597820698,71.27121596429346,64.07441371318873,67.66371985201994,56.77354706148166,67.40273569472693,59.467804211513894,68.53138982838635,63.36148277319745,61.21026373452031,59.9695357421008,56.0145181326937,61.119228531908774,66.1377135351013,63.71743042407421,59.45470104350175,60.34456677502317,68.87850349513633,66.42569318721108,62.71988130478715,62.47616022708556,57.6758914558271,56.851065172231564,56.95996138542762,55.10872105873502,58.96945823793092,66.95667182095201,56.328447327885954,72.5228038590331,54.556266685826245,55.5908802633556,62.50139460556129,64.13707510651288,61.443074692366146,57.50097495986552,62.308684928781304,62.57287806082553,58.23004652075339,63.81275429259533,60.78435323776527,60.92111066038924,71.59262035107872,60.468399073673055,56.38318382614136,63.73153246050536,59.9472278330535,61.8279160256476,51.68472121974665,61.07119359767774,61.24085214155792,60.004882140013585,60.002132675358745,52.60538319200382,64.00886724736928,55.8739115456723,66.42530450626862,67.16983402842688,56.248579910412545,59.00697513284371,72.3736263042513,61.38111104409459,63.063540892640475,61.30437937095189,64.26968346512652,62.533124476245554,65.50974371005992,72.4331859770826,59.245507035874866,52.23182288101435,56.45228150771793,67.22521291529135,54.28702013956479,60.95629203790492,62.26595152886944,59.86346670375876,54.33852597581348,60.96173636908559,61.4194429180025,61.58647358129921,60.42681685795573,70.45287387772908,60.56608984831721,61.32791638871452,68.50898760894984,63.43150472918976,54.63773277031278,62.66588531437897,64.20391055246385,57.02209571301739,68.59343848794381,61.919395092571904,60.144196191817755,63.94635050137166,67.46073455674257,64.22797893615933,63.770802960181825,67.74912845489166,61.1229374845209,64.85884312940838,66.30002276198722,62.09174244117139,57.39418581732877,61.102471747040504,61.69172508065863,63.99181908815953,63.306534085506925,62.76608682522436,63.181958322012136,67.85251149450278,67.6376168039085,64.68304683615791,66.84640364546685,53.98274374612013,65.00896682361886,63.41261762165882,57.45259698109445,57.358466586262864,1,0,0,0,1,0,0,0,1,0,0,0,1,0,0,0,1,0,0,0,1,0,0,0,1,0,0,0,1,0,0,0,1,0,0,0,1,0,0,0,1,0,0,0,1,0,0,0,1,0,0,0,1,0,0,0,1,0,0,0,1,0,0,0,1,0,0,0,1,0,0,0,1,0,0,0,1,0,0,0,207,320,113,0.646875,27,231,320,89,0.721875,12,90,320,230,0.28125,119,189,320,131,0.590625,24,60,320,260,0.1875,206,96,320,224,0.3,89,198,320,122,0.61875,18,300,320,20,0.9375,3,234,320,86,0.73125,12,129,320,191,0.403125,36,96,320,224,0.3,30,279,320,41,0.871875,9,141,320,179,0.440625,18,294,320,26,0.91875,6,282,320,38,0.88125,6,246,320,74,0.76875,17,126,320,194,0.39375,63,207,320,113,0.646875,9,258,320,62,0.80625,9,51,320,269,0.159375,153,0
2,train,no_upgrade,5,900.0164967258179,0.04408131755018013,84.48662758160381,78.47717408865395,93.59502729041003,84.02537787364085,90.58058394126522,89.91462656148146,87.81497601623009,81.58374177126662,75.99895874264945,84.24230517995669,70.69689390493343,75.41402974360277,74.71142771595734,78.39016346653011,87.06559963910456,80.41671010744042,102.26115466220615,89.88781396714357,88.11003192020009,74.4212954159181,96.35562321255482,79.45741279908265,92.17362817087445,87.3056694491443,82.58916094795174,82.78651039485374,76.87946102161038,82.05165873549333,94.57078352894217,83.40010194396979,79.40678187806202,76.76580453960739,93.12862419901411,84.94647150823538,82.23977342430402,85.79516382595173,76.94723536516408,75.86171640067985,78.82976698559956,75.2128557598035,79.878473772795,88.12990714127167,79.62860541298686,97.24344483997994,69.75413743845968,78.36165387047015,81.10634550453203,83.93888443650225,84.34451322989582,75.73405762947536,83.12840161200336,83.67121630047168,73.71042833121841,83.54335025842794,80.20816941679423,85.52890223785022,94.62867322518713,85.87002365996078,74.97797978113077,80.38805854976945,77.76013006951837,85.49973194656444,70.33570688858853,80.7803363479306,77.86713266237128,80.66117777828701,82.73178146424769,68.78122307321259,86.76055426887858,73.19150372343785,86.93796408042498,95.47918197816173,78.81704839730365,80.34377405887304,97.07439230646449,77.86738634268302,84.82505531327894,85.83893955437681,86.89621518241003,85.70242058122024,92.17070924909413,96.52550370727504,79.66535024866552,66.90306743393286,74.5523909675107,96.91789424593203,74.56701311555891,83.61175516900047,83.76297692322944,79.22501264863794,73.97313094615245,81.45892854082037,78.43545935157836,82.1795108980741,75.2446207696699,92.95682901641271,81.8222345635251,81.40613578309612,91.40981408849214,85.0311798174592,70.83269941309788,81.13731263458018,84.01335933191231,79.00194895293552,96.44873561400512,81.40091736225023,82.51130144074801,85.41065885797799,86.57850193752185,82.75940133607618,84.62893761042147,90.57966232917818,82.22586591374105,86.31351081157737,88.9531636818647,85.4664909107748,78.05223564179134,82.55870569006028,79.00971799650982,86.7557549420954,84.97946275205794,87.4114023734185,88.27799347819072,91.18462808976535,84.32575473341467,85.71431119404083,86.7189182779777,73.4626021939222,89.57609072554882,85.80356406811751,71.46596339815392,76.34744963941127,1,0,0,0,1,0,0,0,1,0,0,0,1,0,0,0,1,0,0,0,1,0,0,0,1,0,0,0,1,0,0,0,1,0,0,0,1,0,0,0,1,0,0,0,1,0,0,0,1,0,0,0,1,0,0,0,1,0,0,0,1,0,0,0,1,0,0,0,1,0,0,0,1,0,0,0,1,0,0,0,255,320,65,0.796875,23,234,320,86,0.73125,12,75,320,245,0.234375,74,207,320,113,0.646875,18,69,320,251,0.215625,84,153,320,167,0.478125,33,207,320,113,0.646875,24,294,320,26,0.91875,3,213,320,107,0.665625,15,165,320,155,0.515625,15,102,320,218,0.31875,57,297,320,23,0.928125,3,222,320,98,0.69375,12,294,320,26,0.91875,3,294,320,26,0.91875,3,306,320,14,0.95625,3,174,320,146,0.54375,21,249,320,71,0.778125,12,282,320,38,0.88125,3,39,320,281,0.121875,204,0
2,train,no_upgrade,6,1080.0144205263741,0.0901950401553261,116.32195254160418,109.4663432112626,123.87360039459858,120.39961960440573,125.0609636628934,118.30329201305776,111.36166275567143,114.62297780307547,101.47257227929295,105.76847983305103,100.76899529229838,98.10955842762579,99.26656004030396,103.16950137830953,118.33927464277659,110.32390990929707,141.73221351532794,123.14689541139659,116.95458091355597,97.94247605475664,130.9487852945182,103.17451283346568,129.89611438953202,119.74277250948306,107.56708267782106,102.52479093462085,102.62652262664956,108.69391010263632,125.620500896991,115.74812683478619,104.77299561220018,107.94927592376564,120.32708349655643,118.1837219255835,111.17709818174302,114.05464281413605,97.53459055492938,99.53253238995957,108.99413543907394,101.56630993726708,99.77117797949698,116.39165972802483,101.74156652834438,125.71772599599699,95.56825644730169,99.56484822173707,111.89985179632491,109.07993437240214,114.2977188718757,104.31405136175859,116.20101121513372,112.30175944097374,104.97091294477592,113.658965616811,108.25977663062073,118.90873367704081,126.64989813953142,120.44461011029169,100.1760781740976,112.15532711991834,102.23838731669673,117.419318097654,104.43074797566179,106.49683125057624,105.61719769068992,110.78967968810355,114.1171281906128,96.20853689136486,116.3755283783196,96.00270162286529,114.45364771090993,134.6561879477978,103.1651215496238,108.03373555228498,126.47172211048641,106.536800823198,119.32851722681308,114.76313451870138,115.70530494979157,116.84007354142928,124.82038823181269,132.22479441073344,106.99178484984333,85.86984956743463,100.50978016597804,125.68725822356298,106.96796663932096,108.82988607649038,114.85784512983821,101.40937596032961,100.25034320943689,112.88862361924656,106.54428739052003,116.30983735122358,99.94436970133853,124.99879568150567,109.49920897676675,108.18165658790038,119.83552097609933,114.33137449490128,95.44206792688722,108.78187907008208,116.27432995076492,103.89129844940133,127.54705372404975,103.45626290887704,106.95485192961873,113.70519396406038,119.15704853320031,103.82940164240347,115.43444866947165,124.76024647518625,112.31365337014448,119.01205362074013,126.23713297539828,114.38364452504099,107.28200484206151,113.82515876924474,109.78589203046207,111.81883979344353,110.9509554512043,114.14044201153678,109.37778971673994,124.90152181042538,121.53851750769165,116.80781954286203,119.47056078809875,93.20113146327472,121.80804161145382,116.4905459445704,93.23398182153645,108.58114545681156,1,0,0,0,1,0,0,0,1,0,0,0,1,0,0,0,1,0,0,0,1,0,0,0,1,0,0,0,1,0,0,0,1,0,0,0,1,0,0,0,1,0,0,0,1,0,0,0,1,0,0,0,1,0,0,0,1,0,0,0,1,0,0,0,1,0,0,0,1,0,0,0,1,0,0,0,1,0,0,0,312,320,8,0.975,3,261,320,59,0.815625,12,171,320,149,0.534375,24,207,320,113,0.646875,12,159,320,161,0.496875,24,213,320,107,0.665625,12,303,320,17,0.946875,6,309,320,11,0.965625,3,246,320,74,0.76875,12,207,320,113,0.646875,18,180,320,140,0.5625,18,315,320,5,0.984375,3,246,320,74,0.76875,9,291,320,29,0.909375,6,267,320,53,0.834375,6,282,320,38,0.88125,9,240,320,80,0.75,9,282,320,38,0.88125,12,300,320,20,0.9375,6,42,320,278,0.13125,141,0
3,train,no_upgrade,1,180.061381806834,0.0,26.594345571563217,26.388580511326673,26.349297125054512,25.450655896599674,26.460858620151924,24.353783816489763,25.825716510064808,25.04078744096374,24.875199602378338,25.896368975560456,26.826480205375667,25.875857286559093,24.41938299319707,26.2019328725375,25.68929837386924,25.611894340934146,25.816029845252125,24.1794495582091,25.356340345660385,24.054304831103295,25.524629815165337,26.33205350495434,25.357098563758807,24.771073075237794,25.62790799581934,26.057603460862527,25.969711666909593,25.49259547629453,25.363662221348317,24.925096562133604,24.51214492466513,25.42278177771351,26.501028911704864,25.27385436511333,24.855850875222405,26.268414197544963,24.78038308633753,26.36697024043496,24.47920133464349,24.631478828453304,26.25991158034341,24.722791964442983,24.635704227343293,25.101383500411103,23.92658697131356,25.10746612891764,26.151277113085616,24.75110189725225,26.30425432065279,26.79617479537017,25.674221006046118,25.615670050670918,24.99244968968663,25.985285660211943,24.275133672968384,25.83859787747202,25.81155664789633,26.491315861964797,24.763653701024054,24.66524909070071,25.8949255290293,24.980859486008043,26.53001001081511,24.007076785991565,24.34862948583709,24.54333877822656,25.699672446069947,26.303098576705448,27.095879114965285,25.13947296184215,25.474733271677948,24.350160174508858,25.357380985805,26.314540416801407,24.16721533797829,25.000728872560913,24.9968824603713,25.0918775919088,27.62109690147794,26.196534412500128,26.317259703619733,25.172735017576525,26.350119626234978,25.406267309394135,25.973852666075704,25.948449634385696,25.802819950976037,25.6518538797242,25.537751883817887,25.831258436538285,25.633851372049957,26.20655859115022,25.633957827520142,25.0501682587794,26.40960425178777,25.24791759117214,25.772112369377705,24.929195186444574,25.10789240448831,26.19319931706301,25.760184231543025,25.23080630589638,25.18541161004469,25.07074406040461,24.311985546879452,26.619897472067095,26.633035871184305,24.778203468888627,24.968728455537793,27.636894808321866,26.405059399426058,26.870325944596154,25.050527049875818,25.39009338536475,24.544502781800905,25.165646653325545,26.426451125403137,25.61776447444589,24.071619024987363,24.711216573020785,26.04746611166253,27.635951416810062,24.20389505757981,25.380531564715653,26.467501008112933,24.82249470409931,23.77588203630586,25.738594673439135,24.680019884488,25.503248203074065,24.609813707120317,25.735309724023,1,0,0,0,1,0,0,0,1,0,0,0,1,0,0,0,1,0,0,0,1,0,0,0,1,0,0,0,1,0,0,0,1,0,0,0,1,0,0,0,1,0,0,0,1,0,0,0,1,0,0,0,1,0,0,0,1,0,0,0,1,0,0,0,1,0,0,0,1,0,0,0,1,0,0,0,1,0,0,0,87,320,233,0.271875,221,120,320,200,0.375,86,30,320,290,0.09375,248,102,320,218,0.31875,155,18,320,302,0.05625,287,48,320,272,0.15,62,96,320,224,0.3,56,222,320,98,0.69375,77,57,320,263,0.178125,251,60,320,260,0.1875,221,30,320,290,0.09375,227,135,320,185,0.421875,125,27,320,293,0.084375,212,210,320,110,0.65625,77,129,320,191,0.403125,80,75,320,245,0.234375,221,48,320,272,0.15,263,144,320,176,0.45,86,114,320,206,0.35625,104,9,320,311,0.028125,311,0
3,train,no_upgrade,2,360.0293567416634,0.00011630611770179111,33.02833695037254,35.0297765968776,34.28011348946153,33.45448282069511,34.312219188328655,31.68549415161763,36.782393307632205,32.08641236499234,33.53926700251777,32.43566951012069,35.40139930527217,35.29499858904195,30.86033166609632,36.51367346687073,35.80343751535484,34.10039240253226,35.21939798579396,34.319432944842376,34.990111129699976,35.186655230646416,34.433917410686114,37.53745589278633,32.59781086946996,32.820675382892574,32.639348497838306,36.12843683261398,34.946037547657845,33.48510580324913,32.148161743579045,35.12719490887997,33.21214118452593,34.3758690787935,37.65366746939575,32.88213350874897,35.07162674449687,35.99967963672163,34.462259418460384,34.6604853087305,30.743700297255927,32.07021944153975,36.60004957968165,33.06503879125571,33.454951523015474,36.165610412597424,29.83360059123755,32.76265147591464,33.410687022866796,32.895155893660394,35.16206736930644,37.392517293598345,34.413354660426094,35.593521656348415,33.84998765156769,36.54674617616514,32.55064631826441,33.84854105829458,35.1024011728978,37.64149358285375,33.785760100908746,33.8211074766669,34.8222760048196,32.44796477102936,39.46249557041796,31.793942050415,34.110564876208464,31.442298220551514,34.81575145808423,35.86295430119038,36.08600570160621,34.33496640920016,34.49333387672916,33.25125028845172,34.18845102725679,34.4862802430226,31.868763651923484,33.28869377568778,33.14499923251354,34.67281642777118,37.59498437762772,33.120170262722574,33.99028455464715,32.655349585770395,34.05215445673768,34.48363322572429,35.093345293052586,35.8267363873241,34.47106199268158,32.14273661111024,35.46196969176006,35.09979800116855,33.68891899380109,34.62778699108055,34.28054409843712,34.214641655940184,35.70064282802021,34.04509354452249,34.6836149627704,33.86436847528236,36.31792958242462,35.22369381768661,32.882915774268035,33.133771258964785,33.902104443077704,32.16411190499845,31.939369460729267,37.51738233992091,35.781453359683525,34.246163745983694,33.70380197415715,38.61532600756352,36.795711068363126,36.86087296702334,33.71808003953706,33.19745484941656,33.78496884991167,32.04686782888863,36.88149641533873,33.083615432996965,32.039043004743704,32.13992694975774,34.525524473933054,39.95504471322766,31.636197913382798,35.92295790071871,35.82651336384576,34.03925034733534,31.503597059118846,34.11353424168376,32.30249277360334,32.77580011127238,34.717385982588965,35.418131634034694,1,0,0,0,1,0,0,0,1,0,0,0,1,0,0,0,1,0,0,0,1,0,0,0,1,0,0,0,1,0,0,0,1,0,0,0,1,0,0,0,1,0,0,0,1,0,0,0,1,0,0,0,1,0,0,0,1,0,0,0,1,0,0,0,1,0,0,0,1,0,0,0,1,0,0,0,1,0,0,0,108,320,212,0.3375,194,174,320,146,0.54375,15,51,320,269,0.159375,176,84,320,236,0.2625,98,27,320,293,0.084375,278,60,320,260,0.1875,84,132,320,188,0.4125,18,294,320,26,0.91875,6,69,320,251,0.215625,155,51,320,269,0.159375,215,51,320,269,0.159375,126,150,320,170,0.46875,98,93,320,227,0.290625,45,240,320,80,0.75,12,177,320,143,0.553125,30,57,320,263,0.178125,215,51,320,269,0.159375,236,153,320,167,0.478125,15,150,320,170,0.46875,38,18,320,302,0.05625,290,0
3,train,no_upgrade,3,540.0294443789323,0.001735142839437318,46.13480341259485,47.89283018259886,45.86365010942833,43.875951662286795,47.03953740314634,42.782633082402555,50.027049830975585,45.02426008543162,44.40581762713863,42.61831668208654,44.57777373830452,46.86909150063402,41.272450124712286,50.18904864325364,48.63150022948367,45.157110679331105,47.93031492006044,46.91008083471369,49.893478859556886,49.40767789814655,46.5091581130128,50.62232894934299,46.08315534930942,44.76131398425772,44.97457370209688,48.94375868787731,44.57784958088576,47.72825315206289,43.08108590646692,49.125475029452694,43.066170519562135,47.46989558671798,52.20562692056739,45.48456416714342,47.08001622277759,47.377165422064465,47.80711098621045,48.90120721056777,40.48117883378111,41.67364060069418,49.79384517770495,43.25227521933859,43.92762150771131,47.653999604529965,42.61141032439489,45.74673595070417,44.95181017112741,44.7808086363476,50.37421276948355,49.22507923745452,47.57024162670016,48.55524092403608,45.9546336056959,50.06454331347006,46.2608926255459,46.24200868572336,45.25929606860157,52.84038992185428,45.071800690430955,45.9500006581971,46.16068358118643,43.06851466775248,55.64983729762099,41.70586835657185,49.3740331913664,43.388158080275346,46.65906769847128,48.226672747884614,48.19408695326923,46.22450339461868,46.212570415243924,48.61968453873876,44.35593102544562,44.97334418352427,43.54757103142426,44.61608413919931,44.98406100749713,49.214954902361335,49.40618391379496,42.223088959559796,44.45279550774575,43.084822647271594,45.2558258706469,44.274703135446714,44.57822645545073,49.691522347080166,47.036008729816444,41.722120603736336,50.45807702502058,51.739827777240954,44.80333596205213,45.89049580948281,46.74947134090186,44.37644616065094,49.03198857744946,44.70559131996399,46.623469671723726,43.430324827205254,50.6499758444313,49.7748893043732,44.44663795457199,46.910576349992105,44.483049831900146,42.40084382286677,43.302269801504735,52.46009219273133,47.19912832479707,46.542787303187396,45.29452150719747,51.18203085920083,51.57177260139357,51.93627709275236,43.571062983624245,43.309741852614984,43.422469250857375,44.085222872320315,50.54277454025964,44.96292718149279,42.09639811650881,42.9990476395788,46.985833411864185,55.29284084341537,41.47907521226543,48.321518404043886,47.6483513455877,49.37727009475292,43.02785003191186,44.62655821224361,47.31477976744596,46.24212077752854,47.37236708127626,47.665333128004924,1,0,0,0,1,0,0,0,1,0,0,0,1,0,0,0,1,0,0,0,1,0,0,0,1,0,0,0,1,0,0,0,1,0,0,0,1,0,0,0,1,0,0,0,1,0,0,0,1,0,0,0,1,0,0,0,1,0,0,0,1,0,0,0,1,0,0,0,1,0,0,0,1,0,0,0,1,0,0,0,168,320,152,0.525,143,192,320,128,0.6,18,72,320,248,0.225,167,198,320,122,0.61875,44,45,320,275,0.140625,194,84,320,236,0.2625,54,165,320,155,0.515625,24,297,320,23,0.928125,6,132,320,188,0.4125,119,84,320,236,0.2625,63,54,320,266,0.16875,138,243,320,77,0.759375,14,51,320,269,0.159375,167,282,320,38,0.88125,12,279,320,41,0.871875,11,120,320,200,0.375,119,57,320,263,0.178125,191,177,320,143,0.553125,24,267,320,53,0.834375,12,33,320,287,0.103125,284,0
3,train,no_upgrade,4,720.0000113160963,0.017662888981541145,62.2242248128058,64.7782268078817,63.150945444238545,56.832674879118215,66.01616297648258,55.779600525154024,67.7078349528125,58.15425332096784,60.873990171540164,57.84603046827214,63.080771370309,61.34511631721484,55.4178591093874,64.16895159908016,61.503338275361656,62.66162536341047,61.126054550571965,63.57367131484844,62.80029359107325,66.78133381178755,64.38134721096809,71.80837681813223,63.562331571919444,57.02055990079443,58.909059787715435,63.731456456307605,60.37123889545206,65.06462027360857,60.162455192775475,66.16558985600702,58.4364474592142,65.07866367517806,71.7783901635385,62.09124558719369,65.42776748643652,66.40546531704013,66.94409276153732,67.0132684003037,55.80232940062822,57.97734827703429,67.62427982983556,60.619703965036095,61.03229656352003,62.693896428481395,57.16013315651731,60.74981207900051,58.752791171945375,63.499725801911985,66.54682429353454,65.66941057440343,62.17615939021149,65.24659555379677,61.03311322596186,69.05385800579528,62.999254857578705,64.57510436290943,58.55956062445176,70.07929027788035,62.115315569593015,67.6442338428059,59.710460990901396,59.36063653225008,71.95068743865764,58.156105779809415,67.79820900002748,60.90708236360433,60.279169408265815,69.45557284623219,64.95727140938651,59.97997843755744,59.47519678081205,61.671514682339286,64.49752150826053,60.48738477059575,58.82524434017215,62.43031755287233,57.16572601162955,67.58708059884398,67.0777095636599,57.490849326176324,64.68886579502482,55.25132631314568,60.38933080317934,62.43313943575887,59.70515860440648,68.32980109907015,69.15181414157055,55.84390175847316,67.54654281029843,70.9677501398313,58.880353387457546,62.783572054649234,62.90898380900531,60.50743318301833,68.41061501172531,60.735969782603554,63.28120517426752,54.80729929667944,64.79377541749407,68.41640622014197,62.17067754642196,63.75554301896219,61.6947894198601,55.98293780564565,56.92253492325309,71.48502586727103,65.97967445064438,62.47178517397485,58.84891384457141,70.52116382145711,68.98235370881493,68.70016539806416,57.49168298512699,59.92468018757616,58.2264279767627,59.20070090362044,70.40098348850256,61.8851551452815,56.344235888114156,58.365196193448284,66.42801249142813,72.25080229703354,56.71742711601057,69.98384935045665,61.28205559376487,64.18351102394243,56.68956343987644,59.134949515227284,62.08018046851599,62.46883167120649,63.88627686272737,62.12134340708408,1,0,0,0,1,0,0,0,1,0,0,0,1,0,0,0,1,0,0,0,1,0,0,0,1,0,0,0,1,0,0,0,1,0,0,0,1,0,0,0,1,0,0,0,1,0,0,0,1,0,0,0,1,0,0,0,1,0,0,0,1,0,0,0,1,0,0,0,1,0,0,0,1,0,0,0,1,0,0,0,195,320,125,0.609375,54,240,320,80,0.75,9,78,320,242,0.24375,119,183,320,137,0.571875,15,63,320,257,0.196875,149,102,320,218,0.31875,51,192,320,128,0.6,33,303,320,17,0.946875,3,252,320,68,0.7875,9,123,320,197,0.384375,56,81,320,239,0.253125,69,270,320,50,0.84375,6,144,320,176,0.45,36,279,320,41,0.871875,6,297,320,23,0.928125,3,255,320,65,0.796875,9,153,320,167,0.478125,42,213,320,107,0.665625,15,288,320,32,0.9,6,45,320,275,0.140625,275,0
3,train,no_upgrade,5,900.0032339947459,0.0469572223481129,86.48158772250771,91.05633792471097,88.36368883661163,76.05485806735177,85.97485399723892,71.72878131186039,91.35073029453542,79.59402384632686,80.19305445585029,76.37921090138592,84.45965285403878,81.95641887943457,79.8086326877426,86.67308546472644,86.23424733574028,82.97001821677026,82.73353382600122,85.5627657421787,84.93001399464264,90.36607451021973,86.7401875147211,91.04190018822611,85.10640658526792,74.60852197746517,78.8567767075978,87.02302996343664,84.3916604078513,84.86559668048335,77.90085868956383,86.67148578069559,82.6342693260883,89.78895150328447,97.49337573267077,83.19610598503922,86.30616426472176,87.8151991005348,90.54636147222791,88.15510371171288,74.39989959941163,75.49398108177563,88.55047129194745,84.94897611073871,78.39525944050743,86.90158080162229,75.86988137575419,82.35983134222805,76.26430663072829,82.8184032407648,88.61596798411374,86.33500734356572,83.97875635528706,95.02650274236161,80.43547334425438,88.16112178285456,81.88346522279494,91.1762578424138,79.04594033041661,89.9221200217541,83.97877931659727,92.13482135808151,82.02531733107519,75.66797228751216,92.4282710199798,76.9019777376084,89.82388244364999,80.3055069444759,76.08426833845017,97.25157451082667,88.2615479588241,80.41697074669149,87.26798112329773,82.53926581827058,90.19495209805297,77.389989726696,73.77089288795484,82.23347152171868,76.35228795458092,89.09995326904934,100.91590022167702,76.83750322657033,85.46644625976741,74.74591133463413,81.9996867280003,78.93711600108377,79.74989264178578,96.19683370591197,98.55532338326618,77.2676213661333,91.74684598379275,101.10826775155691,78.00355465557125,85.56249935249241,86.20493867782649,79.37482308758358,88.17625836816222,81.5998313733596,91.18005161690658,72.06401003495559,88.57754170482305,89.07145010050098,80.23889653945152,87.78012792178005,86.17453189511048,76.54382205453311,78.44803529593393,95.57807131083442,89.10736054840253,86.93791553134547,80.0638295199494,99.72076958640615,100.12520688812856,89.56502113892145,74.96262671452853,87.70755757088905,77.49613448976645,83.2864072017351,97.55534078868807,87.17567319636734,78.13018327149128,78.71103639387664,91.03655558233015,100.1171794434104,77.3881981595796,93.07701511831735,78.82264668204105,85.87932995789572,77.22744456048592,80.23511311376542,84.82910009273716,82.74614407852154,88.54482940208675,83.62613777430632,1,0,0,0,1,0,0,0,1,0,0,0,1,0,0,0,1,0,0,0,1,0,0,0,1,0,0,0,1,0,0,0,1,0,0,0,1,0,0,0,1,0,0,0,1,0,0,0,1,0,0,0,1,0,0,0,1,0,0,0,1,0,0,0,1,0,0,0,1,0,0,0,1,0,0,0,1,0,0,0,231,320,89,0.721875,26,228,320,92,0.7125,9,102,320,218,0.31875,30,183,320,137,0.571875,12,96,320,224,0.3,78,165,320,155,0.515625,27,249,320,71,0.778125,15,300,320,20,0.9375,5,273,320,47,0.853125,9,147,320,173,0.459375,18,96,320,224,0.3,36,300,320,20,0.9375,6,192,320,128,0.6,24,291,320,29,0.909375,6,276,320,44,0.8625,9,285,320,35,0.890625,9,177,320,143,0.553125,33,264,320,56,0.825,9,285,320,35,0.890625,6,57,320,263,0.178125,263,0
3,train,no_upgrade,6,1080.021765006054,0.09402773455061036,114.89033869530374,120.97198893274027,120.45199372763427,101.62390889196288,111.81229402098643,97.34356951735292,131.56523983044121,104.56637750343427,99.81205749178123,97.4753221199674,116.76432610496676,113.1478790424435,107.1877445803735,115.09993396204301,112.05142001406321,107.8795623875859,105.46507491914595,117.67690232472208,121.02989470441811,115.88863005207594,122.45363873085603,122.02985647755465,113.90612814078435,99.05676103935089,110.43128472541112,113.30894280925388,115.36928980181699,106.98339643865556,109.63560007672038,123.59837601840913,114.80159265316662,122.1597144306044,128.11091149160384,110.83988204733392,115.6710545672593,120.87477412164698,124.17046309486972,119.60593865622987,97.60552907647114,96.90640704581499,112.26311281260706,115.89440777098085,105.27154832374772,107.98177229895954,102.08728171486962,115.12924805998513,100.09930257933854,103.28415715071468,119.62292384969035,115.79482719806741,116.38099481628505,126.40740628305308,105.44393462073212,119.11657939474509,115.26675043055805,117.59834954949868,109.27638976631552,123.52696850091066,113.27781245906496,119.14085667685627,114.20294491005926,98.51783456574795,127.30662681242795,101.5130641857208,124.30265260543632,113.61440931563156,103.08081783387472,133.80039428956658,121.05948805192263,108.90813714167402,119.00791452738792,109.68596177300483,114.75110974321771,106.98059052058066,101.10038205596267,106.45370842960253,106.67139363720993,117.75997422498823,134.56154743182543,101.7782707278056,120.20646175162373,96.7490482228655,107.33110534635377,101.34549526836321,103.59188505489652,128.65844427036836,141.84693415242543,102.90538941043242,115.97604947177271,134.6278124934745,102.36045522561797,113.44848440012461,115.77005224867288,108.11485372492123,122.03321016383887,111.26326625524739,122.92464231380997,93.39858606396118,108.33625366578092,123.06206133906852,105.8991294359492,115.8974863391311,117.21396520921161,99.99148977561737,105.92444678941894,127.49847014406409,117.57353703948488,122.30431050353566,102.7191156333498,125.61275889734318,141.4487290786213,120.89949996732305,101.1736831284942,113.92019274881454,99.84636461185298,116.32780796571669,122.79181160905837,111.50550441468268,107.34894304534508,106.51715737855953,121.00080520642038,133.5132420770299,107.55355590023407,119.55246060641079,109.6023073261111,115.50421747092386,108.38265817263567,113.31636386359153,108.31607683782804,113.91832308526546,123.84393220142476,113.30834731190473,1,0,0,0,1,0,0,0,1,0,0,0,1,0,0,0,1,0,0,0,1,0,0,0,1,0,0,0,1,0,0,0,1,0,0,0,1,0,0,0,1,0,0,0,1,0,0,0,1,0,0,0,1,0,0,0,1,0,0,0,1,0,0,0,1,0,0,0,1,0,0,0,1,0,0,0,1,0,0,0,306,320,14,0.95625,6,291,320,29,0.909375,6,207,320,113,0.646875,9,207,320,113,0.646875,12,147,320,173,0.459375,15,216,320,104,0.675,15,291,320,29,0.909375,6,300,320,20,0.9375,3,228,320,92,0.7125,9,246,320,74,0.76875,6,192,320,128,0.6,18,306,320,14,0.95625,3,210,320,110,0.65625,12,288,320,32,0.9,3,285,320,35,0.890625,6,282,320,38,0.88125,3,195,320,125,0.609375,12,270,320,50,0.84375,6,276,320,44,0.8625,6,87,320,233,0.271875,75,0
4,train,no_upgrade,1,180.12501352641553,0.0,24.38528304644906,26.976306193919676,26.127497147511658,25.77719521264481,24.279829428708066,26.416353071906332,25.617219916439435,26.68361075930483,24.840480863451578,24.940368607172903,25.652808007503186,24.495268993252367,24.298859619486475,25.752823221168203,25.263066017134175,25.93464592793013,26.735811268928426,26.008903599095678,25.898337152307985,24.47249814302097,25.633044745601175,25.866157654472744,25.25678768093855,25.33818544414245,26.12837408612233,25.700888298740484,25.47911364667171,25.606945647473445,25.779255961607735,24.276529848197722,25.83481189045491,25.043216189173588,25.688731859902084,27.468389585766204,25.543184235317838,26.65180490971331,25.233787846466463,26.659755051041902,25.032750682832603,26.867138020789962,25.24302475021893,25.958948973339268,25.97895764764647,24.07725785322764,26.79941858176669,25.659808096694043,25.174014498743855,26.50838997032114,26.645707768230366,25.90964713729711,24.620613047646884,25.106825172055316,27.04302930413631,25.01471280528375,24.886405847783994,26.518206696720696,26.987229944701195,26.609821707638712,24.54571861965992,25.021696330155624,25.234675888034957,25.708837681489673,25.236517418148782,25.0350517878593,25.854701915253948,25.670253704924587,27.23434821799382,25.3353863045378,25.916755933917337,26.047990473391852,25.1356733081228,25.692366147993358,26.89872540212958,26.30304400701737,28.302046367851126,27.181121634431037,24.663741636994825,25.68942833393113,26.39440748621745,26.059730090771264,24.169848457687127,26.035066854247805,26.749072675332513,26.55981127952133,27.233847129636032,25.929378204475334,25.679814165385732,25.11219040013633,25.771442522585623,26.716373646053174,26.0298396118574,25.6272116084456,25.522585085942207,25.415479292907385,26.805147109082206,24.589640666554526,26.40122911748462,27.699846951453836,25.31795570215472,26.185631487785216,26.367697320586064,24.807405300951512,25.8700223782891,26.498342839962874,26.296861460214195,26.58206310885459,24.468411049379792,24.97610035221388,25.246959698189027,25.028222180738144,26.707698691864806,26.099898907884626,24.166523584431868,25.383103793926036,24.59053064682499,27.285775913914293,25.693532755040696,26.708853038910096,26.26976005899737,26.150754722829973,27.108284927529684,25.285787077672165,25.137940070997967,25.58456607111979,25.80697728480391,25.054886443996274,25.601015917549883,24.59105112604088,25.821016004425513,24.53658849276645,25.382925745942202,25.59885627350359,1,0,0,0,1,0,0,0,1,0,0,0,1,0,0,0,1,0,0,0,1,0,0,0,1,0,0,0,1,0,0,0,1,0,0,0,1,0,0,0,1,0,0,0,1,0,0,0,1,0,0,0,1,0,0,0,1,0,0,0,1,0,0,0,1,0,0,0,1,0,0,0,1,0,0,0,1,0,0,0,75,320,245,0.234375,203,87,320,233,0.271875,65,48,320,272,0.15,200,93,320,227,0.290625,134,18,320,302,0.05625,269,57,320,263,0.178125,81,81,320,239,0.253125,72,165,320,155,0.515625,65,21,320,299,0.065625,227,24,320,296,0.075,269,24,320,296,0.075,269,129,320,191,0.403125,134,54,320,266,0.16875,218,177,320,143,0.553125,83,132,320,188,0.4125,65,24,320,296,0.075,269,57,320,263,0.178125,242,111,320,209,0.346875,83,108,320,212,0.3375,110,6,320,314,0.01875,314,0
4,train,no_upgrade,2,360.00476339078347,0.00011564704521799469,31.031108251875377,35.05337864618477,33.24265286935703,33.46586901053354,32.58376798421461,34.03286272954201,32.693078867091174,37.11982457040581,34.972987305168225,33.326971740491025,36.41233863681191,33.94778220682032,33.46355566194747,35.571980593107526,32.72801452207061,34.95499664530438,36.013377449479385,36.2163502991043,34.4664607803173,33.577284742437456,35.08721558327314,35.76260924281628,35.74746783771826,34.63639502583233,35.46841303407454,37.10405495675453,35.249615470575804,34.48376187437956,34.45309190021817,34.566462996100924,39.467029500814185,33.66118111306117,33.00602344335761,38.303520211366134,34.73770415380841,36.818212769486756,32.50931720091189,37.154358111796554,33.46568244713023,36.735982557993395,32.50382345481996,36.148173479490595,33.923929618836844,31.19448744288053,36.800102135993995,35.07483337712877,32.709472437988886,35.76568933912227,34.47242912011402,35.25597032574663,32.998753255879215,33.56251369168848,34.53590050280869,35.43257918318175,32.27029541798987,35.17640515738496,34.18267720549474,34.98084716109336,34.23666142928157,32.7796537979503,35.390272838841305,35.26890304667207,34.864570809153165,33.20433406658721,36.596668241648025,34.154007866569685,36.65047142980057,34.943816309101784,37.2109781378886,34.42807330276666,33.21221942369295,34.10644747798573,36.95528259235579,33.60942170410242,40.35602679178671,39.16487069058414,35.70812740180043,32.798217084575235,35.935313804806036,33.362124628982386,32.14567590313052,36.251548904641325,36.23329008306787,36.375785207683236,37.0608538840621,34.81710187047441,35.06340151948533,34.75349355605325,35.1217918599066,35.660635540668515,35.26951160131148,33.888284867542566,33.72766341905001,34.1151979768667,35.990804774374105,31.84514139215441,35.891535903379044,38.7330830939315,34.930978153148224,34.84940716361247,38.4626618463187,31.894625943446425,34.81977477584668,36.27204353551929,36.33826001158421,36.64013940488617,31.466881922745294,31.965542547588214,33.24981848522872,34.71103556581984,37.23979914179112,37.43604460978485,31.099026804038274,32.39005041120881,33.783005354563244,36.753832666808464,32.57555080300159,37.78587883660895,35.82247819015862,35.49467885763886,35.45525825627532,33.10948503273804,31.456423978264052,35.19827104052905,35.318676375600546,34.262861309704725,33.71907990505858,31.10200556744436,33.695088435136945,33.33015801537837,34.14138967212378,34.41829467124566,1,0,0,0,1,0,0,0,1,0,0,0,1,0,0,0,1,0,0,0,1,0,0,0,1,0,0,0,1,0,0,0,1,0,0,0,1,0,0,0,1,0,0,0,1,0,0,0,1,0,0,0,1,0,0,0,1,0,0,0,1,0,0,0,1,0,0,0,1,0,0,0,1,0,0,0,1,0,0,0,138,320,182,0.43125,179,138,320,182,0.43125,39,48,320,272,0.15,200,141,320,179,0.440625,92,27,320,293,0.084375,206,81,320,239,0.253125,33,132,320,188,0.4125,54,264,320,56,0.825,15,75,320,245,0.234375,212,27,320,293,0.084375,263,33,320,287,0.103125,218,168,320,152,0.525,92,57,320,263,0.178125,159,243,320,77,0.759375,15,192,320,128,0.6,80,57,320,263,0.178125,233,57,320,263,0.178125,248,171,320,149,0.534375,27,114,320,206,0.35625,80,6,320,314,0.01875,308,0
4,train,no_upgrade,3,540.0053193408803,0.004482908909781458,45.16608970505793,48.17554471620839,46.07483084147605,46.335793985831586,42.005664424325694,46.41572379512288,44.313825103647225,51.43896753334687,45.150560872473115,43.85178224859384,49.09924024867945,47.320964842694025,44.23118692182201,46.832751384436875,44.28017902787416,44.62555588840084,47.90985671853952,48.951920418307374,46.911413663368144,44.94928539138631,48.738311155508924,46.14811464932737,44.576371891397514,47.64948078137158,46.94462856902899,46.45158442075534,47.05468676237107,43.14767360379909,44.83884190182175,46.10332203632665,54.66025976137098,46.81437676407098,44.487086220327015,50.988106893342426,49.21536926226919,51.25409457623547,43.70076780490608,51.00277834743883,42.84855155072353,50.705724320830186,42.526365379461495,46.674718483955886,46.46141421679668,41.23989866245536,49.29222947479997,45.96279355118014,43.93486714770332,49.07242083699405,46.97122426611578,47.459167553483695,46.175953377034844,42.89729781661376,46.456656591773985,49.485333757423014,42.97713922883207,48.78264588190397,45.21433239848592,43.16031691976367,45.1426073318857,43.28529190312413,46.53499074181802,47.327524933938534,45.95490876547725,45.47843587000062,49.86384435968171,46.37787273354196,49.33130175828379,48.776522412658544,53.028883112135496,42.30668900045753,43.64596033485043,48.483240420912004,52.078711777898036,45.99561348662497,52.64337440788998,53.254755866533294,48.47127547472075,41.80591868574316,50.07167657793816,43.239989791700495,43.60023675325521,45.2933047108601,50.127614541117474,47.787026036326964,50.89947395607973,45.97074914923898,49.81214112640441,47.465007061203764,48.04502429587458,49.41704596240976,48.86601687267184,44.2403378427573,46.256384580890774,44.015948360931226,47.49957754797604,41.758941960041696,48.520217459785755,48.78785454893975,46.17565817881555,45.85568107788826,52.48817193589832,42.75607473678767,47.97099049940231,47.709368542433594,50.30469377943294,49.10253273097789,42.25917037920558,40.736726735730315,42.687533264679395,44.69082790328715,49.42010493169924,51.89385422118027,44.356578667118576,43.33611592279896,45.9676912536863,50.06965034611642,43.76408506626383,52.51109165981605,47.18227985135363,46.69178757761991,46.91607633570451,43.59089518295374,39.84415845199635,47.67872119464591,48.393973125933194,44.54940188342529,44.05629004635268,41.975630246272665,44.12833821785709,45.662735582665185,44.65189979957481,48.46861949047563,1,0,0,0,1,0,0,0,1,0,0,0,1,0,0,0,1,0,0,0,1,0,0,0,1,0,0,0,1,0,0,0,1,0,0,0,1,0,0,0,1,0,0,0,1,0,0,0,1,0,0,0,1,0,0,0,1,0,0,0,1,0,0,0,1,0,0,0,1,0,0,0,1,0,0,0,1,0,0,0,138,320,182,0.43125,158,198,320,122,0.61875,21,66,320,254,0.20625,167,171,320,149,0.534375,15,57,320,263,0.178125,209,69,320,251,0.215625,63,207,320,113,0.646875,12,288,320,32,0.9,6,141,320,179,0.440625,92,81,320,239,0.253125,81,54,320,266,0.16875,75,267,320,53,0.834375,6,129,320,191,0.403125,71,315,320,5,0.984375,3,258,320,62,0.80625,12,144,320,176,0.45,119,45,320,275,0.140625,113,210,320,110,0.65625,15,210,320,110,0.65625,12,9,320,311,0.028125,299,0
4,train,no_upgrade,4,720.019742439799,0.014817934678561856,56.346591796987646,62.299440612770596,59.366532792666455,61.94179071104226,55.020251319194706,61.68762761514183,61.35170384819499,66.67533516991531,58.29668811813291,59.13404443337324,64.59040887017554,61.66220669985354,60.63201086282163,64.1125402736603,57.44189229037377,64.79269436348157,66.67651822645834,64.30355420673274,62.899619511918566,57.68139354903552,65.67846708329904,62.08808195978866,57.0147094666197,68.02103747100782,60.08601380381665,63.35177766815875,65.14135215887174,59.95379150383587,58.439927916242816,63.22551698494106,74.19037392464121,60.16403030608794,58.80909697278739,69.83289906131921,66.28301602057549,66.55947899479618,57.66924971501319,65.16885283197844,59.19126937462191,67.14291680382725,56.80364934856928,58.37709054633758,58.33724065812794,54.121971848186504,64.93848717605454,60.551375198851616,61.89143324319559,64.84581085880517,59.820620681870125,63.370135205107566,60.421336439764595,58.810598843602214,62.89861217349764,67.39751534633017,60.356596632702875,64.16341853083487,59.70797758325242,54.85144537726689,60.983003033677925,63.2662584697037,63.0304853363547,64.09293916536183,62.83644670075176,61.39704573698557,68.11522989346024,64.26000588282731,66.50032056763924,64.2443723614277,75.43850538776192,56.98068224136167,58.74405692550803,64.76526464375479,71.65480229133632,60.434597490142494,71.76970459976496,71.78665150778566,60.2536419092014,54.72264600520892,69.41731575103802,57.04795334172292,58.947093773630286,60.74043145461669,66.87119401372091,62.985192308818455,71.52422044069526,65.85924855594281,71.3759244659666,63.472174792641134,65.00190722392222,66.79365215412285,66.77838011571495,58.32292944693628,63.90952070521959,60.4718431047559,61.285132454673075,56.688555220007395,66.46826642562208,66.79097440052135,60.609357302697205,61.42358185907208,72.26956786689045,59.916107444382675,68.98186043206178,64.30471503546815,65.6058603952964,64.94777949988857,58.61383349085614,56.02740069379375,54.313882563432934,63.571306399417196,63.525226153681594,72.06992834398821,62.561171286887536,58.19085092982403,60.77443954875496,64.82690790019758,59.65122150128213,67.68038490722796,59.848400775230104,59.38505939897717,62.84574856537013,59.00641221247099,55.91350571027101,63.65783350654608,67.27477226640157,58.177900331934545,62.35582584908388,56.47046167412521,59.45998926384237,61.132348543247616,63.60937883604734,66.60389454221036,1,0,0,0,1,0,0,0,1,0,0,0,1,0,0,0,1,0,0,0,1,0,0,0,1,0,0,0,1,0,0,0,1,0,0,0,1,0,0,0,1,0,0,0,1,0,0,0,1,0,0,0,1,0,0,0,1,0,0,0,1,0,0,0,1,0,0,0,1,0,0,0,1,0,0,0,1,0,0,0,240,320,80,0.75,42,231,320,89,0.721875,12,114,320,206,0.35625,74,210,320,110,0.65625,24,66,320,254,0.20625,104,108,320,212,0.3375,27,183,320,137,0.571875,30,300,320,20,0.9375,6,243,320,77,0.759375,15,123,320,197,0.384375,29,90,320,230,0.28125,57,288,320,32,0.9,6,117,320,203,0.365625,23,291,320,29,0.909375,6,267,320,53,0.834375,6,237,320,83,0.740625,18,117,320,203,0.365625,51,234,320,86,0.73125,9,297,320,23,0.928125,6,30,320,290,0.09375,287,0
4,train,no_upgrade,5,900.0378617183012,0.04817485126550368,75.98396629004708,89.0914160473467,81.9727072731013,82.28549361556686,73.17580204843593,84.71618715084378,85.28127667911738,91.19999328942954,79.41601431356048,79.75555268320231,87.90853602253817,84.78633358936224,81.37838091372045,89.48866121636334,79.14218485840738,86.14462879199114,87.27606006244358,91.72876118990341,81.88808076439477,80.71362596874579,85.37621281807965,81.71734771243908,78.42438294567656,96.1217350769068,82.59568456445503,83.51002356497459,89.17215631308538,81.07348981119816,75.76332977114211,87.52927278124683,101.38635434539476,82.94078156453615,79.63355365076683,94.09446689286958,89.16615847872123,93.0421246856733,76.41610079991919,86.93498755016,84.17947944453584,89.56148669396971,77.37370765106611,82.32746533932438,80.9846081914416,73.97456995675344,89.56000267469423,84.04376660657236,82.87298880069596,87.43040353771504,82.23714995664395,87.49822720102688,78.44418416244604,77.096649500763,81.64086166667956,92.0562649616617,80.98537192686112,87.3128265004001,80.1893918465809,76.69704106538109,89.4471008796504,84.15925605519693,85.28045277800875,84.09091353545517,83.63881770731847,86.79182248897276,90.64925568922189,89.86181169224128,89.80874237476266,85.78759134185748,106.92207140530853,75.4944888803034,77.75968033387336,86.54778547173582,93.59794577115058,82.55483932699907,98.33943592261906,95.41069427783924,83.41048950562637,75.1027995280169,94.64017943204337,79.28279384164445,77.61982265815662,82.8788630421749,87.46901611329184,85.9615352282524,94.10055791294387,85.01616535108394,98.98941645870917,83.6633310871885,80.1522998172926,96.41330879402095,87.17169812965305,80.87545994767606,87.33787481835486,82.1612006410079,81.68645130504508,77.85482540947119,88.83415869107398,88.61220880493103,82.98213500127254,85.36233820615081,100.10209582016732,79.35249009808251,90.28695115164926,86.36616343607119,91.96418905655327,87.82082273023177,76.8114568065994,76.1723897871655,71.19445631702497,83.1509592019487,84.8361842559357,95.6493632737839,81.85841358025745,80.82238946914764,83.88996547084871,82.48590490124826,79.46882161334926,89.04059908400407,79.69400461479977,78.10826476117488,88.29307266911967,78.10642158335872,73.95241387982591,82.29157375778195,91.17773324129215,79.55229664956867,80.4737715311683,74.7361533869389,79.05827492592435,84.06520029267469,80.4135213782277,90.96626361390054,1,0,0,0,1,0,0,0,1,0,0,0,1,0,0,0,1,0,0,0,1,0,0,0,1,0,0,0,1,0,0,0,1,0,0,0,1,0,0,0,1,0,0,0,1,0,0,0,1,0,0,0,1,0,0,0,1,0,0,0,1,0,0,0,1,0,0,0,1,0,0,0,1,0,0,0,1,0,0,0,243,320,77,0.759375,15,270,320,50,0.84375,9,144,320,176,0.45,39,225,320,95,0.703125,6,81,320,239,0.253125,77,126,320,194,0.39375,36,216,320,104,0.675,21,297,320,23,0.928125,3,258,320,62,0.80625,12,204,320,116,0.6375,18,135,320,185,0.421875,36,297,320,23,0.928125,6,213,320,107,0.665625,9,306,320,14,0.95625,3,264,320,56,0.825,6,279,320,41,0.871875,6,219,320,101,0.684375,15,270,320,50,0.84375,9,261,320,59,0.815625,6,78,320,242,0.24375,78,0
4,train,no_upgrade,6,1080.0154774150226,0.0928829705861901,99.2168425707254,119.65994065433007,109.16179735209703,110.53079812494374,93.08821155839905,111.45201572543468,112.20522767092584,118.46866301560505,104.98005678545503,101.11541216955641,123.82955241993145,111.39005429442895,110.0741415715447,114.52245052372493,99.74477306364227,114.70705716617579,117.0493571497262,120.15384897383043,109.95207237072736,116.42700481687534,110.0181903076309,113.98295578255684,113.62760577429006,124.70854557813477,112.4142189418938,119.43773640464214,121.08080967009346,119.01588484045963,97.02046226670554,124.26448099134848,134.5365133938367,109.17068045276781,112.19766250154457,120.9062011270302,122.66740051003569,126.26929569440907,108.13398420083765,116.5394542860336,116.17237702380888,115.57279566400805,103.39337473542528,105.62995536375514,110.60938494374717,99.08857055253122,122.17799047461504,112.80523924450274,111.9870499324705,116.54904422667545,102.6071663705783,114.61806570069912,103.9964846912357,98.11980320588216,110.96276900305665,127.55013163130786,110.53566717614736,110.9858949387456,104.01302219016665,98.2018056792019,118.5521092799374,112.39430945259213,107.14634860122476,110.42635360470264,114.87405941617418,112.474946680387,123.27972484858509,125.59175077606213,124.16009512041542,119.96665146803724,149.77389659886805,100.11891900990983,103.24013381725231,113.55429300087323,121.86258558519883,117.37518516321032,133.00308787632355,127.6173540846029,109.77313483033251,99.87747861717787,129.623390838074,100.4458924569298,105.93763230181426,107.14161921225404,114.39821237988473,111.15190741104125,125.11529063647127,107.60951902508135,122.53187063079785,111.82234949742843,106.43487748080166,136.7855556888209,116.63678317073561,108.02969724187267,111.83146957242532,109.01239465795847,107.87620460660898,100.42365469019833,124.23251015963773,113.30798320228959,105.56873258441549,119.8331830693678,134.89701025439064,109.93277035942667,115.82680615678476,118.40664337069768,120.41952763601175,121.68297485470525,108.19925587401401,100.60684656260167,92.06033922991499,106.9699011158971,114.78662771474302,124.76194213511592,113.23305616906947,109.00483743621596,107.19172314366138,105.08505483646466,104.55629026608553,120.76623558353616,109.0511837376067,106.52958646638069,122.7326008842201,107.27663376990942,100.0879450701052,112.55004134346562,123.85146276788741,102.61747611515243,108.85178478279377,102.45989291659207,107.8114119589221,117.27100520536283,107.83251640569536,119.58516666560338,1,0,0,0,1,0,0,0,1,0,0,0,1,0,0,0,1,0,0,0,1,0,0,0,1,0,0,0,1,0,0,0,1,0,0,0,1,0,0,0,1,0,0,0,1,0,0,0,1,0,0,0,1,0,0,0,1,0,0,0,1,0,0,0,1,0,0,0,1,0,0,0,1,0,0,0,1,0,0,0,306,320,14,0.95625,3,231,320,89,0.721875,9,144,320,176,0.45,23,225,320,95,0.703125,15,105,320,215,0.328125,30,231,320,89,0.721875,12,267,320,53,0.834375,6,297,320,23,0.928125,6,255,320,65,0.796875,11,213,320,107,0.665625,9,174,320,146,0.54375,15,300,320,20,0.9375,3,213,320,107,0.665625,12,306,320,14,0.95625,3,291,320,29,0.909375,3,294,320,26,0.91875,3,201,320,119,0.628125,12,231,320,89,0.721875,9,294,320,26,0.91875,6,57,320,263,0.178125,155,0
5,train,no_upgrade,1,180.0949724371213,0.0,24.492632671495556,25.15834510532149,26.378264026665185,25.568241002140265,25.941992035454675,26.613624129199636,23.951468680798268,25.991019100110012,26.64078159387318,25.50153681162077,24.93904916099931,25.21897293007557,25.940295180389356,26.50333095498141,24.589890852062766,26.82867213322867,26.05465680884224,26.108316179647606,25.438459136506502,25.941546186727486,24.88306043034606,24.939498806340694,26.99581623080704,26.200387083098697,25.081648816828505,25.76304401240944,24.6691980843361,24.807352641381307,26.333210458834515,25.784438833704915,26.30043978876377,25.604302404877696,24.834922610501025,26.087368232277917,25.887651019771575,26.095994740109816,25.829203070263087,24.964471878132382,27.73377046794977,26.330491332611246,26.07620492739504,24.19174676122126,26.44973112365548,25.769278686677485,24.937474615093343,25.41128778512196,26.560851422960166,25.701355853915942,25.810375253078337,26.50455025842255,27.333834628653168,23.765002936564976,25.195511742550014,24.700794345776195,25.249256646166238,25.932185233492905,24.619991819056157,25.35184525382835,26.663878607122264,25.986973928325728,25.514884627272874,24.348566409809834,25.15643551175528,24.80316474871543,26.038628620289725,24.539222792684903,27.433282298086382,24.525525304054145,24.52884216159173,25.39820787382319,25.307587709541295,27.345394855612682,24.104640257805933,24.856630647180335,25.275567681198716,26.657010188446073,25.911551910771323,25.02698911780619,25.920609032036435,25.561220085998542,24.404417172194357,26.142207666650815,25.398820344554764,25.77360376044333,26.333286147461486,24.699978058120912,25.79993034242501,25.766097472627244,24.97272089640062,25.710047436693063,27.631848640279223,26.40356173881814,26.805087858114053,26.01145266484507,25.585338329351416,25.326758001440954,24.719014235964842,25.29938721975277,26.577155825941723,25.497228592379905,25.404201953999184,25.342595010115957,25.424844405254238,24.997121379078074,25.046999110193415,26.05191752300211,25.89993416568629,25.982117606509433,26.42360670208023,26.225801699531537,24.549780552782053,25.411488554525764,26.174329719903792,26.15448493552111,24.71427978334638,25.629160232639414,24.411097723625737,24.635250002287233,25.689853226749133,25.408568179313026,25.030149067116284,26.01902244353663,26.361763863847553,26.82324230083387,26.353316738399304,25.063468592395726,24.658884596333245,25.415743242655815,26.25699201770464,26.57596639887829,25.21414291670361,24.815218312954325,1,0,0,0,1,0,0,0,1,0,0,0,1,0,0,0,1,0,0,0,1,0,0,0,1,0,0,0,1,0,0,0,1,0,0,0,1,0,0,0,1,0,0,0,1,0,0,0,1,0,0,0,1,0,0,0,1,0,0,0,1,0,0,0,1,0,0,0,1,0,0,0,1,0,0,0,1,0,0,0,90,320,230,0.28125,182,99,320,221,0.309375,119,27,320,293,0.084375,260,117,320,203,0.365625,161,24,320,296,0.075,287,66,320,254,0.20625,107,90,320,230,0.28125,113,192,320,128,0.6,113,69,320,251,0.215625,215,54,320,266,0.16875,233,33,320,287,0.103125,284,117,320,203,0.365625,134,42,320,278,0.13125,230,183,320,137,0.571875,113,102,320,218,0.31875,161,42,320,278,0.13125,233,51,320,269,0.159375,236,114,320,206,0.35625,116,120,320,200,0.375,161,15,320,305,0.046875,299,0
5,train,no_upgrade,2,360.0201679510277,0.0,33.478240421144505,35.37469705018116,36.139944583318865,32.92198707053702,35.11738379252572,36.389466879182926,31.847717046119566,35.337326017671614,35.7841925713371,34.819135833286765,35.40213886415987,32.8772599634367,35.411402686041846,37.24467759425204,33.47059202150436,36.205201645438564,35.134925043330725,34.866701334716716,34.79860997636643,34.95632815884863,32.07309050523592,32.942491369288696,34.62523667210047,34.6918547792672,32.40216424416914,35.65216792990169,33.58008424949662,33.75832483657858,36.05043935640214,33.87876490133432,35.6558928200111,35.35957275508423,37.21542626771243,36.24173088328254,34.10999109935527,37.097119690388645,34.88461730871875,32.39757311676868,36.595900155317864,34.611023282464835,35.872255844573615,31.741751138477717,35.343359522472625,35.83165144057224,34.94355578329273,34.718352209782395,35.20228142338085,37.0244334357323,35.69516533216916,35.963489732280514,36.590737525214756,31.98632998194892,34.500174176065805,31.043256397212126,34.25979530548722,33.74725281104302,34.928416031137644,32.91750373487707,36.20208407682075,33.843261951789614,34.51332649798108,31.014007480622514,34.76307314274663,34.22961453932775,35.035687095364096,34.18351942711019,37.61350721418669,31.901452992402,33.40618812496648,33.52420378628835,34.18086595939941,37.18612317050873,34.066915447906574,33.12021517795869,33.715493372957475,37.940969307995864,35.01309139424548,33.52386618361769,35.40092991943105,34.88533093973061,32.83123217824841,35.34971823600544,33.390929109487196,34.627172003977094,35.16202883330077,34.640473267900944,35.78553832307293,35.645385758540655,34.207868972920046,34.16964989791444,38.326657786552,33.700909057558185,37.59515101448649,36.38515257965573,33.36697694108606,34.74487275281389,32.63470222454306,31.521282086812363,37.38804969410324,36.513226042828926,33.2097001960852,34.387281449399566,33.993442747434784,31.82234173196185,32.42193328305016,37.083616384162966,35.40852021523383,34.880704282502386,35.978819437658764,32.72413944958717,33.16744632369186,34.21916874974917,36.55785274473898,34.13304536718606,34.06694047338905,33.79521021030987,34.02715578629891,33.389808199786536,35.48912114274033,34.39853705459642,32.79377979111437,36.84422330464154,35.431034809187054,35.350406902286764,34.48952436032881,32.58518763293718,32.83347697502506,32.09641491751111,37.21488221425895,34.747378348688216,33.97760571497754,33.6513389468677,1,0,0,0,1,0,0,0,1,0,0,0,1,0,0,0,1,0,0,0,1,0,0,0,1,0,0,0,1,0,0,0,1,0,0,0,1,0,0,0,1,0,0,0,1,0,0,0,1,0,0,0,1,0,0,0,1,0,0,0,1,0,0,0,1,0,0,0,1,0,0,0,1,0,0,0,1,0,0,0,108,320,212,0.3375,197,120,320,200,0.375,35,60,320,260,0.1875,185,153,320,167,0.478125,68,30,320,290,0.09375,218,48,320,272,0.15,74,153,320,167,0.478125,44,294,320,26,0.91875,26,51,320,269,0.159375,224,45,320,275,0.140625,227,24,320,296,0.075,236,192,320,128,0.6,68,48,320,272,0.15,158,252,320,68,0.7875,26,222,320,98,0.69375,32,66,320,254,0.20625,227,45,320,275,0.140625,257,156,320,164,0.4875,26,141,320,179,0.440625,32,9,320,311,0.028125,305,0
5,train,no_upgrade,3,540.0003113366664,0.0024995313378741485,46.53776969991782,48.97408055347174,50.39146472255845,44.752242576174915,47.44997656031647,50.35560780481276,41.328659492844665,49.058612234152775,49.26048055048406,46.28594337986743,44.13671370189903,45.373707234435024,46.73233355108987,48.77650947534421,44.957576355695764,47.18824737075066,45.037038833572886,48.803734806089956,48.423886360344866,47.22890354172497,43.65136901362018,44.419976334300216,48.00898616088994,47.17555058040207,43.521172155840695,46.24628857188242,44.24158467493501,45.215053408840205,50.11589404361664,44.640757228383755,45.802584630521594,46.292611040594124,48.14203214957614,49.170443422777424,42.90417051506347,52.11032907390824,45.69880679444373,43.880949827581524,48.91953723438152,46.68211340057805,49.43948551815431,42.53820958150578,48.42468245066204,49.21062121211364,45.0625056478465,46.96463772696243,47.30878366021033,49.54868574660629,46.189137271156014,49.85888730893308,47.892777149388486,41.335484686599166,47.420573362859415,40.275848068666086,47.81472066748107,44.68781962743467,43.913732449040054,44.27139172313006,48.112856537949426,45.686176328512616,47.14309120613979,41.96986545519639,46.047503221638564,47.227187463300396,48.27661118225333,46.117963120289566,51.091000058210284,41.69970895204617,44.10246163879107,44.84723463334916,46.87716668846088,48.9978969638312,45.81401052480344,47.11365801450831,47.121749974578414,51.74626347821557,44.54440704501304,45.045309775434454,46.73116205291126,44.31053450363836,42.868333871919404,47.837626984065146,44.57426076473097,47.01051278967967,48.14947796980926,48.10473850796462,46.15533704751121,46.75182300933066,43.415360977446916,48.65599612968205,50.33892914405742,45.977486516803964,48.752832171741034,49.48928829649837,44.6796438905529,45.52290051804289,43.556279431543345,41.823090536256906,49.048755495764915,48.538638507068434,46.17188130005403,50.40652804288241,44.57434325534087,41.476037761146465,41.216429326835325,48.8937958162333,47.8139692789343,46.91180027164038,45.910132318159185,43.72356850810608,46.97671620458469,47.37873765090803,47.4626728335456,44.01204904903245,48.92864302084541,47.39145763102992,45.73591250381654,45.54518259904846,46.20692288440116,43.97509137755036,42.18585134963785,50.4176052879727,45.81850065635957,47.16770828565554,46.717956757033335,43.673428965462485,43.263535857871275,41.296414398268745,51.11287767836743,48.3374972915758,46.04327435657293,48.04018845901438,1,0,0,0,1,0,0,0,1,0,0,0,1,0,0,0,1,0,0,0,1,0,0,0,1,0,0,0,1,0,0,0,1,0,0,0,1,0,0,0,1,0,0,0,1,0,0,0,1,0,0,0,1,0,0,0,1,0,0,0,1,0,0,0,1,0,0,0,1,0,0,0,1,0,0,0,1,0,0,0,120,320,200,0.375,80,204,320,116,0.6375,18,54,320,266,0.16875,185,141,320,179,0.440625,38,45,320,275,0.140625,230,105,320,215,0.328125,87,129,320,191,0.403125,36,279,320,41,0.871875,6,120,320,200,0.375,59,75,320,245,0.234375,44,51,320,269,0.159375,90,210,320,110,0.65625,15,117,320,203,0.365625,36,291,320,29,0.909375,6,204,320,116,0.6375,23,132,320,188,0.4125,59,60,320,260,0.1875,105,231,320,89,0.721875,9,189,320,131,0.590625,23,12,320,308,0.0375,290,0
5,train,no_upgrade,4,720.0081937153581,0.0147369228997966,57.11001297021679,70.73294355186749,67.42697440460466,60.1954486077635,66.04467837566683,68.15072349861785,60.52136068921589,66.13898623527511,64.49070401919325,61.33642729221806,56.76772936309984,59.43585529288307,61.24307022621702,70.27509841398764,65.12190337423887,59.81188769065307,58.48099939099127,64.35560708304487,65.94323740995281,61.511085232152645,59.620977660434534,57.972945371489985,61.59681727518766,63.32600834622266,57.07054104604059,61.45725698999617,56.833674477367246,59.19327717883412,68.10253810806292,61.247530996976096,60.053277430883426,56.7789241638672,66.64322044758312,65.9948797280875,58.47214848892486,75.07834607366496,64.22715669589516,58.98341281175877,64.23681336257297,62.837360583203825,67.97378755979781,63.536196775225676,64.17927427286529,63.140780069164734,63.03562150071979,63.76781562347471,61.37275821916162,63.832236904328695,66.53543870951027,60.70357454624523,64.21923431574669,57.59286622838999,61.8645165574499,56.814553366922596,62.525242874367784,61.92275463136207,57.08306191693209,57.875001735145325,61.157260667843865,61.87372745668277,63.96535964609562,57.808717553562026,61.06003489086956,61.93042339423873,67.13925750400551,59.85707898416406,68.9413487696129,54.54336718383908,59.12386441625739,58.846653997302994,69.28445583604393,64.8295461842569,59.16429157995327,64.11171462778937,66.56321026768016,67.61692929843551,58.83111473317698,62.95801429247903,60.8935408492052,59.68866575077352,55.92503598287581,66.28336147744237,59.726092823199956,62.01894831582249,63.74217006198435,64.91872544333646,64.29596110475248,63.88118343317189,57.7757579423953,67.6709170421975,69.14766743229373,61.3459847827684,64.02975458508028,69.30826428275701,61.25264890939567,61.17431230641668,59.27933976003664,59.13680847680899,65.29975853490862,66.6586522868796,63.237416916440466,63.04644811617648,55.11503492228372,59.26495201966235,53.51074326324803,64.74575975889788,64.10756323289152,62.88260324740405,61.90553168740814,59.59422940212667,61.25621208624197,68.30318519386837,64.54849916652668,63.941711024966956,67.90997667003609,63.75550813426826,60.167882347026726,60.402884846475494,59.50074661990569,61.2840155773461,62.04311876753789,70.07563040383435,63.35549372467998,68.45661931791223,62.54312011493766,61.12361971262957,61.033774232248945,58.63951496995594,66.54974908353331,66.15982574556786,61.93598756245684,60.90915928283997,1,0,0,0,1,0,0,0,1,0,0,0,1,0,0,0,1,0,0,0,1,0,0,0,1,0,0,0,1,0,0,0,1,0,0,0,1,0,0,0,1,0,0,0,1,0,0,0,1,0,0,0,1,0,0,0,1,0,0,0,1,0,0,0,1,0,0,0,1,0,0,0,1,0,0,0,1,0,0,0,240,320,80,0.75,18,273,320,47,0.853125,9,93,320,227,0.290625,47,216,320,104,0.675,20,51,320,269,0.159375,143,102,320,218,0.31875,54,177,320,143,0.553125,27,297,320,23,0.928125,3,258,320,62,0.80625,11,96,320,224,0.3,81,90,320,230,0.28125,51,276,320,44,0.8625,6,153,320,167,0.478125,36,282,320,38,0.88125,6,288,320,32,0.9,3,243,320,77,0.759375,12,150,320,170,0.46875,33,201,320,119,0.628125,15,294,320,26,0.91875,6,39,320,281,0.121875,281,0
5,train,no_upgrade,5,900.0053094786879,0.043734444049372684,76.26718727749368,94.36417079778207,90.3516655379182,82.82454110791423,84.9628904971257,93.22591156214565,82.27346225843947,88.47660163308534,88.23617402894097,88.59102998158511,73.18160463531312,81.73437735343835,80.8488366390098,92.5476481064458,83.41573133488704,79.81564399155711,80.47504539689521,86.59144280624467,87.01881388523745,85.2889790720031,84.80277891723227,76.51269936630865,81.09325888165661,85.42888458331697,82.82011759687914,86.14367315086179,76.67603626567418,80.89644975881691,94.0314704187909,82.04381175283254,82.86663876662834,77.43467666300714,87.45732358885542,87.40348179551843,74.27931822138518,103.51237203038579,90.53392231286539,76.40241319113721,88.77543326754406,83.26866619019907,92.6218080493591,85.215097238207,84.12136422234872,88.43705211600705,84.07778530867772,81.74819322945058,87.08790212063857,88.17134855732341,89.32533709507925,88.66775049824332,89.63696476716991,77.77060740782242,83.01465873328895,76.44279118290333,82.6135803901795,86.09530883673978,83.38332909133025,77.2047836877663,80.09744966539192,79.97029924623438,84.95879533013363,73.50480411885546,79.76082120458739,82.35087849380486,88.09011048899491,78.17111059572105,91.92083146555734,73.86601765147824,80.01994384863578,79.78452366677867,95.43117954517413,81.64952786243671,81.94977379128775,85.29804097727879,91.93288072930179,93.00344643159146,79.39419377473703,83.55363247806507,87.46336230346144,81.57452173266012,74.48497778110199,84.98679987358223,80.99690246409203,87.04085582807969,84.24020157519675,87.10488490336901,88.10030950515716,85.21723991981406,79.85999178555,89.92163597050143,91.95509412692991,84.0599195337034,77.85273401548018,92.71018826626107,78.65873737392374,83.25025988665628,78.30181424462882,80.58093247974362,84.73699710100831,86.3244264869613,85.88357184880907,88.46604105909948,77.31138624072986,83.89950398278643,72.81949864312756,85.23053263356782,90.22530655413647,83.63255772665923,84.82464610632518,83.79613335616637,85.14658799851973,97.47880398923755,86.44088901129142,83.99240231534775,95.88266908725552,85.22160028230287,83.86648678454439,78.26527225311203,83.27674982141441,84.18717621121363,83.08976190371399,95.37465181592381,84.59239105139619,96.37840753748812,82.31826063730206,81.12909246207361,79.94644586647738,83.70872332629078,87.13094324621991,85.89349582450062,79.8838518563137,81.58695806304539,1,0,0,0,1,0,0,0,1,0,0,0,1,0,0,0,1,0,0,0,1,0,0,0,1,0,0,0,1,0,0,0,1,0,0,0,1,0,0,0,1,0,0,0,1,0,0,0,1,0,0,0,1,0,0,0,1,0,0,0,1,0,0,0,1,0,0,0,1,0,0,0,1,0,0,0,1,0,0,0,222,320,98,0.69375,20,279,320,41,0.871875,9,123,320,197,0.384375,72,180,320,140,0.5625,15,51,320,269,0.159375,152,132,320,188,0.4125,51,213,320,107,0.665625,18,312,320,8,0.975,3,282,320,38,0.88125,6,177,320,143,0.553125,18,117,320,203,0.365625,24,288,320,32,0.9,9,189,320,131,0.590625,18,303,320,17,0.946875,6,297,320,23,0.928125,3,285,320,35,0.890625,9,195,320,125,0.609375,18,261,320,59,0.815625,6,285,320,35,0.890625,9,36,320,284,0.1125,221,0
5,train,no_upgrade,6,1080.014207442295,0.09414602597493402,103.83286394880678,122.16578164473188,120.88311563053517,112.83521141441955,112.65646835374595,127.9908823249604,107.9240989392632,119.0939243671205,117.35363289590559,119.87706598043803,101.22665271939508,103.30174152553464,103.24086214329954,126.8544682582401,117.25855093637796,108.54559523680878,107.70044124439269,120.64115886682184,119.5019841397016,108.78273839593696,115.1411982524537,107.74972155350346,104.55329011749691,113.76794290183703,110.81135156337186,109.67176859707942,95.37101325231275,106.37505946430447,131.17828825269274,111.35083737725004,107.38282384471084,105.67084576347942,115.42747251170225,122.71510968565252,99.21707081012998,137.2190618255732,119.68640093301998,94.50157850195825,117.36551317228935,108.42407956539434,121.6467405943878,115.9719373908019,106.18784829798308,118.59970288358363,113.77642085583226,109.56153242792979,108.19391875911654,110.48876562258982,120.5851162651317,113.93418326109101,117.91337395643242,104.69530976318421,114.74823600061688,100.98888771226282,109.64791099182737,117.38439784547914,110.6907976827944,104.88731939967198,106.08893160732666,109.25766494411823,113.2136773764079,99.82712946645626,106.06394514434528,106.59372765375207,117.71429163483725,103.10856684313016,124.63197090249817,102.95425934448383,110.71670063486738,106.36879682312369,132.95261881857604,115.22972618714812,115.57025350537056,110.81144482098594,117.51607415217444,124.24661713191784,102.8786201148149,112.7779095143604,120.16177180226192,110.27995245763314,105.3890165257166,116.55594994874691,108.2992539773577,118.94738449569297,112.6676138162813,121.32605526804169,121.55094570480614,112.2083311325957,106.72344566767674,125.41019928979041,114.78251031843313,107.56409643855572,101.89299820475298,126.7588834966565,103.46535466393267,111.23657266565876,104.51642017606419,119.50882786132807,111.07155086652045,122.91970920035412,118.08827926553454,117.86954172181733,100.66987501090652,113.61578238971127,100.22022552649484,109.90138007994308,121.65958502450688,113.38986376236338,111.00175111738011,104.9784220637607,120.71953908630107,128.3761680770837,115.57824015866012,114.07782003098019,133.74437919728834,110.02758108482581,118.40361835259486,100.0910496512658,111.10351800193057,108.13512258882042,107.79012818936958,138.00047846202526,115.47936028948676,133.48442007645295,111.44534231960117,100.78027887557272,108.57029725796832,108.53969854006897,114.23488264793023,116.11116656464769,110.21212467093447,108.62104725792905,1,0,0,0,1,0,0,0,1,0,0,0,1,0,0,0,1,0,0,0,1,0,0,0,1,0,0,0,1,0,0,0,1,0,0,0,1,0,0,0,1,0,0,0,1,0,0,0,1,0,0,0,1,0,0,0,1,0,0,0,1,0,0,0,1,0,0,0,1,0,0,0,1,0,0,0,1,0,0,0,315,320,5,0.984375,3,237,320,83,0.740625,15,156,320,164,0.4875,24,222,320,98,0.69375,15,123,320,197,0.384375,36,165,320,155,0.515625,21,300,320,20,0.9375,6,279,320,41,0.871875,6,276,320,44,0.8625,6,222,320,98,0.69375,9,144,320,176,0.45,24,318,320,2,0.99375,2,234,320,86,0.73125,12,297,320,23,0.928125,9,288,320,32,0.9,9,285,320,35,0.890625,6,177,320,143,0.553125,18,288,320,32,0.9,9,294,320,26,0.91875,3,81,320,239,0.253125,60,0
6,train,no_upgrade,1,180.08627144412262,0.0,26.167860405323037,24.344671114137178,26.61407811833476,24.816492930411595,25.74835493543411,25.488667582202,25.21141550354241,25.478355412454526,25.753031616552214,25.340337745477854,24.11039042950862,26.29808784635562,27.00919167480792,25.282400825525805,25.902646013357444,26.185648752463038,25.21431573328897,25.867854903423208,24.92803066227525,25.338712099784125,27.049799161182133,27.120753796482845,24.748463914275906,23.734535127310227,26.41030792787679,25.620675273221103,26.363591458808045,26.12243010282154,24.905084768184178,27.229569980003426,27.117762698564423,26.243833324699402,26.52198056270613,25.502932444620306,25.60996560018474,28.00518079983475,25.079570502332945,26.42923923828256,25.1770878494598,25.710389150873816,26.22329093413791,25.010293852481563,25.15534463665238,25.340527337432054,27.133578522928403,26.203542875700528,25.7541812436443,25.47216356612224,26.52793501997147,24.91836116828019,25.25958140783585,26.18981160784456,25.93846830220059,26.88140102395485,25.29256490294886,25.843118691637876,27.21737973826714,25.114835768037246,24.716331673540708,24.886454825942792,26.44347903266957,26.096053962822722,25.510812671913857,25.56358235365549,26.13888245478044,27.426550025025197,25.44288586439168,25.756763425232062,25.675267844357148,25.01216232950664,25.73733468100805,26.42208339700354,25.3067726133712,24.925663294409254,24.866977815408333,25.0103328269523,25.66055776135871,25.979715875413593,24.598582244007602,25.037131592894333,25.187547019110703,25.764707590795087,24.758972266869474,25.541017270262056,24.273333124918672,24.513266104009567,25.732304627989173,25.033205628982206,26.735556828635296,25.2893669832003,25.089714176357504,27.096862800020762,25.162853025383946,25.103745515929706,26.086588027783097,25.297877646286587,25.746448050572166,27.074488633927928,25.683450090632114,26.611751586924722,25.485057120032998,26.458144923687783,24.86931986513942,25.82541024430055,25.648462349176274,25.68830586451476,24.934481994194574,24.340879230137666,25.807555150907053,24.57468208501563,25.426247120195715,25.87354521260391,25.407390234945744,26.693773480214272,25.210682104182712,25.914157091827594,24.49824836356457,26.310938163632834,24.64989241494978,24.537710717068993,24.518491053601778,25.980837339546078,25.832567266996232,25.05818346840637,27.117132394940715,24.751960398757895,25.687926219972457,25.579032504656634,25.832532602623715,24.825135474244604,25.809060904713956,26.03214708533922,1,0,0,0,1,0,0,0,1,0,0,0,1,0,0,0,1,0,0,0,1,0,0,0,1,0,0,0,1,0,0,0,1,0,0,0,1,0,0,0,1,0,0,0,1,0,0,0,1,0,0,0,1,0,0,0,1,0,0,0,1,0,0,0,1,0,0,0,1,0,0,0,1,0,0,0,1,0,0,0,111,320,209,0.346875,197,108,320,212,0.3375,74,39,320,281,0.121875,236,111,320,209,0.346875,152,24,320,296,0.075,206,54,320,266,0.16875,84,108,320,212,0.3375,104,204,320,116,0.6375,74,45,320,275,0.140625,224,24,320,296,0.075,266,24,320,296,0.075,284,129,320,191,0.403125,152,45,320,275,0.140625,218,165,320,155,0.515625,74,135,320,185,0.421875,107,42,320,278,0.13125,263,27,320,293,0.084375,269,99,320,221,0.309375,74,111,320,209,0.346875,107,18,320,302,0.05625,299,0
6,train,no_upgrade,2,360.0335358687892,0.00011749500646222535,33.405347872482565,32.301557960282736,35.1916702598518,31.545970971844607,33.51588121468664,34.688739539512916,32.693531691519105,35.42462382401271,34.25664797882124,32.321768253603494,32.28463569332836,36.34581079125962,35.05757460755629,33.25440296554887,32.974620421210176,36.813563684959455,35.229397950083396,34.105608988755165,32.72358777337889,35.56874316040042,36.84700506731524,35.19942948711838,34.34256914083939,30.349599434905308,35.42763951768627,35.513204046021656,33.805601027335754,33.61624889771636,34.51678816275867,39.06574034660569,36.54293731630614,34.73697175465624,35.640166824612756,33.00037981364052,34.73340629598303,37.870144095195805,33.013365057613626,32.54645316774913,34.830850100082245,33.7967768363526,35.73792680111936,31.844656793432975,34.46689591515628,35.04520779394507,35.875577042267324,35.84220275779094,34.02726571264308,34.59499239124236,36.22872353436682,32.65550461178316,33.00451287871672,34.876673573327906,31.178031113134136,35.81901818310798,34.49401391593609,35.87044743168295,35.851346190321216,35.520104131199794,35.0120524963772,33.45130306248267,36.41634810207915,37.89024413744741,34.186707755775956,35.025305287338966,34.46423903915113,37.65051831310359,33.73304164041489,33.75026456631784,32.49749256737465,32.70493727932421,34.50825854843102,37.7223811891237,36.11325420099725,34.29634036987203,33.280139644461485,31.99648334044835,33.152551270348674,34.553707096456606,31.842953431936927,32.76693425263979,34.60610997350447,33.55354041660734,33.995698541343174,33.33378352949466,32.58198760708808,31.306858926751843,33.404232485749496,31.72418460354302,35.13579701910455,33.97490729886488,34.62996851141199,35.83786440191041,35.265421254463575,33.584285552870774,34.477906315887225,32.1135836377647,35.17813432499421,37.656863779002045,34.99071683556941,34.77992165714958,33.484138785570075,35.497796684464916,32.914978165533725,34.279878376199264,35.96303365832344,33.59849059999504,35.328239713003555,33.48954959990713,33.150249793668706,32.614806352448795,36.10784146432124,35.06928729345205,32.93040741213304,33.92264383420262,33.13990524564573,34.066445553591784,32.88078148000507,33.13315776277337,33.71261645934915,33.99489717868842,32.079619289748024,35.58545752774339,33.832623672807394,35.397046607711,36.25326809137573,34.49462415392438,34.110965237217094,33.085981239428286,33.85619562775224,34.39798298381708,35.30357967502047,34.1452563202699,1,0,0,0,1,0,0,0,1,0,0,0,1,0,0,0,1,0,0,0,1,0,0,0,1,0,0,0,1,0,0,0,1,0,0,0,1,0,0,0,1,0,0,0,1,0,0,0,1,0,0,0,1,0,0,0,1,0,0,0,1,0,0,0,1,0,0,0,1,0,0,0,1,0,0,0,1,0,0,0,108,320,212,0.3375,200,141,320,179,0.440625,56,33,320,287,0.103125,164,114,320,206,0.35625,137,30,320,290,0.09375,230,60,320,260,0.1875,81,123,320,197,0.384375,30,270,320,50,0.84375,14,78,320,242,0.24375,176,42,320,278,0.13125,269,45,320,275,0.140625,114,171,320,149,0.534375,107,66,320,254,0.20625,185,237,320,83,0.740625,20,174,320,146,0.54375,35,60,320,260,0.1875,236,54,320,266,0.16875,236,162,320,158,0.50625,20,123,320,197,0.384375,51,12,320,308,0.0375,302,0
6,train,no_upgrade,3,540.0533235484811,0.003026100113478754,43.724429928812455,46.38223593700875,44.93579843962316,40.540619364595464,44.86363578715889,47.91081039021223,44.76647547568511,46.698428868939246,46.724660808920454,40.34743842803535,42.81118702725199,50.167301010991785,48.27547109727454,45.58283256216895,45.8360721854408,47.58852207329791,45.403772183361646,45.27744751325914,42.46402190864412,46.60700651222081,53.35619379304117,46.980109286341,47.26790327377097,40.92699317006821,49.581430828823535,44.82414453362545,45.54931659850152,48.259034290936654,48.31052450544633,53.248190937386596,50.704163845589896,44.122930479690716,48.74474517013544,42.75992398485113,46.41043196206913,49.171717787085115,45.0992107311947,45.40049699809799,45.266186335786614,46.50126800543892,52.4537437501999,45.881545020368144,43.78453538285617,46.17664167870745,45.799789928175734,47.164436624273534,44.85522972448881,46.8104764483451,47.135644039567644,42.77152822786774,40.85489474483152,46.194469078456926,44.762673722826456,45.91136612371044,47.8159291657406,49.44003226771259,49.94706755784979,50.01433166328935,46.22791095040247,45.513750724131846,51.1216703492034,49.27605148445909,46.48276597545663,46.70202802065364,45.75015794453222,51.16908883384375,45.87481803212043,46.52255899913375,44.46783020000721,44.40461695793028,44.72853674960478,50.01077691672922,47.45043782877805,49.0136444651048,43.20050277912854,44.15422311718748,42.7636179661033,46.61037910201804,43.055194560413746,44.141820552874684,46.33900918313653,46.53858844830434,46.02526407126357,43.743858715136795,42.373205740443275,42.213825289842184,42.430819411024856,46.23728489778051,48.79003566964486,43.310609439974805,48.52867935374907,49.12620888381927,48.33700458282657,48.262884402520946,48.59152024682859,42.14067277420549,48.818776567310664,49.63871889267883,46.24900878678298,46.29522596994685,48.93089524468816,46.072426095459285,45.83456846024242,46.1371814385781,50.111484014753586,47.76679458864916,47.12563714044264,45.568803768496096,43.02215253740595,44.112149847717376,48.512619636691674,47.09534139257643,44.15434550292858,45.66668506183445,46.20473420783308,45.54821823319684,44.58224180258309,44.79261028940457,44.162176629084755,45.265106134813415,40.572964162860956,51.26588575028853,42.6403890206452,47.49017407064748,47.67097129639205,47.533278697618975,47.48865671245494,43.37305637783382,45.68415016913185,44.95165013336607,47.4904913664831,44.63772519447739,1,0,0,0,1,0,0,0,1,0,0,0,1,0,0,0,1,0,0,0,1,0,0,0,1,0,0,0,1,0,0,0,1,0,0,0,1,0,0,0,1,0,0,0,1,0,0,0,1,0,0,0,1,0,0,0,1,0,0,0,1,0,0,0,1,0,0,0,1,0,0,0,1,0,0,0,1,0,0,0,141,320,179,0.440625,131,207,320,113,0.646875,18,81,320,239,0.253125,212,162,320,158,0.50625,27,27,320,293,0.084375,224,108,320,212,0.3375,33,156,320,164,0.4875,18,294,320,26,0.91875,6,123,320,197,0.384375,128,69,320,251,0.215625,120,60,320,260,0.1875,98,255,320,65,0.796875,14,87,320,233,0.271875,69,306,320,14,0.95625,3,219,320,101,0.684375,14,135,320,185,0.421875,128,57,320,263,0.178125,81,192,320,128,0.6,21,225,320,95,0.703125,24,24,320,296,0.075,293,0
6,train,no_upgrade,4,720.0579230074813,0.015515301966564525,56.41922097064889,63.18781488432762,61.366554937554675,53.79928860179427,61.71459449374384,67.62389455488461,61.54515393837172,66.3202369643429,60.09233809483251,53.30849231750354,54.79149066438766,65.29402629227445,64.57176396290639,62.269932822202385,62.84556877614192,61.47930786208016,58.26577862855465,58.00134333985894,58.7384182703241,60.92904385218404,70.80531469696032,61.18823836300014,63.80474444210162,52.26413631292078,69.84245454156098,57.16387046141776,66.60181197528497,66.27743133813318,63.31516730071885,70.44652291659514,66.3278216229426,59.960068278135594,68.88677500414256,56.57328751819194,64.631140116191,71.52044935238882,62.04786523239782,61.06551686531138,55.63225587686961,66.01560249339298,71.85703841527169,61.53095486976537,58.33494833994325,62.74598116885748,60.234949352923806,59.27990946865916,61.120300530175285,60.392071808158136,62.92917454420964,59.32603238394256,53.085021228353064,67.73904451518511,58.10512373911039,62.51744163876727,64.44888224146739,66.3401247722107,67.55402583552518,67.62987715938561,61.810803324169314,59.82021375757311,69.13036842457595,62.45332505597027,60.854028424009,62.89170258055423,61.26763454157642,66.9170398511653,64.94758186600184,60.79014365764722,58.34934115014701,58.953437392292734,60.15254780523657,66.16752228410763,65.06623778307568,69.430363376677,57.93509820969644,57.42038280172037,58.46503754286223,63.394733875334126,57.735989995287255,59.07703371063453,64.30926808935753,58.89839629277893,62.434147004534346,59.87752696414207,57.19237371945482,56.30289646516506,59.495633688073966,59.60080311586879,65.09743522799003,59.9570644038752,69.87781720880061,63.279010871254876,63.597856836508456,66.40389622229858,67.67788647708602,61.39898994703261,61.33317497043027,66.31249347319532,62.63241371486395,61.974287994274334,69.37229479588188,63.773894031693686,62.08423271238551,65.77834261490328,71.62378255528567,62.90081141486043,65.22593456277106,60.86184528735351,58.82687598124506,57.39449302720175,64.73707655881306,59.675363640520594,58.67906343779019,64.00960972102241,58.698158349717026,58.934284998916766,61.15212492312546,57.579527105913975,61.14016147041866,61.59345682630468,54.62027552994212,64.80143255228083,56.22557593762918,61.80368031043679,64.73883665983122,65.69581901278696,63.49160835972197,61.046538904050635,59.539919881737774,59.38548974267975,62.123048044748245,60.97101281595455,1,0,0,0,1,0,0,0,1,0,0,0,1,0,0,0,1,0,0,0,1,0,0,0,1,0,0,0,1,0,0,0,1,0,0,0,1,0,0,0,1,0,0,0,1,0,0,0,1,0,0,0,1,0,0,0,1,0,0,0,1,0,0,0,1,0,0,0,1,0,0,0,1,0,0,0,1,0,0,0,186,320,134,0.58125,35,246,320,74,0.76875,15,102,320,218,0.31875,143,189,320,131,0.590625,12,45,320,275,0.140625,158,132,320,188,0.4125,75,204,320,116,0.6375,18,306,320,14,0.95625,6,228,320,92,0.7125,11,132,320,188,0.4125,27,87,320,233,0.271875,54,288,320,32,0.9,6,147,320,173,0.459375,21,297,320,23,0.928125,6,270,320,50,0.84375,9,246,320,74,0.76875,12,120,320,200,0.375,47,222,320,98,0.69375,12,246,320,74,0.76875,9,30,320,290,0.09375,266,0
6,train,no_upgrade,5,900.0075050808306,0.04593259807057499,76.28693473107711,90.46236187446547,81.90239666814948,74.90104681000793,84.68004433055607,93.330709058553,82.06109698160651,94.24145942957526,85.36972713132616,75.37623501022262,75.36189129389389,83.54613438766512,92.52441811544605,80.37761827432915,82.82470512475786,82.74611612040579,83.01799135316378,78.61010983673626,76.74247595633936,85.65642944622348,95.6681089548703,83.69668861887878,85.4021027439943,66.04527503406285,91.30671814664395,75.98053905340537,93.60559290086694,93.2039031640713,88.94331059904746,97.83368336585677,90.89340986834083,80.56726499216556,92.62421925897941,75.79677309173255,81.65261916448024,96.43705858965946,86.18667683709239,82.3342166541586,78.54634004095534,92.69025254658689,95.81864651331047,81.6978395130885,78.9435626197225,79.04964467862166,74.1928851034678,82.19094155946318,84.40074773641419,78.79699141318123,83.07246782186265,78.44645014218025,71.88364500745715,93.9298881533652,73.58449603496294,86.39329570897647,87.74465581405458,96.83535193736729,85.40238339518761,88.49486675549784,82.69554543843937,84.19040903472737,94.6125912297993,83.00472118828554,83.2456964135648,88.99978393471073,86.46741132358245,93.12561162589519,91.93232818011269,81.01178392984296,71.99497164695434,78.00636195775017,78.77538295946447,84.00484735240232,85.02059814561316,89.95152612158108,84.5297929786937,76.72781244822094,78.12981836475572,81.86974587539046,77.09892565371032,80.50482444952887,87.58083972984281,72.19934321760049,83.93405092521498,85.9020173742598,77.66614496634412,74.5184016010143,82.68107412854296,76.99925316134612,86.47855663827899,83.49353289031336,86.98016460652065,83.55481854437822,84.2050597157979,93.890027718175,88.22544580447513,81.1323816877559,81.16719668058573,91.38492003600643,90.39187375923154,83.51885598262079,91.57172534059215,87.65276006015375,81.94390002617918,87.68698164309575,94.1897051105314,84.66131662484328,89.5982410872998,85.24856049620283,78.4850200343258,79.59741613581912,88.60332143656595,76.59222747776111,78.22342159349556,89.52626591765147,78.69982732094371,77.09879113744672,81.49637739139888,76.63582090253844,83.44854254216331,82.17087479358491,76.88409571260978,81.46197098963779,78.59033127983673,81.29376777218278,89.52210684479826,91.30799051124559,83.63354152551949,84.91690301523705,79.69906879069603,81.37116672445177,81.91061253649693,85.65890101768147,1,0,0,0,1,0,0,0,1,0,0,0,1,0,0,0,1,0,0,0,1,0,0,0,1,0,0,0,1,0,0,0,1,0,0,0,1,0,0,0,1,0,0,0,1,0,0,0,1,0,0,0,1,0,0,0,1,0,0,0,1,0,0,0,1,0,0,0,1,0,0,0,1,0,0,0,1,0,0,0,303,320,17,0.946875,6,276,320,44,0.8625,3,138,320,182,0.43125,45,219,320,101,0.684375,18,99,320,221,0.309375,36,186,320,134,0.58125,26,249,320,71,0.778125,18,312,320,8,0.975,3,240,320,80,0.75,9,216,320,104,0.675,9,111,320,209,0.346875,33,297,320,23,0.928125,3,180,320,140,0.5625,41,297,320,23,0.928125,6,267,320,53,0.834375,6,282,320,38,0.88125,6,168,320,152,0.525,15,246,320,74,0.76875,9,291,320,29,0.909375,5,45,320,275,0.140625,93,0
6,train,no_upgrade,6,1080.0028110445394,0.09493405903286581,105.06266592838065,117.04521105741824,109.0175404060714,100.4504413203444,114.74045466000948,120.64314754868305,111.62332428505945,127.62815715280395,107.64425639094581,101.06310799492839,101.03072415420559,111.86943965984797,124.32616101295137,112.79750084763057,114.47426821515339,118.57074105594533,116.45655304399595,109.32482782171238,101.88800017637132,117.19626041675059,128.6149043107142,114.55545416877756,108.81353145390106,87.32344881570887,119.72509585315856,102.79077629523599,120.1869498991827,124.5912149998337,123.09670169111592,126.25272844571748,115.19699209155077,106.6443625979504,125.65727490418617,105.03974710334151,109.78838698164738,131.23322252297356,117.19532506433981,112.7974772032153,109.87054658586793,124.77743239487874,137.09471711050213,110.33657211296295,104.81137492348923,100.60864647169731,97.66866664052749,115.25120345993506,114.83387535728191,109.13806553530557,111.16615029428537,104.30653128834123,99.73249841832774,131.7041289014599,102.11882294799264,111.26715171561436,122.42622129570093,128.91243022463405,107.89369070680749,112.88421189323634,113.92281021959016,114.89310783978597,131.73424168280891,107.7986334338974,111.87260400356595,111.88731194030825,116.88807026052913,127.84472531944728,129.57656682748274,108.77910624223222,97.62646279943746,105.21569198086742,102.35392562327854,117.8000764881822,113.49568354583583,111.89840224363408,117.24107098304755,105.0003094394555,106.35679175457233,103.91956626211416,105.83856225929074,111.78768048583895,116.13117547343195,97.35963260129554,113.99615486691778,118.38526554567304,104.62579370461985,98.7676244220351,113.92103021140521,101.69208005800867,118.95571307008021,120.17513953441352,119.92535135256173,109.46761365163097,113.75844112147004,120.8685032038689,119.25733778724496,106.5555056078377,105.13469485632893,121.64734923368722,126.26405487610285,116.26457741021319,121.76898734133444,113.74722153176776,113.3191151249545,122.86314516735277,131.15829843482277,117.91739484184664,125.3395944912747,121.73614830982788,113.30487182917079,102.53852672571902,120.1089880310653,103.55497437734218,104.37671384038164,121.42270900377471,103.28709664494137,103.84416854030547,114.17051635088706,103.23253517132521,114.34417923532035,109.54820234702635,108.01575977257542,109.92883395600957,105.9663366836601,107.92167474361385,123.51729685555053,129.40080787857173,104.6758360053355,110.18348286071443,111.39684942262164,109.31172391125442,103.04266622735528,113.95375168279809,1,0,0,0,1,0,0,0,1,0,0,0,1,0,0,0,1,0,0,0,1,0,0,0,1,0,0,0,1,0,0,0,1,0,0,0,1,0,0,0,1,0,0,0,1,0,0,0,1,0,0,0,1,0,0,0,1,0,0,0,1,0,0,0,1,0,0,0,1,0,0,0,1,0,0,0,1,0,0,0,291,320,29,0.909375,6,228,320,92,0.7125,9,198,320,122,0.61875,12,216,320,104,0.675,15,144,320,176,0.45,42,195,320,125,0.609375,29,294,320,26,0.91875,6,285,320,35,0.890625,3,270,320,50,0.84375,9,210,320,110,0.65625,9,195,320,125,0.609375,27,306,320,14,0.95625,5,246,320,74,0.76875,12,300,320,20,0.9375,9,261,320,59,0.815625,6,255,320,65,0.796875,6,249,320,71,0.778125,9,252,320,68,0.7875,9,300,320,20,0.9375,3,54,320,266,0.16875,78,0
7,train,no_upgrade,1,180.00942446035975,0.0,25.803311064596322,25.17596961837121,26.39191003711109,24.394607788882812,25.86000500186259,25.79203068886212,24.839875632065862,25.964060762558486,25.24498449267434,24.46095026631069,25.242898423065167,25.159999085037953,25.66279156756141,25.07759364776498,25.663981555754866,24.843966569469774,25.630958588054916,25.184947757690804,24.944629319758914,26.621065920120877,25.47741280659224,24.268072525590494,24.338982425299108,25.389473512043903,25.897746173470704,27.575238937359785,24.510501368419014,25.412547465993516,25.544589582320263,25.963042547813394,24.907710074641702,24.35749660085339,26.659765305440782,26.722713539730314,25.967212517460194,24.94308077878591,25.89864161765546,26.09236610678402,24.65363556315273,26.0743963617102,24.332655503738994,25.104461251914227,25.606586200550765,25.769973341131617,27.732859442683274,24.15691254798323,24.921334046390516,25.893398838716926,26.262054743655572,27.631147728783144,25.59863273187549,26.865102474345203,23.898367520693274,26.4881459545418,26.344809175701478,27.16183470654318,26.30243185284283,25.736939927390413,25.29396850216366,25.72097649391058,27.154101075771354,25.666093133661068,25.450792442082236,25.951473729345622,25.05550200538823,24.706151497270536,25.65841703649007,25.326614086161854,25.81936671746683,25.404264639198974,24.31201401432156,26.203458353605484,25.03901624999287,24.255468688471854,25.15767438747799,24.56793983676898,26.004004564267465,25.73496521008326,26.042401347044862,25.377740849644997,24.51914318118099,26.291952620095653,26.48651812096316,26.490672811327606,24.962059474804597,26.404733266929533,24.59316133246952,24.92125726779773,26.14819175432466,25.119078490632624,27.15777412245616,26.433246627718606,25.687666172196252,24.96955945556243,25.781825021346723,28.17414190733115,25.030946305559624,26.89623113491228,26.303036758358193,25.232944829754103,25.426919686276104,26.316130823884382,26.884213149065836,25.15831485366898,26.284826046761328,25.029075120181933,24.79334538283351,26.28129529665331,24.13427539563074,25.816136181426895,24.474068751716835,25.548216614908625,25.543735499790888,26.115375758869334,27.154099552248876,24.70827570462843,25.471395961286124,25.64714061411019,24.815046786884945,24.109991860433592,25.122685428207305,26.59278472349366,25.59066694584995,23.929990420465444,24.73645951271639,24.893576908727365,27.31911737849518,25.638332824203065,27.234566821593248,24.794441700257032,26.013833033478647,26.533165693527927,1,0,0,0,1,0,0,0,1,0,0,0,1,0,0,0,1,0,0,0,1,0,0,0,1,0,0,0,1,0,0,0,1,0,0,0,1,0,0,0,1,0,0,0,1,0,0,0,1,0,0,0,1,0,0,0,1,0,0,0,1,0,0,0,1,0,0,0,1,0,0,0,1,0,0,0,1,0,0,0,69,320,251,0.215625,251,105,320,215,0.328125,77,21,320,299,0.065625,239,75,320,245,0.234375,104,18,320,302,0.05625,254,75,320,245,0.234375,137,84,320,236,0.2625,68,225,320,95,0.703125,71,48,320,272,0.15,227,15,320,305,0.046875,272,30,320,290,0.09375,266,126,320,194,0.39375,104,45,320,275,0.140625,233,186,320,134,0.58125,92,114,320,206,0.35625,71,39,320,281,0.121875,272,24,320,296,0.075,287,102,320,218,0.31875,92,75,320,245,0.234375,71,18,320,302,0.05625,299,0
7,train,no_upgrade,2,360.04709412228584,0.0,35.074893486631076,33.50486053634242,33.97465245001647,33.84814863478097,34.379769865223246,34.718553224613096,33.994901042331485,34.63590296520256,32.12764026631774,34.25821389557656,37.10140867587607,32.99121539050415,34.366629537345965,33.27191163250316,33.512299557880866,32.8712600124185,33.556686520247005,33.09883173220683,33.60731950592728,35.98484788277227,34.83207034774615,34.619956628535185,30.901670164162844,34.214950705985814,35.83265489086562,36.02028030656029,34.22751855692516,33.0101480123436,34.10085947894869,35.92330536451391,32.38293749002292,33.597081636396084,36.90159520868947,36.119683945966514,34.5414082860895,33.41868368143755,33.61157483431477,38.275352896838804,32.17760519737813,34.92347568765284,31.975112206427898,33.52226081447481,32.6513706274591,32.632706859995736,36.79446691020292,31.086059570408594,34.81000944116154,36.52560633735701,35.71866314554236,36.794975288321126,33.93171375747788,34.75314480656219,32.342259872615045,36.53228230480714,34.42301947399064,40.10016773479082,35.55617169277691,34.90638732953093,34.243628626966114,33.513614086349364,36.7783792482264,35.13607886893909,32.098930966404644,32.64045337210871,34.33532132402257,33.1612871630166,32.21210691096677,36.2851989086709,35.47114188287226,35.436906613926006,34.25874273956725,35.18576421575987,34.39036651643475,32.3597159224283,34.609919017515466,31.65935641622445,35.454313401852176,33.634143498554906,36.094040670642286,34.10606536394496,35.12426931954055,34.6609331134585,36.495454089316134,36.70393433345925,30.775166091857812,37.5736059798354,34.50455382520204,31.280198288392988,34.248422293541516,34.1506213662014,35.029792999113766,36.83324091545464,33.75828908296739,32.27698858417551,34.88002164521738,38.098683706697265,33.69241273997352,36.97793309457723,35.24808092788568,34.20190570089811,32.59644419868223,35.85397767596007,36.83249704330083,34.107411555062306,35.48741521031509,33.29243251616669,32.85594554681063,34.325679856405586,32.967284338847556,36.97674423372198,32.637324320388984,35.38096173185524,34.166892265592466,35.7828151972489,35.59743584578431,32.544117203399935,34.480182309567994,33.98996638959082,32.41700853451739,33.93056217701032,34.194459799986845,34.64935563642547,33.7454895019561,33.25431376028698,32.9279348664555,31.355920514048798,38.79640453292947,34.27861515459761,36.2078345898088,33.564354302743524,32.49909138678719,36.25129234791313,1,0,0,0,1,0,0,0,1,0,0,0,1,0,0,0,1,0,0,0,1,0,0,0,1,0,0,0,1,0,0,0,1,0,0,0,1,0,0,0,1,0,0,0,1,0,0,0,1,0,0,0,1,0,0,0,1,0,0,0,1,0,0,0,1,0,0,0,1,0,0,0,1,0,0,0,1,0,0,0,123,320,197,0.384375,176,108,320,212,0.3375,42,51,320,269,0.159375,194,96,320,224,0.3,135,21,320,299,0.065625,263,78,320,242,0.24375,87,114,320,206,0.35625,33,228,320,92,0.7125,24,57,320,263,0.178125,224,36,320,284,0.1125,230,42,320,278,0.13125,218,117,320,203,0.365625,69,75,320,245,0.234375,182,207,320,113,0.646875,24,141,320,179,0.440625,101,54,320,266,0.16875,230,21,320,299,0.065625,254,93,320,227,0.290625,68,120,320,200,0.375,101,24,320,296,0.075,296,0
7,train,no_upgrade,3,540.0177622650342,0.002333795887473193,49.70816806706809,43.795557416911755,46.43254097119973,46.834142471313235,46.42629739495325,47.68503401542255,45.02315654796306,47.6822813772566,41.77014178772377,43.3264650200444,49.81832358310806,43.29790621428492,47.05401234794184,45.39392634146768,44.72389643222004,43.16666923337825,44.77312190274274,44.785567129006566,47.16525323001113,50.51479510894012,45.746401328919504,48.65060109070013,40.85982853422856,48.45165359548316,45.98661966224831,50.30692099102135,48.296541948813015,43.93369695498667,43.973240501768316,47.23243963180533,44.57778451915977,43.575839361011035,51.06742062602866,49.65984085204017,45.80929736277288,44.09081603599404,46.214883251385096,52.36718551631104,45.52345685747456,45.38034135876523,45.733991030580405,46.89593250701292,43.435848951688016,42.353347609532044,48.08608058199673,40.0765070419718,44.95342184268649,49.862817500424576,50.83361629071456,49.44789824529171,46.90207891577044,46.1033232997451,43.215836270465985,50.248745278251505,47.868438104172405,51.59224051788796,50.50792445338625,44.532685936620794,47.38851891971268,48.201262885770554,48.01445899046298,47.89944075332463,43.09167270128961,44.91122063589732,45.335688007378025,45.145416668455475,43.21826577598774,46.82195315183671,47.19057377317197,46.90162561585473,44.87482062045247,45.461758401545715,47.95021169373511,45.123767120291,46.18992202075929,41.7069887932627,48.24584923367357,47.272742767810755,46.4029461314615,43.452429007665636,48.46925611023217,46.369005104030684,49.61166921201778,51.1544034688641,43.467653296816614,50.27641204190749,47.8404109939331,41.577170307927744,46.61465186080357,45.882688673545786,47.513096147387806,49.71557624741669,44.57461194895047,41.644838915902895,48.70450051495036,52.74149157464877,42.51895796496795,51.49360514415448,47.19810389179966,48.030762333266686,39.802596231121925,47.92882921924855,48.8733426910094,44.19179745503131,47.16270754681133,45.075760205400314,44.711389146430484,46.43235349644239,42.60244893126583,46.84247497483444,43.21476949912415,49.90735360727203,45.01358893369613,49.708208253340814,50.39366596293263,42.73407946879992,46.67759764904466,47.034122346204725,43.83602859624419,46.42147030055541,45.50329357498409,46.004274158835415,42.39705745497983,43.58119600775038,44.98393299359776,42.595789810588364,53.92790369935418,46.06163932422604,47.75798795362619,42.95949273611744,47.008598156286965,47.128154025589815,1,0,0,0,1,0,0,0,1,0,0,0,1,0,0,0,1,0,0,0,1,0,0,0,1,0,0,0,1,0,0,0,1,0,0,0,1,0,0,0,1,0,0,0,1,0,0,0,1,0,0,0,1,0,0,0,1,0,0,0,1,0,0,0,1,0,0,0,1,0,0,0,1,0,0,0,1,0,0,0,126,320,194,0.39375,158,222,320,98,0.69375,15,48,320,272,0.15,164,192,320,128,0.6,27,48,320,272,0.15,176,87,320,233,0.271875,51,150,320,170,0.46875,24,273,320,47,0.853125,6,144,320,176,0.45,59,90,320,230,0.28125,84,48,320,272,0.15,149,243,320,77,0.759375,15,84,320,236,0.2625,74,288,320,32,0.9,6,273,320,47,0.853125,6,135,320,185,0.421875,59,51,320,269,0.159375,242,204,320,116,0.6375,18,243,320,77,0.759375,12,18,320,302,0.05625,302,0
7,train,no_upgrade,4,720.0110345005809,0.013314700516284306,69.22604002365372,58.269510167161165,61.38781388215724,61.11296335621832,62.51940884274723,65.53432704818785,63.20737651985201,62.21764054723956,55.826055370809975,61.29644651448977,62.944891695414114,59.0873432721418,60.65810314400032,60.19930235548974,64.41454485646713,57.750663099479745,60.32516613848464,60.60290246853223,62.41088819737969,72.92370354995123,64.86636336561608,62.6401349815864,52.806486601028546,63.910257069645624,61.349651803456744,64.4517086721092,64.33892602994733,60.23281679358466,59.01389502806134,64.04220781276976,59.04816349396708,60.57291052711791,70.27101870993866,69.04224494051074,58.93392872334122,56.23149760785312,59.359880849205446,71.09602168943195,58.40542509090206,62.185323209290566,58.395208288367726,59.461570379489686,54.9540618847408,57.11218925358786,64.95025203026115,51.54928229077356,61.19038217901485,64.74804653045273,67.47064978882709,66.00285414643382,63.003078518265056,60.9183616800462,59.023600512224014,71.0132807477025,65.80068923897606,70.13871054797106,71.90194965753473,58.59115664946694,59.94103107228169,64.05847233728821,66.9120393814151,62.54858461381514,60.10657486068368,63.18255295905846,61.90982015227201,62.00970054361938,57.92361027729076,61.22573702682757,63.73133014634055,67.12037782837717,63.484416205177205,58.62466407637112,62.94999097037493,60.2679691170096,60.05170253064233,54.33170251346934,65.6964786071441,63.329935359211184,56.837858411649414,56.2257728945522,64.93770650206145,63.47691555775211,62.729150875246646,68.88999754642056,61.22822420283457,64.51219911188495,64.10522376848179,56.53442067592428,61.862722234032276,56.438277840481945,63.48193754193872,69.79205101853168,60.46153461095076,57.47921469464235,63.51079450070106,70.0107163095511,52.687232882261675,67.97074635475036,65.5226714832977,69.23823041084022,51.86436092459021,64.9564922067287,66.44264726173382,57.454854901521756,60.867486343426336,58.59865011573715,60.33700069502913,59.88210551695031,57.759079392063136,62.82192312930646,58.42924957307557,70.34351904780739,60.41300047612941,66.57687618100172,68.56407873503082,59.88150706094494,60.166416733405114,60.32212695507521,55.93060347917737,57.40024411897686,61.165678145377626,62.941833497137836,56.49081919723563,58.10933945284626,59.83475411914435,60.82937760861975,68.8751602750373,62.97738082064207,64.76181286708461,56.77266536379568,65.78025485735537,61.67406800351548,1,0,0,0,1,0,0,0,1,0,0,0,1,0,0,0,1,0,0,0,1,0,0,0,1,0,0,0,1,0,0,0,1,0,0,0,1,0,0,0,1,0,0,0,1,0,0,0,1,0,0,0,1,0,0,0,1,0,0,0,1,0,0,0,1,0,0,0,1,0,0,0,1,0,0,0,1,0,0,0,219,320,101,0.684375,39,270,320,50,0.84375,6,63,320,257,0.196875,152,207,320,113,0.646875,15,45,320,275,0.140625,140,114,320,206,0.35625,39,171,320,149,0.534375,33,288,320,32,0.9,6,228,320,92,0.7125,15,111,320,209,0.346875,105,72,320,248,0.225,39,276,320,44,0.8625,6,150,320,170,0.46875,35,285,320,35,0.890625,6,261,320,59,0.815625,6,216,320,104,0.675,12,117,320,203,0.365625,59,219,320,101,0.684375,12,258,320,62,0.80625,6,36,320,284,0.1125,282,0
7,train,no_upgrade,5,900.0152148581136,0.04708497266363497,91.00103350885135,78.31722559205224,78.40927496226486,78.26206266684748,83.47734329618146,84.27879455027072,86.31717581031859,85.273037755303,76.83222699537403,79.57412149852306,85.41099446348525,84.60386157358269,79.06092776041207,76.7699997770832,91.10772346934131,78.99845605566831,82.64832237180002,80.57847871213576,84.06540231843454,97.21297169606346,86.3438976827314,83.89471501149649,67.03712171084808,84.74629499863352,80.44360003861476,89.41310533990219,87.50979156226695,76.97207233164112,77.91991224392325,89.501052467196,77.00463710932645,85.93083842391721,90.60185284712337,92.9083370046072,79.13888238520211,76.54406284591221,77.74965648728096,94.37331023542507,80.273002630063,85.46754690246901,76.051873608883,81.53320241191692,77.0938506279471,78.15090784674314,89.65921297762947,71.0237826397004,81.05159298282888,83.26286732426378,89.3126842535254,91.14469560816352,85.93310452958751,79.0702407713584,78.1182220807482,92.95869709044347,83.10494377132363,93.15288886717732,93.64802112043608,80.01850375373924,80.87210314737429,89.42706009959396,91.73846089794527,82.57195466687567,81.84687787448996,84.70664413123635,83.0755001313896,78.97285209264398,78.83099587075377,80.91653512641783,85.68423809420855,89.19129797845132,90.3381785375204,81.59669370107584,87.5817333917056,83.24492853025468,80.27404269702792,72.47916403898839,89.74884847676901,89.59925177351587,72.3672290593219,72.22779978425807,87.4306137114259,91.01239897784231,84.75367857494015,90.84418731994786,78.46352971161984,90.79183671172882,90.06783351353103,76.80488168065877,84.55321718067461,75.6014706677459,81.80052442776396,97.37363564693045,79.26717465477815,77.5945585905337,83.60248996346438,95.14611646903187,73.89467373910344,90.56522141209338,90.2930074855323,89.47711379798788,71.96542748347494,87.78052024862428,93.60172867500908,81.24675101273114,77.18878844846942,79.9191295729641,82.26522945267855,81.15683750141564,77.89997256241737,84.09215825866012,76.64433887957979,89.8544672332824,83.53708523898759,86.69434960576946,86.57521859777606,84.45128068018663,78.56768533662814,81.78902425837973,73.84540335571836,76.99378826195293,79.0831364136447,81.93112251552897,82.34390916754201,73.5035567230207,83.85394226639482,83.85597221141028,92.03879307304956,84.46265824771858,82.27458553347533,72.26284504594598,89.45748245432542,82.07208134091782,1,0,0,0,1,0,0,0,1,0,0,0,1,0,0,0,1,0,0,0,1,0,0,0,1,0,0,0,1,0,0,0,1,0,0,0,1,0,0,0,1,0,0,0,1,0,0,0,1,0,0,0,1,0,0,0,1,0,0,0,1,0,0,0,1,0,0,0,1,0,0,0,1,0,0,0,1,0,0,0,231,320,89,0.721875,23,264,320,56,0.825,6,129,320,191,0.403125,68,192,320,128,0.6,12,96,320,224,0.3,119,171,320,149,0.534375,18,243,320,77,0.759375,15,309,320,11,0.965625,3,249,320,71,0.778125,6,174,320,146,0.54375,18,117,320,203,0.365625,48,312,320,8,0.975,3,201,320,119,0.628125,30,309,320,11,0.965625,3,261,320,59,0.815625,12,270,320,50,0.84375,9,204,320,116,0.6375,21,237,320,83,0.740625,12,282,320,38,0.88125,9,66,320,254,0.20625,87,0
7,train,no_upgrade,6,1080.0020022287094,0.09225514533706579,122.77725098967962,101.9583220185429,106.0638265240085,106.9255795306939,113.46658374417069,113.40810967529103,115.7673851504914,117.06512950457599,96.4402499282608,107.43291346110449,114.23711598775405,112.03086002434237,107.77852086097707,109.57144362736408,131.55663202613002,107.05052403138261,106.8317862718859,112.01998582075781,112.63718056943435,134.4633720675229,115.80384226309005,111.51461755915548,87.25258437059115,117.62655448361043,105.37971550196288,119.61151613844747,123.44852098390703,102.90713411100421,110.39075994842092,116.15633173012635,102.83996428321501,113.1238907565112,123.83937747675323,122.21439307742794,110.84310119634046,99.190252359793,116.23826827227067,132.05900813145996,106.81807845677736,108.44654685139632,101.69165299490457,106.73751292277133,107.27151179701663,104.1481849172746,121.83100004584212,97.55641511167534,109.5959628097807,109.94271872454812,113.49986031680024,120.68761401779294,107.8624262620133,104.33566148725154,108.65356797475916,115.160404937027,102.89329323674356,128.28757095067442,131.88061030434434,105.26874160831746,110.76450241689521,123.35999347784406,123.31781629708372,107.57305967978645,110.94412944037411,114.15744470277457,110.09205892558776,107.32365825139286,109.0188332891279,108.63704176844371,107.9787176640552,122.19773578738427,115.41024695958944,112.1280052588293,118.73689488407285,109.92078656607549,109.35123178062533,99.57731973836863,115.89853777399017,118.93650987816693,104.69085508977558,93.62397571561378,121.60349481715447,125.49777385935757,116.00479027707618,120.9208247972997,101.14389009412375,116.67356725086887,118.69216797087465,107.08768693642368,111.68285941610772,101.58939079013514,108.47440418155338,128.40513389427278,104.85005981798318,108.59662683937273,109.28200443906883,128.0779206115628,101.29574557471183,124.5878248346348,119.04841008576102,113.8864812526929,96.3202897302669,114.00555399593866,128.08265962875853,112.3454656798671,100.24001016363879,108.61061187298648,108.08139141072442,108.56633921777212,105.41717273986806,114.43220463649001,112.55305634295436,112.42141716707566,121.54554658880745,114.41127853178364,115.61066647218769,112.51056163129846,114.48109081200697,114.36760597003122,95.23731480879701,105.28772213985827,109.71410236438457,115.46925663298961,112.66872813239446,93.90971163017906,122.3123674386687,118.34669897400642,122.65870709786303,117.26010979344403,107.19796233205413,96.68746947272571,115.20298421663134,108.13449064431916,1,0,0,0,1,0,0,0,1,0,0,0,1,0,0,0,1,0,0,0,1,0,0,0,1,0,0,0,1,0,0,0,1,0,0,0,1,0,0,0,1,0,0,0,1,0,0,0,1,0,0,0,1,0,0,0,1,0,0,0,1,0,0,0,1,0,0,0,1,0,0,0,1,0,0,0,1,0,0,0,288,320,32,0.9,9,240,320,80,0.75,6,159,320,161,0.496875,18,207,320,113,0.646875,15,126,320,194,0.39375,24,186,320,134,0.58125,18,291,320,29,0.909375,8,282,320,38,0.88125,6,279,320,41,0.871875,6,228,320,92,0.7125,12,159,320,161,0.496875,23,312,320,8,0.975,3,240,320,80,0.75,9,309,320,11,0.965625,3,288,320,32,0.9,6,279,320,41,0.871875,6,213,320,107,0.665625,9,264,320,56,0.825,6,270,320,50,0.84375,6,66,320,254,0.20625,117,0
8,train,no_upgrade,1,180.07613521210195,0.0,26.861795375569447,26.632607776655625,24.269430632083818,25.346532803001214,25.636877739516265,25.109072988376603,25.095357085933745,25.252471638796568,25.185618993704153,25.108816776285654,25.918078414596064,25.95161230737719,24.284427887073853,25.974879839635214,26.77637632724647,25.400494747369017,24.353352906264174,26.411644008143572,26.26678451089552,24.506167859911933,24.96304643855879,25.30772764717059,25.600852388310955,23.94264561330431,26.698767216477087,25.851068082472256,25.896997261051112,25.11577846746431,24.35759521378228,25.50923379013163,26.861416058224254,27.862689000551853,26.25045331748363,25.260077126459063,26.620530444088903,26.60965219149521,25.566669970457994,25.280624264753904,26.66047239510377,26.684739009691096,24.21696514061332,26.741133900959152,25.97375666837427,26.176131069918803,25.40098292562701,24.807495694425434,25.876562466060644,26.68714256900027,25.88769483403263,24.687838103549424,25.113222936413305,26.12238356110498,23.88844541896388,25.15333259216532,26.534692131462663,26.341918816034763,24.977432710246266,25.854664211978424,25.824297841209255,24.790817793646934,26.663544722649785,24.513844135979753,24.7279546790172,24.95452448818563,25.399737782493258,25.122955440842833,26.496350892245868,26.805637501202654,25.06304236118268,26.076931726079067,24.34172453220838,24.721552721837103,26.07800497119421,24.82744038241874,26.703301294587902,25.46019093424823,24.486529166755098,26.52123817163089,23.896504098951084,24.832900596971804,25.357252837095153,25.228754085885104,24.326097819932684,26.924066980573794,25.740325197690705,25.155102511738164,25.52520724589193,25.46274896889532,24.157685954408166,25.94887669838672,25.407813700150655,25.515476393893685,25.569397339227827,26.230390625096017,26.225743719557208,25.629280527058615,26.786290242194628,27.485840837204588,24.901544579359,25.65214337089125,24.956757947727915,24.62139074476368,25.297333515151674,25.607935099438755,25.95739227887006,25.53629806915603,26.75640541401515,26.391749707259557,26.05505728600979,24.98187968095482,25.18692901447774,24.76959500598642,24.784319791128233,24.109426566696765,24.77848045029298,25.51029757328385,24.145062827943264,25.84326052852069,26.357634462617625,27.12186203492551,24.68477364091957,25.93421273140635,26.075537010646777,26.165773184349707,26.100737410278356,25.817940413736203,25.944579365003808,25.21774294776439,26.081359426293087,25.314666836133743,26.625684763581337,25.728283254227822,1,0,0,0,1,0,0,0,1,0,0,0,1,0,0,0,1,0,0,0,1,0,0,0,1,0,0,0,1,0,0,0,1,0,0,0,1,0,0,0,1,0,0,0,1,0,0,0,1,0,0,0,1,0,0,0,1,0,0,0,1,0,0,0,1,0,0,0,1,0,0,0,1,0,0,0,1,0,0,0,69,320,251,0.215625,227,117,320,203,0.365625,53,36,320,284,0.1125,245,96,320,224,0.3,185,18,320,302,0.05625,254,75,320,245,0.234375,86,99,320,221,0.309375,101,249,320,71,0.778125,53,60,320,260,0.1875,254,30,320,290,0.09375,266,33,320,287,0.103125,275,123,320,197,0.384375,173,63,320,257,0.196875,134,198,320,122,0.61875,62,135,320,185,0.421875,53,42,320,278,0.13125,263,39,320,281,0.121875,275,105,320,215,0.328125,62,99,320,221,0.309375,56,21,320,299,0.065625,299,0
8,train,no_upgrade,2,360.00714763160255,0.0,37.33469939825247,36.80295190781193,30.997178903042535,32.99030889423881,36.33223733807455,32.47875547194738,33.28397825739699,33.85509351242566,32.48390098130241,34.15144620514256,35.053442916495285,36.47842486304194,34.2899528914887,34.09731897796878,38.87213982895359,36.237644107935985,33.440139166461364,34.719380357643246,35.181678883950894,32.98416773218956,32.68543748040436,32.87883091186326,36.72792363825207,33.31452543259665,35.89871909822728,34.74628569973782,34.708111431753835,33.85008844841311,34.673145924645496,32.45524107251426,35.66869312586691,39.166716126649156,36.63564603953947,35.118401858975055,37.51730785143379,35.35013866309784,33.2908076814333,34.62497624907234,36.43097821292878,35.544129348030125,32.07938695712521,36.88370715107228,33.04292112777566,37.79278812856314,34.81463189397953,33.55401093564102,36.142401067423116,36.028320621576654,34.39750381874884,33.13560432429999,34.09200204878694,37.87579983873061,32.886421505135246,32.35089968615018,36.27689127899054,35.17634829446417,32.13507848413976,33.56995105004775,34.09522014858936,31.605944608151116,35.79266628202136,32.340463151897296,35.36148158260382,32.680184245852004,34.40570642253465,34.02476235108604,37.84110146312875,33.78853266198029,32.2750520779014,37.06008195361633,31.784578502032854,32.81088923548194,32.260030245717495,32.25881218015162,36.42133301154682,34.69933754107057,33.19115113217557,36.060318833626795,31.306173044825535,34.78901468521692,34.40909631818069,34.308233407722284,33.68286439541397,36.367261142832234,34.75081485121084,33.21218473068831,35.46935130825717,33.2640219462359,33.53733347128398,34.141845120640355,35.059227502262594,31.578327295471272,34.08489856943896,32.856501914951494,34.82570003509567,34.530604284171865,37.00853825263526,37.615797512382294,34.51652826950631,35.105084827446795,33.80793872088142,32.60423831534602,34.082363214985065,35.795596319421996,34.815569287281015,32.23035446556876,35.20279579944488,33.97090928923712,34.78926051045499,32.9048431543711,32.99620239652103,30.810767749357233,32.92126802360162,31.922109203143926,33.65826825223636,35.13820203462627,31.80293299107176,36.5897828065588,36.12252302611895,36.02033474960209,33.2732256555051,36.13118989310908,33.81835211362249,35.37742487186759,35.50648512595829,34.7592454545077,35.19708608083242,35.126699898959984,34.743330487138834,34.708129579675195,35.25608119229638,35.58445703296668,1,0,0,0,1,0,0,0,1,0,0,0,1,0,0,0,1,0,0,0,1,0,0,0,1,0,0,0,1,0,0,0,1,0,0,0,1,0,0,0,1,0,0,0,1,0,0,0,1,0,0,0,1,0,0,0,1,0,0,0,1,0,0,0,1,0,0,0,1,0,0,0,1,0,0,0,1,0,0,0,117,320,203,0.365625,173,117,320,203,0.365625,53,51,320,269,0.159375,233,111,320,209,0.346875,48,39,320,281,0.121875,236,66,320,254,0.20625,84,141,320,179,0.440625,24,240,320,80,0.75,18,36,320,284,0.1125,218,36,320,284,0.1125,257,33,320,287,0.103125,185,156,320,164,0.4875,48,66,320,254,0.20625,54,210,320,110,0.65625,18,147,320,173,0.459375,47,36,320,284,0.1125,251,63,320,257,0.196875,221,135,320,185,0.421875,26,126,320,194,0.39375,47,15,320,305,0.046875,296,0
8,train,no_upgrade,3,540.0169531446156,0.0049190535491905356,48.33915117418357,49.02615160725947,42.68464132715356,42.17172226121256,47.22091585372276,45.86027894768621,47.526632874386344,42.71163632106178,46.59691194890158,45.497561392151326,45.64924518426288,50.319791130061894,43.12259656689132,46.57677092667371,49.8096785293204,48.24277697906524,46.21864529115136,46.16156049895004,48.89681125927617,44.69900375000049,44.31862464455093,43.59292669023021,50.430036414471836,43.85140048938271,47.16079249738634,44.46830600732435,47.029265624531405,46.47698443146232,49.083795364839,40.31921453927592,50.472570706754915,51.99906327341246,46.46356547757135,51.22389052223918,46.67162965587772,49.560419934759004,42.96404435581507,45.05360429805633,49.11844726616351,48.54572345634675,44.90953991433191,50.383152406882516,44.511694681640115,51.86534050119258,46.349148933797416,45.269689621122644,45.401723966375584,52.611446987348515,48.79769498346037,47.38690236531978,45.287984754738126,51.4008669992449,43.23390690792579,41.54614257831787,48.6957531957405,49.19939308758343,41.14327091815322,48.81214122810049,44.96743494335458,44.419009877564584,48.05126970992417,43.116609256169355,48.410443830044805,43.95253199566998,45.07608001462195,45.287372566037995,52.69612744884512,46.15928440503322,42.33004692052859,50.03719788352027,41.87028039607616,45.046628908888245,40.943391805131256,46.22625209838515,49.45218273528039,46.61349499295099,45.85147852201383,48.850796831000565,41.52724619517649,44.486484739660575,44.73524129821022,45.39689746427381,46.133120546267435,47.394836182380295,45.65255405803478,44.56307886342911,45.891365693101925,45.21277937340119,46.743312227796004,47.30022363031117,47.00923731027688,42.84197016848645,47.515816586484334,44.00309757791268,46.33435950749149,47.68523851907838,48.459245717605455,51.5477763365851,45.04443566571894,48.28132060177467,45.0520349967721,42.14343196172131,47.83160310505456,43.65198867944349,45.82280981545513,43.92838055756507,48.550183352516505,45.07341960884909,46.63866304072809,43.125057441672496,43.42228413881733,41.81229387268449,46.384159630031405,42.671168594168506,45.38910773271403,49.05210203032216,40.54143954125065,48.99521667431335,48.596860694762,48.42494991142774,44.386025001021366,48.18424793901384,45.226831619248,48.38777439695347,46.437252998566244,46.35408990948537,48.16469711032254,46.35466768327562,43.83933386036027,48.078939283816766,47.02279210826804,46.41226773445295,1,0,0,0,1,0,0,0,1,0,0,0,1,0,0,0,1,0,0,0,1,0,0,0,1,0,0,0,1,0,0,0,1,0,0,0,1,0,0,0,1,0,0,0,1,0,0,0,1,0,0,0,1,0,0,0,1,0,0,0,1,0,0,0,1,0,0,0,1,0,0,0,1,0,0,0,1,0,0,0,153,320,167,0.478125,128,186,320,134,0.58125,33,60,320,260,0.1875,188,201,320,119,0.628125,24,15,320,305,0.046875,179,93,320,227,0.290625,36,177,320,143,0.553125,51,306,320,14,0.95625,3,147,320,173,0.459375,131,111,320,209,0.346875,83,75,320,245,0.234375,84,270,320,50,0.84375,9,102,320,218,0.31875,66,294,320,26,0.91875,3,270,320,50,0.84375,6,156,320,164,0.4875,131,69,320,251,0.215625,209,207,320,113,0.646875,12,204,320,116,0.6375,20,27,320,293,0.084375,278,0
8,train,no_upgrade,4,720.0039317429274,0.017013955266679412,68.52607014526103,67.42619031770471,55.942846377365655,57.179787041006925,64.88165019229787,63.94282679648565,64.05543452138133,59.98434132224923,61.13227025444569,64.11567844241145,58.36114269524213,67.70215595546836,53.65404369952931,63.32358017121766,68.97800664664199,65.96399502617318,58.63807619955091,60.43806577541447,69.22113624269463,61.56796737486595,58.54856727682246,60.43415956990287,65.65987479182817,61.07162244226326,60.52268196303085,61.59749447912135,62.52060822413696,64.07895237550653,65.74298653024621,53.906689746789894,63.10321550223837,65.69869936020338,62.84611611956959,63.67950794513274,63.473075245479635,67.505961466716,59.488370695063566,60.381312159005766,63.834915951483794,66.17635489376264,58.328621438693226,71.43098772066536,57.483302491763425,69.74502044801865,64.144353934171,62.09628995914138,60.640326091297034,71.04574217352425,66.23839307288905,61.60651584937787,61.034569637783314,75.18701937872932,65.86539069002288,60.37885743734184,66.09438436117482,67.1792105040518,53.77312607882084,65.49872743322808,60.981260555633185,59.45322892148088,66.44050950711498,57.85886031481458,65.89018335728578,55.4012033057907,60.777858407912,61.33876715831346,71.47933825580002,62.74717151277146,59.30255555370392,69.14410687718616,56.375646022398904,64.80935240517235,51.10944190446463,59.74029110277998,69.14366766979505,58.93986400281376,60.94229556219855,62.85757296695201,55.734806910033036,59.75752702607289,59.05334876763529,64.14560622609514,63.235914442186186,63.349254654890196,62.651681053005085,57.53404989215268,58.888799627758765,60.74328099310577,59.98250902870571,66.91196470989071,66.30286200510919,61.03513715828944,62.7330410980047,60.43486512554241,60.069351571125985,58.40217816831963,63.894982916578954,71.24846751641837,58.485932946842894,61.80025811594792,59.33241127013702,58.11586866776578,65.92440502635587,58.65928349670681,64.6324286199777,62.153231115077794,62.97828687549081,61.30023306372106,64.78568171940951,59.914680458032024,57.090677440963844,55.29283921028816,64.3939295201666,56.5685229988361,60.124942940829136,66.09337937559681,58.812607840915405,69.72665758996338,61.94713886791315,66.84257898954982,58.429703828862,64.22054339854303,62.56182472971408,67.58887374636801,60.18497200197221,64.96772749116914,62.60213578432341,64.69448150237832,61.44267105225481,61.648335092347736,62.79397042243207,61.93154356497728,1,0,0,0,1,0,0,0,1,0,0,0,1,0,0,0,1,0,0,0,1,0,0,0,1,0,0,0,1,0,0,0,1,0,0,0,1,0,0,0,1,0,0,0,1,0,0,0,1,0,0,0,1,0,0,0,1,0,0,0,1,0,0,0,1,0,0,0,1,0,0,0,1,0,0,0,1,0,0,0,204,320,116,0.6375,30,222,320,98,0.69375,12,72,320,248,0.225,71,192,320,128,0.6,21,39,320,281,0.121875,176,108,320,212,0.3375,35,162,320,158,0.50625,48,276,320,44,0.8625,6,195,320,125,0.609375,18,129,320,191,0.403125,42,105,320,215,0.328125,42,270,320,50,0.84375,6,132,320,188,0.4125,27,318,320,2,0.99375,2,279,320,41,0.871875,6,207,320,113,0.646875,18,177,320,143,0.553125,39,234,320,86,0.73125,12,243,320,77,0.759375,9,24,320,296,0.075,276,0
8,train,no_upgrade,5,900.0488977264545,0.044281658724526,89.49429560607196,91.03472640288292,73.98918038263803,79.91423107998017,89.62410103731773,90.53540550297394,86.66191108100239,80.29553926354934,84.2205917573988,86.46247876013625,76.7650796729848,91.36775790766424,67.78090651185066,87.16930851834549,92.52824579313344,85.54163293057576,85.35229891651143,77.79011051710009,93.05308766388553,81.24555168189622,85.20647001302476,80.90341280247775,90.89301031653186,76.54717236820862,85.02178157228627,83.4860322615118,83.64451835447693,85.18557205908304,88.76598311747037,71.0506559831514,81.15178475555881,87.4022682408796,85.61628839868607,88.82158321815484,80.73804882388936,85.44065661761165,85.50072091728563,78.89760452509084,84.79484502159724,92.22979634221946,79.14574350239876,98.65986400986681,74.84547268754517,89.87426397667032,84.85784081484316,82.76459337932339,82.39406951830892,95.42607807932345,87.79734033407625,78.94927056348624,79.8906266565006,98.22975229737601,85.82268585740691,81.69591092557597,91.28725801103043,90.19206725008907,74.38137519605972,87.10845873466805,84.8490924103614,78.41823274963389,88.30508895806695,80.20436218083312,87.1481127359155,71.81577929803022,85.43799241216753,83.53761772181484,96.2159776344627,85.7288938066615,79.35099270371977,91.67507965525621,74.86152481393077,84.21381744072754,70.36146371257425,78.38019165682267,88.13551538352984,79.09275382811875,84.36178210798235,83.20207672597067,72.07658313354047,81.7607376778418,81.74792968806402,85.75994933969984,85.42170721910271,86.26455415615102,86.96861355987627,76.84090670037995,79.8016574579126,84.75793019066839,80.27649965643515,96.3430809695255,94.15452327446947,84.47563173413677,79.37164405533133,80.38030157546002,81.60857276730707,80.5844919608838,86.39570449584481,103.57447002631244,77.90310967748458,83.12597549610282,79.6624077619876,71.50548152568899,86.8654664707899,76.3875290998318,88.39905608062683,80.05451729780309,87.57677559199283,82.97297495517792,83.40460549861513,84.55921969060554,76.87169435644464,74.43373006269825,85.5969831184163,74.06434079749596,75.54198618763634,85.93245008393615,74.35451465796315,94.30165799524471,81.4122710878346,91.06754519494446,77.07265774665579,85.09722229661465,80.20910707148033,90.51089793686522,81.49423571632028,87.79270464866937,86.93656821054006,90.42611354493489,80.20727188555159,83.29891709652414,88.89368913489223,79.13557393248156,1,0,0,0,1,0,0,0,1,0,0,0,1,0,0,0,1,0,0,0,1,0,0,0,1,0,0,0,1,0,0,0,1,0,0,0,1,0,0,0,1,0,0,0,1,0,0,0,1,0,0,0,1,0,0,0,1,0,0,0,1,0,0,0,1,0,0,0,1,0,0,0,1,0,0,0,1,0,0,0,267,320,53,0.834375,18,276,320,44,0.8625,6,123,320,197,0.384375,41,222,320,98,0.69375,12,93,320,227,0.290625,57,156,320,164,0.4875,21,252,320,68,0.7875,12,288,320,32,0.9,6,249,320,71,0.778125,12,168,320,152,0.525,21,144,320,176,0.45,42,300,320,20,0.9375,3,207,320,113,0.646875,15,309,320,11,0.965625,3,282,320,38,0.88125,6,285,320,35,0.890625,6,198,320,122,0.61875,15,255,320,65,0.796875,9,261,320,59,0.815625,6,36,320,284,0.1125,186,0
8,train,no_upgrade,6,1080.0127006953971,0.0896996608510192,129.94757566196392,120.35637638145995,96.07842125417373,106.10606491115425,122.97248444980953,129.2358325693096,117.97734887536704,108.5746961436992,110.55041085763418,119.70647366755611,109.41764876137516,130.42391376789112,84.78211040506949,113.96970893118073,124.31489307681487,110.79052400213236,116.57062726787028,99.59731744462096,129.98131678591477,108.63686867873398,113.36128735383126,110.66408652866565,122.7231901568804,97.25899615150828,112.72251724967849,108.09754078464385,115.42981629669364,113.94161963965571,119.70108279008979,96.1989526546655,108.10019583011227,121.46842688418158,114.26686138748714,114.10083907587492,109.4028288392128,112.78554759695659,120.69878971682468,110.39531668668975,114.22343469274162,128.53340216002954,103.47047705107454,139.7816120915409,94.88438843173444,118.94061313298076,112.20885792934784,109.19087286834392,114.24211484428876,131.31513487509378,113.93739959486949,110.69162543788607,104.04500454859478,126.43557938895091,119.28654056120044,112.2539252445775,127.49733693790446,118.28065519391768,97.15121089568875,126.46276688756907,118.79071350354026,103.56898525336409,115.46210168437075,105.60053851721365,117.24822005681509,99.05226653894675,113.779591264616,113.9496138527574,130.57208940469346,113.54512485629596,108.73788027803117,123.47872532514418,99.13870415052494,110.65850070564707,88.36974414073246,111.64814276179507,125.58376862678236,103.754189786364,112.6925457936677,112.49769374798646,89.87664305499442,108.99576890102546,110.07122948882778,115.83594931063995,117.3921243865618,114.06258750790391,119.30520330298187,98.40010948697632,106.36266620807272,114.77949582069506,105.51833801966528,134.93369408008235,126.27975036909206,110.4534823432206,111.19762167719672,115.19962399774704,108.64111495356944,106.23215240049437,115.4860288904895,145.92395326057468,103.86601546081125,113.22967308274167,113.25792000984912,95.52602929628421,114.71865903398952,102.58029229245605,111.72155889301578,104.24019433075864,122.7693115826754,108.58313363183866,115.12471217071199,108.1512655452538,100.7731283642203,98.48567688423302,119.68500768824815,96.16355863407888,99.03569073517825,112.94499583313777,98.65075251062773,132.53939864081778,112.44848841024496,128.59512197701338,105.66806358229155,120.84386270073199,111.41986418125624,118.8827573868534,108.30301550587014,120.72240232726469,116.2362593012537,121.13956140691053,108.00758068425499,114.67951605621487,120.51779869522723,105.61505960657509,1,0,0,0,1,0,0,0,1,0,0,0,1,0,0,0,1,0,0,0,1,0,0,0,1,0,0,0,1,0,0,0,1,0,0,0,1,0,0,0,1,0,0,0,1,0,0,0,1,0,0,0,1,0,0,0,1,0,0,0,1,0,0,0,1,0,0,0,1,0,0,0,1,0,0,0,1,0,0,0,306,320,14,0.95625,3,252,320,68,0.7875,15,183,320,137,0.571875,18,186,320,134,0.58125,18,96,320,224,0.3,42,189,320,131,0.590625,21,303,320,17,0.946875,6,306,320,14,0.95625,3,213,320,107,0.665625,12,228,320,92,0.7125,9,171,320,149,0.534375,15,294,320,26,0.91875,6,213,320,107,0.665625,21,282,320,38,0.88125,6,255,320,65,0.796875,6,297,320,23,0.928125,3,222,320,98,0.69375,15,237,320,83,0.740625,9,294,320,26,0.91875,3,69,320,251,0.215625,107,0
9,train,no_upgrade,1,180.03783731889447,0.0,25.892171067090676,24.694882255297067,26.65729865474093,25.070875096372205,24.887078418513166,26.176892472503887,24.39310645161424,26.02252862721792,24.658804399016578,24.920189580906676,26.47232685038193,25.237796741266937,26.94247433534875,25.709562545497246,25.880574117465034,25.138891074440867,26.611423284762097,25.65630453527774,25.836673261680044,24.54998893067448,27.310834780208673,25.18827023354179,25.52144672129942,25.838596206529168,25.474112851981896,25.65977120008811,25.905246969356885,26.416015195219277,25.93880897216565,26.52128335102641,25.49054482586899,25.589076862403665,26.541066964402884,25.263439880056236,25.235773433001736,26.036726163418773,24.426713365767558,24.799006456059292,26.60605213629535,25.57707797440881,24.706103639777048,25.22195181312581,25.287273568978826,24.758598384340264,25.786067145805106,24.884878362620363,24.670436826795584,25.087099599125512,24.73514700786368,25.812960165704066,24.712620264815524,26.73520509489037,25.778715974015693,25.366175052616622,26.05798414675102,25.222926813287863,25.825962981192124,24.718615892130146,26.0353295214272,25.5830144468957,26.431142671823423,26.692444021346585,26.123330075706463,25.843813885174708,26.011966955756606,26.020332817149107,26.495495106738783,25.91461024733258,24.698926834950004,24.46440065110749,26.399475691777827,25.309672848942085,24.915535229506837,26.062300156494413,24.16650501526425,24.91753504195856,25.84850786249095,28.46358156415886,26.507488418245096,24.543975042767556,24.72474419824252,26.900944567510972,25.682509736729685,24.902779305123723,25.768708299422975,26.28483992206593,25.44125912133123,25.27225046716386,24.978360064708117,26.176031943036964,26.555546000769812,25.390275103036792,25.562867523756697,26.214540640416757,24.828557477875492,26.26629974686448,25.92633566390512,26.988306089421773,25.530751159223176,23.76639242740366,24.24212196799954,25.708597459446235,26.60408617909202,26.28021181433227,24.441708598199156,26.750955808987754,25.802265506616806,24.802148567823835,26.7995911872733,26.303215834660225,25.568657279439137,25.499004459501656,25.463911244518663,26.800295490398444,24.976726411162325,25.383421587382397,25.566589278823905,24.12182225111001,26.14957366741411,24.021202177253485,25.37909028584282,25.511162423628505,24.970906057723994,25.39841173630649,25.221852647805584,25.612669131345317,26.5393718289914,25.033772004621564,26.233514027278808,26.105651337926556,26.06892898355019,25.284342734354688,1,0,0,0,1,0,0,0,1,0,0,0,1,0,0,0,1,0,0,0,1,0,0,0,1,0,0,0,1,0,0,0,1,0,0,0,1,0,0,0,1,0,0,0,1,0,0,0,1,0,0,0,1,0,0,0,1,0,0,0,1,0,0,0,1,0,0,0,1,0,0,0,1,0,0,0,1,0,0,0,87,320,233,0.271875,221,93,320,227,0.290625,113,42,320,278,0.13125,239,102,320,218,0.31875,158,33,320,287,0.103125,257,81,320,239,0.253125,74,102,320,218,0.31875,77,198,320,122,0.61875,95,24,320,296,0.075,233,36,320,284,0.1125,254,12,320,308,0.0375,278,111,320,209,0.346875,158,24,320,296,0.075,200,159,320,161,0.496875,95,120,320,200,0.375,98,42,320,278,0.13125,254,27,320,293,0.084375,287,126,320,194,0.39375,95,105,320,215,0.328125,98,18,320,302,0.05625,302,0
9,train,no_upgrade,2,360.0616715882661,0.0,33.79037726477811,34.85468063730913,34.240109525827265,34.206225269555524,32.33111514109206,35.92970962813082,33.956415930715,35.20066137002235,32.90437095151509,35.98154041605897,35.38716315688466,32.42913001557699,35.94370807601965,32.946428719284704,33.3848772626082,32.82871325769899,35.860183229813174,34.502764049357,35.650710883241594,32.28525560446663,36.73387855687345,34.49060519476246,33.681821203380714,33.35861951034908,34.141097573926544,33.51512373703744,34.3860839136104,36.874605083743226,33.77618150489128,34.956516834424235,31.77953765740898,35.650212686138445,39.0596492758485,34.65417944097827,32.18385267987504,35.99856855299772,32.358702257072096,31.742958580248775,36.72382044926308,34.79788707056011,32.905763384936186,33.98068422918975,32.98958016657131,31.275943489950237,34.54502644843859,33.25183896989237,33.68457066030727,34.775056546947,32.11448842619291,35.99160805933424,33.46765760463748,37.794534958794216,34.296367998440395,34.57688576325429,32.5462095188499,32.96844613518777,35.69049275695797,33.448906784080364,36.015234722843815,34.848719891656714,35.71497357369029,36.60179155532326,35.144360708477336,32.99118741777976,33.98876993920516,33.251065923630776,35.803867688590366,34.51071449767766,32.49974671822967,33.35759664511489,35.771764710130206,34.068574197436746,33.70119277665434,34.83592881959214,33.13613438484144,33.51242379563548,33.90000465863442,38.86068963652681,37.912377048442615,31.547788182120566,34.69158915569753,37.08896946895004,34.687954032879354,34.02130447100236,34.85763214787682,33.83906542987778,35.170500834371616,32.921484367713134,33.364091304801484,35.62825949316686,35.34583979747517,34.74099336709738,33.41184976661696,33.6669896419194,35.422829202943554,32.833812127198634,34.34906389325486,35.119624324827704,34.874514639762566,34.13260905064924,34.5186165760945,36.76334980991209,36.730672263777905,35.440624861745775,31.596662641850585,36.67053752915888,34.50829138042223,35.68604087658113,33.95945344484136,34.23700897679614,33.099501898590866,34.08686031603572,34.082417738024546,35.47908111125702,33.93376906498315,35.09428356226402,35.58366573253896,31.26551912778627,34.129217313267105,31.478678235393634,34.90247488432724,33.705364986724916,31.92582951872056,33.79222530358181,33.45380240013854,35.22025814513348,34.89890282007014,33.950397490475844,33.8470861874518,34.622657131144116,35.77935526808133,33.396791067648444,1,0,0,0,1,0,0,0,1,0,0,0,1,0,0,0,1,0,0,0,1,0,0,0,1,0,0,0,1,0,0,0,1,0,0,0,1,0,0,0,1,0,0,0,1,0,0,0,1,0,0,0,1,0,0,0,1,0,0,0,1,0,0,0,1,0,0,0,1,0,0,0,1,0,0,0,1,0,0,0,135,320,185,0.421875,176,129,320,191,0.403125,50,51,320,269,0.159375,215,114,320,206,0.35625,86,48,320,272,0.15,236,99,320,221,0.309375,33,111,320,209,0.346875,21,270,320,50,0.84375,20,60,320,260,0.1875,188,27,320,293,0.084375,218,60,320,260,0.1875,69,147,320,173,0.459375,45,72,320,248,0.225,116,270,320,50,0.84375,14,171,320,149,0.534375,89,51,320,269,0.159375,218,42,320,278,0.13125,254,168,320,152,0.525,18,141,320,179,0.440625,89,12,320,308,0.0375,305,0
9,train,no_upgrade,3,540.0141844844203,0.0019483376280560619,45.72228867106408,45.34037681603647,46.08310511551974,43.74991221321071,44.974549756465876,46.932267446894485,44.27472315379483,48.863430029874,41.553315797483684,48.657804957860996,48.51659093754041,42.35108178267072,49.26866527851104,43.167556682434856,46.18171408424829,43.57274403332971,46.63892199510082,44.25179866913482,46.17169944466795,42.57424293844226,51.90261727852003,46.94186909119364,49.88476393280497,42.2081107303493,45.57738641230278,47.035716843206394,46.93532952013666,48.30186630054572,45.92177891916667,45.76343163756865,41.86195858301595,47.38135298902624,53.85085763823588,48.05092931537169,43.313104746787054,48.77153560536078,43.05436525201306,46.09080465625808,50.80004409094964,47.831353421718006,44.02887889865824,44.64352703432332,43.42696551177588,43.03976188958305,45.767376418535264,45.24378477352583,45.14201449365991,46.22945724199559,43.70123120901266,49.1854266267776,44.29992250804148,48.84990253422092,45.99996689506493,48.9950068681728,41.23453777383102,42.68204792089816,53.346302115237684,44.60478387979399,48.86237897781911,47.03262290894917,48.38772162057368,47.404859871699756,47.29587591514831,46.730497973511405,46.168518225998085,46.02874673823741,48.69597200240824,46.87852874471668,42.613620670294516,44.64265716821358,51.39302043648439,45.653543750169696,45.29758443629948,46.177995856531304,43.95071578467028,46.81333648538142,44.912023973943406,54.48400484179211,48.006414494897,41.37056667643417,44.479913379409844,54.1053800369916,43.69744880659779,48.07519388161387,46.74321536396531,43.1253892980138,51.246593554671286,47.879783233333534,46.43847018460974,48.36218985933716,48.24575010818014,46.46850185268104,42.39140891918223,42.890777276124595,49.28071245943599,43.76786300094784,46.676753380756985,45.86573803977036,47.46634325279579,46.98783201177114,49.3201304154213,49.38883899156175,50.819929812844386,46.44891998889192,41.65067139470642,49.77617202548272,46.98330564558133,48.99306151756848,45.956029785191234,47.28730412886857,43.747690259221926,43.33894862455011,46.279365605097915,50.08954089218382,46.302233910252625,48.033783569196196,48.17443257615143,42.70326951737629,44.285023119095804,44.85768176293363,50.30082903771138,43.97835857257448,42.66842981181644,45.75328695794001,43.88795666817822,46.27848470957401,46.81631448248553,44.56281240884551,45.53116881627925,43.103680072205826,46.78347523589736,49.23007021626789,1,0,0,0,1,0,0,0,1,0,0,0,1,0,0,0,1,0,0,0,1,0,0,0,1,0,0,0,1,0,0,0,1,0,0,0,1,0,0,0,1,0,0,0,1,0,0,0,1,0,0,0,1,0,0,0,1,0,0,0,1,0,0,0,1,0,0,0,1,0,0,0,1,0,0,0,1,0,0,0,144,320,176,0.45,105,183,320,137,0.571875,18,81,320,239,0.253125,173,114,320,206,0.35625,77,54,320,266,0.16875,170,90,320,230,0.28125,78,135,320,185,0.421875,51,297,320,23,0.928125,3,96,320,224,0.3,128,78,320,242,0.24375,194,72,320,248,0.225,86,180,320,140,0.5625,62,99,320,221,0.309375,44,252,320,68,0.7875,9,234,320,86,0.73125,14,114,320,206,0.35625,161,108,320,212,0.3375,51,147,320,173,0.459375,36,177,320,143,0.553125,21,12,320,308,0.0375,305,0
9,train,no_upgrade,4,720.0379207245078,0.01462169271236268,57.73697332182327,56.553693810366035,59.73392503487755,62.09149139914581,61.04433460563889,62.60467444602359,60.925478581886914,65.30859255075875,57.80249644115905,63.76887368205609,68.535681355187,52.61692183220867,67.20868096946558,59.942346937298396,63.039845432176094,60.21729895477122,60.54794219555992,57.19129552372289,58.195744258106515,58.977147491588596,69.77758763262526,60.18821515574724,71.41156818026406,56.85997314564887,58.325273574749595,62.67628042606933,63.01512473162128,67.3209086301251,66.4005278849756,60.233029067289856,57.173948116166585,62.03468067327711,71.5958544139495,69.18207154639511,57.89152305470878,69.03059205884023,58.452989599955,60.72591249550705,67.29050926123392,64.94029392285034,61.00079460760149,55.793517993876904,56.906486148510716,58.702743831187135,61.98047507197762,63.694317125304266,61.7229435601019,63.444079359467615,56.968880136732075,66.491285337893,60.506894566953214,62.88915030336403,61.62834834491115,63.71521767369698,55.851118305578815,57.46996497992961,70.98301912796339,65.18538035068457,65.11263178560549,61.84571004524117,66.15258801346607,60.740514191817574,63.3654396063573,63.10517524189991,58.98603018425455,60.84889885925518,63.10625325072821,59.61194090462639,60.94683567556545,63.82863559852144,66.14225346862034,59.22947355823446,60.917961435956656,63.07578162236844,61.27126536601713,66.3940936045988,59.33707734677564,78.32538942539517,65.10592704415299,54.32332982799604,59.54902072922549,72.3173141840072,58.02295323573488,61.958606446823936,60.026632338994276,54.6992881309487,64.57236891514374,64.39198553333202,64.00359913277116,65.51469672020927,64.84681472625043,62.03998562707773,57.085999132526624,58.36908707480675,66.18878035261841,54.40384804609101,65.41859993900442,63.490176167727974,60.97405907965151,63.41935374678233,67.51733027814193,67.46114174205951,67.65864841566308,63.4480262596067,56.67590409749074,66.90805131598826,65.69908422216669,64.13855119750569,57.221430115047134,67.35279277588313,59.72411068188071,60.51699655372002,64.3726703040674,66.91679767161298,62.69157715916551,64.06647351974357,64.38676154905902,62.689732018340536,60.02217388876786,62.57461789935874,69.88196389220877,58.76379374907987,58.72893612666857,58.24542257649498,61.31014205742965,62.948563377377106,63.432581680146576,59.957847515758864,61.17441505851639,58.76215554844375,59.65808570656836,62.51185538944578,1,0,0,0,1,0,0,0,1,0,0,0,1,0,0,0,1,0,0,0,1,0,0,0,1,0,0,0,1,0,0,0,1,0,0,0,1,0,0,0,1,0,0,0,1,0,0,0,1,0,0,0,1,0,0,0,1,0,0,0,1,0,0,0,1,0,0,0,1,0,0,0,1,0,0,0,1,0,0,0,198,320,122,0.61875,30,213,320,107,0.665625,12,99,320,221,0.309375,98,192,320,128,0.6,12,63,320,257,0.196875,164,117,320,203,0.365625,36,174,320,146,0.54375,33,273,320,47,0.853125,9,177,320,143,0.553125,17,111,320,209,0.346875,125,135,320,185,0.421875,36,279,320,41,0.871875,3,144,320,176,0.45,60,288,320,32,0.9,3,270,320,50,0.84375,6,219,320,101,0.684375,21,150,320,170,0.46875,42,264,320,56,0.825,6,291,320,29,0.909375,6,21,320,299,0.065625,153,0
9,train,no_upgrade,5,900.0155349391441,0.04247814752338598,78.00708598571394,73.43446772339024,75.73806153562336,83.8142067754326,79.75950364840226,80.66733412056702,82.70957590079767,88.35880123072675,80.01566977598128,84.82965222900408,87.89551458920916,71.17117803756781,87.57326217401713,81.55839520243272,82.13574836667769,82.30588133752528,82.65964267507076,70.87402983900988,78.2860833243452,74.23768950200596,96.16461979034732,80.15690224791285,95.87351428339291,78.17094146187853,81.58355483489265,82.96032512020895,85.04246915256144,89.81366706981683,95.56281905934603,79.54035528810269,79.65521041824624,85.71892223819796,98.5571649293499,95.89763035521608,76.86836400691391,93.14256786878389,81.60288179566662,81.3198397232719,95.98078017461309,85.71887880001285,84.76986857379192,75.11055100822686,71.3949668108102,77.4973369152433,85.57595946512,90.31958526548347,79.87882429559359,86.67434388869202,74.32267101994078,87.37477447732309,77.3762820439884,80.26330867818065,81.0612136303047,86.14924936702475,74.51849109839266,75.79789850191335,102.66048055625672,91.32309513789875,88.1322365326108,82.84848644911933,86.36813502338747,78.76491527122076,90.56466502995545,87.6510667034823,77.03988792104823,81.59560279359641,84.92665301544156,81.99832976537384,77.66572505299375,82.41691220177997,92.42803583916724,82.84852922684406,80.923207347917,82.11502955751415,82.88258656272636,90.46598075793796,82.88263724797895,102.19107407771128,83.35041965223871,70.83001570014537,81.86640029516984,97.4012938605235,82.6351714588382,85.35946030278004,84.20534391891115,75.01646721235423,85.37746679402973,82.36386837857367,88.69939209041607,86.25466556511559,86.40019331533725,83.81044517981441,75.27277643606224,78.34781972409385,88.63742625540536,72.18834432267379,90.17107418827396,86.63155065511813,82.11842139666192,85.08391456780663,87.03715968029285,92.74709060890552,88.09432249299948,89.76957816564419,76.09126966589156,94.37684953987336,86.11910385771941,90.68021954927036,77.2684007950841,87.76155153512667,81.4164313492733,84.97166404419764,85.31345602482138,90.72546828812523,81.48959382861135,85.05106681773837,88.98847997266624,82.01396881731385,78.86671226690392,84.16870234542185,95.09206312647727,79.76855429612246,80.46996813093504,80.59468856604991,81.71605482136884,86.55268770582748,83.84867258854057,79.50418519716662,80.60559148206251,76.29965892492737,83.426539475861,82.45557327046491,1,0,0,0,1,0,0,0,1,0,0,0,1,0,0,0,1,0,0,0,1,0,0,0,1,0,0,0,1,0,0,0,1,0,0,0,1,0,0,0,1,0,0,0,1,0,0,0,1,0,0,0,1,0,0,0,1,0,0,0,1,0,0,0,1,0,0,0,1,0,0,0,1,0,0,0,1,0,0,0,228,320,92,0.7125,32,294,320,26,0.91875,3,153,320,167,0.478125,24,213,320,107,0.665625,15,54,320,266,0.16875,221,156,320,164,0.4875,18,234,320,86,0.73125,9,306,320,14,0.95625,3,252,320,68,0.7875,9,222,320,98,0.69375,9,138,320,182,0.43125,45,315,320,5,0.984375,3,207,320,113,0.646875,24,300,320,20,0.9375,6,264,320,56,0.825,12,294,320,26,0.91875,3,207,320,113,0.646875,21,210,320,110,0.65625,9,291,320,29,0.909375,6,36,320,284,0.1125,204,0
9,train,no_upgrade,6,1080.0056216953208,0.0900724015216591,104.85594339670702,106.31204358044941,99.43482217051144,116.53453236478317,102.1665085031331,112.407652327443,110.48046754326347,123.40527628186031,111.8813749512959,110.35940122307369,124.20457305665401,97.36614893153978,113.03745238872116,114.41424544407904,110.62796849647371,111.12760395456604,111.16552401297969,99.86425426974114,107.98087111851545,104.26891431100893,131.43495841613893,111.54570489422835,127.31487515646135,110.78288088322068,107.70916524245972,108.21261250641969,114.46516535401396,121.36772144248995,131.1636650767059,103.89210287107393,102.93588891138852,109.72733964346708,131.70668349771438,125.34656153362316,101.5953731777522,121.59605856176094,110.08981231258682,111.08818431833369,126.63665651040377,118.2737695314381,112.35623146353706,101.58523208779664,99.569311850777,103.0073114086418,118.9526530672953,116.22142341288016,113.13468228272606,115.52413742409244,99.67004643612746,117.05225675399807,99.9563838114203,109.30406121254454,113.28960178442026,110.98460539897515,102.72144181724504,104.59271683423367,137.72461596165158,124.13976715279905,115.48023652789897,103.77111210398276,115.76650884415268,102.2145253926599,118.86321952382211,120.91556500345412,98.75955102536821,111.37522473856032,112.82669469629768,107.80126157308669,110.67889946084021,113.56811727841769,128.6508629918868,110.8124240656283,109.77755246706357,109.61870006443998,114.12981157778363,122.48382676365355,109.86336406241118,139.26897361252853,116.86945146674101,94.05131997186574,107.6451947271919,139.82213647375522,117.59708820048054,118.70847286611986,112.33673364479074,98.0666862359901,120.08337464894021,114.80797961957943,117.86414441615587,114.28646005906111,117.1173246624828,116.80868804798324,103.40139291310703,106.51515832370626,120.19410754761076,95.7681328135282,120.46964177929786,120.81065784607432,108.66247431412813,118.85980832007172,112.77936801981525,126.6436351756523,119.0134585492077,124.86926366312441,102.92673066119157,122.19992232387506,110.88755711998223,122.38889989383726,102.14637263843781,118.27002710660271,113.22697408967255,113.22927670484073,116.05880625549862,110.83207865541755,107.64277865355227,121.84965966038648,116.31870175266296,106.12190292987698,104.19644400245103,106.54495027976623,130.29008032455266,106.58991460573003,106.74232063516698,114.09574788567171,109.1688214521155,110.13822622790688,106.58921916406636,104.64912645154692,108.99584274852809,102.17495148716637,121.74350849121241,108.61334387324297,1,0,0,0,1,0,0,0,1,0,0,0,1,0,0,0,1,0,0,0,1,0,0,0,1,0,0,0,1,0,0,0,1,0,0,0,1,0,0,0,1,0,0,0,1,0,0,0,1,0,0,0,1,0,0,0,1,0,0,0,1,0,0,0,1,0,0,0,1,0,0,0,1,0,0,0,1,0,0,0,306,320,14,0.95625,3,276,320,44,0.8625,6,204,320,116,0.6375,21,237,320,83,0.740625,12,150,320,170,0.46875,24,204,320,116,0.6375,18,312,320,8,0.975,3,309,320,11,0.965625,3,273,320,47,0.853125,9,231,320,89,0.721875,9,165,320,155,0.515625,21,312,320,8,0.975,3,213,320,107,0.665625,18,294,320,26,0.91875,3,288,320,32,0.9,6,309,320,11,0.965625,3,243,320,77,0.759375,12,243,320,77,0.759375,6,270,320,50,0.84375,9,84,320,236,0.2625,50,0
10,train,no_upgrade,1,180.04207492000938,0.0,25.45090781278303,26.76540845017107,26.464255509997237,25.66415114978764,25.201118626426144,25.822581109540653,26.049249142800303,26.66963542686669,25.446084727382488,25.018185952868958,25.00972022099506,25.395007499171214,24.944623815332232,25.150103284820904,25.43093309567712,26.30680886140439,26.51933917808487,24.987334577689506,25.94342680858933,25.229376819572703,25.056910258876805,24.445873764521192,24.01232181713846,25.810281509445232,26.30084099744987,27.425632111608046,27.58795855755673,25.63937663610077,24.86556457123851,24.99652220332752,24.535562926412414,24.982553659800356,25.412052627275244,25.79807208690606,26.26396977984013,25.42772669290552,24.609769948359354,25.942119944165533,24.301406552370842,26.446226110136774,24.694187933147948,24.40505680227814,25.016654793004832,25.148483021280807,25.444961020244254,26.345008650112614,25.505283407678558,25.27025715489763,26.592471252639466,26.374246726601136,26.67699146652919,24.708109557858172,25.5802489927418,25.149054297910556,24.726204864882213,26.33095581280531,25.961647479879257,25.72661194214299,25.82787380207114,25.874465701598588,25.47148909660205,24.66840719204873,24.765627313242604,25.114583925940554,25.027662519301728,24.686165274061086,24.727431222343608,24.78354922937641,24.201867667741702,25.19254212545172,25.925558759444105,25.736489319758483,23.812502127182352,24.299913981562963,24.979478578167978,24.599176834404968,26.037238141399637,25.278306938760636,26.665810170478444,25.71680455717635,23.84447378213411,25.93654083257924,26.068226827533483,25.168231605030797,25.2276820481936,25.046679218874747,24.784414430196524,24.817955342558314,25.957826931465863,25.47678797941219,25.545674157798693,26.233838899358567,24.70885484772579,26.333004685476787,25.09212335424565,26.035549379773162,24.904566450688396,25.03531452208855,24.732426427354373,26.80470881025637,25.425206103758047,27.080297851934372,24.581859258180003,25.99881587551161,24.983394831616653,26.201100509210075,25.501703989058043,26.62515944616763,24.938113468089135,25.79791339649873,25.867403389448157,23.990758785494794,26.189680043546428,25.169828696174136,26.521460379735185,25.624002214583854,25.99725526160665,26.660287636741728,26.075743913625345,25.205304037337708,26.681710647945756,24.733154863212462,25.219426758109645,25.7978671933256,24.817051602919253,25.5556757123067,26.04878476088651,23.75303704235805,26.221059740207387,24.801835493918382,25.403612518154482,24.51529512857795,1,0,0,0,1,0,0,0,1,0,0,0,1,0,0,0,1,0,0,0,1,0,0,0,1,0,0,0,1,0,0,0,1,0,0,0,1,0,0,0,1,0,0,0,1,0,0,0,1,0,0,0,1,0,0,0,1,0,0,0,1,0,0,0,1,0,0,0,1,0,0,0,1,0,0,0,1,0,0,0,60,320,260,0.1875,242,117,320,203,0.365625,89,39,320,281,0.121875,239,78,320,242,0.24375,173,33,320,287,0.103125,269,60,320,260,0.1875,89,84,320,236,0.2625,122,204,320,116,0.6375,89,51,320,269,0.159375,221,45,320,275,0.140625,251,33,320,287,0.103125,233,90,320,230,0.28125,170,60,320,260,0.1875,98,162,320,158,0.50625,95,132,320,188,0.4125,89,42,320,278,0.13125,224,15,320,305,0.046875,296,84,320,236,0.2625,95,123,320,197,0.384375,89,15,320,305,0.046875,302,0
10,train,no_upgrade,2,360.00416583470275,0.0,34.275934270231105,34.620816549878995,34.95440662656186,32.372129771007046,33.82394378819568,33.04084688404771,36.287556463044304,34.283898708363424,34.90238981297798,34.58342704893871,31.91524816276026,34.681152848043276,32.49073792798823,35.53644344876371,33.98733716415139,35.87643403509716,35.47810534467618,34.345098207366405,35.67122951342884,33.664948113334816,35.355698796537474,31.948514828189786,33.4453503655877,32.55141695310014,34.11177405144069,38.59371138986815,35.81850835694964,34.64200991929697,34.72600335876737,34.55927757480994,32.17870363089839,30.706179415426753,35.36045541876227,35.754092037850874,34.38482978422921,34.191169771255694,33.77511144220713,36.54093409244173,32.380844371293854,38.29929490238529,34.243098734808015,31.386596186656593,34.64278124841094,34.50755125993293,35.520973130443586,36.12459771085548,33.413280058006464,33.624628378766715,35.642076716297964,35.328272763947034,34.98925656753169,31.850670168842193,36.55360932599767,35.11581177854349,32.76189190183258,35.76259030746182,36.48633589587059,34.323883648738686,33.87764587163903,31.449089385866607,35.22212319458903,32.84416939356741,34.8013259973742,34.26570811001491,33.2495075282709,33.77016625719201,34.54938211956492,33.290929814565494,32.96566334549436,36.64320464572455,34.39536444168333,33.55351612927802,33.24001619074614,32.981895544605166,32.42582360172344,32.499805326100024,34.62660713177656,31.610215584883537,37.17279116331183,34.01777384808085,31.684872841495057,35.503920633808434,33.79514809837394,32.47427307932047,32.743995932510266,31.324301347284827,34.00455510283752,32.0569816259306,33.463676576585925,35.10754631183532,35.35115835683073,36.41183358179493,34.319681753324026,35.568976496060294,33.19616307690687,32.811400584238555,32.459933975779336,34.26126690250288,33.09102763770676,36.029747116192105,33.787617959756005,35.50633617313731,35.80047309049837,35.58150742686899,31.83105716907154,37.159602753518755,34.71618300398693,35.07190761334016,33.676932779528286,36.674100227025065,34.531472146375265,30.682362931696325,34.09915022215604,32.60814867506541,37.22921301013791,32.371941696689795,36.82436198591941,37.264902737742936,33.73873956744073,34.06074705723776,38.511707064063586,34.550105078943695,34.84877029222792,35.287979698407824,32.04693537908346,33.288766777006565,36.36123577566856,30.100257704494684,33.79606731819597,33.50320305917665,34.02844345158467,33.763305507033365,1,0,0,0,1,0,0,0,1,0,0,0,1,0,0,0,1,0,0,0,1,0,0,0,1,0,0,0,1,0,0,0,1,0,0,0,1,0,0,0,1,0,0,0,1,0,0,0,1,0,0,0,1,0,0,0,1,0,0,0,1,0,0,0,1,0,0,0,1,0,0,0,1,0,0,0,1,0,0,0,111,320,209,0.346875,179,120,320,200,0.375,29,48,320,272,0.15,188,120,320,200,0.375,119,27,320,293,0.084375,242,75,320,245,0.234375,96,159,320,161,0.496875,36,273,320,47,0.853125,23,60,320,260,0.1875,191,66,320,254,0.20625,191,48,320,272,0.15,218,162,320,158,0.50625,83,69,320,251,0.215625,218,219,320,101,0.684375,26,183,320,137,0.571875,23,72,320,248,0.225,191,69,320,251,0.215625,197,138,320,182,0.43125,27,174,320,146,0.54375,24,24,320,296,0.075,296,0
10,train,no_upgrade,3,540.008103597816,0.0007606008746910059,44.96988166478446,50.25806349840233,49.81971995525186,42.483064137935905,43.64224031040871,47.99576489031491,47.15662524194045,47.52841238996231,50.21717288774985,46.33405736045002,42.92213777738297,45.70736087221182,42.051592563031264,46.30209017367964,44.3560609525298,47.795612312278514,48.37883356402105,45.46512046101279,44.9484589699312,43.22403993028399,49.30697297631247,42.9281622111086,43.73107319652626,43.88510671102268,47.78985696244887,53.879452627908634,47.70869322267848,47.31328739641912,46.986506431377144,43.92792085579585,40.74581733920009,42.34019146042017,49.104880865818764,47.75336330893516,48.31343551442266,44.2015227832784,43.89013600287221,49.135829385984756,43.07497161653257,52.22475373252386,43.7886972671835,40.483707615469505,45.84635456094007,48.580343179785395,49.8130465411866,48.678000512991325,47.188828696070175,46.38216589339669,47.711228533115175,45.34376350747021,45.665665430752895,41.38359762239616,49.39552793919314,46.09476407846205,41.029693615213425,46.00488109217165,51.09452603105725,45.37651965725353,45.83051284443633,43.554831352159496,48.58724258876042,47.27256731004261,45.74565770793782,46.37611008817815,40.4166571889453,44.29351117340798,46.190750599130304,45.65779474695519,43.63524652544904,49.96982959298601,46.959344818400275,46.09385537747639,45.86735650305956,42.98000270293917,43.594506769288344,41.78079743571815,44.71047663561554,42.01293818189651,53.67475220931795,46.631771232440194,42.4140822179496,45.31053678629577,42.40494507156041,43.52598663801125,44.51834084377844,38.97437471879132,46.765642051668316,42.77833413250459,45.38833445126216,46.48341001143938,49.579033758265616,50.79558578475482,44.34412254353941,46.28979488543658,42.00995421297786,43.98185752783887,44.745214073183575,45.419816772517436,43.81634843981949,47.469609684835824,45.48911167085691,48.88526462842741,47.30433636985106,44.9780186819653,44.30013647387152,48.36549087202753,44.796873655877306,43.608602666203794,43.516693522939946,48.60827177253139,48.179145415022546,39.59970819511536,47.285874219604985,42.874640007542205,51.81613114005648,44.506847732552515,50.5066372477506,48.573922622558634,46.19530387995467,46.75038359818981,53.4930707750461,44.40565871609416,46.70848980824844,47.04880584297321,43.40006218992199,46.65861512446434,48.498338466987356,41.25323622988688,46.527012328783826,44.476921771406836,47.468912656284175,45.05377256407945,1,0,0,0,1,0,0,0,1,0,0,0,1,0,0,0,1,0,0,0,1,0,0,0,1,0,0,0,1,0,0,0,1,0,0,0,1,0,0,0,1,0,0,0,1,0,0,0,1,0,0,0,1,0,0,0,1,0,0,0,1,0,0,0,1,0,0,0,1,0,0,0,1,0,0,0,1,0,0,0,174,320,146,0.54375,95,183,320,137,0.571875,20,72,320,248,0.225,122,147,320,173,0.459375,38,48,320,272,0.15,170,66,320,254,0.20625,75,162,320,158,0.50625,21,252,320,68,0.7875,9,123,320,197,0.384375,113,45,320,275,0.140625,218,42,320,278,0.13125,77,252,320,68,0.7875,32,117,320,203,0.365625,135,264,320,56,0.825,9,231,320,89,0.721875,20,93,320,227,0.290625,113,48,320,272,0.15,236,150,320,170,0.46875,24,204,320,116,0.6375,33,12,320,308,0.0375,308,0
10,train,no_upgrade,4,720.0136665377042,0.016451878256100904,60.148413918853144,64.99343401369856,65.1853806235955,56.3289600684535,57.78942169060371,66.46108623063496,63.521947058236364,64.3883939836999,67.6620965045433,61.147730857579,58.41727129238724,63.35215768339533,56.03009922177715,63.994306242487085,59.38916114289251,62.9144546339827,67.85295237756567,59.01656987717971,61.90193317360878,57.383058797236735,70.9334533676033,56.77840271435221,55.80586331028055,56.91564716127435,63.86397523145462,77.05204751973581,63.265002230184386,58.98601333954205,61.922656487340916,58.347619112219974,53.23465371308061,57.42880916045821,65.96231307276804,62.326157555009445,66.17752796413691,57.471638247381236,57.89927257414189,65.02593196429831,60.88938316531174,72.76400483187003,59.72135687100967,53.716171620044435,59.988528772223646,64.00365933529258,63.375903107786954,65.85079309325194,63.29222511862491,64.14600394357984,66.84394457254832,60.349879357231494,59.93515448517079,57.40040087712336,66.69931608122327,64.43489986406807,57.55964308134591,60.73501174707515,72.63006285279722,60.989364669344155,60.710397586821216,58.903453426065845,65.86878049013865,63.96503348135811,57.04779452513845,62.85861933519255,54.72019074509232,60.542709905703184,61.51891442967399,58.3206439814866,59.59715530515196,64.570885081077,65.3651171573035,63.099301150219134,60.85352423594229,57.357770349540026,58.74862994504804,55.8877645260202,58.12197614539161,54.91925538333186,73.95074795363045,64.87628660741848,55.93478620160994,61.285982791832964,56.94437188838808,60.19199727884151,60.62907257678153,52.99235316029077,61.3526968791473,57.397806435542115,59.1211774647844,63.603809064146475,63.58704378566536,66.82204729355148,58.13904871478048,61.92641916960458,56.79102435595808,55.59290809450259,61.85496060844948,62.055837251017415,60.483536534598855,66.62913779635197,61.66100029363999,66.76381863628826,63.787641141815705,64.4668995447968,59.24715672173052,66.5453742825666,58.68543617477598,54.59660741230229,56.19400919861029,61.006002730178395,65.09233113323825,53.28008707880524,65.24708132292686,56.53530020416298,74.73564975662627,57.432150519116846,67.83967907993267,71.70110073158567,61.08127655275951,62.15884873537017,68.52189748664408,56.6056676243429,62.29184719456554,62.72002054655927,58.15679804871933,62.833449878356774,62.27814525748974,55.87873851158726,58.77303061678971,61.542395662317745,64.5830947329886,62.20257322168429,1,0,0,0,1,0,0,0,1,0,0,0,1,0,0,0,1,0,0,0,1,0,0,0,1,0,0,0,1,0,0,0,1,0,0,0,1,0,0,0,1,0,0,0,1,0,0,0,1,0,0,0,1,0,0,0,1,0,0,0,1,0,0,0,1,0,0,0,1,0,0,0,1,0,0,0,1,0,0,0,198,320,122,0.61875,27,246,320,74,0.76875,6,69,320,251,0.215625,113,192,320,128,0.6,33,60,320,260,0.1875,164,120,320,200,0.375,86,186,320,134,0.58125,21,294,320,26,0.91875,3,216,320,104,0.675,27,120,320,200,0.375,42,120,320,200,0.375,42,252,320,68,0.7875,9,126,320,194,0.39375,48,297,320,23,0.928125,3,264,320,56,0.825,6,246,320,74,0.76875,36,165,320,155,0.515625,42,246,320,74,0.76875,9,267,320,53,0.834375,6,39,320,281,0.121875,99,0
10,train,no_upgrade,5,900.0266927743895,0.045392412245634846,83.36137586235324,90.62815711321892,85.74702894066728,76.0145961280359,77.85886846431539,91.70006502814738,86.83360677225656,84.09355753858443,91.47867163661549,83.39075458026478,81.21240775063082,88.69174223697432,75.46773665610351,82.85543709908096,78.70288461162772,87.85464785469811,93.79002674796983,76.55911981415998,84.89989778225616,82.59554637652158,100.58800471320725,77.80702744014793,73.52371114009243,79.5794944643439,88.74971608821865,97.46998717155044,86.54969811354961,76.89207769164946,84.10506104697419,86.38133441427149,70.99673750546245,75.42855703205312,86.27554846851741,81.97201034084232,92.05667544251007,76.95280743649816,80.53659784950774,86.01390516080983,84.70858613615287,96.37148686144671,81.86383869290525,74.10421728789274,82.44358044707904,77.0228993543357,81.24739395744321,90.72145293938792,81.78056071817355,86.59907355099543,93.36744752069603,76.54129802425871,84.1664957032923,81.6658230653383,87.71068440288266,84.82080144219654,74.93022572245195,80.54280901448413,97.55193116779263,79.70177125784372,80.41999761396515,74.97627887571005,92.39160183691686,82.22226368572711,78.1412887448146,82.11004901365685,72.27825636081992,82.06091807030029,86.35746436248172,77.5290221102169,77.62117573039053,85.04568556092174,83.13446176541599,80.8343459065482,79.20424791453516,77.34731804202862,79.08495416218496,75.04943846441871,81.1516464424702,72.92544308282919,96.77234895981364,87.24425552639907,76.85510379120156,83.28914449642843,81.61631788144699,84.16198838417377,77.99091288860429,68.45955770320936,88.70161680249043,79.6292718977635,78.92729455080175,84.48509676890309,85.51173063684054,85.20761686986742,73.29470378295886,82.58624739654908,76.49345824742558,77.04240116647918,85.15864121248441,82.07568708461422,86.22400002004558,84.97210594283158,78.40487897646997,89.25691078441851,86.23781202490403,84.67565767396056,79.32522415947155,87.2217248884639,82.08040020557226,75.08842987683678,74.58715811746436,81.09516951739536,89.3440247366262,72.26708007100477,89.54856789101298,72.7428185932268,99.97415880938854,78.75458289842717,96.30212091096504,92.02305351514855,80.15763696919566,86.37596452992413,92.96976293431294,80.18549510956734,85.58256480172375,85.78897319253518,78.6813108661143,89.37750805531604,80.92692438361631,75.46702643564927,78.49459908832632,82.30585572444744,88.26509382522048,81.14633277183916,1,0,0,0,1,0,0,0,1,0,0,0,1,0,0,0,1,0,0,0,1,0,0,0,1,0,0,0,1,0,0,0,1,0,0,0,1,0,0,0,1,0,0,0,1,0,0,0,1,0,0,0,1,0,0,0,1,0,0,0,1,0,0,0,1,0,0,0,1,0,0,0,1,0,0,0,1,0,0,0,294,320,26,0.91875,6,270,320,50,0.84375,6,153,320,167,0.478125,30,237,320,83,0.740625,9,63,320,257,0.196875,89,153,320,167,0.478125,26,237,320,83,0.740625,18,300,320,20,0.9375,3,261,320,59,0.815625,6,204,320,116,0.6375,12,120,320,200,0.375,30,297,320,23,0.928125,6,189,320,131,0.590625,18,306,320,14,0.95625,6,246,320,74,0.76875,6,288,320,32,0.9,6,195,320,125,0.609375,39,240,320,80,0.75,6,258,320,62,0.80625,12,36,320,284,0.1125,269,0
10,train,no_upgrade,6,1080.0167923188224,0.09265424665297159,112.4156300467909,127.7792289308305,118.86590791575964,97.99714721212757,101.36750743162757,123.90890791399374,120.17023476241835,105.08778152408692,124.03929575481816,111.46576025224675,109.25106232875336,115.74523734691432,103.19736548401518,104.98932323328751,107.89048535761408,120.11712712253036,127.6704298894214,105.39092602684347,111.42318424195788,117.2905934008376,132.64736725124018,98.47083653942853,95.07675167092145,105.16015491187251,125.18804204362041,128.11973870889335,106.4824500595146,98.8348698931281,118.53150958503149,115.04286965878423,98.6388793115042,97.14383575895013,116.60135795306893,117.18115072816518,119.66378724998188,101.45603282814551,106.05745809401168,118.05197222586636,116.87028242955992,134.7730082534379,108.87482592680938,103.13326984429591,116.9864025395864,106.66683821421064,106.15747699634224,121.00368557394866,104.9977125115551,111.53991100435,121.03117926046892,99.23129761397541,114.17248503422314,110.92810937721563,127.57654040547467,110.53089047524034,108.60956546715761,111.36913657800048,133.2169414380057,106.37419438893134,107.16782401814056,98.62723982325353,129.3526107000821,110.77302574723085,106.89942790055181,111.78802290378665,95.83120013966024,104.02714364855323,123.57008786667386,100.79863243766171,104.40212351384567,115.89763670051136,116.3835246142467,111.95397010962205,107.99715258839454,105.85348503603588,107.43872141959771,94.72830407738331,109.50711171025301,98.88958156054508,135.43625064499847,121.03979489607302,104.5696408506009,116.86442641192362,106.55473133323267,106.4379244399971,102.0909671269182,94.3488499365841,121.46837273119577,104.170577770368,103.89132404114075,103.75314154198198,118.89767430406076,113.49365439614516,98.98806904051139,116.1976867348435,106.22668659086995,103.3434118246565,119.186106830875,110.61289083463951,108.83760524397167,118.56363203810936,100.88348591373311,123.34866143302456,109.66487081274809,109.92553814766472,106.81312398068282,111.44071788700423,101.06418029217731,103.54082941301877,104.47578911730888,103.22100255099083,122.09452252350368,99.029606059879,119.65206091854739,98.84895934062122,132.52115186219828,106.00151131412247,131.05766071205906,127.13687604184132,103.08581814600086,116.84492541651642,125.78740636728014,108.9033044949471,114.78344787555224,110.5998674788687,106.84054574900952,114.06223513698347,108.59981721389144,98.09319389295656,103.7780455116104,110.59510914886819,114.93276024380953,107.75342350652737,1,0,0,0,1,0,0,0,1,0,0,0,1,0,0,0,1,0,0,0,1,0,0,0,1,0,0,0,1,0,0,0,1,0,0,0,1,0,0,0,1,0,0,0,1,0,0,0,1,0,0,0,1,0,0,0,1,0,0,0,1,0,0,0,1,0,0,0,1,0,0,0,1,0,0,0,1,0,0,0,309,320,11,0.965625,3,288,320,32,0.9,6,204,320,116,0.6375,15,246,320,74,0.76875,11,138,320,182,0.43125,30,204,320,116,0.6375,15,276,320,44,0.8625,14,306,320,14,0.95625,3,237,320,83,0.740625,12,201,320,119,0.628125,18,165,320,155,0.515625,18,312,320,8,0.975,3,249,320,71,0.778125,6,315,320,5,0.984375,3,306,320,14,0.95625,3,300,320,20,0.9375,6,225,320,95,0.703125,27,255,320,65,0.796875,21,279,320,41,0.871875,6,90,320,230,0.28125,69,0
11,train,no_upgrade,1,180.01933656060712,0.0,25.732661463041758,25.155632313143943,24.5785466300287,24.75059338574067,27.226289611960095,25.462735289919472,25.03201425704383,26.06271793283318,25.214897226851953,24.475631047641727,25.494721781227504,27.0314942776817,26.0085251359152,24.371886585233188,26.617445782751386,25.274703475798248,24.72232446110405,26.013951921796284,25.68427558436053,27.240315055826755,25.22765498497444,26.160883251641444,26.614724515722557,24.04665376922722,25.263678828956788,25.027802221678606,26.72189367145365,25.6246636427578,25.15612660377339,24.59991295111952,25.661544507682535,25.723108849958265,25.1508016275398,25.28617777038289,24.27660034948622,24.637987996280785,25.95209034911136,25.392719059159795,26.016525054794347,25.955557069171924,26.975556927203794,26.02150940750743,24.69192402403308,24.21689772544786,25.952524230350427,25.82641855822766,24.43408964048713,25.212044785663867,24.980166975231537,23.923216297151388,25.54522124367311,26.67136294376685,24.200465630164107,26.75280886821004,24.637091698812718,26.34783754763291,26.259036766263648,25.182418058539216,25.25719070496648,25.336019669636183,26.446858637765292,24.52200786740519,24.206626092493124,26.048146703515915,27.02376469594939,25.08237354672568,26.89627997943102,24.112573905436538,25.469897283705023,24.56254280349029,25.975015354768747,25.3109793947837,26.085247797188174,24.905336309516315,24.231722751249734,25.11218778853164,26.57051087900765,25.32945550028162,26.357804233926554,26.339279427675137,24.65212444148491,25.9719362917961,25.563344706784928,25.055742081046137,25.47006263755414,25.319805342444347,24.40233827408491,24.204195066637872,25.415418082508157,26.934425521044947,24.25994258392087,24.974575171418344,26.426828811133245,24.90173486615609,26.889755530880947,26.706655442466307,25.424541094233536,24.87536108692375,25.24079132670562,25.283025538108692,25.41495558811818,26.735182196893128,27.1091437867527,25.042284180971457,24.81316774511533,25.363213235256982,25.026964928471102,24.49568289731504,26.709119067375003,23.26206484855975,26.55687981836684,25.744886973092964,25.78817977168143,25.291665172952683,23.80705195332417,26.360969108626215,25.43036129230713,25.047205193926278,24.066755337538776,26.563141092049637,24.84347190053887,25.751528926123427,25.423567284298294,26.55295769484479,24.978008371648414,24.949010201086796,25.580152728707912,26.247054676531583,23.86822942590698,25.990052519773084,24.001097429049892,25.20493279413682,1,0,0,0,1,0,0,0,1,0,0,0,1,0,0,0,1,0,0,0,1,0,0,0,1,0,0,0,1,0,0,0,1,0,0,0,1,0,0,0,1,0,0,0,1,0,0,0,1,0,0,0,1,0,0,0,1,0,0,0,1,0,0,0,1,0,0,0,1,0,0,0,1,0,0,0,1,0,0,0,51,320,269,0.159375,218,84,320,236,0.2625,110,39,320,281,0.121875,224,54,320,266,0.16875,179,30,320,290,0.09375,269,78,320,242,0.24375,75,87,320,233,0.271875,38,198,320,122,0.61875,98,48,320,272,0.15,248,27,320,293,0.084375,251,15,320,305,0.046875,275,120,320,200,0.375,170,51,320,269,0.159375,209,162,320,158,0.50625,110,147,320,173,0.459375,98,54,320,266,0.16875,251,45,320,275,0.140625,269,96,320,224,0.3,110,120,320,200,0.375,125,6,320,314,0.01875,314,0
11,train,no_upgrade,2,360.0191065957731,0.0,34.46957909398868,32.98995333246999,33.558361071784226,33.35369872274956,35.71293858063301,35.37609767560354,35.970028134992624,36.39185752398843,34.2381689712383,31.66595989843386,33.709328300404366,36.07842787995662,32.61282051395053,33.1080935140989,34.05372835767394,35.28466271791358,33.98658635604548,33.18015196570335,33.20125079379929,37.21663394841574,32.22869206660539,34.171190168927104,33.74120816121227,32.729113956105145,33.949753469306714,31.972893750565667,37.45647187379621,34.905358434800995,34.003924959903635,31.754609898906576,32.50309419876933,33.77660230278786,34.8971213584916,33.28587521467921,33.45926897814881,33.39881121603341,36.18312122790335,34.41483511482472,34.803574151699564,33.60157731052186,37.07148571104507,33.16980663520774,33.28663917502609,34.91532309654478,35.926525655412206,36.14686238743869,32.455861019012964,32.72437544134854,30.64664334822744,31.495411043220884,35.61730504163271,33.3731928859116,33.47877993535724,36.826238858756184,32.68400882380274,34.940171513100395,35.52512966550034,34.158308972665296,34.716299094239766,33.86656560052787,36.12583764807356,32.661519948820384,33.4708684812025,37.11109192989296,34.27361573118122,34.036267731893595,35.813154000021996,32.01590718291636,34.416366276785645,34.494909712545976,33.168990856780496,35.92437848170713,35.13763020591384,35.28256363694684,31.864847346247952,35.748650813499125,35.50080862135927,33.17189534315124,35.84444122589173,36.20088700381879,34.7299224957152,35.19072036219327,35.01219838584711,34.64754606344101,34.533434262294534,32.2031980194825,34.37122824123753,32.499403172171775,34.91676075963188,34.85015232946956,32.75290261100008,32.34391431793226,36.934983644603435,31.521151550318145,37.47353849611338,38.11295246057975,36.113304577842115,33.39217103677487,32.27217456336223,34.593814380516825,36.11306976848895,35.94577813815759,35.624249144889006,33.59612904372971,31.13694338215962,36.01993177079807,33.97856734555282,33.82015156750419,35.69299528442216,32.720332304348425,35.49278462616953,34.034808121704074,35.19305223318035,34.557295045905384,30.260463948199913,35.655293302903836,33.44726208133049,33.53521596299858,33.14039259610055,37.1307571592957,33.088248253783604,36.45211081020858,35.310231264669056,36.23200590947839,34.12593253174822,32.23582065534751,33.70105579660322,34.50038123570059,34.00963742599325,35.88352518368123,33.4399737579147,34.41823961261778,1,0,0,0,1,0,0,0,1,0,0,0,1,0,0,0,1,0,0,0,1,0,0,0,1,0,0,0,1,0,0,0,1,0,0,0,1,0,0,0,1,0,0,0,1,0,0,0,1,0,0,0,1,0,0,0,1,0,0,0,1,0,0,0,1,0,0,0,1,0,0,0,1,0,0,0,1,0,0,0,123,320,197,0.384375,191,126,320,194,0.39375,42,39,320,281,0.121875,212,117,320,203,0.365625,110,42,320,278,0.13125,209,60,320,260,0.1875,62,99,320,221,0.309375,65,300,320,20,0.9375,6,87,320,233,0.271875,191,54,320,266,0.16875,191,30,320,290,0.09375,284,153,320,167,0.478125,110,87,320,233,0.271875,69,243,320,77,0.759375,12,174,320,146,0.54375,24,93,320,227,0.290625,191,45,320,275,0.140625,248,168,320,152,0.525,30,144,320,176,0.45,45,15,320,305,0.046875,302,0
11,train,no_upgrade,3,540.0066336538015,0.0014925373134328358,46.09083515549344,47.800918174761236,43.98280194897449,46.25666880557172,48.80441118536736,45.19042312986355,49.95318019263889,47.83580777358021,43.90461583357975,41.15795247901848,45.18854807463424,48.14581518005825,43.026004100771004,46.081646332523874,44.227255655178595,48.6371018206966,47.6212556869911,42.92810195724114,43.072454003829236,49.33540514374045,41.78456313564279,47.69874899723832,44.44525048588403,44.171405948258666,47.64639276393893,44.097351078484415,52.29861211949233,49.312919207739306,43.776034735890384,43.223031236709474,43.89461331021292,45.981557661346,46.39030647298594,42.05659630728791,46.309064037412426,47.74261466718595,50.663340554940966,49.60517326300659,46.130861930801366,47.762494929397405,49.88094099082269,44.071291198051924,47.08762357731874,47.29147849309613,46.265927785581084,49.50132534489408,45.86374061110811,46.64001739435122,38.394014539500766,40.11646568321724,47.64888167348039,45.13336008919276,45.02805094060081,49.29359139156398,43.336661769189966,46.406254340976886,49.066050182269706,50.03224338079243,48.417571050959424,44.0981375162059,46.93452980574168,45.28892356807933,46.89361370416553,50.24672828060997,46.64534606245656,47.02664981686546,46.24280059454264,41.2764156378854,45.89754738296434,48.16368251591424,43.50477521531554,46.880604768945815,48.30477156495542,47.95207388081045,44.03267314439901,48.075739198999266,48.84149667667019,45.172870119296526,46.50102627658795,48.261336164094,48.43388239573645,49.33976459699399,46.98665392567569,47.204568041082794,47.40971563276996,44.628635575420006,45.48741467100118,42.15484221109296,48.9209174738895,45.55086131895489,46.15345823427176,44.782518805441626,46.02183675420596,43.263172693038584,49.87290678742044,50.492450505418816,48.36951701522189,42.63318255117998,44.84009539212881,48.26520066477698,48.10835699313165,48.61380116672887,47.73379921757834,46.67513259563905,41.809723735903624,46.8886433091169,46.0767410955551,45.37461159292133,48.89871468024303,42.507416214982015,46.54688534194018,42.76028732886521,45.27830971238928,43.48376650275285,41.67550476700984,44.87185722866395,47.98226761090364,43.93212780432632,45.89365275288885,47.553568013182556,43.09972241864874,46.642307203968855,48.060419090205386,50.36798142250922,45.20777830756935,46.287069975894376,44.422456053577484,47.07843576071968,46.74559028443999,47.62534676054092,45.52436765277455,46.033559861774094,1,0,0,0,1,0,0,0,1,0,0,0,1,0,0,0,1,0,0,0,1,0,0,0,1,0,0,0,1,0,0,0,1,0,0,0,1,0,0,0,1,0,0,0,1,0,0,0,1,0,0,0,1,0,0,0,1,0,0,0,1,0,0,0,1,0,0,0,1,0,0,0,1,0,0,0,1,0,0,0,165,320,155,0.515625,128,165,320,155,0.515625,21,96,320,224,0.3,104,156,320,164,0.4875,50,42,320,278,0.13125,158,111,320,209,0.346875,54,162,320,158,0.50625,45,294,320,26,0.91875,3,57,320,263,0.178125,119,60,320,260,0.1875,143,48,320,272,0.15,72,174,320,146,0.54375,29,93,320,227,0.290625,33,264,320,56,0.825,9,249,320,71,0.778125,12,96,320,224,0.3,143,114,320,206,0.35625,56,174,320,146,0.54375,15,207,320,113,0.646875,27,33,320,287,0.103125,287,0
11,train,no_upgrade,4,720.0092281331831,0.014553175062729204,62.36273983753187,62.96218060750294,55.41459908702067,66.09674928967347,64.12059844507365,59.37952107476418,69.96432530741059,64.63347272108165,60.52544252729826,54.14054488529906,60.0446526380108,64.42686573802624,58.93964231328129,58.45062805449598,55.530084095935415,63.91407904651049,62.57562101006983,61.54127812365612,56.87547444201387,66.70147815240296,55.28915431003899,65.29420565824077,57.27783575367597,59.93996107483698,62.97224135961693,59.36859861308858,68.45949367964548,64.17980300402596,57.56571515084239,60.20004328491467,56.96440446404133,62.70498050681509,63.19804158152125,58.09851647303786,59.067898988744496,64.85973396686657,67.46300071907892,66.98776252920126,62.25337451841951,64.11519585810659,67.32202813375369,57.84707470573156,60.37610817159628,64.5015093348509,59.990502053643944,62.9275141601969,57.988036633623764,58.521893334278,52.35869119491017,54.81224061475425,60.814948953490166,60.79620568748688,60.36064255855366,63.69596139852933,59.467062586629716,61.26864817934226,68.86005072603513,64.35384566149477,64.7652619207298,57.37392127427424,61.498519560834325,61.96902315300931,60.56944744709621,69.2813551527666,62.80311333658179,59.00207543370734,62.782266876183925,54.91532595768924,61.055274135056926,65.65506721342645,57.10699964111139,62.28947044191131,62.418465663094395,65.6355343350252,56.59054372230855,67.9506110430309,65.84177152350611,64.13348741784586,65.44981758462204,68.42782979724066,62.8283961883489,64.54359968862418,60.44272035256448,65.32651260104016,63.50705186778854,59.19419526308714,62.2768138929747,55.41322394585504,65.04454730727828,60.065993410749584,60.096336949858724,58.787445802479155,58.17513009969017,57.01568574100342,64.10718249220068,68.16828220030071,62.21959865049608,60.830450460519984,57.55752670488079,62.73533253801177,62.75675050938738,61.27048679974001,57.788042862961554,59.83610005703551,52.53026628912559,63.71082607233781,63.981731219930275,59.397380768883366,66.14628871369456,52.8155992171237,63.52523803606107,60.67185996598569,59.24401465071744,58.37051781109276,54.159996579247334,60.23190943304281,65.69514184093971,60.77618639430644,61.18248331899387,64.69169252254873,58.248601152002614,62.06507058624714,67.90566429842829,64.20413174591977,59.62804360948143,59.311111089499555,63.454554809403774,63.19662070697925,66.99071986465546,67.1424597087951,59.39425691636826,61.4771179451068,1,0,0,0,1,0,0,0,1,0,0,0,1,0,0,0,1,0,0,0,1,0,0,0,1,0,0,0,1,0,0,0,1,0,0,0,1,0,0,0,1,0,0,0,1,0,0,0,1,0,0,0,1,0,0,0,1,0,0,0,1,0,0,0,1,0,0,0,1,0,0,0,1,0,0,0,1,0,0,0,189,320,131,0.590625,41,216,320,104,0.675,12,81,320,239,0.253125,95,183,320,137,0.571875,15,45,320,275,0.140625,158,111,320,209,0.346875,36,198,320,122,0.61875,36,282,320,38,0.88125,3,198,320,122,0.61875,24,90,320,230,0.28125,56,66,320,254,0.20625,113,279,320,41,0.871875,6,168,320,152,0.525,18,315,320,5,0.984375,3,243,320,77,0.759375,6,177,320,143,0.553125,24,123,320,197,0.384375,104,255,320,65,0.796875,15,222,320,98,0.69375,9,24,320,296,0.075,290,0
11,train,no_upgrade,5,900.013481996319,0.041622801386570804,77.57144983519612,85.63020648832071,68.58177633963011,90.19593092413503,85.56659110630436,77.198569530406,98.35825389510197,88.91309113679583,76.32664838989137,71.80494002527425,78.93039917296849,86.44898913485609,80.8820680940228,80.67198164269617,73.72969185977875,85.29776008914585,81.59767644221294,84.78068391260783,78.59527478864555,86.19454437062784,80.26205339112718,91.71882032204384,74.84533496364627,84.63945276106615,80.59427288965853,82.08229177302943,91.26756858948038,85.89295688125159,79.13317944874335,76.10561589456528,72.97061943088853,82.31689160126373,82.91312874966283,75.20759207764996,77.28021986855879,85.94134033155524,93.6729707381813,86.44838469037387,80.62590240760632,83.70450964502476,90.13817531855632,77.96147880801459,84.16024585774028,85.96765554152793,81.58222140702823,80.90826846237569,77.67672793773023,79.95361709717238,69.98423235882035,75.75778372007346,84.06742300669156,83.7203013458615,81.20207206140559,86.7549500414622,79.53780748483608,83.8342008707172,92.02288022242689,88.4820197706973,89.17904240121236,77.27186589152218,83.35197260159947,80.41216459470942,80.25662593005676,92.90263085146636,84.3606206748427,80.89072708458286,88.38713553543032,72.51125441621934,79.87875206576952,87.39987543603324,80.31032391007328,78.11361241441885,82.88488243091957,83.37766579428259,73.19397504125027,87.1948397583128,85.69067400054115,86.37527238606853,87.29648948294984,90.68823619835328,84.0463885852606,93.0345857098157,79.73784200709679,91.06355452715674,89.46192066654748,81.02608640823516,84.99709168791469,77.4891342679657,91.39400694361929,76.00218703340882,78.92709551046615,78.93131746528893,77.45359706252158,77.09463675321824,86.72483063194825,94.22780151981513,82.88574024214628,79.54529202152972,79.58522867118528,84.46501424987935,80.51003718842215,80.21464735845683,78.48980923540672,81.7550935293557,69.26012182133275,85.04344421609304,89.42819305099623,79.60981761859324,85.79736662676522,67.30801110491633,81.60474885317583,83.65174775199365,78.31535194031346,78.483511434823,80.34485929267119,82.6132132990884,90.95457543200055,78.86730703404191,78.15480134827392,88.52152084709483,76.57475061591627,81.96189931426903,93.36436488326163,83.85530127031262,85.11169025287519,80.41964818800177,83.73074280249142,85.65928202175549,91.9999727827956,91.72978651518696,86.14797793597502,77.93279886569623,1,0,0,0,1,0,0,0,1,0,0,0,1,0,0,0,1,0,0,0,1,0,0,0,1,0,0,0,1,0,0,0,1,0,0,0,1,0,0,0,1,0,0,0,1,0,0,0,1,0,0,0,1,0,0,0,1,0,0,0,1,0,0,0,1,0,0,0,1,0,0,0,1,0,0,0,1,0,0,0,258,320,62,0.80625,9,255,320,65,0.796875,9,153,320,167,0.478125,21,201,320,119,0.628125,11,81,320,239,0.253125,51,147,320,173,0.459375,42,240,320,80,0.75,6,303,320,17,0.946875,3,282,320,38,0.88125,6,204,320,116,0.6375,12,117,320,203,0.365625,36,297,320,23,0.928125,3,243,320,77,0.759375,15,312,320,8,0.975,3,282,320,38,0.88125,3,291,320,29,0.909375,6,189,320,131,0.590625,27,222,320,98,0.69375,15,279,320,41,0.871875,9,48,320,272,0.15,155,0
11,train,no_upgrade,6,1080.009781632294,0.08848265184038286,111.6537563067294,112.98723716228336,86.73238588325775,121.97253224003052,113.81379571839999,111.69628706603643,127.0076682953359,121.52473028620031,98.67379525935789,97.12889636062619,103.77841848286113,112.42748082900661,109.10575252459874,105.18199994621158,94.60475454385356,107.96163071146906,111.86443638178314,111.27024314334534,109.47475606652043,110.35509557600429,116.58106449757692,127.74626463788498,95.66106801452031,110.52386726796199,108.32081312888813,115.7553368711,128.55149195909704,115.07846697909254,110.18990472808387,99.90587046883266,98.76921026772787,109.51596790562932,112.6453735575151,108.10861057609708,101.2396581603592,111.41398921553997,117.02983581241082,112.20977624202781,112.28977942425858,120.84755971518813,120.80312838847313,104.58485390562909,119.61528065330714,123.59425370759885,116.40352867820118,107.17818932064783,109.34971138859997,107.21496008241299,94.31399258355515,99.76706927471135,118.44224353246537,104.82864167439838,105.67916263252751,114.36349522976732,106.65552958935338,105.18286314662959,114.13287053231814,121.3442084893607,116.6782660922638,97.60926440282125,107.94829882801363,106.4073231618394,103.2858105751454,117.43543907819578,118.45994625716843,111.74870728660436,118.49354501338763,100.47938544922809,102.59044511018695,113.51251557496573,107.03949151858298,103.31739739857325,118.40022591668054,110.38476470583967,103.07083579422833,116.65100683816974,120.00252344894193,124.67562633326322,122.32760327659422,111.08372900430028,109.87438485313862,121.42479120646139,108.73843778536629,121.56145208141162,117.46810970586914,110.01541568049542,119.17784537054627,103.37900717582389,126.1268837313163,95.14646203766809,110.0810154924651,108.73369635328774,102.9502696944784,104.69747755854544,116.73072518572484,129.35792263548998,114.58995377039845,109.64715335093449,104.71128538663103,114.72503594261858,113.2671700366414,113.5291743360893,106.0563398586037,105.88207726237513,99.86109342290634,120.10969813808015,122.39798226766857,110.13471003837704,121.54431350200598,93.33183317762027,119.39585162236732,114.82752381256957,104.54360095004314,109.30665025619601,107.48897676512,109.03940043747082,124.27289015816162,95.86934122679358,108.22966231198724,119.03892935541406,105.812533625438,112.8755251269515,132.13624407631195,116.71326146804306,107.8345881339846,106.51540168166179,110.82871645848783,110.55986015632983,121.57381101999223,124.82049198305653,118.20686678945206,101.97546433379443,1,0,0,0,1,0,0,0,1,0,0,0,1,0,0,0,1,0,0,0,1,0,0,0,1,0,0,0,1,0,0,0,1,0,0,0,1,0,0,0,1,0,0,0,1,0,0,0,1,0,0,0,1,0,0,0,1,0,0,0,1,0,0,0,1,0,0,0,1,0,0,0,1,0,0,0,1,0,0,0,318,320,2,0.99375,2,288,320,32,0.9,5,153,320,167,0.478125,15,213,320,107,0.665625,12,141,320,179,0.440625,27,177,320,143,0.553125,21,285,320,35,0.890625,3,297,320,23,0.928125,3,267,320,53,0.834375,9,240,320,80,0.75,11,153,320,167,0.478125,29,300,320,20,0.9375,3,237,320,83,0.740625,12,291,320,29,0.909375,9,294,320,26,0.91875,6,288,320,32,0.9,6,231,320,89,0.721875,15,240,320,80,0.75,6,279,320,41,0.871875,3,63,320,257,0.196875,84,0
12,train,no_upgrade,1,180.0130498669931,0.0,25.511685266462408,26.19225775754814,25.78654616423751,26.304898610697478,25.610106205451658,26.698339066251155,26.73612215893077,26.08887735739533,25.490053186973924,26.047080882537458,27.08302471359749,24.944538404387206,25.127178960095534,25.979084212746816,26.8848877323233,26.547439476870622,24.968898277036217,25.611738606503714,26.371304444548535,26.247479749458478,25.456311827060343,25.186794249092905,25.548992790385057,25.68019956859397,25.917710211267813,26.615092276457425,26.531869308172258,26.439532473952955,25.989051041823913,26.454971742966762,25.92658589628233,24.1305717960033,27.211633960435872,25.91303060902244,24.429739385050336,25.27017496833049,26.398346275311503,26.19298358947852,25.50240345072825,25.20662890126356,25.0994445464742,24.877801316682262,26.06409216726828,25.40451083780729,26.496740864999012,25.09500118041458,26.088740913616597,26.25920672720476,25.592175532328785,25.371456530610754,25.768730535540435,25.649580053561802,25.033731299461866,24.561125300758516,25.26601155009169,25.987538630126938,26.369719959619463,26.069203231521705,27.269014684012976,25.06395832523575,25.120479969913987,26.56672874722133,25.596468121021598,26.393891892438763,25.14019106260284,25.383277571395176,25.2704359693562,25.126923199051195,24.42285280660634,26.339555283869448,26.82210952045889,27.800750582788137,24.428017588096743,26.071232215614724,25.487954516222327,25.491426601617754,24.670008164532813,25.1010330160237,25.212518637149977,27.1716004789654,24.789203030786414,27.319844534330205,26.42117078923302,25.714830445045386,26.702848013587744,24.513817553298185,24.599688375576378,26.371942560594434,24.888597389826515,24.49094026967335,25.357816863607894,24.45445665442009,26.381618136970307,24.699676923595305,24.769486030211848,25.870483590105767,26.064371162190305,25.475433871305185,26.189448432539503,25.851260231172503,27.574668201617794,26.8702878504832,24.42847704886361,25.4630876534852,26.01892606833071,24.241410604785205,26.735573395435345,25.92544543527781,25.213853539110065,24.797745415590892,26.205558727781774,23.955405567528526,25.33757446879938,26.707463763531102,26.258096376148796,24.214324100869383,27.821783037602817,25.285846598283843,24.650186146178953,25.447654247859663,26.86764268488347,25.54285798646372,24.951132518336646,24.296885346396312,27.380430172192302,27.632527322760446,26.615517646794043,24.793976721489575,24.99106565139532,25.81795699305509,25.633053412233508,27.632524774924846,1,0,0,0,1,0,0,0,1,0,0,0,1,0,0,0,1,0,0,0,1,0,0,0,1,0,0,0,1,0,0,0,1,0,0,0,1,0,0,0,1,0,0,0,1,0,0,0,1,0,0,0,1,0,0,0,1,0,0,0,1,0,0,0,1,0,0,0,1,0,0,0,1,0,0,0,1,0,0,0,75,320,245,0.234375,215,114,320,206,0.35625,92,48,320,272,0.15,230,72,320,248,0.225,194,24,320,296,0.075,263,78,320,242,0.24375,77,117,320,203,0.365625,74,195,320,125,0.609375,83,75,320,245,0.234375,221,36,320,284,0.1125,281,18,320,302,0.05625,299,87,320,233,0.271875,194,33,320,287,0.103125,182,162,320,158,0.50625,83,132,320,188,0.4125,86,33,320,287,0.103125,269,30,320,290,0.09375,263,108,320,212,0.3375,83,102,320,218,0.31875,104,9,320,311,0.028125,311,0
12,train,no_upgrade,2,360.01384871465626,0.0,35.535457162531905,33.82784596582841,34.310186702339756,34.91995422283766,33.86495347707099,35.56963550411926,37.18131639716608,34.69629341284682,33.6513403544861,33.097813029964435,36.32859221805051,32.98518792737126,34.095841406618035,36.067120614844974,34.38620450631588,35.824180216053435,31.849601686592756,35.2015404916873,35.4781895588361,38.262846859417955,32.90354542085698,33.21566177104293,31.70911195437905,36.509682748636976,35.91582914185076,37.12906769129634,36.84908748819475,36.10630491450599,34.48892699826494,34.03736441497757,33.90177567981339,33.32308257212657,33.55641570586798,35.626103094485984,32.31610577840731,35.03294816396824,35.85964920840795,37.29053713226455,33.91851870120053,35.13251384962696,35.5267405825069,32.72217386893258,39.06520732801465,36.82963365863109,34.343464591077804,32.71041702802722,35.73413900736377,37.23304079566781,36.30296624773609,35.19895879877695,35.07889212775135,35.63098004849404,35.78972855516354,33.11504492814273,32.3889270775066,34.28869019033475,34.09816352021352,35.24519245219284,34.320689060740996,35.48000667036024,34.938596145075536,35.29613309476182,34.044304422132164,35.96523354739239,33.11406960115456,34.99909804549144,33.55389679200582,34.53611586473119,32.49221980270751,35.876294108838735,35.79186120592846,38.46381158063024,30.498178797057946,34.65068121230652,36.747838053979734,35.55288825762504,34.65450458024468,33.62144905069862,34.33903634111989,38.23119061625517,32.89409644671057,36.295722675817,35.848674160272985,32.95363080333513,37.17401508857809,31.376662977040066,34.73242772420736,34.32299454662695,34.357935522463826,33.65322725778731,34.83244772977754,31.518707735916962,36.15696106326888,32.0986518094718,31.18670702623498,33.89013500895632,34.91229637640783,32.98021085326878,33.704361546787,36.58101507870508,33.669233941565395,35.62731440522033,34.019551529534425,36.34400593169422,38.01395551950834,33.308496758531646,35.0348390217996,34.801226160445054,34.05652117135572,32.132873258007535,35.475809266471074,32.32428005768227,32.10000020065982,35.542399511391224,34.89871201107662,32.932510196446934,36.82021952354721,35.822848661370415,32.230361114720935,31.875891220904425,36.81472847980612,33.274702928012786,34.88333768391245,33.64223461531533,36.64505143873879,36.99242954491746,33.89309745025282,35.21004026007257,34.55271348601925,34.26658067542571,38.19817508326657,37.243022001346645,1,0,0,0,1,0,0,0,1,0,0,0,1,0,0,0,1,0,0,0,1,0,0,0,1,0,0,0,1,0,0,0,1,0,0,0,1,0,0,0,1,0,0,0,1,0,0,0,1,0,0,0,1,0,0,0,1,0,0,0,1,0,0,0,1,0,0,0,1,0,0,0,1,0,0,0,1,0,0,0,102,320,218,0.31875,200,129,320,191,0.403125,65,45,320,275,0.140625,206,135,320,185,0.421875,50,18,320,302,0.05625,254,78,320,242,0.24375,51,147,320,173,0.459375,71,264,320,56,0.825,23,57,320,263,0.178125,191,54,320,266,0.16875,236,42,320,278,0.13125,209,174,320,146,0.54375,50,84,320,236,0.2625,119,276,320,44,0.8625,38,177,320,143,0.553125,24,45,320,275,0.140625,227,66,320,254,0.20625,194,183,320,137,0.571875,41,141,320,179,0.440625,104,15,320,305,0.046875,296,0
12,train,no_upgrade,3,540.0497793571217,0.0019440612065721812,46.23352925810544,46.20895364736346,47.19689558535606,42.17612573962379,46.64327077992089,47.22027500523328,53.51893086459733,45.012326908893925,44.31143214165734,45.73181114115951,51.377845588501614,45.36299410934846,45.24101894586282,48.84323574168557,46.01496728533822,47.0561972560576,45.641986538253626,48.492580119862666,49.93910078581778,52.8582844255291,42.14781431741841,43.42789266231604,42.7855496727639,49.28400459484195,46.34789813649444,46.95378746652464,50.21398330667179,50.9177732994646,43.03567775322298,45.18281927734175,48.47668974771204,47.78662009154972,44.63292922407874,45.99581921199909,45.843550556476934,50.19491948600773,48.99893995487622,50.77722153107918,46.37237324075207,47.293666620853614,48.02368415905972,44.64949676968205,53.92192344871155,49.792450028806506,46.73898926064577,39.30967937293634,46.88225942094552,53.393872559232115,49.70012654351778,46.56681617550973,45.91711362827127,45.93285806905603,48.00687062443211,45.36805124899088,44.65858738257285,46.42598238584035,45.35492962192861,46.95177566664318,48.50694351099077,47.791087600385325,47.789055767038164,47.921005210927035,44.495047833539594,46.93693553788168,44.25796342196384,44.6473563507207,46.071232492590184,47.24187061543471,41.459379905848316,47.266667403945455,47.87709987580318,51.93041896767129,42.23499668951039,47.460008216427624,46.224143218116595,48.8792079306932,47.69986905283472,46.53501157263567,46.18200280682538,51.37050592374224,45.319790577657315,47.35505292252174,48.311412332313274,43.330175678586535,50.23447759901788,40.27143285314184,44.50679149128258,47.34255740414245,46.28277283669602,42.35702785057887,46.44432814635637,45.097068370919814,47.65079470917997,42.868915006169246,41.94073557620441,43.220831038236845,47.7340591613359,43.5391222566463,43.82872444213047,47.766396760738544,45.73406565416249,47.538099660076135,45.721602541076955,46.61934475775469,48.83502653415214,43.7350050677335,47.65668619241726,46.54239418122761,46.22672537763047,43.864472099552614,47.51227939201026,45.61877846297437,41.462517084064416,48.697062835586436,48.08296791622537,44.169186367032815,45.888897275084176,50.58316355048108,44.802497887130706,40.7300858961609,48.12009691268507,43.68745682862903,45.77458917527774,47.33920116510928,49.44777917357517,49.390014709111405,45.47856052156801,47.74904768041999,46.823144144707605,45.61228946338716,53.99509836009153,52.13256661512005,1,0,0,0,1,0,0,0,1,0,0,0,1,0,0,0,1,0,0,0,1,0,0,0,1,0,0,0,1,0,0,0,1,0,0,0,1,0,0,0,1,0,0,0,1,0,0,0,1,0,0,0,1,0,0,0,1,0,0,0,1,0,0,0,1,0,0,0,1,0,0,0,1,0,0,0,1,0,0,0,126,320,194,0.39375,140,168,320,152,0.525,35,45,320,275,0.140625,131,156,320,164,0.4875,50,45,320,275,0.140625,254,93,320,227,0.290625,105,141,320,179,0.440625,33,297,320,23,0.928125,3,138,320,182,0.43125,84,63,320,257,0.196875,155,63,320,257,0.196875,129,210,320,110,0.65625,30,93,320,227,0.290625,60,285,320,35,0.890625,6,222,320,98,0.69375,18,111,320,209,0.346875,155,81,320,239,0.253125,200,177,320,143,0.553125,23,213,320,107,0.665625,29,18,320,302,0.05625,299,0
12,train,no_upgrade,4,720.0041235247124,0.013404411480665972,58.85552007524199,63.3684015865202,63.50842986125828,56.84729374008969,62.59408524512826,66.3693333005848,79.02690859847624,60.64135876709006,61.83640904968578,58.939518280194584,66.46529257526444,59.47090257376795,64.3599175980705,63.3091421784208,61.83644240401002,70.38220507097508,59.88127782258771,67.25220615824603,69.0355640687855,71.52086756731167,55.94670425801061,57.723474668612496,57.52189173215794,62.50883919990538,61.579104589231555,61.68006699378568,63.21701007132374,70.2941668515352,57.237559550552525,59.94875911435934,63.89998422020351,61.71845934327892,60.156216459883424,63.77971299197478,65.05812123159417,69.0125503180008,69.38683176497513,69.12324354653441,62.372103663561944,64.22563435756061,65.24444808595298,60.27904213895041,70.24950903988042,64.64952722796443,64.45462074736675,52.631439641587654,62.05559492406386,72.03941878910133,64.75048167736415,61.45145155958971,64.11186358913726,61.51042471676781,63.952282312402176,64.52816121724202,62.99059068861636,62.72550648282891,60.297310822402395,62.99834733618696,65.17681894026839,63.610603615614366,63.735599708537286,63.744424086452,57.2896651808867,62.41955057205861,60.88023266788892,60.89878375405215,63.23372794061572,61.96983879888712,53.87819785059165,63.820729514544084,62.6978457614355,66.43169807140714,57.15984318406092,60.86837080909838,65.15332560720404,64.59802296230313,63.75556158133235,60.89517728040821,60.322007767688774,68.22715146271373,60.05299814797978,62.27732571603681,68.59213472397295,59.64293215838712,70.87736750385815,51.39199415177725,57.66231230596358,64.19996987926785,61.23546506487674,59.9004027004032,61.37508250444749,63.086263136007226,66.40611757643477,52.83278117442741,56.99717690452605,56.97070473189558,65.76102251357874,56.42319157021212,60.6609656214505,62.46297170805496,61.6860303505368,62.43887245670981,65.92458706743781,60.82262197089561,63.2422480836687,60.97000919342301,65.3281975335659,65.15660065103363,64.12783992801526,57.873218670066954,65.14015339519085,58.45635935237227,56.040564283442414,64.31486807402119,60.728685605433704,59.48067017689974,61.45580639757794,70.17099644302567,60.037615232866415,55.44382471393537,63.139050048607544,59.32144397881018,62.086505926630984,68.32694629164482,66.55369850326713,65.77072249424346,57.69110762163814,60.03227152111137,59.80982327190694,57.57587963908812,73.80480235595024,70.00813334703928,1,0,0,0,1,0,0,0,1,0,0,0,1,0,0,0,1,0,0,0,1,0,0,0,1,0,0,0,1,0,0,0,1,0,0,0,1,0,0,0,1,0,0,0,1,0,0,0,1,0,0,0,1,0,0,0,1,0,0,0,1,0,0,0,1,0,0,0,1,0,0,0,1,0,0,0,1,0,0,0,153,320,167,0.478125,99,249,320,71,0.778125,9,72,320,248,0.225,137,201,320,119,0.628125,21,51,320,269,0.159375,248,117,320,203,0.365625,54,216,320,104,0.675,18,303,320,17,0.946875,6,228,320,92,0.7125,12,144,320,176,0.45,60,96,320,224,0.3,59,297,320,23,0.928125,9,138,320,182,0.43125,33,300,320,20,0.9375,3,249,320,71,0.778125,15,270,320,50,0.84375,12,138,320,182,0.43125,38,222,320,98,0.69375,18,261,320,59,0.815625,6,6,320,314,0.01875,311,0
12,train,no_upgrade,5,900.037446737653,0.04184678347614784,77.7477001319104,85.1776115888143,85.46823704958224,79.67841744168676,81.74042418668215,87.1248654792949,103.38534286698413,77.74328780301843,80.72616905610573,84.8889726206059,92.27386694670547,80.76140050991452,84.92773697288233,83.01434776422025,81.22773790629736,97.94241902865596,80.27725842095617,90.37573081407604,88.37106808361513,93.0559897985533,72.65823123231705,74.28921292882322,77.6810407790464,82.83457593541004,81.41541078330326,80.55518972819029,89.42946937396084,99.36266784024716,80.62303585304542,76.97262019088804,89.57077258928538,82.12752116664522,83.89472240376149,85.83876635778682,86.5821273877265,95.67120855251109,98.16342651072257,91.27027631595946,88.3465278671682,87.67246176962621,83.22977331476476,84.43819572063667,90.24995940826615,85.46211266283268,85.92179985280139,74.11246654248029,84.00522703377544,96.17775580231998,90.73930703331851,82.87268026109811,82.52990376204157,80.69481954515803,83.48146108655202,85.55384815333035,89.48322949413362,84.44893885230243,82.0745101416975,86.87930142078555,92.73505003479622,91.4201450640274,84.05969461590878,89.51573569553915,75.2932238139566,86.7795332339172,82.35868702051287,78.00228721858832,82.99863926406864,82.40175638310322,75.51030903822895,87.02201790960761,81.88126117842181,90.21275341230017,72.55189246838846,77.96672659276929,90.38649056180279,81.83709213501636,84.0466941379689,77.31620810763907,79.81085473827278,88.74046332954484,78.24469329872613,83.76587188031716,96.05688650848789,80.1479019192458,90.98566251248114,69.52822107508163,75.8145733876057,88.1003093969383,84.43427534864105,77.34033004842568,85.47073430980177,82.24787059397009,86.3149679164902,72.2618342942619,74.73589904041248,76.6618164857356,87.22349708372649,76.01918638365387,84.83913302020657,85.8299311066423,79.24218057963243,84.6268583679682,88.51606814493141,80.95014041137397,89.32855234764169,81.38626164425271,82.43917087633966,88.73066672098665,92.41390252092565,80.49064071520802,87.63741114842473,76.65969380688622,82.22841237004195,87.26435121645237,86.67868549283185,78.119285009144,82.42609208660191,93.3469581801018,78.19901442336008,77.6606238287372,81.53023821335438,80.50131251449433,80.2605283771402,93.91319171532766,93.07592429246931,89.21442980773837,81.67059901985938,77.7176342139473,74.9987991634964,70.44217134343323,95.9586406251695,91.97334058062053,1,0,0,0,1,0,0,0,1,0,0,0,1,0,0,0,1,0,0,0,1,0,0,0,1,0,0,0,1,0,0,0,1,0,0,0,1,0,0,0,1,0,0,0,1,0,0,0,1,0,0,0,1,0,0,0,1,0,0,0,1,0,0,0,1,0,0,0,1,0,0,0,1,0,0,0,1,0,0,0,288,320,32,0.9,11,249,320,71,0.778125,9,171,320,149,0.534375,24,234,320,86,0.73125,21,75,320,245,0.234375,54,165,320,155,0.515625,30,219,320,101,0.684375,15,300,320,20,0.9375,3,216,320,104,0.675,15,159,320,161,0.496875,24,120,320,200,0.375,30,288,320,32,0.9,3,195,320,125,0.609375,15,303,320,17,0.946875,6,270,320,50,0.84375,6,261,320,59,0.815625,3,261,320,59,0.815625,9,258,320,62,0.80625,9,291,320,29,0.909375,3,48,320,272,0.15,90,0
12,train,no_upgrade,6,1080.007969126356,0.09164755518986012,105.36906513906384,112.22017281584998,109.85190644105862,101.78870873729967,109.65426057242485,118.87060569931951,128.359949230525,107.1398199507237,105.02392545562188,118.34411748629756,120.75220787690023,105.96398871981573,114.78069874184311,109.67721345961561,109.50211150743722,130.7022600205196,104.82602966926143,128.7684247910349,116.33673367906492,124.2607379336454,98.65575897248341,98.96850125935168,102.17071406550502,109.21405228535723,111.15565095354245,107.6407202893962,118.17683478083757,145.1640122909534,108.689399151353,102.6289220068403,120.16307727454246,113.56090046973456,110.45251651137812,117.12538379185698,116.20055439327741,125.25859661220045,134.45629550439324,118.52644538882586,123.46396287912248,125.85649630958042,112.00924692752592,114.29846292903805,121.64906642969355,117.50219218920546,119.0288256137673,99.39097296723295,109.88833645025946,128.62298801463788,123.69868062879175,114.48307657432073,118.37229973505349,111.30881324570014,109.49375306043979,115.44903042071586,123.005633352624,117.87585685084738,104.14085981721966,114.89636461622578,121.15311405443185,124.20227103112015,110.38119451811522,117.97271774953812,105.4158427710245,113.96878503885972,107.78218167773615,105.60769587334846,115.08119617367092,110.72643093209814,100.57128874775775,115.44561741429983,112.3189903732101,117.06115756708765,102.26558857767147,101.22259291355398,125.82437077080392,110.22740991066631,118.9002243375279,108.87413864042676,105.34816857429364,120.41584495941224,101.88728103348639,109.23541644425887,129.28619650981307,106.74907941148037,117.58653936835927,93.05511317783218,104.36275629540125,122.67512973526797,124.81840212937303,109.81459890581009,115.6158564820273,109.2001264334623,119.89019634339374,97.10334454409538,101.17872528108627,108.01447134672118,113.41245102254689,101.43806070245863,110.84403363596593,116.47925217117825,114.08291877416416,114.58326328913975,123.35343473310186,110.48480709396553,118.20702069982023,108.38898628119743,108.39075952699325,117.25246682484169,127.2232090198622,107.09426855892444,121.4589695208153,105.31909929333492,112.1117413777913,114.01046924076182,117.70320317528119,101.1577373280815,116.32019139752899,125.6424114372661,109.38107917402372,104.69188746954678,111.83761079738188,110.08494406799986,106.99485430895494,123.62078255597778,122.87474995716532,129.35863170294164,118.22027196961018,107.41947001240635,99.68886134505041,95.77123983659119,129.14700767539316,118.10274516527113,1,0,0,0,1,0,0,0,1,0,0,0,1,0,0,0,1,0,0,0,1,0,0,0,1,0,0,0,1,0,0,0,1,0,0,0,1,0,0,0,1,0,0,0,1,0,0,0,1,0,0,0,1,0,0,0,1,0,0,0,1,0,0,0,1,0,0,0,1,0,0,0,1,0,0,0,1,0,0,0,312,320,8,0.975,3,240,320,80,0.75,9,192,320,128,0.6,9,240,320,80,0.75,15,141,320,179,0.440625,42,213,320,107,0.665625,18,276,320,44,0.8625,6,309,320,11,0.965625,3,264,320,56,0.825,6,225,320,95,0.703125,9,168,320,152,0.525,15,312,320,8,0.975,3,249,320,71,0.778125,9,294,320,26,0.91875,3,264,320,56,0.825,6,309,320,11,0.965625,3,219,320,101,0.684375,12,252,320,68,0.7875,6,258,320,62,0.80625,6,69,320,251,0.215625,164,0
13,train,no_upgrade,1,180.02647950558506,0.0,26.87554066858925,26.232647853039026,26.83048332756345,25.773657567092954,25.683750314591734,24.95897036061118,25.193399226506152,25.5951421751665,26.467200362961318,25.394163176629824,25.082158851909803,26.00234516840268,23.14026476781459,25.89676490371945,26.05754322152454,24.43666799751572,25.199993544961526,25.93194814683246,24.797520901441498,25.336006915204855,24.728645297274827,25.842505056252385,27.114402242860578,24.836843716600047,24.60794940488377,24.792131444185753,25.625434918051567,25.474642109326258,26.3336093976946,26.018504222083948,25.319782523270217,24.045458715498434,26.311589292406662,24.95322150431061,24.068524782420507,26.18817121526661,25.63531635940806,25.76520542707585,23.83521700931272,25.10854575227707,26.55561467040915,24.273854863829335,24.594185352134097,26.26646809520258,26.422299778672503,26.380502018573882,24.578942235735948,24.76081950859659,27.69127968917547,25.34576447746512,26.70829963964466,25.99680325716449,26.41559343343074,26.46610879809282,24.858985655986512,25.743239061653973,24.19588098711025,24.445635669980238,25.911579530186238,25.67551742942699,24.71722877615854,24.5961789450801,26.00456218112988,25.83093734163612,25.924065894874584,25.657351085469223,25.6538150397319,25.892988133659124,25.14742992224805,25.118994993281266,24.514903756011996,26.095370507417766,25.719556305095875,25.607417013087968,25.562671013282213,26.174085593289416,25.13935870090366,25.025189507159034,24.42923689297914,25.46760131770114,24.053532098050667,25.03617754403398,26.19200604523727,26.110600215330457,24.560050941687994,24.49133162204493,27.93905780136488,25.376993715773036,25.79093465760567,24.535973099846533,24.83388830826538,25.08464618173689,24.71402440188958,27.11490628281574,24.698665762673226,24.633058388306036,26.40855578453467,25.454208234971773,25.39709989871756,25.742215614311927,24.58989414771091,25.05345233228298,24.675654048565864,24.786749452834545,24.142783061165957,24.089878255324198,24.611854080800804,24.873763238481324,24.256014082510134,26.13739488082937,25.279520795240643,27.06644860515728,25.762695752098136,26.519131872825277,26.984976800513493,26.32394350349778,25.290987362061664,26.629055565843405,25.115782673216366,25.765142774101363,27.321850932762068,26.188780316255524,25.86305759787881,25.041330379715053,27.76564397868759,26.01939777693024,26.09969004142826,25.170744247471827,25.220878743173632,24.411697785316555,24.314544025737128,26.324122211836738,1,0,0,0,1,0,0,0,1,0,0,0,1,0,0,0,1,0,0,0,1,0,0,0,1,0,0,0,1,0,0,0,1,0,0,0,1,0,0,0,1,0,0,0,1,0,0,0,1,0,0,0,1,0,0,0,1,0,0,0,1,0,0,0,1,0,0,0,1,0,0,0,1,0,0,0,1,0,0,0,69,320,251,0.215625,230,90,320,230,0.28125,68,33,320,287,0.103125,245,93,320,227,0.290625,152,21,320,299,0.065625,230,48,320,272,0.15,131,144,320,176,0.45,101,225,320,95,0.703125,65,51,320,269,0.159375,254,42,320,278,0.13125,263,12,320,308,0.0375,287,162,320,158,0.50625,152,33,320,287,0.103125,248,216,320,104,0.675,71,177,320,143,0.553125,65,39,320,281,0.121875,254,39,320,281,0.121875,227,138,320,182,0.43125,71,138,320,182,0.43125,68,12,320,308,0.0375,308,0
13,train,no_upgrade,2,360.03078454595607,0.0,35.87183108130156,36.44856996281776,37.450010106995215,33.70304893543024,33.299372446434546,34.13597970819493,35.11585259113303,35.53799530411612,34.749661585310186,33.63522883606427,33.94499624199793,34.2873511966501,30.889046469655355,32.458219151100096,32.4899981993257,31.656890796240777,32.67324500877411,33.74580323818904,32.357588825622166,31.58180728680519,34.48028469299375,35.01280474322169,37.667820182114504,35.08182054764611,33.5084993588442,35.303522717501586,33.774537675851796,35.73017097726015,36.17802217779304,35.17458381653725,32.785726134284694,31.880721793547306,36.002960441608046,34.625455548508015,31.944610757701476,37.5019522876563,34.01230529620826,33.91895970295161,31.35517829807094,34.940178722497485,35.387574861691384,30.833594269943305,32.35551929424572,37.02160917970798,34.951020779223406,34.86200918801604,35.01959868877773,33.033812264136806,36.23677558345254,34.028029373442706,38.06898040192281,33.053355912846655,34.491005268623624,37.07214702741202,32.0340196212029,35.098565291133966,31.039764006697098,32.69537543381987,35.06043393853073,36.543985701935824,32.96225798887757,32.72007211544159,37.172058298550844,35.37224962116091,34.23988463496959,33.85948626393077,34.55298424586155,35.298273242922804,33.976151204237006,34.41233800767145,35.423767364601616,35.531904430383335,34.63117771107184,34.826096094041866,34.276455283526225,39.37677089177287,33.12472955745079,34.652796168756375,32.13238800291918,34.57583729707406,32.10818136721396,33.545772898433995,34.91025696409097,35.97516788021404,33.1750235655468,32.24102555215607,37.39826014416767,36.938536466260125,35.14275543929151,33.88243731842723,33.32570513759962,34.173884746367044,33.200288962779965,35.83176410009119,33.23643869993014,33.65604189737429,34.397563932184994,34.973248302023165,34.26686664557536,35.00308188228171,32.79531539190166,33.93799091707581,33.38731921358346,33.78412352684133,32.96621723502266,31.833470644411978,33.49630786295679,33.93582142113278,31.35257711538509,34.294104927726636,32.97563894280399,36.58459963100216,33.68218850106188,37.544574352495715,36.53501050132063,36.32027113906007,33.51040291264957,36.72890131758814,34.45345737087351,34.39173642037182,35.710166942761994,36.34281360679904,34.01306737414503,31.658560158069374,35.96352937477071,34.42222321467759,35.72157658935175,34.31670670341075,35.31067502459867,32.63634771835478,32.711169249467446,34.662370177713285,1,0,0,0,1,0,0,0,1,0,0,0,1,0,0,0,1,0,0,0,1,0,0,0,1,0,0,0,1,0,0,0,1,0,0,0,1,0,0,0,1,0,0,0,1,0,0,0,1,0,0,0,1,0,0,0,1,0,0,0,1,0,0,0,1,0,0,0,1,0,0,0,1,0,0,0,1,0,0,0,99,320,221,0.309375,182,123,320,197,0.384375,63,39,320,281,0.121875,209,108,320,212,0.3375,63,12,320,308,0.0375,281,81,320,239,0.253125,72,129,320,191,0.403125,35,255,320,65,0.796875,9,51,320,269,0.159375,233,45,320,275,0.140625,200,21,320,299,0.065625,263,177,320,143,0.553125,41,57,320,263,0.178125,122,243,320,77,0.759375,9,174,320,146,0.54375,60,75,320,245,0.234375,200,48,320,272,0.15,239,159,320,161,0.496875,18,183,320,137,0.571875,71,9,320,311,0.028125,284,0
13,train,no_upgrade,3,540.0312641879417,0.003352944897830075,47.63238359527505,48.370991052400775,49.3557562530059,43.48092507678312,45.24404137188826,47.16767005796986,48.21683777155333,49.09271187878467,47.634360143244606,42.4822077771296,47.280818142661076,46.691648901371394,39.14532440674502,45.619231591893225,45.15497271636255,41.9639864451028,42.995709362125965,44.56543645630007,40.9977234948405,41.355209064507186,45.10381713590356,47.69606277578399,51.86775954661741,47.747778976119726,45.77139718254752,47.154742367800864,47.34985353740646,49.86834482554187,51.37806658278502,47.779030207123554,48.20724631454352,42.83616390579394,45.59409630176892,48.35216282935649,42.20343968629994,49.15700223780545,45.39517261230478,47.633217332328506,43.96964202469995,47.829956491206445,48.7490037489652,40.644232504032146,43.645305991978844,47.62042355854129,45.949639400996055,47.23494706920155,44.36935077665985,43.60331185585111,49.993132901893794,45.69253901909331,50.88482837406215,41.4678790887871,46.081747984417326,48.60556606602312,42.2673959681,47.36704521290246,40.3669842006942,48.1442583269365,46.28518718994483,48.934781067981994,44.19208209728877,44.9225827075614,49.36271258194802,48.06987144095496,46.66755478684153,44.82874647906601,46.639127495000444,49.4516584528237,47.25478904078488,45.586217840529876,47.73592232647623,45.74136929338917,46.56023123941904,44.94950988545721,46.76693456812822,54.345177464200965,42.64266172178043,45.364961843636635,44.106489740211344,46.44448233741719,42.22994206531361,43.69473968722427,49.0051977956187,48.868092629052704,45.66113857671564,42.39631640454572,54.57255842289969,51.916904174644486,47.043137420096,46.13366130469289,41.90432263334728,44.27669127933881,46.323309312020356,49.546045618292226,46.49363624648656,45.867395667583075,47.011229349402214,48.30710457226244,46.81872623265245,46.33758297594779,44.020954151010635,46.408038317808774,43.842720538650774,44.165369642547375,42.38926964945833,43.27287586101479,45.53406059992121,47.242535172155534,43.54887466609247,45.60881018604622,46.378750014711365,52.441935523654074,46.65618303026012,47.77258796390612,47.07831518889207,48.231228817811726,43.89558074567126,49.8040629128457,46.77072024818122,45.35683725723442,47.25999302650648,49.865766479025936,48.00880383964849,43.70912741311283,49.60521768935511,45.75033759338493,45.93937481440528,44.91794671119193,47.06916855702101,43.545752367296856,45.074758984267426,46.1564025578946,1,0,0,0,1,0,0,0,1,0,0,0,1,0,0,0,1,0,0,0,1,0,0,0,1,0,0,0,1,0,0,0,1,0,0,0,1,0,0,0,1,0,0,0,1,0,0,0,1,0,0,0,1,0,0,0,1,0,0,0,1,0,0,0,1,0,0,0,1,0,0,0,1,0,0,0,1,0,0,0,132,320,188,0.4125,104,150,320,170,0.46875,29,78,320,242,0.24375,131,153,320,167,0.478125,30,39,320,281,0.121875,203,51,320,269,0.159375,56,156,320,164,0.4875,27,288,320,32,0.9,6,87,320,233,0.271875,173,81,320,239,0.253125,161,75,320,245,0.234375,99,243,320,77,0.759375,12,105,320,215,0.328125,42,306,320,14,0.95625,3,243,320,77,0.759375,26,96,320,224,0.3,143,78,320,242,0.24375,185,228,320,92,0.7125,12,204,320,116,0.6375,29,18,320,302,0.05625,302,0
13,train,no_upgrade,4,720.0580064443484,0.016125281029537173,62.107327379499885,60.95016924378323,67.970446706141,60.26460178812366,64.15032230953936,66.48661125521265,64.92826668915369,64.00304502092561,63.229058674407916,55.73801573077085,65.86483280530877,61.71411828247856,52.821802909484276,61.78052334189239,58.95985007719724,56.67514667884444,59.509086360522176,59.8237642728879,53.80629307738251,56.16748698501863,57.211154504771706,62.60568885688603,70.13587682942944,67.43879617014042,63.02220868321139,63.12319784947435,61.83501985529301,66.41384688341438,67.47167390504846,59.71737627074165,64.13137570776337,61.758481627527466,57.815144349215686,63.67769399614233,59.90077464984204,66.6382127953433,61.1524137508714,63.402141314327025,60.867138954776294,64.09417108222452,63.91641326654396,51.65817685665727,57.11430501553447,62.92817982120545,63.70006788823154,62.2109194845413,58.21364996128338,57.4016042547748,70.20007217744656,61.546097769559815,66.90959157524213,54.68592082140458,59.83758530277748,63.71476846446939,58.33593546401902,66.4209965550547,54.844453608402056,68.45730151454042,57.879828928264004,66.94114207548276,59.11500333725094,62.33961030777572,66.22596386423933,63.16020847946018,61.23487589738355,59.65740798102845,63.23681435825104,67.98724163798677,62.4776731116019,58.85464204349789,66.80153346262483,64.53707407081254,61.00472028590909,62.54001779453176,65.56797984570365,78.31929778210989,55.71618362722194,60.68150845584386,59.12843394064444,62.82583872828203,57.50086545980224,59.26030226001676,65.26225040099679,66.36593424016486,60.88558684657144,52.95640146911613,71.91317656837793,72.36592403642577,62.85591697286218,61.46291523329596,56.93169248538669,57.287896277937094,58.73225727864237,70.66381506660221,60.26192460196716,65.04045077493126,59.608762850361984,64.92651686631869,60.2853454835487,64.17219487283757,62.06284753821675,65.53934798283038,63.06661596968335,59.969846365633565,54.36298156120477,55.99315693456676,63.1730348301783,63.253407766981084,55.07398336805065,58.15983930432537,63.887541254072296,71.40656027663051,64.99187990454928,65.6415934101357,66.77525597118805,68.50495441724125,61.05408874770008,63.266209876525444,62.57880413747809,62.83770752668291,64.7564955762009,68.14500521221875,61.712868158680365,58.59232315324788,68.2943052562695,65.8662956769998,61.86798094083088,59.74287278964465,65.16137552662906,57.789794824638086,60.08724209730439,63.107431826263266,1,0,0,0,1,0,0,0,1,0,0,0,1,0,0,0,1,0,0,0,1,0,0,0,1,0,0,0,1,0,0,0,1,0,0,0,1,0,0,0,1,0,0,0,1,0,0,0,1,0,0,0,1,0,0,0,1,0,0,0,1,0,0,0,1,0,0,0,1,0,0,0,1,0,0,0,1,0,0,0,234,320,86,0.73125,36,234,320,86,0.73125,12,75,320,245,0.234375,110,195,320,125,0.609375,15,60,320,260,0.1875,146,90,320,230,0.28125,134,219,320,101,0.684375,12,273,320,47,0.853125,6,198,320,122,0.61875,38,117,320,203,0.365625,51,96,320,224,0.3,45,267,320,53,0.834375,6,132,320,188,0.4125,45,312,320,8,0.975,3,273,320,47,0.853125,6,216,320,104,0.675,33,129,320,191,0.403125,47,234,320,86,0.73125,12,243,320,77,0.759375,6,33,320,287,0.103125,287,0
13,train,no_upgrade,5,900.0056315727304,0.04330890267028856,86.6822104690901,84.87893653926703,93.5267655676118,77.1014137910867,87.50896266446226,83.27847647209471,88.15618025128848,84.33831800509726,88.13400807956002,74.09363679898279,94.83127226344706,84.09533556526092,68.04737072482149,85.42851327607322,76.926276470707,76.29482760161915,81.69620052334314,83.58201591053924,71.48618945050654,78.56580053395044,82.11861371627681,85.02364191913891,88.71722889603936,94.06756658984277,81.19516648731013,82.9039497283792,77.81695177526422,91.45900043041009,94.83279537514537,83.00220664154558,83.37767644900755,84.94144886454636,74.20377407157417,90.09770536804531,77.64159016254777,92.37115236979186,84.39424546849405,89.88887684370859,83.52957894514424,86.06213602696995,87.4791034289513,69.374615258167,80.57500175395775,81.52246488347956,83.06495461683477,79.43085155797439,79.83196797046469,75.56817664132616,90.43608995055513,81.36269008308162,90.58087904970746,75.067107116091,81.52456917188127,84.42302080794116,75.99356281284761,91.38729803081522,75.63130372496339,90.64344091098083,78.11228038647016,91.70541398426964,73.39473081356134,83.69255090839958,93.51182566087475,84.47954696827831,83.17159175464363,84.42587667291046,86.04009826558405,92.23798018990271,89.68560053669606,79.36678475333159,94.56977460710111,86.04475981007111,82.01433982137068,86.53193922820364,89.03150189889907,108.65533640282878,76.43227679084518,80.34013442250351,75.73764337085493,86.94103958017733,77.24313873095333,74.78351173801713,90.60643570616858,84.44545723402466,77.75590699575702,73.76213170739163,95.34221267473858,93.09467405236062,87.71399304974642,85.31184658954906,78.5626696461045,79.61234799027281,79.59087204525504,90.42333901713799,79.30246672385444,88.84283917550049,75.99956933471692,84.47900707715877,81.04721423058912,87.69728627145575,79.89820051058462,86.53230526855769,88.67665059343483,75.09882900106241,73.73483868891405,78.00197561883137,84.66681533069512,82.35968120565126,73.2082962996368,80.26943441520953,85.29875564613464,95.00700806946836,90.83723034078096,90.36650062698152,91.78164044147401,93.9526937598204,79.69129212924217,86.80420243210533,81.62145715215642,83.8873132517042,89.4013891665967,89.27042751134275,81.87137752485648,83.81971997398846,90.62147554700294,84.98588443658292,83.84433575125635,76.39525819814591,89.78952332676893,77.66408510894247,81.75205555755062,85.54591092640149,1,0,0,0,1,0,0,0,1,0,0,0,1,0,0,0,1,0,0,0,1,0,0,0,1,0,0,0,1,0,0,0,1,0,0,0,1,0,0,0,1,0,0,0,1,0,0,0,1,0,0,0,1,0,0,0,1,0,0,0,1,0,0,0,1,0,0,0,1,0,0,0,1,0,0,0,1,0,0,0,225,320,95,0.703125,15,261,320,59,0.815625,9,114,320,206,0.35625,60,186,320,134,0.58125,12,51,320,269,0.159375,101,129,320,191,0.403125,57,222,320,98,0.69375,18,294,320,26,0.91875,6,261,320,59,0.815625,9,117,320,203,0.365625,38,108,320,212,0.3375,27,291,320,29,0.909375,3,165,320,155,0.515625,21,300,320,20,0.9375,6,300,320,20,0.9375,3,264,320,56,0.825,12,222,320,98,0.69375,9,222,320,98,0.69375,9,270,320,50,0.84375,6,39,320,281,0.121875,197,0
13,train,no_upgrade,6,1080.0178963855783,0.09084997187851518,116.67069153179867,115.75384637419361,135.8534192571885,103.08450385983475,108.98270260788651,110.68317231657008,124.92033220646314,109.88528875615779,123.69095228976265,99.91761154766078,124.4518949095697,110.86510879974824,96.23117289583514,117.91445600012423,108.05570234565552,104.37092787848086,108.74258665189794,115.13150503668109,94.00342607899724,103.27774189121986,107.15286340851029,113.03918528836618,120.04356863192929,127.21580124600668,112.4515957541971,111.33571953968064,105.39465417304758,117.22402585665893,131.58370735699384,103.66043873406792,111.28520249775947,112.4018802198139,99.60000911788951,129.19187390006823,100.5325077985348,122.98630866771911,113.87524692083058,121.14412031986436,111.14452361094985,115.79347512806065,120.40468333569615,93.4458938623378,104.25325414885505,110.63567140783874,104.20014278741141,106.58333425052422,114.47766986324145,101.92893105899779,116.65671282115312,110.76134616843571,122.50421501407381,100.49555449477967,108.24962782777749,118.7371430854797,103.27187201396212,119.75976429232394,108.48473237607668,119.43471676630595,103.86486317520827,124.76315721457713,99.0666637046068,117.1338261134761,130.29388226404748,112.99145388603264,113.39574277683423,112.11484479084008,115.57767394386612,120.32315589077429,120.85142609955079,103.75095690044375,125.13833148212075,120.95391110661465,112.47116570693007,110.54094322239442,116.3264532089399,140.87888531690476,107.02113819806411,111.17920302742834,105.81241576702085,116.77989543215055,110.31124957390138,102.88825739626843,119.14492797297424,119.3488508932249,104.20069744267684,103.69049725762092,127.92182213317645,127.52078705453143,111.44937221721881,112.85018746556483,104.01834626275956,106.16702324960625,111.36472604895609,125.2897670768914,103.59226043150916,109.76019761352187,100.94491185430492,112.07191572856702,106.08884846579765,119.86685962905027,108.60284481823112,122.27938899853693,116.85388450196719,98.20583446897976,97.05617447227257,108.31292166340873,110.53735119027776,108.17668213414181,99.15096447446555,109.41736504845628,116.49130284156361,136.58004980213764,125.11887880169246,122.41235793541273,122.98330804332679,127.08297641739733,103.59920095080992,117.17536329027348,107.00573917799765,111.47617463238267,120.04583258038939,122.29323107877774,108.6985416062871,115.66416846108466,119.0150454778467,112.78109065064493,113.92930075736288,107.64939415189605,116.45901250595836,110.04323609938012,117.35657136347568,114.71664357498491,1,0,0,0,1,0,0,0,1,0,0,0,1,0,0,0,1,0,0,0,1,0,0,0,1,0,0,0,1,0,0,0,1,0,0,0,1,0,0,0,1,0,0,0,1,0,0,0,1,0,0,0,1,0,0,0,1,0,0,0,1,0,0,0,1,0,0,0,1,0,0,0,1,0,0,0,1,0,0,0,309,320,11,0.965625,6,291,320,29,0.909375,3,213,320,107,0.665625,15,267,320,53,0.834375,6,147,320,173,0.459375,27,210,320,110,0.65625,15,315,320,5,0.984375,3,303,320,17,0.946875,3,261,320,59,0.815625,6,231,320,89,0.721875,12,162,320,158,0.50625,21,282,320,38,0.88125,6,228,320,92,0.7125,9,309,320,11,0.965625,3,288,320,32,0.9,6,297,320,23,0.928125,6,243,320,77,0.759375,6,222,320,98,0.69375,9,282,320,38,0.88125,8,45,320,275,0.140625,161,0
14,train,no_upgrade,1,180.01469828361937,0.0,26.17167213973275,25.721356139767078,26.147706133860993,25.173950300956168,26.030232581781686,26.444398015359386,25.5413660770635,26.1513307802762,25.088698209422393,25.33169061279385,26.811491978684693,24.31903660871593,25.10555470630728,25.175258769685545,26.639073943410708,25.610850547969658,25.031859794316233,26.61995352364459,26.62818666236372,24.939945012093737,26.072484312592373,24.231740290265645,25.89896771845986,25.418958863932335,25.303463677738655,24.84160505766701,26.747537026890633,25.770692369418835,25.395037874278234,25.7770373583693,24.51742801914571,24.91308834750005,24.667979081405786,25.457804826741665,26.03689429605087,26.417534246605438,27.256411417606934,27.00334364588333,26.10144696679733,25.466080448169198,24.63817384324645,25.146441928093868,27.434600336683733,24.700258118881983,25.431158492104334,24.8399459245686,26.420767500097806,24.713588348149,26.335136456554128,24.84837523842997,26.09999812064245,25.75985358570709,26.31618953581543,25.40284717625246,26.967881409897497,26.06756603625553,24.86159688565163,25.470318569174534,25.06431543901475,24.62753404494235,25.644373824569925,26.34695878388082,27.72170440499222,26.75836356758647,25.000659046270563,27.150750709477744,24.87732694506811,24.6576253194788,26.036386921727306,25.121493999777964,27.586602672279447,27.1349463596761,26.776288084693885,24.541010792927093,26.145689113467256,24.89702198522421,25.280732435083358,26.36443980614325,25.61843519496396,25.450540233411065,27.765049115788223,25.858077005962635,25.837013846226622,24.488406782026342,25.112491559280574,25.01737292863818,25.642695118370273,26.663919393942027,24.515836278386423,27.00864965430622,24.35786276124424,24.87429935523156,25.759413124049605,24.022418915103202,25.757778514295428,24.47998132507067,24.484294860365058,24.398841974400828,24.64920830175559,25.5044905901461,26.03061848736424,24.673227585972295,27.3887938589705,25.95424977636933,24.909712646831252,26.17276896973486,25.633202819009774,26.905452669653126,25.025435223318123,24.13212765747544,25.68253619031826,26.489474521240872,25.450895187582,26.11459182280674,26.451935614540798,25.574661522447567,24.606564032744362,25.515037936908087,27.006410346047726,26.34718164628981,26.880493188043758,25.042553297925018,26.541105517332856,26.400043352195702,25.51096724282171,27.119013386316553,25.28927981624083,25.44007410253237,26.892235540476964,26.011079291210518,24.461523704799696,25.687649061842478,1,0,0,0,1,0,0,0,1,0,0,0,1,0,0,0,1,0,0,0,1,0,0,0,1,0,0,0,1,0,0,0,1,0,0,0,1,0,0,0,1,0,0,0,1,0,0,0,1,0,0,0,1,0,0,0,1,0,0,0,1,0,0,0,1,0,0,0,1,0,0,0,1,0,0,0,1,0,0,0,63,320,257,0.196875,242,87,320,233,0.271875,98,48,320,272,0.15,218,111,320,209,0.346875,107,21,320,299,0.065625,299,45,320,275,0.140625,146,120,320,200,0.375,71,201,320,119,0.628125,74,36,320,284,0.1125,242,36,320,284,0.1125,239,15,320,305,0.046875,305,159,320,161,0.496875,107,39,320,281,0.121875,194,219,320,101,0.684375,74,150,320,170,0.46875,143,54,320,266,0.16875,239,24,320,296,0.075,254,144,320,176,0.45,83,117,320,203,0.365625,149,3,320,317,0.009375,302,0
14,train,no_upgrade,2,360.0455369926766,0.0,34.833078272694564,35.9098336045925,35.093199944595774,34.771879387806734,36.089055110896616,36.23886188889972,33.143871768315364,34.808831203558015,34.180775889984744,33.878141241168144,37.67780764996704,33.48151338875898,33.98367238289649,33.45885123657476,35.47824016294887,32.881630976425,33.53262239096174,36.609025910076255,36.66188532718656,33.6870379105058,34.56131270294665,33.54058024525949,34.9870973001801,32.40894854156785,35.266636633642506,31.97487918908717,38.02235669915072,36.0442881275273,36.73222014592997,34.81281947807817,33.278850794763684,33.43075256693617,33.23603156373198,34.981278292976455,33.71433835991409,33.034211593163896,34.77997400270388,35.30284175066576,34.898677383305376,35.493148264077846,33.46958242191862,33.15385891735093,36.788728275017476,32.70568451516948,33.40482536332246,34.015190202086615,35.59295385124219,31.7473868651719,36.281686290706524,32.01716706834134,35.2242999871806,34.080065329184336,36.423924665911095,35.62300158563326,35.319271670104364,33.718883451004785,33.63428186935059,36.2526634952464,32.099241888836964,33.065482585227144,34.36814855534757,35.940987664716616,34.39380340499981,34.63691505022997,35.46335016928064,38.13613351176165,34.065068478171874,32.06880963340506,34.52261811292988,32.65884672316347,36.49692497814486,37.2333418397003,35.973379067610416,31.681950239280688,35.20789970184963,34.24007379297722,34.27484981492566,34.9801076308041,32.373514712124255,35.54205475198338,38.18035329467211,33.410577378032336,32.883015615003806,35.13077413153956,33.26445983272101,34.90760455856859,33.57524537562287,34.13844567125101,31.87773801110128,36.21870148220131,32.036832199093986,32.998582390415955,32.77749916080982,31.666523707376246,37.04204267127055,31.585341236559465,33.65893735228442,31.813049103020678,32.57689308272833,33.6764298032426,37.29952381567572,33.14807862484435,35.661515565537464,34.99105332040217,34.102260476479024,36.01215974409011,35.00894750267253,35.071856872417854,34.05523420399734,31.546596742543475,35.131615274632175,34.45033228559191,33.72866976053353,35.65526226320231,34.26286587883708,35.04957947647954,34.641008421086745,35.20028900277795,37.13136729303806,34.106486099516786,33.38455189098465,34.18498659986322,37.30668212383139,33.678158202169136,33.030769162316595,36.64005409791585,34.588266211296855,33.848732818572785,35.25845801638482,35.236103880892045,31.446812890161016,37.364056065675015,1,0,0,0,1,0,0,0,1,0,0,0,1,0,0,0,1,0,0,0,1,0,0,0,1,0,0,0,1,0,0,0,1,0,0,0,1,0,0,0,1,0,0,0,1,0,0,0,1,0,0,0,1,0,0,0,1,0,0,0,1,0,0,0,1,0,0,0,1,0,0,0,1,0,0,0,1,0,0,0,93,320,227,0.290625,197,138,320,182,0.43125,45,42,320,278,0.13125,197,108,320,212,0.3375,107,24,320,296,0.075,230,72,320,248,0.225,69,147,320,173,0.459375,36,306,320,14,0.95625,3,84,320,236,0.2625,179,39,320,281,0.121875,176,30,320,290,0.09375,266,165,320,155,0.515625,107,72,320,248,0.225,203,228,320,92,0.7125,12,198,320,122,0.61875,18,84,320,236,0.2625,176,33,320,287,0.103125,263,93,320,227,0.290625,33,162,320,158,0.50625,48,15,320,305,0.046875,302,0
14,train,no_upgrade,3,540.0066013602883,0.0026562886088460588,46.90854000531969,50.09890306207658,46.911110903051245,48.163699043540156,50.706319483200026,48.46996763476205,42.25198696637191,47.97366778293546,46.76132600665081,45.638068719663,47.86444276260106,45.03845634955799,47.51981430279859,42.17365494984691,47.11707960347293,43.83653998551592,42.2103042184665,52.3856757268401,50.41534647691301,46.02803601411682,45.44754006225664,45.941111437510514,48.16780654177978,45.33393826584922,48.16464068489295,43.64033862759312,50.49948016930902,47.18901854389015,51.572991744914695,47.3092878944912,42.84352707666976,45.235340356205484,44.41954723123593,44.57652776405121,44.540122797562496,43.480930182295786,49.39060455833178,46.817352626212745,48.65682813356898,48.180592961317146,47.80995350675303,45.23008108333069,51.74604872403708,44.02298766109921,47.74829711137706,46.53402770858628,49.64238370782822,42.92752765094641,48.92749535820196,44.80354399494747,43.56519143313844,46.60952778968135,46.85468672148095,48.74768526662428,47.318708302550455,45.076668020613916,43.53796843689282,51.036923708422194,44.533266273822264,42.35547868019105,48.51229236657965,50.48430095441849,47.352006579681444,45.84538771406429,46.74784882662138,51.816229237449065,45.682877422612094,41.72015564489308,47.271649882579574,44.487788280222034,50.081876324049055,49.119096068824916,46.19295197746277,39.39392471323858,45.95628340598699,44.25996707442728,45.9135796921937,46.914894432272106,41.899484093498174,47.44195416280012,48.6939851608494,43.77838229816502,43.929334800539515,50.44470120307544,43.82046873202859,49.72595152866197,44.8630759598605,46.69581783255027,43.85533555075442,48.21136604670376,41.8237864870116,44.94930243094801,41.9798666129882,41.9136818369465,50.79143868709775,44.76291487469567,46.84543931486801,39.496883930411734,44.03144960615984,46.52215421800712,48.617317032976594,46.423903268818634,47.892431933459065,46.8996136911525,43.53559787655188,46.82974966832875,46.47803441352307,47.115744642786744,46.367863618718566,43.5277829309855,48.147745026057784,47.79151895231668,45.119459049719836,47.225386314143975,46.972599464601686,49.63422014229661,45.666864202444664,46.87379027442806,49.51830567263063,47.767269138495124,43.179031633265986,44.96271094525752,50.02318050297708,46.044220237825144,43.743253317989165,50.825820980698516,44.89573494983315,46.5730347286787,48.49880386409053,47.043201138085756,41.677919073321064,48.94398398992858,1,0,0,0,1,0,0,0,1,0,0,0,1,0,0,0,1,0,0,0,1,0,0,0,1,0,0,0,1,0,0,0,1,0,0,0,1,0,0,0,1,0,0,0,1,0,0,0,1,0,0,0,1,0,0,0,1,0,0,0,1,0,0,0,1,0,0,0,1,0,0,0,1,0,0,0,1,0,0,0,144,320,176,0.45,125,216,320,104,0.675,12,96,320,224,0.3,119,174,320,146,0.54375,21,57,320,263,0.178125,224,66,320,254,0.20625,68,171,320,149,0.534375,21,318,320,2,0.99375,2,135,320,185,0.421875,122,87,320,233,0.271875,96,54,320,266,0.16875,147,246,320,74,0.76875,20,102,320,218,0.31875,65,309,320,11,0.965625,5,270,320,50,0.84375,20,117,320,203,0.365625,161,60,320,260,0.1875,141,213,320,107,0.665625,12,201,320,119,0.628125,20,18,320,302,0.05625,302,0
14,train,no_upgrade,4,720.0003042492326,0.018286151491966336,65.12885653388037,68.08468498483836,66.54596719195601,65.26805546325335,68.66362699480952,65.68158970039103,57.91201037684972,69.23288664109641,63.5732361504518,60.625263916064,67.47805998425677,59.80387559804965,64.55570537279425,55.14884446810579,64.32452535882122,61.03423692135224,54.67889969808441,67.39333607642635,64.22521659333097,62.79893463742128,60.55843649796423,59.42472500595738,65.94564607859586,60.94514065835577,61.451821968635244,55.346090224930784,67.31413058580715,67.53068681296543,66.13091751024508,60.67606931845339,56.71266899070496,61.71594367743848,58.70759225543361,60.31053393120761,59.549500410075474,61.85491131537612,66.8072910112453,62.36265486908564,65.19438729924467,63.225786861430905,66.5456274023589,60.11251273257282,66.47148152339426,59.222569486469396,59.86866655317578,63.79848111523608,64.70190004595196,57.88603137629045,68.06830761759502,62.94077280579725,57.971231879851786,63.42705869537383,65.5016013997601,67.32746601418329,62.834669093948726,60.94248264123224,60.25414219086289,71.4084140623883,59.45630065460945,57.90444939753113,65.8489524094974,68.08000106010032,60.06089301944136,60.159511431500626,64.96696482959742,67.13963920794168,62.84300096899928,58.45513516142075,68.8936764754749,61.04399784420148,64.21219714881579,70.42540640509306,60.551760643130116,52.824834692043936,61.98009346303669,56.46667278406898,61.24117763906785,59.67922846472327,55.366060929999044,64.50784733838333,64.34493325274514,61.47172663710767,61.47188480434474,70.74797755229699,57.73816426991096,65.83471885548289,60.02157770807089,63.29591150669712,60.89762413834005,63.48881743059999,53.05440223952359,61.457169227074274,56.825667791707225,55.14141572606358,67.88324927786226,59.256690704709875,62.66437530598835,51.369290911527806,59.023300432295805,65.2169894116957,62.782791060168755,63.795449605380796,64.8761064752761,59.220009978553286,59.701958449156386,63.25501743255763,64.11489981160032,63.17071319780124,60.399696155765064,54.30740619280411,60.890614083068975,62.60210335900884,58.94750057383089,62.66882555903567,62.00816274633821,69.29124551213862,58.308615919700614,63.6027122253715,70.33706597322578,58.89262988803544,60.71122157004641,57.66566222621656,63.0043670993442,59.18539759057018,59.06520986104122,68.83325367602947,61.30187186600531,62.47325951358477,64.56422148550952,62.61649715290101,56.938667899395476,61.188717941608566,1,0,0,0,1,0,0,0,1,0,0,0,1,0,0,0,1,0,0,0,1,0,0,0,1,0,0,0,1,0,0,0,1,0,0,0,1,0,0,0,1,0,0,0,1,0,0,0,1,0,0,0,1,0,0,0,1,0,0,0,1,0,0,0,1,0,0,0,1,0,0,0,1,0,0,0,1,0,0,0,204,320,116,0.6375,36,231,320,89,0.721875,15,90,320,230,0.28125,57,144,320,176,0.45,39,81,320,239,0.253125,128,141,320,179,0.440625,81,189,320,131,0.590625,27,294,320,26,0.91875,6,213,320,107,0.665625,18,111,320,209,0.346875,30,63,320,257,0.196875,165,246,320,74,0.76875,9,129,320,191,0.403125,24,306,320,14,0.95625,3,246,320,74,0.76875,9,255,320,65,0.796875,9,147,320,173,0.459375,30,201,320,119,0.628125,24,258,320,62,0.80625,9,39,320,281,0.121875,281,0
14,train,no_upgrade,5,900.0017628550938,0.04374019136333721,87.73082528817197,91.46059062237359,90.28644939132558,90.89241994495798,94.70947583005092,87.75562752177328,76.84521524883482,84.36322993056953,85.1223427555487,81.54066648614324,90.81057792719118,82.68274156785573,84.33298960079478,77.13782414791898,86.50850493662018,79.01308627179226,71.86916003846744,87.39629707688525,90.23094370308884,84.09930599666724,79.41036323527018,81.93974835993123,82.43921417299968,79.56864724025192,85.11831960126638,73.96691303557364,86.01194294728296,88.50302801125457,87.96761426370118,88.18695632948344,77.96947333681628,88.14575121508783,81.91298641686897,82.51497126546447,82.84425208717497,86.58854771126093,90.25206091177313,87.70137436749009,91.8545729623426,87.29492258201549,94.0727696180261,80.90070889364723,91.64693714162314,81.15587828657925,79.31446470107116,86.47262936864638,92.38966748184487,82.9800169162366,91.09046825414418,83.31110296131358,73.78557372019526,90.4447394850885,89.02187414406617,92.63003756428627,79.79156449777489,81.92619586728937,84.34083897263157,94.01545669744644,81.60472934744276,79.05028087161637,86.17411995830722,91.48248933149074,84.5227352749375,76.88952786550047,83.15388456543894,86.54808603632968,86.47241255953497,77.24639811292047,92.51562438042524,83.00648419840337,86.70554616796998,102.73711060018657,82.32912992057231,70.68128537416116,83.2079430051846,75.2660753085151,80.19204522832084,79.10938617342346,76.10911682896315,91.12766977085178,88.06337096102489,83.81752140506137,83.16400349653236,95.0805907698303,75.80468533947878,91.74505231619506,87.06096349371751,83.74270281711793,79.542665633388,86.3089438533464,69.74530461343642,77.89474781624854,72.25910041866261,75.87037175928715,87.47315347837434,81.77962134208865,87.56429143295466,66.73477427298681,84.54412281064732,93.88422823033027,83.86964060036512,86.65267633892367,85.59223751428843,78.59806294185644,79.88211817473184,82.82321738793831,88.00861509318412,85.31014578224078,80.5966499530797,70.37012926534283,82.85945074891205,84.06929275425611,80.34607676599158,85.16016397964331,90.10272655234056,88.7426071317819,79.61634821490502,89.35701709819233,97.32510439098859,79.96793942060641,81.29383937187092,79.49884961581307,86.38085790487044,76.68739763476587,82.03469875414785,91.68177668961191,82.98895734142238,81.84464976837828,84.47261629945673,84.51031177253851,72.19610207406951,81.08507462157047,1,0,0,0,1,0,0,0,1,0,0,0,1,0,0,0,1,0,0,0,1,0,0,0,1,0,0,0,1,0,0,0,1,0,0,0,1,0,0,0,1,0,0,0,1,0,0,0,1,0,0,0,1,0,0,0,1,0,0,0,1,0,0,0,1,0,0,0,1,0,0,0,1,0,0,0,1,0,0,0,249,320,71,0.778125,33,273,320,47,0.853125,6,138,320,182,0.43125,47,192,320,128,0.6,21,78,320,242,0.24375,116,147,320,173,0.459375,42,255,320,65,0.796875,18,294,320,26,0.91875,3,261,320,59,0.815625,9,150,320,170,0.46875,36,156,320,164,0.4875,21,294,320,26,0.91875,6,234,320,86,0.73125,9,306,320,14,0.95625,3,273,320,47,0.853125,12,300,320,20,0.9375,3,189,320,131,0.590625,21,225,320,95,0.703125,9,285,320,35,0.890625,6,57,320,263,0.178125,96,0
14,train,no_upgrade,6,1080.018598434907,0.09332408531298769,121.37095861719914,120.75185428465738,120.96878273459315,125.22195507540766,125.780311012626,111.05698062513554,103.55585912024056,113.24909994755913,113.08914817815749,114.88930560254812,121.04628582356253,110.70346328401315,108.41644796673476,105.4473661117021,120.80052501996356,101.75960654384453,92.6734812978148,120.25015966181013,121.14892249991205,115.5005374683499,110.98370065233097,104.59471830935198,119.08697359906058,109.97209468309994,111.10387132869332,100.25782407319745,112.48846014024214,122.70743912655976,118.00037764520283,113.68145705344764,100.66067547682242,117.21034878568074,111.18262216154622,119.08832688846638,117.14263107042629,120.78188579594546,117.8749314844135,111.85954211631501,124.63089619718062,113.58137693330828,122.90913129712922,113.45595198312918,123.2676498117568,114.3519910803468,102.76415589426885,116.6278026018943,130.4081318403633,112.72956470357148,122.82643832999842,118.11483874248783,103.92965784759961,122.65770676957102,119.08765670270076,126.10553465872741,101.26324768073658,107.88140276368175,111.77790341546002,128.96404715455492,107.0283700624091,109.12253469829722,115.90768176858553,121.17593801807602,113.7023954396106,103.11065426401304,108.4949699825257,117.4569970474773,112.47486176665498,104.89579493483006,122.36737151372452,105.46302583835275,119.77247819678739,130.35252682110607,111.91879666199165,94.93341342562951,112.99379362843129,102.91842978285963,107.0626405518321,108.79953033091562,106.21038900434687,118.49898879848888,114.50890443121965,111.81144367519249,119.1180354316635,118.02443095136617,97.68384368302542,120.90825084385924,118.75006989604516,108.17010935320117,99.35352451561728,117.07907381438234,88.43498966448186,108.68324193211055,88.15125839163954,105.81205778006694,117.67310487246763,110.19697037557692,108.67793608958704,89.63678695456255,115.03978248599343,123.4741806484842,109.81662549944126,116.32326125389586,107.493126910804,100.11150207009995,105.85759110364337,110.59331475057151,116.71380988937271,112.03755839255344,101.97029073347022,95.42327676930984,120.35128947342761,109.79833689280282,110.5055126822599,113.60676159176603,117.62897832682553,117.54189983596142,108.35558714043574,121.35610579564008,134.13856064287418,104.75568677582412,105.15330466683518,109.04248100715328,119.56004888827279,103.99206583607004,111.971905123136,119.53781212707777,116.85856215322754,108.02885503391012,110.42330303589178,120.0601788576596,102.91225647431868,112.67138997744297,1,0,0,0,1,0,0,0,1,0,0,0,1,0,0,0,1,0,0,0,1,0,0,0,1,0,0,0,1,0,0,0,1,0,0,0,1,0,0,0,1,0,0,0,1,0,0,0,1,0,0,0,1,0,0,0,1,0,0,0,1,0,0,0,1,0,0,0,1,0,0,0,1,0,0,0,1,0,0,0,312,320,8,0.975,3,276,320,44,0.8625,6,177,320,143,0.553125,24,213,320,107,0.665625,18,108,320,212,0.3375,36,219,320,101,0.684375,9,276,320,44,0.8625,6,294,320,26,0.91875,3,273,320,47,0.853125,12,264,320,56,0.825,12,177,320,143,0.553125,18,285,320,35,0.890625,6,240,320,80,0.75,9,303,320,17,0.946875,3,309,320,11,0.965625,3,315,320,5,0.984375,3,246,320,74,0.76875,12,273,320,47,0.853125,6,303,320,17,0.946875,3,72,320,248,0.225,123,0
15,test,no_upgrade,1,180.0030694784404,0.0,24.534212250948254,24.62381296467097,26.16459223514355,25.92038532294725,25.355836814175273,25.004591504733412,25.29888447743394,27.071649046259314,26.49775994241054,25.16671167948434,25.423800873529757,26.320542721152542,24.640311524367476,26.696191374549553,25.110509474209177,27.022627256746254,26.670127854525298,26.530058596029253,25.969898990124136,26.546680139393015,25.173823951869494,25.391220437098525,27.34348120167225,25.896778079906348,24.945723195010814,25.185136468285172,25.267987778998297,25.312886319561482,26.404993565017797,25.09426653251067,25.442328647066397,26.851096325922974,25.82438299728723,26.64453187035851,25.35241251700721,25.77822274558542,26.531606928519007,27.606415637075777,25.141078666039657,25.858887535346962,26.29478553454276,24.792410870001515,26.76775272179726,26.00442834049458,26.852022005575066,25.04118377714476,24.830897396814926,25.474577044333806,24.135356369564334,25.145209082155425,26.32794173194541,24.34057963789449,26.944386864639295,24.519502569368765,25.433021776902283,25.229194167376836,25.063684594699396,24.551985040769083,25.595492933955445,24.909264881551113,25.95315940757732,26.960312502164427,25.71077746846373,25.984239736962348,26.76150966042504,26.296683250751585,25.256357764334506,24.989925232665342,24.591141232621844,25.272196865731004,25.175037230599163,25.98577438438962,25.43758998836796,24.981927327559124,24.175250844159656,24.6977502036093,23.460626856629677,24.232737147631497,25.742294374257963,26.33171000327382,25.293948245822808,26.0348897037297,26.046863114637322,25.776026205885113,25.960327797396044,26.369059438079947,26.41737198249371,24.659399808643514,26.033470084711603,24.34244902287476,25.145990053378657,25.601761862892726,25.615949579093765,26.254152968928686,24.737037613058142,25.500507236209124,27.008201745356228,24.701265702789748,24.823043605087943,25.41085890757374,25.790235317840345,24.813852514086815,24.899115842484985,25.345511760442744,25.559720290586792,25.180958412489503,25.204740277510474,23.47966504716478,26.62818739892947,26.099025101155895,24.684850859690506,24.52405623307254,25.669002346822893,25.815035009647772,27.028920410484165,25.56901927143252,25.096674780220393,25.482052326209683,27.384604647733976,26.707596731464733,25.911483285298175,25.81038950748094,25.40460023347258,24.279015228238766,27.76079603007608,25.728098478319843,26.09918089119417,25.79323401084663,25.85364808993399,25.508386760850655,23.94664367530394,26.044563344418673,1,0,0,0,1,0,0,0,1,0,0,0,1,0,0,0,1,0,0,0,1,0,0,0,1,0,0,0,1,0,0,0,1,0,0,0,1,0,0,0,1,0,0,0,1,0,0,0,1,0,0,0,1,0,0,0,1,0,0,0,1,0,0,0,1,0,0,0,1,0,0,0,1,0,0,0,1,0,0,0,90,320,230,0.28125,212,132,320,188,0.4125,32,27,320,293,0.084375,260,90,320,230,0.28125,140,27,320,293,0.084375,281,66,320,254,0.20625,95,87,320,233,0.271875,119,279,320,41,0.871875,23,51,320,269,0.159375,248,33,320,287,0.103125,260,15,320,305,0.046875,251,111,320,209,0.346875,140,51,320,269,0.159375,191,216,320,104,0.675,26,162,320,158,0.50625,27,33,320,287,0.103125,260,33,320,287,0.103125,254,129,320,191,0.403125,26,138,320,182,0.43125,59,6,320,314,0.01875,302,0
15,test,no_upgrade,2,360.0041738951746,0.00011705489874751258,33.3260738358178,33.63418480834112,35.31498611596862,35.52678047155399,33.36436282254341,35.555768176575306,34.326842559928735,36.88707075494458,35.54927629714803,32.247111677187526,34.50273370400568,37.8961089600145,33.8102198512911,36.83791225824464,33.400806817197356,36.67948265800739,37.03526980969479,34.9700186279125,34.08230561958543,34.46203928814013,34.035357589780475,34.38006991688232,35.76128812098483,34.11351717485803,36.964546848270984,35.52442293279891,32.76029266281021,35.272106461064894,32.65628452800567,33.65555233390397,32.260705107156156,33.46133067119286,36.36509813267171,37.378951094902185,33.25779153064035,35.60814944199283,35.890436336158835,36.36231283740118,34.417196412812345,34.09455466056842,37.375011306265925,32.6853598793446,36.91526124419871,33.54654942998913,37.38007538753638,33.436098003613644,32.4585733346734,35.63264668734681,33.18587587131712,33.7236749691621,36.111011278815525,31.481648026591515,37.1725210556343,30.124620775788333,37.899573954217885,32.57871591594667,35.01347854281829,34.89746996641955,35.349601904275964,35.20328028812086,36.449876122988115,34.48351308965268,36.48929473069248,37.22692802408287,36.97497646045975,32.7877369964544,36.33355185440517,33.72068486329536,32.68767930952218,32.641169194781625,33.256676512225454,35.20736401062039,35.82837176935476,34.7095947416748,31.9766360435347,32.881227910542435,31.79742676566456,33.14958421494464,35.07946100695178,36.664689154232185,33.28523176687482,34.872410209321984,34.55100613234547,34.669261751042434,37.507072475601724,33.93640788825826,37.019303275221176,33.61391512811961,34.339618349520954,32.287592851464424,31.91222731549516,35.606292758395206,36.2686925691801,35.60385908178336,33.73341879985005,34.27953079601709,34.923193365116056,32.55749644203912,35.10960609410166,34.39119508708354,34.5428684114093,32.60253871832976,33.27765721421377,33.015860865063864,33.13176289880154,32.98293753762522,33.18995494382107,32.151325824235414,35.55576436582763,35.57143265843218,33.16483343979581,34.607795508722276,33.5931866462351,33.990178876267095,36.592916593644695,34.52461575600652,34.72947345798482,36.569084613484954,36.8752312286944,35.20314271287633,33.1274215952871,32.80736488874456,33.240946407785025,31.333862112862693,36.82556799652687,34.409243650535146,33.894742181949944,34.072074237440646,33.83709370383542,35.099712949093366,32.03902522618491,33.693551543825734,1,0,0,0,1,0,0,0,1,0,0,0,1,0,0,0,1,0,0,0,1,0,0,0,1,0,0,0,1,0,0,0,1,0,0,0,1,0,0,0,1,0,0,0,1,0,0,0,1,0,0,0,1,0,0,0,1,0,0,0,1,0,0,0,1,0,0,0,1,0,0,0,1,0,0,0,1,0,0,0,96,320,224,0.3,212,153,320,167,0.478125,24,48,320,272,0.15,200,123,320,197,0.384375,131,27,320,293,0.084375,266,87,320,233,0.271875,86,138,320,182,0.43125,42,297,320,23,0.928125,6,78,320,242,0.24375,206,42,320,278,0.13125,236,39,320,281,0.121875,230,159,320,161,0.496875,131,48,320,272,0.15,221,228,320,92,0.7125,18,177,320,143,0.553125,30,81,320,239,0.253125,188,51,320,269,0.159375,185,162,320,158,0.50625,18,162,320,158,0.50625,45,9,320,311,0.028125,302,0
15,test,no_upgrade,3,540.0110434875219,0.003958032292517434,44.37626692062128,45.76722513873614,48.741183777246675,48.53303005409426,42.44583071435758,48.16233408734944,44.23029488317003,50.598977113277826,48.68444404971271,43.46290485431971,49.03530518213731,52.845509458359935,46.55760226824714,50.97171253387412,46.081563225850125,47.520354495454285,50.21914409859431,48.77367783287801,46.590145665910995,45.51154375744753,43.917324292122565,44.85048502420755,47.679894392360495,48.310738125983754,52.752493207854485,47.338833870461855,45.53872969309973,46.80521484638152,43.623270704573706,47.51904361688751,43.50289799559938,44.883954053571394,48.54780192075421,54.097691502094925,45.6145212389773,49.146281942943155,48.65892775600108,49.01740919128925,47.58337507892687,44.15860420987618,52.42070098023737,46.108108867426886,50.69069894961049,44.070402514874786,48.82887379476196,46.569071362167534,38.90778618008439,47.447407602177684,46.78661891405152,47.816319858912976,47.45915450139168,42.5135313873382,48.17209726260689,38.01309687433762,49.36871683517818,47.10650503428807,45.865866728348124,46.247689179555884,47.484353233147864,45.43845088934723,49.873122918299856,49.95993549316993,50.11514237433628,51.904670472536345,50.1564726677226,43.290187483380954,50.718199705540734,45.542904384179586,46.99811661969872,45.96654713212953,42.91970049523746,48.62190655641002,46.099024443669975,48.38689213651523,40.82430627182293,45.04044379368996,41.80985991525354,44.63387541431454,46.18996607229796,48.07893809719863,44.121184867942304,47.44735131451384,45.46738284607249,46.05341602858789,46.39972617605834,42.784835961997125,51.38668005815487,44.23739176978037,45.74919976439106,40.584133001395664,41.967597582567734,52.699506872913815,48.459624347971044,47.839679236189745,45.02306790061476,42.63862576256706,46.39510020398749,43.82155232971419,45.34274116919476,47.47335471379712,46.44400488950091,42.181257679076175,44.44136612911621,46.204614707876964,41.66875765767165,43.3165895855228,44.03406594501016,46.627093814209616,50.71026499476138,48.04924506584133,44.465326720639574,46.28182535829804,43.186781072361164,46.588820017301295,50.72766667400316,46.81697458680351,46.23058981064264,51.251374493777575,48.5211694125571,49.33054551860808,46.224846563086544,46.07455067572399,42.06009148680828,42.26881218626647,49.02279908913793,46.10482223140106,46.361614943863,46.50901887513133,44.951440613561665,48.45071432282474,42.89792306192036,43.21764768358469,1,0,0,0,1,0,0,0,1,0,0,0,1,0,0,0,1,0,0,0,1,0,0,0,1,0,0,0,1,0,0,0,1,0,0,0,1,0,0,0,1,0,0,0,1,0,0,0,1,0,0,0,1,0,0,0,1,0,0,0,1,0,0,0,1,0,0,0,1,0,0,0,1,0,0,0,1,0,0,0,153,320,167,0.478125,158,162,320,158,0.50625,30,72,320,248,0.225,134,174,320,146,0.54375,24,39,320,281,0.121875,197,96,320,224,0.3,84,153,320,167,0.478125,27,285,320,35,0.890625,6,102,320,218,0.31875,158,78,320,242,0.24375,51,42,320,278,0.13125,161,249,320,71,0.778125,11,108,320,212,0.3375,74,306,320,14,0.95625,6,252,320,68,0.7875,14,81,320,239,0.253125,122,72,320,248,0.225,95,165,320,155,0.515625,12,201,320,119,0.628125,26,21,320,299,0.065625,299,0
15,test,no_upgrade,4,720.0381425774432,0.014011255579274209,60.19647048690447,62.138909979987815,67.40411925710777,65.53344979267197,58.3251990488591,64.71180128563985,57.592175732146785,66.14608497859165,62.08574572990078,60.89945288638849,68.87606963842174,69.32325834269085,65.278228525241,68.61235967063391,63.0910747574135,60.557994884934395,69.72650191665323,64.13850394928707,63.38415564009213,62.705963896051024,61.95996048524189,60.79813701709101,64.7684146378999,63.98702086729304,70.02749138116253,66.13140232119038,62.263627786668714,60.99334256713051,61.285792952826476,63.432187120279444,56.07811713433265,60.854560210376654,67.22661331234579,73.22043438001879,61.735567984821664,66.56878291376383,63.321375650989765,64.4733343282396,60.799421896569136,62.109244512438316,67.85140195883919,62.36391686702867,67.79303379053488,62.052571107569705,67.28365191248166,63.89015310435549,51.01011289864141,59.164693704170496,59.50226292936339,62.62670953850309,61.61674107066023,57.83513877249888,65.66781125701331,49.733276759357565,64.9447024997727,65.71902215128006,61.55017675968912,63.965504847648006,62.286466410525726,65.86567693003634,67.70092099437618,70.74690513739364,66.70940178826224,68.19560736387335,68.55002619954212,61.585754393702736,65.37259433213404,58.94186744115545,64.66588820607342,59.21957227724705,57.65853442194475,63.02892242135509,63.81078648898384,62.359229805598915,55.967706197684315,62.381590817158134,54.948835874981405,61.50056586883401,62.93555766165897,66.79104881874505,57.796930235221424,62.13392706898794,62.22904884985288,63.75418573970642,61.7866353108045,55.8203444688659,69.69550879060458,60.144571646003165,58.48054847688015,51.68829296646498,57.006704703752675,65.74158783989908,61.485687037845906,62.49993459213715,61.78654954555672,55.911596694337824,63.217312243439146,58.652749954443244,64.14108170509917,63.405298567347195,59.03813814296671,55.78534237230494,63.919582742400365,63.210973171002074,58.24714027502687,56.86742297326224,59.234053303496374,62.43074685540891,69.73776378802013,63.54833844355821,58.42907688296404,62.25949150433392,59.82367623100116,61.75755110503603,66.85276689904785,60.36505584646281,63.20354308129545,69.37669396079251,64.23569949675696,67.03928149709762,64.91896985267604,59.630426925437725,57.795525195513804,57.795880465009546,69.49755573101814,64.26827273916585,62.91127523213732,62.27410084408542,60.69736344157834,63.45396275230413,56.704419194286245,56.3077115054522,1,0,0,0,1,0,0,0,1,0,0,0,1,0,0,0,1,0,0,0,1,0,0,0,1,0,0,0,1,0,0,0,1,0,0,0,1,0,0,0,1,0,0,0,1,0,0,0,1,0,0,0,1,0,0,0,1,0,0,0,1,0,0,0,1,0,0,0,1,0,0,0,1,0,0,0,1,0,0,0,195,320,125,0.609375,66,210,320,110,0.65625,12,102,320,218,0.31875,140,174,320,146,0.54375,15,81,320,239,0.253125,137,120,320,200,0.375,30,171,320,149,0.534375,33,288,320,32,0.9,3,201,320,119,0.628125,44,78,320,242,0.24375,86,72,320,248,0.225,51,294,320,26,0.91875,3,147,320,173,0.459375,33,288,320,32,0.9,6,297,320,23,0.928125,6,210,320,110,0.65625,41,108,320,212,0.3375,72,183,320,137,0.571875,15,255,320,65,0.796875,18,24,320,296,0.075,288,0
15,test,no_upgrade,5,900.0014496473519,0.046238802931596094,81.03889233547335,88.68734670190432,88.05189750209074,82.26482343944792,75.35058654388558,87.09681960484917,84.24331347175601,91.83669037203073,80.10592938590355,79.42410040887002,96.1736361188247,92.29639058481884,86.58804671019915,93.72606916538854,83.99696456672314,83.611982851831,97.48636777029061,93.83855648544856,86.04379719023136,87.28315556864261,87.54475110518644,83.11780003458348,85.00750838520119,87.34058374627023,91.73673142873777,91.84960777544497,82.67077888243693,78.60474622229033,85.3009516688039,89.18359304400221,72.55404020188338,78.91327670958958,90.21844260485607,100.18789743489269,82.74343938669331,84.6877379636739,80.27705653874328,85.07341269174304,85.56749402381432,83.41585996491183,90.07913269207069,87.0756293070892,91.66342341366074,89.36052806996763,91.54920117859194,85.48832728376965,68.30630586706184,76.1207029254627,83.58656348761139,84.63537532572495,83.59614937591431,79.45203890558203,88.06254863517823,65.94563683683083,93.76157017401951,88.50726265075966,83.04980402642764,87.2758083533089,77.89452953707755,91.89979028478305,88.84631750405067,96.76807955069926,89.57529445673327,93.4510842323266,92.05691996067237,80.68986439047984,86.88061018854675,78.56421085668157,91.0003999428334,77.73856872861654,76.12193842805445,85.58567703514609,87.09794772113734,82.9800400729324,74.81661679662434,79.85450014843018,73.41284155198342,80.7785799465441,84.28380063742618,91.1802901809599,77.67555395857303,86.00966567976297,86.73673168603285,89.01692558265471,83.77362049496998,75.54414311275087,96.84945271801577,75.80635906793316,77.67827791035897,75.00109193624967,74.79835549549297,93.15773949251535,83.89060200310118,83.42077392996013,89.17881883667049,72.97985631979304,88.01092247015427,75.88106254135201,89.572811616614,86.54655515699552,79.06315639930136,74.88480842141873,87.44837018619444,89.28569316943015,77.82794980918267,77.86981185075774,75.49128945218459,87.64840809963307,85.83098392452605,84.69748105829434,79.82700755573772,82.49436983635324,79.06459036355947,88.91005529808487,88.02936624022128,84.42581815261646,81.26127030736934,92.02982976961987,83.62619713790855,89.89062964241836,86.70276927397786,80.19792451868787,75.85949868051978,80.80258489241207,91.02230747567175,86.20266437775717,85.14580341500098,84.41291140534395,80.44031327007762,84.25661791766893,72.82612441880724,71.50162927021357,1,0,0,0,1,0,0,0,1,0,0,0,1,0,0,0,1,0,0,0,1,0,0,0,1,0,0,0,1,0,0,0,1,0,0,0,1,0,0,0,1,0,0,0,1,0,0,0,1,0,0,0,1,0,0,0,1,0,0,0,1,0,0,0,1,0,0,0,1,0,0,0,1,0,0,0,1,0,0,0,279,320,41,0.871875,9,255,320,65,0.796875,9,129,320,191,0.403125,30,210,320,110,0.65625,12,96,320,224,0.3,45,135,320,185,0.421875,18,279,320,41,0.871875,8,282,320,38,0.88125,3,279,320,41,0.871875,6,207,320,113,0.646875,14,171,320,149,0.534375,29,306,320,14,0.95625,3,183,320,137,0.571875,12,297,320,23,0.928125,3,294,320,26,0.91875,3,309,320,11,0.965625,3,213,320,107,0.665625,12,192,320,128,0.6,15,285,320,35,0.890625,6,51,320,269,0.159375,87,0
15,test,no_upgrade,6,1080.0033944107379,0.09106598099886691,106.31589946904549,118.61966740732181,113.56354404467096,106.55753401098775,100.67086220135471,117.90949270443778,111.86008782465184,123.05286227265913,110.65919115939836,104.29405336040863,134.05107958893257,119.58994070493846,111.3781216425168,127.7333779611819,114.1676794325386,115.81105516437316,129.9735632118328,123.49000078130098,119.45519380589549,114.40620901146653,116.06884467855528,111.87059652114904,112.58996262023898,115.1499069430759,125.59838210460775,125.12359175443095,108.62250403123424,101.0215910404236,116.2156849731185,119.59826795188195,93.29721203269041,103.50707387133937,117.40972881814768,133.24917222908132,111.39023624580665,115.47593722647662,101.1853625292577,117.16177392984827,113.06657343441279,104.580579430518,127.96630281566019,121.21978210850365,133.29090539221218,123.80097104826838,121.85288061349864,115.83971880381023,91.10473751669122,99.36852462442856,107.07844928004243,106.75383244873464,113.9945512135569,107.88649263401427,120.97814909336874,91.50440054708531,128.71546159823743,124.46339006551513,103.18770848853656,117.37355762916263,106.55828670317239,128.22712606001673,127.76693315890817,127.07398554898744,115.55525646621312,123.285536302732,121.00168845972439,106.0863294442255,111.6298522894231,104.83130829564402,116.23131330083432,103.73959412377187,105.82033512912658,114.35059036265325,117.28238214361281,111.42674510507383,100.36386821100557,108.93925938700318,100.82735638297672,114.64626830265453,116.62999838852286,120.79605784751311,109.0767087169769,121.13905757503798,115.3197568865655,119.98513284353855,114.57336906617188,100.53102020278475,130.77680056712367,94.12909562080519,103.91481255095273,104.44157551763517,98.32634642578748,126.3450260594023,113.74646818833439,113.64610943974604,122.76608068396261,99.49677317840508,117.62635964794855,96.78756567443637,112.1577608266043,122.66835797643374,106.17934713902464,102.54844542620494,117.28419130355826,116.00762495799128,104.51391877858975,101.09808224049324,103.83936940244176,120.4626910510309,122.74051849964206,114.66472565058979,114.28251761973863,115.07582536641145,105.55644239833693,119.58594251071906,120.91085112781013,108.16263994346949,113.00420369169991,124.43041100758644,113.83763483119755,129.15538006717716,124.23053385879263,105.02061377210566,96.82200199100694,101.04749511940356,125.9685246065211,115.22512767251393,113.20294994095035,114.44025021543627,105.33645870330295,111.01277352498866,98.31043152691042,94.49807316193181,1,0,0,0,1,0,0,0,1,0,0,0,1,0,0,0,1,0,0,0,1,0,0,0,1,0,0,0,1,0,0,0,1,0,0,0,1,0,0,0,1,0,0,0,1,0,0,0,1,0,0,0,1,0,0,0,1,0,0,0,1,0,0,0,1,0,0,0,1,0,0,0,1,0,0,0,1,0,0,0,291,320,29,0.909375,8,246,320,74,0.76875,9,171,320,149,0.534375,18,204,320,116,0.6375,21,144,320,176,0.45,51,213,320,107,0.665625,12,309,320,11,0.965625,3,294,320,26,0.91875,9,255,320,65,0.796875,12,213,320,107,0.665625,12,177,320,143,0.553125,18,306,320,14,0.95625,3,261,320,59,0.815625,12,306,320,14,0.95625,3,291,320,29,0.909375,6,294,320,26,0.91875,6,204,320,116,0.6375,30,246,320,74,0.76875,12,267,320,53,0.834375,5,39,320,281,0.121875,236,0
16,test,no_upgrade,1,180.0340852736857,0.0,24.46273803512248,25.965766389105404,26.807440175571376,25.261923074215776,24.40296203011584,25.957478594057697,25.37275566005675,25.27395657004639,25.989431904716103,25.945935085322297,25.01708959503689,25.49472681040931,26.635716602713845,25.29712444639658,25.411927594591333,26.295352136365647,26.41623069821925,24.3308550972566,26.493764847121778,25.851288338752706,24.441658052699722,26.01758028841399,25.913590869505615,25.45224972574567,25.813137875628307,25.30793170539189,25.840918534276756,24.861694254842043,26.463185933294238,25.191982928620604,24.947961915007873,25.012303271390152,26.047001795376058,25.109917466739528,24.91743889902755,25.83176320788116,25.02761053076255,24.280625255317375,26.915100335887804,24.710010159198482,24.991183879766133,24.693650249378997,25.718616233596293,24.323293002372473,26.559344178354447,25.486505388280925,23.994863619593193,24.665761865103974,25.609762678442568,24.918431284714053,25.00932390428642,27.094502297018625,25.294200524224717,26.98765310170173,25.699847663419842,24.927192178632453,23.7479792793957,25.34939107890197,24.315259397610795,25.84055265501165,26.223914782643806,25.43734638050481,24.396381656779457,26.66009816626184,25.89642102558598,24.79626138597823,26.49743612186518,25.49954437248587,25.308958313354072,27.49706722049075,26.215024328122905,26.09193612270893,26.2475965063007,24.186033178866587,26.430302507108674,25.0224471817984,26.20642189718483,25.905814039463312,25.095924248365478,26.30115097981278,26.289888844871435,25.537872906909122,24.73275015840912,25.688602342628187,26.543466413644275,25.615967267980643,25.363494299501863,26.16174199211849,25.796254761617874,25.540524073993215,25.86318338644908,26.88012145256488,25.18592886298897,24.939298792778825,25.515379272320686,25.271834958375315,24.50399335026291,26.258852047307784,26.24852694217801,25.962795674594965,27.207193368418494,24.565134528832136,26.105428258658527,25.7508372045574,25.449913796428923,24.94824419403454,25.32073106718544,26.268846433649607,26.195373014888688,26.864076552046104,25.46185493273481,25.616932772688894,25.721360332799854,26.612856649907606,26.38618240905589,25.033370146867192,25.900011990871075,26.68526196172134,25.27524528669043,26.04492403840582,25.087006830030035,25.20338386262655,25.02769963036048,26.952917811269067,25.311656502420554,25.53965518104428,24.447660508149664,24.760449103669878,25.732399921443445,25.229637453788303,25.930608767861845,25.786967870581506,1,0,0,0,1,0,0,0,1,0,0,0,1,0,0,0,1,0,0,0,1,0,0,0,1,0,0,0,1,0,0,0,1,0,0,0,1,0,0,0,1,0,0,0,1,0,0,0,1,0,0,0,1,0,0,0,1,0,0,0,1,0,0,0,1,0,0,0,1,0,0,0,1,0,0,0,1,0,0,0,105,320,215,0.328125,203,111,320,209,0.346875,107,24,320,296,0.075,257,96,320,224,0.3,128,24,320,296,0.075,227,45,320,275,0.140625,120,111,320,209,0.346875,98,222,320,98,0.69375,95,39,320,281,0.121875,260,27,320,293,0.084375,254,15,320,305,0.046875,293,90,320,230,0.28125,128,51,320,269,0.159375,128,192,320,128,0.6,95,108,320,212,0.3375,101,54,320,266,0.16875,251,36,320,284,0.1125,269,135,320,185,0.421875,95,93,320,227,0.290625,167,21,320,299,0.065625,299,0
16,test,no_upgrade,2,360.0095517883507,0.0,32.33955195460932,33.55538046784616,35.16320782658375,35.201159205336666,33.36185149713651,37.339504011963946,33.86523508812467,32.400603017925704,34.31068445656735,34.39684192528332,32.703222881049044,35.5125872827557,34.77022454591506,34.0288579577541,35.31701197212711,34.8191392544768,36.572386233396166,32.513075483331264,39.389524124177974,33.72016952962932,31.525633161433795,35.88440657409357,34.18620797904216,35.00268287963648,35.87244815615566,32.97199626046594,35.72479980459935,32.61337300252602,34.12579944031753,33.04142223410265,32.41927628392341,32.36185855600499,34.60133681256821,31.991128637074176,33.869829564295124,34.07797981124877,33.60436317252332,32.32837848657054,37.44435075729772,34.02353957417441,33.764856103023455,32.00978208765307,35.86174871309425,33.324896056356984,38.22334449661224,35.07809144047416,32.950356136697955,33.74644594495082,33.30042517034524,35.34492220174629,34.71750850071995,40.14460500515129,34.45301427385843,34.35527610441302,33.55929872628363,31.822169173726763,30.522760421642857,34.60942148392409,32.47545482345732,32.746667509749265,36.300270741637725,33.94743235394257,32.49771661914821,34.74931247380713,34.18290725934885,32.412707921363015,35.90562937057634,34.7017420109224,32.753192667096044,36.90460293640327,33.191539178894175,35.2948970696711,33.56979532522257,33.868420195062235,37.52974525544858,33.51885367099556,35.42128368837528,34.15561041326433,34.66060610885337,34.15012677310451,35.16645313300077,34.046755212077606,34.68034419802861,34.981184129806365,36.390501034238326,34.92072521757555,36.616818364724764,35.13098052878276,35.95257715624288,35.24840446421903,36.439500853763306,35.910733113990716,35.04860703569334,33.48108983083966,35.70973790354986,38.73902094867576,31.949602139328476,34.130198174339206,38.3122863612766,33.1251936083574,37.20420867570553,31.22949987461047,34.90370656113668,35.91083860177731,34.143946006247816,33.153059342758425,34.10669432460991,34.317098766724854,35.28104069625337,36.931540970909104,34.33500432594223,33.42674860528267,33.91090477192537,37.36138240641323,35.15670538931006,33.598310884009344,35.553854687520854,35.808518069386835,34.63523974535969,35.37464526575864,35.28174960606764,32.752293736245,34.10988049264877,36.711808236053045,33.57519441291765,35.257941574874216,32.02788638636906,32.581253275862785,36.00188678111768,33.00730218743035,35.938043780603664,35.39862068852105,1,0,0,0,1,0,0,0,1,0,0,0,1,0,0,0,1,0,0,0,1,0,0,0,1,0,0,0,1,0,0,0,1,0,0,0,1,0,0,0,1,0,0,0,1,0,0,0,1,0,0,0,1,0,0,0,1,0,0,0,1,0,0,0,1,0,0,0,1,0,0,0,1,0,0,0,1,0,0,0,138,320,182,0.43125,170,147,320,173,0.459375,45,51,320,269,0.159375,185,138,320,182,0.43125,119,30,320,290,0.09375,197,87,320,233,0.271875,81,168,320,152,0.525,35,270,320,50,0.84375,8,72,320,248,0.225,167,57,320,263,0.178125,248,33,320,287,0.103125,197,171,320,149,0.534375,119,72,320,248,0.225,125,261,320,59,0.815625,27,168,320,152,0.525,33,63,320,257,0.196875,236,57,320,263,0.178125,224,168,320,152,0.525,54,132,320,188,0.4125,38,18,320,302,0.05625,296,0
16,test,no_upgrade,3,540.0060900388125,0.0035741158765989467,42.82847742209062,45.11143593047879,47.46385619683675,48.97296388083676,46.256031877662124,49.51643314197176,44.13238672479964,43.70164844511299,50.15971504705331,47.11587621255608,45.05134939663159,45.69520629682655,43.08149282950843,45.3641443827929,51.98163173041213,46.1103408424349,49.218380565153446,44.484939199362955,53.11382909036147,44.33570993436013,42.168920167554596,45.64164507906644,45.52511988300107,49.32472757893166,47.22372841210125,42.63895889671226,49.223510162374915,42.69171102748852,46.745954001508245,45.60232759638988,44.7878564081384,43.87234428997274,48.22191994874993,40.35147662358293,44.85647391713436,46.02257474341971,43.94529362847976,42.03352061585352,48.18820006858634,46.03375863423669,46.54179812103645,44.137752121477426,49.89147014733932,43.25159919973675,54.22966280885639,46.21358487917118,44.955441130887785,45.939787204800304,45.465860316440676,46.928010108069444,47.943671327060876,56.4568894122968,48.7419341310595,50.06877464859528,45.09913454316727,43.84895343913399,41.81815411357923,49.63696606564833,45.33249819920005,42.981489330180054,49.28254690972718,44.88124550163623,45.98353303578509,45.681570167912476,46.54875861972112,42.086026148413296,46.19521565573269,47.73501713783582,43.30558994392017,49.884064335470114,44.14789396624303,50.85748525032914,42.387376137516696,44.95080081389698,50.51669760846486,44.43092330075872,45.54015675804369,47.12980053038679,48.77026196291555,46.17303523036888,48.67216556953569,45.05675175848806,50.59040138608356,47.095495406798165,46.25763925369483,45.58218791468083,53.422775594150266,49.516477223402454,48.82115123959759,46.0880900036045,48.80696460270526,50.58103879207186,50.78450037205362,44.52279289786769,47.12556049058715,51.10895477705,45.28480817954037,46.774951822864566,52.399703860154,46.52267070618229,48.61169886593355,41.04796138676463,47.28149292952243,48.460997197580944,47.20848888938409,44.095878305735944,47.32658683807272,45.5752573037451,48.20181231081838,52.69806228369805,45.908136526802345,46.051471939199715,45.890463225010826,47.9560806900222,47.98777250371931,44.46522388631849,45.94305673345426,49.63015496929412,46.27964692006554,45.67321462622451,49.73302149490595,45.46464878743346,45.471512781341104,49.779096187179114,43.89154189410225,45.08075168206635,47.04383973255673,44.74540296918601,49.06528077683991,45.69699218974743,46.66894053232299,47.10971588052785,1,0,0,0,1,0,0,0,1,0,0,0,1,0,0,0,1,0,0,0,1,0,0,0,1,0,0,0,1,0,0,0,1,0,0,0,1,0,0,0,1,0,0,0,1,0,0,0,1,0,0,0,1,0,0,0,1,0,0,0,1,0,0,0,1,0,0,0,1,0,0,0,1,0,0,0,1,0,0,0,153,320,167,0.478125,72,162,320,158,0.50625,30,54,320,266,0.16875,197,156,320,164,0.4875,23,42,320,278,0.13125,170,108,320,212,0.3375,33,198,320,122,0.61875,21,276,320,44,0.8625,3,138,320,182,0.43125,68,78,320,242,0.24375,152,66,320,254,0.20625,84,234,320,86,0.73125,23,120,320,200,0.375,101,279,320,41,0.871875,12,276,320,44,0.8625,8,120,320,200,0.375,119,60,320,260,0.1875,156,210,320,110,0.65625,18,237,320,83,0.740625,11,42,320,278,0.13125,278,0
16,test,no_upgrade,4,720.0203153997207,0.01737020489909105,56.409610016606074,63.52844941319415,60.01037135767607,65.26729203756337,63.949549588617224,63.261297621265626,61.653786293695504,60.69047925428668,67.18402837385632,62.66651353912582,62.53705616167531,60.74493614088537,57.469899131874264,62.40256053992581,70.60153981885782,63.208892182673374,63.09266905113287,60.89930101394448,73.61919145928881,60.83385625789761,54.494432130607436,59.76437980536051,58.74548816206413,68.69706759176512,61.43445226906019,56.68549502100979,68.71750307779199,60.64581753370607,63.498087883657554,62.877825725229485,58.48583824891252,59.40731746717853,64.92859485518255,54.53981196000709,59.94912943495421,60.35449810383801,60.61139070690119,58.28515302079501,65.77116196277088,62.2201810829304,65.36604716609055,59.188767152202566,66.79884351288813,59.40074463265695,72.40676131214289,62.33865759901274,60.22519908309912,58.59831695635155,59.651228467847204,66.46574630082647,65.56586495621383,74.6916145476127,64.90588174680329,65.64114421713253,62.302333657836655,59.02814123967822,56.922245409151046,67.16422297728423,57.42618210828046,58.52907394428978,68.32746528487736,60.76215353571111,63.211886222508596,60.81266854041923,58.68110018811212,53.24050010829735,58.67064203924396,65.08135572914345,54.12690856723903,64.05101117950856,60.648548947508736,69.8171638294476,55.085122391711224,59.18340700966695,70.89658307560808,59.523587900242795,59.554049646104765,62.35174407608588,67.89560863108267,62.88834558635574,66.43919164732672,63.695097930896104,66.50111186086603,60.849143584207425,64.03647339104333,64.74467523644304,70.77053551784812,62.045862730331756,67.03011683771152,60.75017520268483,67.11010450837101,64.42034883192306,68.17840745501682,57.60254521494998,57.84992812146822,67.8855856802275,62.77988237031262,63.706850496918676,69.17628025757257,63.62948534394992,68.31772668591954,52.67847474613806,64.00168139463783,67.14822236056065,66.3123062212707,57.01300010462398,66.62975986835538,62.890744540558686,69.06228786190547,74.25239498376406,63.015660843496086,64.7088070120636,57.95656254496121,67.4050931470067,67.98581433459243,60.39096308386905,63.16065839954222,67.22137281092297,64.33100213670805,63.49705723590741,64.22011590485768,56.839091348312884,59.04895850089847,65.47563256746497,56.71336642945968,61.66186703567502,64.30667875321298,60.56185058502074,62.086270783144506,57.243402410229656,58.61976402743198,62.21822651898312,1,0,0,0,1,0,0,0,1,0,0,0,1,0,0,0,1,0,0,0,1,0,0,0,1,0,0,0,1,0,0,0,1,0,0,0,1,0,0,0,1,0,0,0,1,0,0,0,1,0,0,0,1,0,0,0,1,0,0,0,1,0,0,0,1,0,0,0,1,0,0,0,1,0,0,0,1,0,0,0,189,320,131,0.590625,45,240,320,80,0.75,6,99,320,221,0.309375,74,192,320,128,0.6,12,60,320,260,0.1875,161,111,320,209,0.346875,51,183,320,137,0.571875,24,309,320,11,0.965625,3,252,320,68,0.7875,9,114,320,206,0.35625,39,99,320,221,0.309375,30,267,320,53,0.834375,6,144,320,176,0.45,24,312,320,8,0.975,3,264,320,56,0.825,6,231,320,89,0.721875,9,99,320,221,0.309375,119,246,320,74,0.76875,9,270,320,50,0.84375,6,36,320,284,0.1125,281,0
16,test,no_upgrade,5,900.0411984346034,0.045841569104454916,80.53355371272234,86.80589946931795,77.42921782320983,91.20360764687648,84.40058465170266,82.54261015326485,81.45403194672487,86.50018435375435,90.28320322866642,83.7706941715473,87.36520951028207,79.39563603995559,79.50268659200987,85.31557367430968,92.42671058634825,84.99279733812314,86.68755884568635,84.4369015957445,94.07022697889322,83.07973856163328,69.07210857713356,80.62226548902544,77.8570324498366,91.50216990033134,84.26976508443845,74.69203882849433,91.35011660869527,84.90776393436573,82.62578607290058,79.59888361317526,78.12756654689595,77.13686916691118,86.62674481605002,75.56723383864545,82.44974690130539,78.80998100108545,82.06380497902794,77.45208542671494,88.57731908371363,83.0163060541281,88.8410507194798,79.31742843078263,88.97187307365961,78.64130332041768,95.71463168032821,84.21595188245922,79.42539550452331,77.09293919089347,74.05257165016478,90.70860793990708,87.53143700107387,97.55665448497548,86.33450501703541,87.87451938967956,85.43879421427371,79.53783191615584,76.85349338837158,94.71488454878806,77.51031434620249,77.15847230280414,93.06076758725861,85.73104715858003,86.18392165546325,79.49998077769432,79.23847589163842,71.3824798409359,75.11176524906863,87.30428823080032,78.24992128928922,88.24689508038216,83.94501351650365,93.25306367746154,72.55225399646913,81.88781966164682,96.8835784368939,80.90968025242442,80.46992895933087,84.73111106107567,95.31846728328304,82.99580492522608,93.59007477486824,85.96437475566228,88.70766346114466,77.54037885092166,85.72894575349086,88.02342567198262,101.33555013090852,84.84902642612262,88.16004447916735,85.08718903085669,88.76794904165024,92.23092745146698,90.19956005020592,75.33398922913723,76.51590478316774,85.54379018499682,86.2804283958965,87.67465848545744,93.212970112837,84.13181011701009,94.09740573546517,69.72383859919096,85.8806053137801,86.93791483319029,93.61588829239616,70.88055436282147,91.26067023101142,82.7581784786924,98.11506031485943,100.86345431746645,86.18343347102831,86.35070875037636,80.7861882068106,90.76871765677421,94.22852227598155,84.2373552755177,84.70810815521824,93.1296409540218,79.21255426806482,80.92425290527302,87.35958915273697,73.76150030670284,82.16237150995923,87.82477248359356,78.44682156326164,79.0956306259842,81.53374688090126,79.61319853263089,79.6715180058642,74.71838295530152,74.20772465290041,86.00739444222725,1,0,0,0,1,0,0,0,1,0,0,0,1,0,0,0,1,0,0,0,1,0,0,0,1,0,0,0,1,0,0,0,1,0,0,0,1,0,0,0,1,0,0,0,1,0,0,0,1,0,0,0,1,0,0,0,1,0,0,0,1,0,0,0,1,0,0,0,1,0,0,0,1,0,0,0,1,0,0,0,249,320,71,0.778125,18,279,320,41,0.871875,6,132,320,188,0.4125,30,189,320,131,0.590625,18,90,320,230,0.28125,74,159,320,161,0.496875,15,237,320,83,0.740625,12,294,320,26,0.91875,3,270,320,50,0.84375,6,156,320,164,0.4875,26,150,320,170,0.46875,26,291,320,29,0.909375,3,183,320,137,0.571875,33,303,320,17,0.946875,3,270,320,50,0.84375,12,285,320,35,0.890625,3,180,320,140,0.5625,24,270,320,50,0.84375,6,279,320,41,0.871875,9,54,320,266,0.16875,93,0
16,test,no_upgrade,6,1080.003663090985,0.09445159942914824,106.26984603451038,116.27942635976692,104.21126711928117,121.65812055154025,117.7013374102315,111.78575354820329,107.76124053107203,119.04140608735189,125.53372048780624,124.55115788775184,116.17553269570224,101.54176004045046,108.64422887848247,118.42976827645276,124.55421800748195,114.40917506556251,110.90333362482333,109.79394023542105,130.43699570680306,108.46339264035471,85.75427721356938,102.40982741158788,102.79680911331515,127.51640332218236,111.94308393204918,108.11590274735546,125.96418517658849,115.84576138382235,116.77811320720913,110.00042782576892,101.86009382127892,100.12150005763094,112.44101653048236,102.58608192008897,112.92068864533938,99.43527337365389,104.71477806135867,102.91018369494711,110.03339674958765,104.19744360507386,121.28917517152529,107.62046133141736,117.94652212452128,110.81737189766865,128.34235938397558,117.97811699271337,104.18359549960329,102.09332879015008,99.82575262532008,117.04276354327207,117.47486456595321,133.57031252676245,117.20963819809926,118.18406566456898,109.01584124945259,112.17829413371241,101.23463068674681,131.50404695711168,107.03562342705787,104.58556072244538,122.42172556428456,115.40532565394716,127.15619118911134,98.89204030108047,105.71865943479447,90.52977831102088,95.51919161293017,119.72604452712797,112.65950666418465,120.8995003466711,112.89309237763007,129.2868678589218,95.43341858407585,106.3702882154012,130.40154199840364,105.78465133745009,103.77972887452471,117.70766143301711,125.3534208600643,107.48077206473597,125.39677719884624,116.55232518864118,118.63614832561274,100.72667536961278,111.58442789098486,122.00418781330114,136.55440624143162,111.92694150750435,122.31967010863521,110.08651293789228,125.28717648587845,124.0283604278359,112.748295134016,100.45564520872243,97.80221550846471,115.16819727555668,117.60115172816259,116.68556512303525,129.61431466276088,111.26030156525331,126.5921100834121,89.45838781557984,118.04523824650217,120.1558624173802,123.69048946227826,91.81864818341823,122.61640939145828,114.18826277563633,128.1090526336489,139.1105118287602,118.06593799599763,113.4796058193735,109.02844954829142,118.85347939203699,127.5494912327037,110.77491513126073,114.33267128442579,131.36987478099505,106.98422621682177,110.08698240245945,116.27823485455252,102.15340190105479,107.30003803011338,119.1874061977749,106.82036054493393,101.8771175424422,110.05634591630562,112.2184654693227,110.85764924381465,103.82146531676584,95.54705121980244,119.34442178216378,1,0,0,0,1,0,0,0,1,0,0,0,1,0,0,0,1,0,0,0,1,0,0,0,1,0,0,0,1,0,0,0,1,0,0,0,1,0,0,0,1,0,0,0,1,0,0,0,1,0,0,0,1,0,0,0,1,0,0,0,1,0,0,0,1,0,0,0,1,0,0,0,1,0,0,0,1,0,0,0,306,320,14,0.95625,6,255,320,65,0.796875,12,192,320,128,0.6,15,216,320,104,0.675,12,129,320,191,0.403125,36,213,320,107,0.665625,14,303,320,17,0.946875,6,309,320,11,0.965625,3,234,320,86,0.73125,9,264,320,56,0.825,6,216,320,104,0.675,15,318,320,2,0.99375,2,210,320,110,0.65625,9,291,320,29,0.909375,3,279,320,41,0.871875,9,297,320,23,0.928125,3,258,320,62,0.80625,9,249,320,71,0.778125,9,297,320,23,0.928125,3,57,320,263,0.178125,114,0
17,test,no_upgrade,1,180.14722472400624,0.0,26.23088098023008,26.440610833965803,26.810674470331502,25.04899085734756,25.783536832644526,25.656921799629348,26.058902570055245,25.486326185511032,25.492403693310166,24.780596884326272,24.229843629203874,24.79957738232904,24.88273622655347,27.004987394310454,25.644193304540003,25.009845837023946,26.05210233912979,27.096372719870622,25.042860285495376,24.985228264565432,25.82323794726995,27.04629546028101,25.068508623534324,25.27883818437275,26.071265832620057,26.584150240757406,26.44072587022554,25.072099291401003,25.15411744573279,25.92953360233846,25.001707163032695,24.150854198149624,24.883784119224238,26.126424531232377,24.113420314931574,23.968409431492965,26.622242782870753,25.517292644772052,24.934034612196882,24.853673260563273,25.55199538320628,25.70737720460448,26.450553280871407,26.03105891436696,25.10375142722043,25.807514960430943,25.553589736741582,24.66607689471282,25.42652938655383,27.29291621048508,26.482448567039548,24.249497916024502,25.810600708413414,25.583661823685482,25.752047539389686,25.857251993277192,25.742847437147077,27.61655892849974,25.03351608781447,24.492008680193262,25.151966081825346,25.90167785312882,25.845343710986285,25.127415915323663,25.101087685806412,25.19219183882077,24.769125473576505,25.975695080980202,26.927585551730115,25.61820329602006,25.27786795674051,24.927850642583206,24.81852885364934,25.84003921412571,25.9901023248857,24.47957501911172,25.019541623263763,25.26727156006711,25.126687219849696,25.315266969277378,25.37344564620071,25.300924456320157,25.537064767639404,25.42247035567628,23.990989080866413,24.129178842249456,25.488819359105953,24.464348767457555,26.512720866595977,26.529805044546453,25.17115363981711,26.103612378710217,26.07841040724087,25.737400917710413,26.6045656441524,26.008069364729476,24.47876453851028,25.847676937176107,24.32481848500818,24.875466359245515,26.829390149700576,24.79426613582655,25.27083470077758,26.537321932352253,25.264269152681845,26.535158650326625,24.865994408211375,24.86236940295017,24.895965996051782,25.722038578712326,26.64411322959925,24.05373424157504,25.04518906642717,25.110628744824112,26.027385621321702,25.292498878767233,25.210407193989752,24.70716444090191,25.946371800865272,25.395282092024,26.07194578841888,24.84282255224834,26.812745062115845,24.668615686534547,26.13485785331424,25.750871473254282,25.693132940557078,25.38240824582811,24.024938804768567,26.68768639456795,25.754121459019885,27.0891792370391,1,0,0,0,1,0,0,0,1,0,0,0,1,0,0,0,1,0,0,0,1,0,0,0,1,0,0,0,1,0,0,0,1,0,0,0,1,0,0,0,1,0,0,0,1,0,0,0,1,0,0,0,1,0,0,0,1,0,0,0,1,0,0,0,1,0,0,0,1,0,0,0,1,0,0,0,1,0,0,0,99,320,221,0.309375,197,111,320,209,0.346875,51,24,320,296,0.075,254,90,320,230,0.28125,164,24,320,296,0.075,200,51,320,269,0.159375,188,111,320,209,0.346875,122,216,320,104,0.675,50,69,320,251,0.215625,224,36,320,284,0.1125,257,24,320,296,0.075,257,108,320,212,0.3375,146,33,320,287,0.103125,269,189,320,131,0.590625,50,153,320,167,0.478125,57,42,320,278,0.13125,257,36,320,284,0.1125,281,123,320,197,0.384375,50,114,320,206,0.35625,122,12,320,308,0.0375,308,0
17,test,no_upgrade,2,360.03755224836794,0.0,35.59707454140597,37.56991645330372,37.34818807703155,33.60165529245623,32.26032394326063,34.007214721704905,35.59180652515535,33.20186565166514,31.4721541980922,32.159507540391665,31.391843986774777,31.6493362346767,34.448060735853424,35.257387061105824,34.32615392444126,33.38814317739198,36.07849242108342,35.87861216702288,34.053337244889306,32.59841687619835,36.6056943962439,36.42440742160927,33.52827300881091,33.99291525054985,36.560714160554966,36.358244022419434,34.612450785579185,35.82845475172849,35.44893831317211,34.908293518895135,31.554507103468037,33.54179820050195,33.66358764544637,32.734522500153595,29.765370720846047,33.87924052582809,33.74203165056693,34.23244454072894,34.5979791116982,32.64436040861682,31.81051017761958,35.37388896590947,35.67707644860547,35.17486910873918,33.1609767427101,32.75317280114787,34.749345807452364,33.92952616431485,35.009660545933876,37.91652462381039,36.29539770141575,30.787992460293452,33.713444385661454,35.02375508906883,32.673729693860956,34.98238375144372,36.348487974630785,41.09769371748463,32.75538455284152,33.61929631455792,34.77154911908418,35.14202937344447,36.29497020629965,34.031944943483836,34.96068041485386,35.40872699575913,31.272808019239825,35.10685738741525,37.005196934892695,34.195227617669005,31.856990103059225,32.85306914630458,34.73301746413659,34.172986025169294,34.45779583229707,33.00324292406306,31.633501718432058,31.1790772303931,32.517156411465045,33.2424714914992,34.06155997763006,32.945547706024,32.42497565539504,35.04038012997346,31.978627780949235,34.16381520086011,33.53937969649742,31.964043828494585,34.540355891465275,35.738295322503234,32.64817644190731,33.84973121654676,34.39035885492925,33.27048816327871,36.727716601492226,35.501294876594656,32.324483331142275,33.21893218645474,33.63894449109184,33.113326891015426,36.107487737878365,34.29552052411274,35.99656583176987,36.033377979308725,33.60922653624392,36.95206749920649,33.21780439988844,33.26305549332048,33.33369867943311,32.77194153507431,34.30657896001426,30.89343073616055,33.49151690294978,34.94676692490679,36.11564203794568,34.43805310765995,32.421308605808775,33.3389469348762,36.33414657480739,33.08198010162156,34.854494549865514,32.925947408744875,36.65115444571343,31.763969379505376,36.74497956192404,32.47549614445215,34.932963548010584,36.57911839454979,31.313546209164844,37.83199915402252,33.68097382607059,39.28694040802,1,0,0,0,1,0,0,0,1,0,0,0,1,0,0,0,1,0,0,0,1,0,0,0,1,0,0,0,1,0,0,0,1,0,0,0,1,0,0,0,1,0,0,0,1,0,0,0,1,0,0,0,1,0,0,0,1,0,0,0,1,0,0,0,1,0,0,0,1,0,0,0,1,0,0,0,1,0,0,0,96,320,224,0.3,206,135,320,185,0.421875,62,36,320,284,0.1125,230,90,320,230,0.28125,125,39,320,281,0.121875,230,96,320,224,0.3,50,117,320,203,0.365625,30,267,320,53,0.834375,20,60,320,260,0.1875,212,30,320,290,0.09375,233,45,320,275,0.140625,125,174,320,146,0.54375,116,63,320,257,0.196875,194,219,320,101,0.684375,35,210,320,110,0.65625,24,60,320,260,0.1875,227,63,320,257,0.196875,224,141,320,179,0.440625,35,135,320,185,0.421875,44,6,320,314,0.01875,314,0
17,test,no_upgrade,3,540.0000199091286,0.0024855012427506215,43.800848920697014,49.50790963831616,47.911945598008415,45.266774448195136,44.48908449895325,46.821805864950065,47.86247849007862,47.243870522518456,42.84610494848324,44.843158912602924,41.19910877486962,41.17433627668544,46.26767779062147,45.92566634020122,45.50454419711519,42.539777383682306,45.54106002890369,48.94833030555114,43.990412330101876,45.227018516710636,48.751775822945575,51.00332709599673,44.68513022694813,47.25446267889212,46.51804086665424,50.779013769737794,47.23239482534375,50.160656532523475,50.065900420212465,46.81846892461887,39.08493588288138,45.38613017956196,43.34260772619035,43.42259639219597,39.50028053130589,44.29953647845012,43.705671569884345,46.96404845049158,43.418454154408735,44.65965992809676,41.73501697032777,50.29921428928214,46.630770349160095,49.7545792070908,42.57862747644239,45.043751717067366,45.96042098411231,46.42899597920559,45.12385710320001,50.94186875062141,47.39835168007758,39.78601263353377,46.294177945877244,47.91139955870946,42.8267793513957,47.75690642945044,48.64490648486651,57.323626532794485,44.039061682329255,44.20134786921578,47.845031296429184,47.1673002867238,50.83385805710549,47.53276104464848,48.823780280891725,47.1697122889492,42.41035930302399,46.26680986176477,51.39628833231856,43.73790396987871,42.289562730364274,44.59219508619168,44.746516696184656,44.667521399201334,47.21340083435859,46.67635315081197,46.037337882986186,40.76416977784389,45.19988899493335,42.83577624519372,45.68572996065102,44.531081081982144,44.174951226354494,46.20545780252515,43.92120275373527,44.70088857711298,44.411786958141164,43.09709475977189,46.05051166640797,49.122974765862345,46.561419124047994,45.75190102286263,47.19167593097301,42.748340756459115,48.53231911623557,46.48512179525563,43.35461544729149,46.759413074609014,46.640354313710645,43.316388679678724,51.1421611872196,46.47756509147993,47.67294047275851,49.045369413641886,46.26170693305486,50.053996973645184,45.599237696850224,45.62256214765635,45.75323229472923,41.33588637342632,47.30631890771145,43.41494869205895,45.83491557578529,45.40510311526533,50.349480440703395,43.60147797977297,42.966314028674596,47.027624040060296,48.11520667005424,44.98547990036415,48.310168874667085,44.33423731281318,51.949599444236526,44.474746176457955,48.8041136744033,45.09241927473868,46.180377500636496,50.8537562488213,40.784317432559625,48.38178440621755,48.31811661697897,52.96630288271348,1,0,0,0,1,0,0,0,1,0,0,0,1,0,0,0,1,0,0,0,1,0,0,0,1,0,0,0,1,0,0,0,1,0,0,0,1,0,0,0,1,0,0,0,1,0,0,0,1,0,0,0,1,0,0,0,1,0,0,0,1,0,0,0,1,0,0,0,1,0,0,0,1,0,0,0,1,0,0,0,132,320,188,0.4125,155,165,320,155,0.515625,18,48,320,272,0.15,179,171,320,149,0.534375,38,21,320,299,0.065625,293,81,320,239,0.253125,60,171,320,149,0.534375,21,297,320,23,0.928125,5,120,320,200,0.375,128,102,320,218,0.31875,122,30,320,290,0.09375,123,240,320,80,0.75,15,96,320,224,0.3,101,291,320,29,0.909375,6,246,320,74,0.76875,20,150,320,170,0.46875,122,87,320,233,0.271875,164,195,320,125,0.609375,15,240,320,80,0.75,26,21,320,299,0.065625,293,0
17,test,no_upgrade,4,720.0274881777441,0.01746520603485244,58.03473837252112,66.36593017357342,66.67168443828567,64.31805624073944,58.61606642433501,64.01962156622994,64.87662749023427,66.34698236164687,56.34448718369369,61.97478595554093,53.90458884769337,55.86283286548049,63.545539056111934,62.819519040781344,58.61056524072938,57.00899979299264,61.834876041578184,66.30546773546224,56.824106326552396,63.84772843882232,67.65980412616375,67.87915506338521,58.18211154650033,66.43877878712982,61.548361625449445,69.37924159706085,64.68245766195783,68.5851072948065,70.75009431015661,65.46463283755293,53.135975622912476,60.82592696315625,56.41526410653036,56.30718163907732,51.16128675066117,58.97061279010779,63.075114908947846,64.6840008671471,57.03515119482153,57.79974479320096,59.3015780559018,66.84277175313555,63.61274486689023,68.18284540720283,61.368225435656406,60.966797585719945,61.63967208429322,60.868257493549606,58.50828664104299,68.39527872571078,65.49016983208665,52.504638288509966,60.40139385284145,62.02596888244424,59.67803651100239,67.36289956835321,67.46636147038748,75.35637689274587,60.11598081474284,59.5409221168601,64.80699338101209,65.482733251304,70.8041720410908,64.44418705054146,62.636283154543484,60.17605230802427,55.83215977848513,57.42877817443446,70.16842203702133,58.29324313703427,54.81561569137404,61.534036196184054,62.119200598471735,57.71842407494807,65.9212892038934,59.28519891316752,59.49944418589299,52.36088662817468,61.50343352025378,56.35550910905017,61.35776107189018,61.83241785670745,60.07373265747541,60.91289044424197,61.74137260375607,59.80040621317042,59.468317349582186,56.37201612476959,63.0051717968528,66.57798055613142,65.83152702210734,62.57132580728724,64.48944309986703,58.875432711568756,67.37187717608366,62.72742533067826,57.682681320927294,63.6508772374232,61.57519819363646,55.90906431129401,65.27973457641983,62.60477574185274,64.29843217682512,65.48228325163626,63.93263250185319,69.11822261566162,65.87781166127341,62.66348653396587,64.63133917086505,53.25331191711158,64.99917757817605,60.65797468253119,59.73731551676482,63.43814370397811,68.23264665186744,61.97156133715822,61.80677067390598,62.91023058148474,63.53631270615478,62.71915192735156,66.48978117477425,57.49140229928938,66.75997108112713,62.2794071493929,70.29806291859141,59.80023845297573,61.49261929615251,64.50646931428228,52.27343958423732,62.707801069700494,62.82777512852885,69.97341431562756,1,0,0,0,1,0,0,0,1,0,0,0,1,0,0,0,1,0,0,0,1,0,0,0,1,0,0,0,1,0,0,0,1,0,0,0,1,0,0,0,1,0,0,0,1,0,0,0,1,0,0,0,1,0,0,0,1,0,0,0,1,0,0,0,1,0,0,0,1,0,0,0,1,0,0,0,1,0,0,0,234,320,86,0.73125,63,255,320,65,0.796875,12,90,320,230,0.28125,80,192,320,128,0.6,15,54,320,266,0.16875,218,114,320,206,0.35625,65,207,320,113,0.646875,24,300,320,20,0.9375,6,252,320,68,0.7875,8,105,320,215,0.328125,36,87,320,233,0.271875,42,264,320,56,0.825,9,150,320,170,0.46875,18,297,320,23,0.928125,3,276,320,44,0.8625,9,234,320,86,0.73125,12,117,320,203,0.365625,80,177,320,143,0.553125,21,270,320,50,0.84375,6,27,320,293,0.084375,195,0
17,test,no_upgrade,5,900.0104024553139,0.045233500578927055,76.6044054450961,89.47727769677641,86.54606776876977,86.05107764933496,75.25965074705354,89.6260288524311,88.49747368662464,88.29984728440185,74.6056929877091,89.91664794286267,72.62344318180115,73.79474009019289,86.27720206041413,85.692210222061,80.974387371558,77.25270171119787,84.73764168136165,87.38297537335684,79.29392513004487,84.83369481614687,93.72570332466712,95.71727189547605,82.8721915670483,88.10604819135978,84.11887990885047,95.49034444431948,89.20669421437042,94.16363553289581,97.34446577675033,88.8602834953331,69.99315383088985,77.52592604481436,72.4936891383956,78.94553081777133,69.97579959554054,78.20058497146726,90.08439472851758,86.40948000910433,72.1242968010161,71.13887125360489,79.68134340614307,88.56039355416185,87.45261444061327,91.07159461877235,84.69329322363028,80.92503457344736,86.77937048742905,82.4797106296866,80.50488986627967,86.65408873284093,90.21870895151844,69.59901795680993,79.4937391440224,80.10130579131969,80.79509051407284,87.01435053697247,86.97837212854785,105.22499530546773,76.85708625549476,80.89794145068578,86.94674011739289,85.32935684290484,92.4291406818426,82.3026014927794,81.99984569407644,86.65066755698136,77.44760941251195,78.33092481709694,98.63031662930848,79.39946327073345,78.26323975459343,82.55020184365017,86.88183290439031,73.08656416529229,85.17193340116819,77.93870436313472,79.90706632686931,71.22700782174238,76.71607287968804,76.29469043867424,81.78342133604986,80.65477691315216,80.26658144651839,86.94665490772431,84.23609274557396,76.73014910987825,81.34408571431464,76.36062707151021,86.58079500315661,86.80392927080878,93.13403440939106,85.93058576899533,90.35683181247929,77.61987017333698,90.45057616854301,89.71629975346112,75.68670025027365,85.72185247750437,80.24619777497334,74.46324515090264,85.37639290154401,84.23117877182752,87.25232919526292,91.70017172648191,81.75392881299256,91.9469708754119,88.58941250888243,85.37100381322097,86.99097568371447,67.8483519368954,89.9198983985795,83.06863520062726,79.80080703652771,88.89484853375203,95.92427688472833,81.6845281672708,83.33916555399185,85.10297740181981,86.29134669548604,91.33917949329846,89.17551542171755,80.98546446807437,88.31263252529517,85.57078832925647,85.08415483587144,80.53998694067053,79.25776320005257,82.12938105531812,71.08113679848597,83.58734514186605,84.13984231322237,98.07552324749604,1,0,0,0,1,0,0,0,1,0,0,0,1,0,0,0,1,0,0,0,1,0,0,0,1,0,0,0,1,0,0,0,1,0,0,0,1,0,0,0,1,0,0,0,1,0,0,0,1,0,0,0,1,0,0,0,1,0,0,0,1,0,0,0,1,0,0,0,1,0,0,0,1,0,0,0,1,0,0,0,228,320,92,0.7125,42,246,320,74,0.76875,9,150,320,170,0.46875,17,234,320,86,0.73125,30,54,320,266,0.16875,242,177,320,143,0.553125,24,207,320,113,0.646875,18,300,320,20,0.9375,3,249,320,71,0.778125,9,138,320,182,0.43125,26,141,320,179,0.440625,39,309,320,11,0.965625,3,195,320,125,0.609375,21,294,320,26,0.91875,3,288,320,32,0.9,3,282,320,38,0.88125,6,198,320,122,0.61875,15,243,320,77,0.759375,15,285,320,35,0.890625,9,45,320,275,0.140625,93,0
17,test,no_upgrade,6,1080.004729424862,0.09356189939807807,103.85724441761273,124.20673188422467,120.38629743940984,116.46982239948271,100.88366824047503,118.27158117684367,115.82954282212539,124.98741375522086,94.74759588568308,129.1399229089868,100.85271094369445,100.21645728857555,111.67542669481799,110.95710526998555,112.18248223960322,100.00368028760761,110.85155000908854,112.15287715494601,106.30084157230007,115.03043105068484,129.4140425714418,130.82150032003565,106.70151953919428,114.50768249290176,107.41523756145523,128.7348010772617,121.07699200750805,134.1853950992454,134.87272585721686,115.20121494677095,94.85152394429242,110.47621676303883,98.0573166661924,103.0788369809712,87.23426860251843,103.88683095345608,112.89012834917443,117.34278604724268,95.41218407624056,101.39231891668389,105.27011746926149,122.16013129153815,112.9870377261664,125.57941308011432,115.5245544017913,107.57842933296826,113.0348434324238,112.23164464313724,114.63969725804803,121.34095184739807,122.61795947476446,94.4894533969958,105.45317407385141,104.14567720146185,110.32778932566059,113.4150123253525,122.65986361733232,150.69614011087555,101.79228246579476,106.92743082743077,117.69040389258474,114.55963551360239,123.14722121013564,112.97889494219875,110.54570687479443,128.59845331187176,110.5200260663065,98.75623737397119,144.18588472379784,111.60324914195925,100.24165219897631,109.23076734017839,114.45102332701524,95.88097304907559,111.87404212075585,103.56385604781865,104.59875808066589,91.99416402251646,104.52175755783986,97.59643407957617,111.44650785815722,104.29826441283375,103.46283903834218,118.67235228065813,111.74988117018901,103.08230483135468,109.06199986993195,101.92286638768394,113.84699548073084,113.57515801497387,131.2150744125075,118.98814255568927,114.37613225196613,100.17645147670252,121.48448607750854,119.01858825582713,104.01874146140248,114.29760034759342,108.62250625173691,103.87586524649936,116.55455324746616,114.01081990014626,119.51424378099591,120.02980458913599,109.63753978138843,121.86877400415764,113.54475072432359,120.52783834352117,118.29882319141564,94.96411971760378,121.82263498536938,106.15753875383045,102.34786327265797,123.5764922601221,120.53602767583277,100.63741608082965,115.79506510017093,111.54791104419789,117.23712229672202,120.01094115741367,116.74618195037606,112.22516948002385,117.14061998469288,115.44054488758825,114.82280755457788,104.07137527167356,104.99981252117163,113.58397051531396,94.59965948037065,110.85334153656885,113.67251021780137,130.52283126247687,1,0,0,0,1,0,0,0,1,0,0,0,1,0,0,0,1,0,0,0,1,0,0,0,1,0,0,0,1,0,0,0,1,0,0,0,1,0,0,0,1,0,0,0,1,0,0,0,1,0,0,0,1,0,0,0,1,0,0,0,1,0,0,0,1,0,0,0,1,0,0,0,1,0,0,0,1,0,0,0,282,320,38,0.88125,6,246,320,74,0.76875,9,216,320,104,0.675,12,225,320,95,0.703125,9,159,320,161,0.496875,50,186,320,134,0.58125,15,306,320,14,0.95625,6,309,320,11,0.965625,3,264,320,56,0.825,6,225,320,95,0.703125,12,156,320,164,0.4875,33,306,320,14,0.95625,3,228,320,92,0.7125,6,312,320,8,0.975,3,273,320,47,0.853125,9,309,320,11,0.965625,6,171,320,149,0.534375,24,264,320,56,0.825,6,273,320,47,0.853125,6,60,320,260,0.1875,150,0
18,test,no_upgrade,1,180.06517125764032,0.0,26.953998887237308,25.568078099954835,25.069803402549052,25.026359329973772,26.598297468570028,24.385666076355008,25.80366310608426,25.15133808788679,26.063524619131787,25.27641158941963,25.57973220928524,24.711004618405557,26.751707108453488,25.313228973666764,25.842498914387765,25.54813950101949,25.232088481539233,24.213358002909263,25.53317713390784,25.01663834268893,24.72671060855915,24.80924147048179,25.556128715706866,25.426887144801302,25.92681026619599,25.71075037429003,25.163600580188202,25.517678752063656,24.64271580070762,24.383318443380738,24.5094864885762,25.054146290581965,26.18683964871458,26.657022625047624,25.08912807852433,25.134541133771375,25.20549369215336,25.131051698660688,26.16969042197019,24.49682342708614,24.65035174031546,24.221541671338972,24.41989541681181,25.23917323187801,25.225978362393537,26.375082184871918,25.056118284276923,23.82976024768108,25.68062000710872,24.700661657222142,24.855616113084057,26.146511151540775,25.927171791004312,26.120936678289183,25.280130966624256,24.939385548133174,25.413505064325328,26.287123796381614,25.843291173503925,25.794887216505483,25.678188296135573,27.162097980860157,24.39075891021468,24.966378609535813,25.085428839771442,24.964563993371694,24.68888357422491,25.46319029883452,27.47186567815573,25.469522678339295,27.3758312440212,25.566090167497013,27.182969036713807,24.728879903843502,26.3407440387952,24.732844380353953,25.76252125395828,25.646964498301163,25.28432755477385,27.362373786379973,24.70423664052572,26.694703280769986,25.68987257223259,26.77951829199206,25.796424561053588,24.8856519888151,25.96315397141824,26.02192369755378,25.395376588293683,25.464842422287475,26.68537384241782,25.455208664555215,27.03724212854377,25.39601485725009,25.605057558535318,26.02936715292097,25.75027405118357,26.089328735428506,24.797756926334692,26.47265339389661,26.080825940274664,24.82339888032596,25.288012691972636,25.24544611041589,26.144167269115854,25.156340643419355,25.826884562184677,25.465573245820643,26.172938470907802,26.94183203680076,25.046987982481816,24.8506634878136,25.978369420374197,25.162779563246175,28.004120567864742,26.03206753025987,25.917709888830537,26.598643540392285,25.40957547072763,26.24551744304062,26.182561327642777,25.89299727001856,25.26909813733158,26.1788570790249,26.704401534744488,25.256840973309476,26.37517683200291,26.909292501933187,26.120145043923294,25.53599048247445,25.999811673458396,25.627483386878453,1,0,0,0,1,0,0,0,1,0,0,0,1,0,0,0,1,0,0,0,1,0,0,0,1,0,0,0,1,0,0,0,1,0,0,0,1,0,0,0,1,0,0,0,1,0,0,0,1,0,0,0,1,0,0,0,1,0,0,0,1,0,0,0,1,0,0,0,1,0,0,0,1,0,0,0,1,0,0,0,87,320,233,0.271875,215,78,320,242,0.24375,89,33,320,287,0.103125,251,99,320,221,0.309375,164,24,320,296,0.075,227,39,320,281,0.121875,113,111,320,209,0.346875,92,177,320,143,0.553125,80,39,320,281,0.121875,233,30,320,290,0.09375,263,39,320,281,0.121875,248,129,320,191,0.403125,164,72,320,248,0.225,212,162,320,158,0.50625,80,132,320,188,0.4125,143,30,320,290,0.09375,263,30,320,290,0.09375,275,108,320,212,0.3375,80,87,320,233,0.271875,143,9,320,311,0.028125,305,0
18,test,no_upgrade,2,360.0266679358262,0.0,35.53322353413509,32.54345550996782,33.85619876649642,35.4377841452668,35.48096408402737,33.55710653979967,35.62019747968267,35.19873638108838,34.83738806238766,32.873744672558004,35.78393090806765,35.149276964492095,36.40849970438265,32.61316646446778,37.42194429913496,35.44348588324875,33.68712190327262,32.63168675755746,33.66864686763865,33.68405008793534,32.28734174193788,32.01386334829553,34.186292588520715,34.30421075065173,33.031157095252105,33.73468308230712,34.75861068523866,33.115734940774686,34.31483116322188,32.90690932411608,32.93011499907777,32.45194873710266,33.96929915505222,36.653078696552356,33.05192918150512,32.896968683102074,35.95513445499262,34.506630977797315,35.053566321699236,31.262990688283722,33.70910285948933,32.24337016446797,33.87617773773199,35.45872503229619,34.21129301110247,37.089379477095044,32.8749390261432,33.89369552613534,33.84738010025685,34.00199836487252,33.1914900412616,36.75354708546339,33.99760226927451,35.626971172655296,34.043346540454,34.67998571443347,34.541794642100825,35.330082177497616,36.172042730928126,31.567655925404125,33.377434007647494,37.379834250474474,32.71656704085724,33.67933559328156,32.35310988501736,33.15400545621095,33.873611925578864,34.80929480282062,35.79916696574967,32.2730034868738,35.493299390910416,33.708235824692856,37.825175686460824,34.79453603076211,36.30369422149882,32.19398607968624,35.00745711985719,32.324567537830056,33.92183468008643,38.14399605111141,32.57346252333752,35.77594325536147,33.95588237012211,36.82636275716941,35.099894128659805,35.55505121545964,35.1592541055679,34.537454455811044,31.67113154394577,33.451224934167605,33.454214273626185,33.822178211972506,36.6051957035775,35.71128813201197,34.28185378311461,35.45331780910052,37.53566411054036,34.88696022647315,34.98639583564713,33.90020190075927,35.79743691490544,33.04829244981935,35.2523177071068,35.31181548355579,35.312714945086924,34.41580523263839,35.73436883987223,32.962349936086504,34.14777400724075,37.90933871065986,32.98995831274945,30.993663726585968,35.38449282228065,33.95471663624688,36.64668661177666,36.32937391700265,36.00883310209752,35.22980148740078,35.66115129805911,37.10623503864447,37.3292930542097,35.40786449433424,32.37046477151645,35.17469523363912,37.970615620506905,35.191403384034714,35.99288106911016,35.03384893629005,33.199270751424905,33.35975582608633,35.91948101126526,34.01364165061806,1,0,0,0,1,0,0,0,1,0,0,0,1,0,0,0,1,0,0,0,1,0,0,0,1,0,0,0,1,0,0,0,1,0,0,0,1,0,0,0,1,0,0,0,1,0,0,0,1,0,0,0,1,0,0,0,1,0,0,0,1,0,0,0,1,0,0,0,1,0,0,0,1,0,0,0,1,0,0,0,108,320,212,0.3375,200,150,320,170,0.46875,24,60,320,260,0.1875,173,102,320,218,0.31875,86,30,320,290,0.09375,218,66,320,254,0.20625,57,126,320,194,0.39375,33,246,320,74,0.76875,9,102,320,218,0.31875,194,51,320,269,0.159375,203,57,320,263,0.178125,224,171,320,149,0.534375,86,66,320,254,0.20625,158,240,320,80,0.75,9,147,320,173,0.459375,62,72,320,248,0.225,203,60,320,260,0.1875,200,141,320,179,0.440625,21,162,320,158,0.50625,98,21,320,299,0.065625,296,0
18,test,no_upgrade,3,540.0046289124851,0.002563461297986745,48.865953727974805,44.32480578773432,47.27172059453558,45.90750513135967,46.62946968947918,45.30983888952812,49.497318770699096,47.41338094313423,43.62945474185315,44.727130195438406,48.96070105015924,45.3360996019503,46.83763451948505,43.415194223545,51.348879545061166,47.158138266305315,44.743663716902816,42.54681808777706,44.71583398747993,46.00888505884392,42.177239229398666,44.56865994376693,42.911560351242564,44.4304046927982,44.31983101936534,45.053242767498766,46.47132505206764,42.13721329808723,47.48895647517699,46.89410226141167,45.105479417462654,44.49657611845753,46.69318331964865,49.36663819561104,45.368805941219506,42.74581174200841,48.207601345860354,45.886755085714434,49.04385138096035,43.492511678320824,49.24566796568417,43.83028389683511,46.821295926806336,44.99049485214244,48.07843419069149,49.033642778979214,44.74912403175443,47.90477355787229,45.29704177448944,43.846095212261154,43.62768588200974,52.69439133515359,45.42144239661266,49.505779566816564,44.37361683405903,43.72236109052367,47.5632670314757,45.255636554536615,45.75264906207583,44.14650234213737,43.69320160021686,48.818777625296995,44.5110075977071,43.32537745622676,42.463050549127146,44.305055097074096,44.47799647829417,46.6437373099609,47.15132661702779,46.24408944260576,49.16997344938232,47.07161564752868,49.750712954247504,45.46097134134628,45.72686715006098,41.86960135635347,46.24399016500243,40.219044758997285,48.34302229933444,48.85914951082038,44.81319670205666,47.104533524466895,44.83808350971442,52.04780940581113,46.53834369338496,50.61795750302496,45.697367784076256,44.97920770736228,42.85602288911394,43.45255115488127,42.091265007002924,45.93288738397123,45.90814806339835,46.050123078139265,47.19633751394953,47.57048719315632,51.87512852618848,46.63766124611181,44.63578848682706,46.71039951091087,48.02302295940078,43.43017055982467,46.64193516362748,46.074346216558034,46.33359766703396,46.06163715656835,48.73128570315143,42.763623655854,47.47627927252194,53.282826698603,43.12796337107879,40.31794528771281,46.18073750302,45.637713516400616,50.560457851561296,49.99930141315976,44.78813096025843,48.17765026053471,47.750221580349105,51.64362949184365,48.88885395926157,48.80662607509635,43.151441288124836,47.33218480223471,48.81751528609833,44.79385525597367,48.15349585013744,49.908625817945165,42.30793959223385,44.84502256294995,48.83715854115418,46.09634377145822,1,0,0,0,1,0,0,0,1,0,0,0,1,0,0,0,1,0,0,0,1,0,0,0,1,0,0,0,1,0,0,0,1,0,0,0,1,0,0,0,1,0,0,0,1,0,0,0,1,0,0,0,1,0,0,0,1,0,0,0,1,0,0,0,1,0,0,0,1,0,0,0,1,0,0,0,1,0,0,0,159,320,161,0.496875,98,144,320,176,0.45,33,60,320,260,0.1875,95,141,320,179,0.440625,33,51,320,269,0.159375,173,99,320,221,0.309375,51,162,320,158,0.50625,27,288,320,32,0.9,3,87,320,233,0.271875,116,75,320,245,0.234375,194,75,320,245,0.234375,99,213,320,107,0.665625,18,111,320,209,0.346875,36,303,320,17,0.946875,3,243,320,77,0.759375,15,78,320,242,0.24375,113,48,320,272,0.15,98,186,320,134,0.58125,21,207,320,113,0.646875,32,12,320,308,0.0375,299,0
18,test,no_upgrade,4,720.0249596103833,0.014491633496927774,64.61487343656884,62.92757577726809,64.44261641188719,60.46305140172163,60.992830516171395,62.996811248070706,65.96808851162115,65.19773998159188,57.1264564485646,57.73856164486152,65.53531389374885,62.94142377892388,65.41454918875009,58.148427663649386,68.08064523655405,67.22892029855599,61.13318821535844,55.60326132169317,59.69462733565137,61.373426275662815,57.576219889814645,58.951005333104575,57.572771877751094,58.503920995160776,56.65180155673139,59.56899908827027,63.21513602967209,55.473345994974025,66.724879221533,62.88669236289897,56.88393459617501,57.42763733592293,62.776613188336306,68.79089808033017,60.05905492442477,57.755443748967565,63.25599508259834,61.14595302543838,65.44744259180946,57.164708281764874,65.94602851447041,56.8527188681347,68.27107783360672,54.25034742740828,63.07340081290618,61.97252755023864,63.94265268605449,66.7953368783616,63.16777160318827,57.05870051359091,61.037260807900175,70.20172809635426,60.309325972374445,66.80646019411988,61.10695030581534,58.75741888765824,65.25803417965211,61.543891620305004,58.11504059804086,62.14046051827498,62.04418422759994,64.61317900482072,62.45111347921977,56.452072560835816,60.08760459859008,58.554264158170504,57.57268610202208,63.129889127252845,65.70330686030965,64.05566368365955,68.7858445403247,64.29032831043963,65.92394649803141,59.460120331158286,61.088243471627514,55.03254298259852,62.700271402750175,54.283495630405056,66.41730033345775,64.55800234539036,62.133563768142395,65.91094223176508,62.340554533229955,74.00085760586143,63.05688832209047,69.26268500089171,58.51233606556818,59.04080930911815,61.182595460059574,59.90074971563092,56.592400892414204,64.05189714727665,62.655406609395264,62.371588708001454,63.870692025092964,60.33990135909924,65.6457267508269,63.91697465340767,58.87502423507304,63.5729002932985,63.41299077144099,56.77285673587816,60.60519587916905,62.41618954341264,68.80200035927236,64.99801095947848,64.55118018634933,59.134488114017095,63.99315820346051,74.10225295061424,59.90608293787784,53.03903579616181,62.113206270284145,61.00253229768158,62.70005362494699,72.38633560705718,62.47444279403766,61.570384234037185,64.2104107918715,69.95939812730633,62.23269838902193,68.77226777601683,57.258710135598214,64.59742941222873,62.31150154303505,61.80108759496522,61.51053999116996,70.65398354923498,58.36418802903102,60.03451875792226,63.04910949546779,59.55624944406091,1,0,0,0,1,0,0,0,1,0,0,0,1,0,0,0,1,0,0,0,1,0,0,0,1,0,0,0,1,0,0,0,1,0,0,0,1,0,0,0,1,0,0,0,1,0,0,0,1,0,0,0,1,0,0,0,1,0,0,0,1,0,0,0,1,0,0,0,1,0,0,0,1,0,0,0,1,0,0,0,183,320,137,0.571875,59,255,320,65,0.796875,6,93,320,227,0.290625,83,195,320,125,0.609375,32,48,320,272,0.15,257,111,320,209,0.346875,54,174,320,146,0.54375,24,285,320,35,0.890625,6,249,320,71,0.778125,12,117,320,203,0.365625,42,87,320,233,0.271875,66,288,320,32,0.9,6,171,320,149,0.534375,18,309,320,11,0.965625,3,279,320,41,0.871875,6,282,320,38,0.88125,9,114,320,206,0.35625,63,246,320,74,0.76875,9,261,320,59,0.815625,9,33,320,287,0.103125,216,0
18,test,no_upgrade,5,900.0013611818658,0.04331021066373154,83.47791758783056,85.25977400439523,82.20443273775507,83.38737078809682,82.21827252546356,84.73797729491724,90.89103138289374,87.72103137377755,76.5583199159215,75.34323939768764,92.02434782892902,82.74378136750946,91.85846943913909,78.63703092325606,94.17773167970977,88.00020019968876,86.8798063089087,73.45236371560027,81.69326522873351,80.2817059576882,77.06477235161935,77.69227595256855,76.28504738177459,80.74558019737024,72.44721209281873,78.0773687891798,87.65814102514123,77.33315247951059,88.39229953935883,82.71406663803515,75.97995826205957,77.76773320089809,85.0910477617035,92.20288637085656,85.9034113738336,76.92528566263785,88.60826719560363,81.2725361398718,86.202307680983,79.89325024789673,90.26808333974945,75.30270874233814,86.01136810476386,70.77077040352495,82.5401348072554,81.6733139326376,86.19450126480969,89.06939674601851,78.81202511242019,72.79789871262759,81.91550440080088,96.46478101966282,79.99131114259868,93.05981818063894,78.98892050117978,79.26601266361159,91.7210214473907,76.88629177915669,80.34144265084876,84.4266121712902,80.67043883376932,90.29804190128017,83.88782143628742,71.84985635681953,78.74436077398478,82.12998370534793,77.17980578340816,82.270970570564,92.99682744297849,88.49453748205225,90.94253771710586,91.54029642730427,86.01116669977013,78.29749378179635,75.03973642937632,74.50842159601683,80.4174292730038,69.68570977934625,90.64616002911244,88.10760662407812,78.71642932924668,90.52208441469148,81.39635183373017,98.84043963747659,81.20843597427034,93.00010480422824,85.27267588409536,77.05759552083988,85.50686496141591,77.88154719921371,75.70782907665358,87.47327951615162,81.88776127203533,83.15070744115003,85.50067133959443,83.2225666708849,88.43882373289883,85.12866907749716,82.29555901327879,85.05900878904205,87.06074103271187,75.49904228672868,80.98956522508176,87.18886409559458,95.97611943934895,91.89547205052428,86.62810759048467,78.36923909216178,88.42509478291393,99.3656353612575,82.80982530309669,73.34001783999375,82.59105817191079,87.51418395177903,81.46309752321979,96.72512799234805,81.56065522040582,83.032719329135,87.46717413130901,95.1323571867704,85.51813943455824,86.23414561309895,79.8979761295517,89.9773940564554,82.657874766958,80.51967740419965,84.2152494081795,97.17501939352276,79.43037306873462,80.08425410383909,82.01904201116885,80.10532649739815,1,0,0,0,1,0,0,0,1,0,0,0,1,0,0,0,1,0,0,0,1,0,0,0,1,0,0,0,1,0,0,0,1,0,0,0,1,0,0,0,1,0,0,0,1,0,0,0,1,0,0,0,1,0,0,0,1,0,0,0,1,0,0,0,1,0,0,0,1,0,0,0,1,0,0,0,1,0,0,0,225,320,95,0.703125,15,243,320,77,0.759375,18,165,320,155,0.515625,24,177,320,143,0.553125,24,63,320,257,0.196875,185,132,320,188,0.4125,21,210,320,110,0.65625,27,303,320,17,0.946875,6,219,320,101,0.684375,12,177,320,143,0.553125,30,120,320,200,0.375,27,300,320,20,0.9375,6,195,320,125,0.609375,20,285,320,35,0.890625,9,261,320,59,0.815625,9,267,320,53,0.834375,9,231,320,89,0.721875,9,267,320,53,0.834375,9,288,320,32,0.9,6,51,320,269,0.159375,117,0
18,test,no_upgrade,6,1080.045867113343,0.09199838599322818,113.38186139237399,110.89387437485415,107.59377237743382,116.21982941958805,119.75221977904364,105.49854409741592,124.56738863218457,119.29326304766631,103.00237633663512,97.1463584896893,121.1627362130282,105.58667538168645,129.61345026077282,111.92633442069122,130.8969434483309,120.2530572987202,122.38573448473208,98.55553812980138,101.97955589000306,107.520860124537,96.61474998590296,108.06003865805437,101.44267163575788,109.84874181086758,95.38660111727773,107.5647274897338,116.73546093907109,100.34079742141788,115.69283738774607,107.63071334993003,109.88239643463378,101.67711527316482,110.92069156105093,122.34645504967311,111.8419916051922,101.25790589616449,119.55028247127792,113.73092893684488,112.80536365635885,108.28053082870265,117.36928114724749,101.80550134882354,122.52486536831142,99.06889728211127,108.42048777568228,110.23689693812122,113.06604524693292,116.02207322285804,106.33021780776126,97.77356883843146,110.9593562538937,128.71984275346242,101.07574559454318,126.15404628471795,104.54260443441359,107.46726367031498,122.01039800226006,101.4101345321465,111.60210341231674,109.97099956385613,105.03799083693985,118.99298356056563,113.93310278148986,91.21696348406267,107.26240544603631,115.36915969182822,98.65980933780213,114.8580438485068,119.07428513418083,117.8402381150307,122.25107062514358,128.5848363377474,119.96072990697873,100.40797504142029,107.54531120667184,98.53474028800805,99.98555948745052,97.3705337321384,128.83629628654086,119.2899743270091,104.66428171256739,130.51766286729193,111.92280443712247,137.65808563472092,104.71785778452009,130.23187340113682,114.88611138877016,106.68918455423665,114.69815876178878,110.2613922934713,103.600016724056,122.36614895740307,109.3951485428903,119.12532010673583,113.83143286483597,107.98429128898266,119.66890943020793,120.77244669088934,108.99499912232889,119.65038570763771,115.37624678914256,105.10545414055008,109.85977035582577,123.203159297253,125.5642140398569,124.75808438253914,117.12214029172755,101.20199538472383,121.3016858638552,138.87148426351663,118.22620436233213,101.99542948080897,115.19530580228549,124.27375190096777,115.19268189003353,127.37526165211145,111.71513661235065,106.45703274066211,111.82244340334294,127.10126486393055,117.23970609445807,113.12618758065402,107.28285204898027,123.14955632452457,108.09690471319868,106.51010198317476,112.74222183374306,133.52525620992316,108.00663359121427,110.8178615157136,113.37664407900118,108.03683783715705,1,0,0,0,1,0,0,0,1,0,0,0,1,0,0,0,1,0,0,0,1,0,0,0,1,0,0,0,1,0,0,0,1,0,0,0,1,0,0,0,1,0,0,0,1,0,0,0,1,0,0,0,1,0,0,0,1,0,0,0,1,0,0,0,1,0,0,0,1,0,0,0,1,0,0,0,1,0,0,0,303,320,17,0.946875,6,234,320,86,0.73125,12,192,320,128,0.6,12,192,320,128,0.6,12,129,320,191,0.403125,21,192,320,128,0.6,18,270,320,50,0.84375,9,270,320,50,0.84375,6,249,320,71,0.778125,12,276,320,44,0.8625,9,159,320,161,0.496875,30,285,320,35,0.890625,3,252,320,68,0.7875,9,294,320,26,0.91875,5,285,320,35,0.890625,6,312,320,8,0.975,3,219,320,101,0.684375,24,207,320,113,0.646875,9,276,320,44,0.8625,12,87,320,233,0.271875,69,0
19,test,no_upgrade,1,180.01442586854884,0.0,26.88966282638646,27.193255317798194,24.267024203639036,25.531832814238985,25.68301205823793,26.337587217941078,25.431184866358123,24.933384787710335,24.304499410736813,25.390082453062114,25.81984200529505,25.458298123655165,23.90447164133686,25.413140163435767,25.27082930856406,25.071707733768587,24.20294363812686,26.0808653744272,25.6252290763017,25.560128891727857,26.961960156518504,27.16755165806263,26.785405627145867,24.774612578854985,26.58586839294632,25.6972230649862,25.63516273710327,24.93111887095127,24.921483936634683,26.896992784285764,26.257238125141576,25.588272500138938,25.33303100525385,25.90440279028459,26.480966677123384,25.14001049207887,27.60329195905341,26.14854483692074,26.05114374497938,26.00148259386314,24.58950638961111,26.067561567784825,24.653342815167214,25.101849760097632,25.544683961071968,25.13401397318179,24.955188172574527,25.048506687533525,26.994184981139703,25.101278410365108,25.184077923926264,26.30609315643284,26.17724242662634,25.35348458046816,25.36211414869517,25.864757076424972,25.917328111198202,25.41011079155422,26.572603106244618,27.310688854010973,26.26838674981241,24.610980321319715,25.48919348275791,25.678095760473184,25.79763494391363,25.812121948248542,24.697113293223772,25.453181377033015,25.572016015816217,23.609718408881804,25.92310555305808,24.957787619994775,26.2349496325539,25.26730711289142,24.015842118889868,26.73179653362285,25.73663574430402,25.122132194528753,26.560257600925162,24.599540032811223,26.62075603922333,25.46082242097814,25.49206195161306,24.385850780635234,26.17834492590428,26.17484205029579,26.511809837344234,24.92865652421387,25.4310180058697,25.63816923559215,25.368293360174466,24.864384935673613,24.86497381517294,25.220019539941017,24.983261795357862,25.654712498039366,24.834728909964543,25.666962139456263,24.545880115124703,25.98711452521215,25.26865586461179,25.68892376444908,25.932190080798826,25.562427478659913,25.921841443539428,25.141328446757708,27.003129046827873,23.954613428263787,25.755426626190516,25.084785238270456,25.709624183943124,25.632130705754026,24.95860885505559,25.953290851730863,27.153842329175212,23.765285814511135,25.65966055978976,25.64659898932248,26.048109121849134,26.815932589027202,25.516071725293,24.448413410275585,26.069284081843552,26.106312537737722,25.6951042914337,25.944315323092457,26.02271528782785,24.771181959906645,26.252253262704095,26.30147667272152,25.54705953765821,25.807772267388454,1,0,0,0,1,0,0,0,1,0,0,0,1,0,0,0,1,0,0,0,1,0,0,0,1,0,0,0,1,0,0,0,1,0,0,0,1,0,0,0,1,0,0,0,1,0,0,0,1,0,0,0,1,0,0,0,1,0,0,0,1,0,0,0,1,0,0,0,1,0,0,0,1,0,0,0,1,0,0,0,75,320,245,0.234375,236,102,320,218,0.31875,125,33,320,287,0.103125,224,75,320,245,0.234375,131,21,320,299,0.065625,245,45,320,275,0.140625,98,138,320,182,0.43125,92,144,320,176,0.45,125,63,320,257,0.196875,230,27,320,293,0.084375,236,18,320,302,0.05625,230,117,320,203,0.365625,122,24,320,296,0.075,233,129,320,191,0.403125,122,135,320,185,0.421875,167,42,320,278,0.13125,236,42,320,278,0.13125,239,66,320,254,0.20625,125,111,320,209,0.346875,167,18,320,302,0.05625,299,0
19,test,no_upgrade,2,360.03784130479914,0.0,36.638404478529864,39.213889757924264,34.52129353114968,33.83226425012479,36.52790836473118,36.19658910889963,34.58622775057267,31.726182830191625,30.937048978700023,34.66772337399339,32.891149766285885,32.514520239092576,31.765674189338046,35.04420041545427,34.7926236428247,32.60757995860465,33.18415472895073,35.05740286549045,36.20822728634423,34.25407993340413,37.25068780403865,36.31659830513929,36.271118412518824,34.67022747834132,37.554453686188,33.20094380172089,35.48731481301293,34.623324897297664,32.572124745645134,34.89878025450291,35.49681563245252,34.69849182809798,32.922587455883594,34.30543076326106,35.109859378150546,33.99626859363604,40.08800377100749,34.95446172189495,35.77401379135968,37.19678972326154,32.544401535497954,32.93434397196366,32.19571634432402,34.84033761068574,34.77839356937059,35.168259748537004,32.96777715077372,33.49756923082039,36.7898174720877,32.725884031133155,33.23995858096601,34.32989500070049,35.00952729296982,34.18470013283026,35.67430105903919,34.96853402877732,34.7567280045182,36.38082652353397,35.55195802260465,35.77366873229786,34.72533019269326,33.366551600968165,35.720058648230086,32.021699802352884,35.564514256994876,32.41586698479667,35.41134335695802,36.37370600612211,35.03712682766359,31.503040092640813,34.62185280624204,32.86198934013642,36.57862815442683,33.860468653415346,32.56329505058162,36.70866275685912,35.450775543302015,34.98066666154365,37.860226090302326,32.04733354184007,33.816875306570076,34.584595358656976,36.96902725150547,32.232975731464215,35.46919050919777,36.07237566166323,37.37265085231382,31.926515309154958,32.402774252934385,36.09943536434972,35.68407533042775,35.9182216716392,34.570145847272194,31.464834187486765,34.5112812259339,32.877351786151635,32.41829961937464,36.09884310666602,33.01067018663833,33.64846809547302,33.4652771926752,35.09102532256829,36.171219013215904,34.25998405853315,36.44043676365607,33.0542952561199,35.3761895054919,32.16340602271743,33.66252969235207,33.230893348139816,33.96576350330514,35.06437343512265,31.728474123207594,34.29050721761319,38.61865220559106,30.5909461891299,35.519666070356465,34.336554358750405,35.11536607272288,36.70104584089798,32.684514696558466,32.87020080330974,34.03421351240159,34.04133357840393,34.42816072058538,33.79232312973313,37.18156654374121,31.186228741651053,37.02934037811029,34.78144374080648,34.442003410779094,34.10093080137021,1,0,0,0,1,0,0,0,1,0,0,0,1,0,0,0,1,0,0,0,1,0,0,0,1,0,0,0,1,0,0,0,1,0,0,0,1,0,0,0,1,0,0,0,1,0,0,0,1,0,0,0,1,0,0,0,1,0,0,0,1,0,0,0,1,0,0,0,1,0,0,0,1,0,0,0,1,0,0,0,129,320,191,0.403125,176,153,320,167,0.478125,33,42,320,278,0.13125,212,129,320,191,0.403125,56,39,320,281,0.121875,176,81,320,239,0.253125,57,135,320,185,0.421875,48,279,320,41,0.871875,6,51,320,269,0.159375,212,42,320,278,0.13125,200,42,320,278,0.13125,248,195,320,125,0.609375,24,84,320,236,0.2625,149,300,320,20,0.9375,3,180,320,140,0.5625,44,54,320,266,0.16875,200,36,320,284,0.1125,236,198,320,122,0.61875,12,171,320,149,0.534375,44,12,320,308,0.0375,290,0
19,test,no_upgrade,3,540.0442762065587,0.003786468032278088,47.943862685265,52.910605288567744,44.34617983197475,45.23375233144751,48.019550311132576,48.74214965643818,49.127071556528065,43.84975194727659,42.65073666449416,49.6833479064513,45.248102650508805,44.03495941896645,41.67483264251401,48.37602428854622,44.75133312754934,43.70079636244841,42.464064435796296,44.338735548965836,45.43376192774779,44.49268064769794,50.4053555432774,48.54525293800033,46.16398444131407,47.832149591607354,47.0372743114303,44.08966240112942,46.32924634927386,45.118518500894886,44.04387178560522,46.49869017067059,47.74573185064634,47.118697241798486,44.96297328422633,46.01407510185845,48.090134047439896,45.638890107730724,55.7675291161745,47.20615149027865,47.56805115147656,51.45692775750197,44.971116659655074,43.68574204963843,43.81540851242433,50.17747693508992,45.874248566107035,49.010599570813646,43.98746638022667,45.71591349937507,49.45948253762904,43.62832594722915,45.203266689162206,43.82633246842396,47.038585594885305,45.396025618351544,48.77324429779529,45.013355121849756,46.44223123064706,50.44015532951241,45.318495641256206,51.09595320163187,44.678460939928605,43.925397844202465,46.973931127369326,44.99151973547261,46.07745157833305,42.999902411474764,46.2521639163864,51.59002598392748,46.81978849594286,44.370681128197866,44.866691114821755,44.3775947830275,46.688403606258476,43.659675322720425,44.59440703047734,49.50590467715567,49.16030205455395,46.516509142159535,53.702129151654226,41.81355927903006,45.12598292398888,47.48493328913529,49.646852218937305,44.38034709069338,46.49416871470519,52.101942263324865,49.37471203588477,44.331925030746945,44.467555632645855,50.698496761052624,49.3763080143594,48.153765863292314,46.85453619187122,46.19166063820317,45.86648757977064,45.27890891065962,43.01002959749784,51.01892414629776,43.214009837697176,42.89897753027046,41.04841722246855,48.34608792965094,50.704796245150995,44.27885057557695,51.382616265207346,44.880486127640424,48.55286923289717,43.069037365488256,42.20181827948335,45.32860154177103,46.627363828126384,44.0195567803766,43.603997559602504,46.4499849046477,50.9459158119081,43.405385671043156,47.57790844376735,45.770660306338364,46.74910243648234,49.31082935605095,43.88560896385021,45.82315912804569,43.9955814143067,44.46221486078673,42.60138743132646,46.058201184794065,51.3285370482531,40.489934245405216,51.53092081866766,46.72886353818146,45.410538962576055,44.20342964787563,1,0,0,0,1,0,0,0,1,0,0,0,1,0,0,0,1,0,0,0,1,0,0,0,1,0,0,0,1,0,0,0,1,0,0,0,1,0,0,0,1,0,0,0,1,0,0,0,1,0,0,0,1,0,0,0,1,0,0,0,1,0,0,0,1,0,0,0,1,0,0,0,1,0,0,0,1,0,0,0,147,320,173,0.459375,170,174,320,146,0.54375,27,60,320,260,0.1875,197,141,320,179,0.440625,29,45,320,275,0.140625,212,105,320,215,0.328125,78,162,320,158,0.50625,36,282,320,38,0.88125,6,102,320,218,0.31875,128,84,320,236,0.2625,102,63,320,257,0.196875,90,222,320,98,0.69375,20,87,320,233,0.271875,90,300,320,20,0.9375,3,228,320,92,0.7125,12,120,320,200,0.375,116,114,320,206,0.35625,59,189,320,131,0.590625,15,222,320,98,0.69375,20,15,320,305,0.046875,305,0
19,test,no_upgrade,4,720.0060338047158,0.015538247995064775,63.447317098515036,71.3639023344952,63.662112667357356,61.44672536871466,64.02069296672734,67.07663904855895,68.16623653422135,61.85072046713023,56.02953938390905,69.55481358692248,62.67415957548927,54.35526828046343,59.67095008752955,64.56739641034949,53.98685383419052,58.648195892312465,56.398158768278954,58.3424219416943,58.2284683207637,62.37107570778028,70.503334057907,64.10264489746386,58.284611973349236,66.74748584060585,58.7636327546862,60.75343911447594,65.78716568943764,60.6178915945374,60.15567859927486,58.63631790598817,62.63409227828708,61.794205564619524,59.47143958353868,62.970885844538394,64.37024371053342,59.53843520802568,77.70848776583921,61.76052365809205,66.44332205132862,65.85290899700233,57.07549632978144,58.949028234866006,60.0631514690015,66.87824044930076,62.117492413425225,67.06943307562938,56.88374692951271,60.760175366520095,64.00002417392524,56.26995150692928,61.82346811852608,58.91880585661343,62.96608516014914,60.4329744527069,65.67371633668441,59.68564148470857,61.633832627552756,64.4242158650026,59.069067658107585,66.65696665400232,57.1190230363201,57.63406161478985,65.48960376219668,59.80185239151662,63.30358881943645,55.92048495174367,65.89947922826136,66.84635601623538,63.69523910323831,58.283757319292185,58.65275041039279,58.992548544268466,58.83982216509966,59.16742646955448,57.69658889125286,68.89397566331493,67.05737253902501,60.33910548432185,69.89843546410187,57.58749276562216,58.11695803610475,62.18611327043486,67.24981399384498,63.173245290325504,63.470435194383086,67.83389095490315,64.92757223721243,62.1405947473773,61.06623546026765,71.41240978581605,65.1052696107124,65.46209624973048,62.176197912611535,65.34412219845755,61.42554419780026,56.92659260056723,54.55151970347129,66.5920661474457,56.551118163917316,60.90081751687564,54.34055291408172,65.53886485900712,69.45223288522067,60.554960295219324,64.4687835607104,59.73946724111324,66.99236829355604,57.76764066064964,58.09073735405268,61.650276322822755,62.909218180187736,58.37746331397671,58.291602750776875,65.25007155297389,70.92444807788843,59.4558483442417,61.63105556349093,61.70242305040526,64.71563734636571,63.35808757726923,58.81931314775118,59.567869552978074,59.3499355603039,57.34311450409694,55.05085645327022,59.77862848141091,70.50263437106221,54.96116082165565,68.54554423103983,65.25049591592737,56.91142794729478,64.21424784558816,1,0,0,0,1,0,0,0,1,0,0,0,1,0,0,0,1,0,0,0,1,0,0,0,1,0,0,0,1,0,0,0,1,0,0,0,1,0,0,0,1,0,0,0,1,0,0,0,1,0,0,0,1,0,0,0,1,0,0,0,1,0,0,0,1,0,0,0,1,0,0,0,1,0,0,0,1,0,0,0,240,320,80,0.75,36,246,320,74,0.76875,11,72,320,248,0.225,146,198,320,122,0.61875,12,45,320,275,0.140625,116,108,320,212,0.3375,57,228,320,92,0.7125,24,282,320,38,0.88125,6,219,320,101,0.684375,32,75,320,245,0.234375,122,114,320,206,0.35625,36,246,320,74,0.76875,6,156,320,164,0.4875,30,288,320,32,0.9,3,267,320,53,0.834375,6,216,320,104,0.675,32,117,320,203,0.365625,60,204,320,116,0.6375,15,252,320,68,0.7875,9,42,320,278,0.13125,267,0
19,test,no_upgrade,5,900.0561345168885,0.0445667477281454,91.00296702376657,94.26554696596386,88.0112428747668,79.21693826386392,84.64349445920645,93.32148711123628,92.0375982810845,81.58192957060483,77.09838546231954,94.6712983896113,85.06061081278388,71.89891246680143,78.5766543769893,87.04955792217959,74.12602363115323,77.35558787689881,75.11471362545974,74.41703820805316,78.46620224442532,84.82726266631553,90.51804837076976,90.24861070004575,77.66027620103104,86.58951332292455,78.48101216885937,76.75403518909087,87.09645036386345,82.43992853454169,78.34074181426287,77.1233825920216,87.22962320724103,80.6012954623431,78.05970766882871,84.670390371377,87.36387845009614,80.21347334424044,101.39794499483203,82.9306830387288,90.08759674291619,85.8487308969134,84.03359039553703,80.34647151278419,83.67962634529256,91.53113144645909,80.23988514925033,92.63258992304529,77.09851355754074,82.49278520408721,87.22494367665526,77.16980586329485,85.87527760621163,76.43091242673286,81.87634428824435,79.01599334072111,89.91837444142193,80.93045971310369,84.91169321886369,83.04477497067624,81.28601346614316,91.80255205664545,74.46024495008196,79.46050527203194,86.57847077937475,85.0637578202554,84.63425917864035,79.221778999062,86.94100574849475,94.02833278068469,87.07353332832136,80.07767907131868,79.18541937615908,81.46295884799878,84.07386861965928,81.78044894084357,76.70380153394143,91.0183916567272,84.92425493700887,82.50825980924891,91.36915326540343,70.92612370989234,78.77711015898493,83.03932316761055,93.02663134296142,88.13816477375462,84.68011230772942,87.9226276660548,87.80037797567839,82.25966033304957,84.08507277263566,97.17837149456152,91.5801469332005,91.07638650885372,85.15242575452812,87.34758039179258,83.7091679493994,76.14340896894058,77.43253874584114,89.78403727715792,77.72505503025089,84.06026624660497,76.97440128279985,83.59144110362652,89.83264855250408,85.34974742331077,82.71846038920924,76.30853284972356,89.18515621068057,76.48535975424153,77.11988129319646,85.69715221180579,84.01027338218297,81.10654202432453,79.37655259431331,81.52509223250242,98.79404932038865,79.62985746727061,83.99848070353735,85.38424028298438,90.34948170686839,88.42338238110214,81.7172013810378,85.17029935624056,77.91975514841965,75.75825304654651,78.43737234016913,76.70485454019672,94.4812102441929,73.1512063824695,89.59167698816277,86.91517345357751,75.05536264149971,92.83417842998855,1,0,0,0,1,0,0,0,1,0,0,0,1,0,0,0,1,0,0,0,1,0,0,0,1,0,0,0,1,0,0,0,1,0,0,0,1,0,0,0,1,0,0,0,1,0,0,0,1,0,0,0,1,0,0,0,1,0,0,0,1,0,0,0,1,0,0,0,1,0,0,0,1,0,0,0,1,0,0,0,258,320,62,0.80625,41,270,320,50,0.84375,6,135,320,185,0.421875,74,207,320,113,0.646875,18,78,320,242,0.24375,92,165,320,155,0.515625,45,249,320,71,0.778125,9,306,320,14,0.95625,3,270,320,50,0.84375,6,213,320,107,0.665625,18,96,320,224,0.3,81,291,320,29,0.909375,6,189,320,131,0.590625,21,306,320,14,0.95625,3,285,320,35,0.890625,3,294,320,26,0.91875,3,189,320,131,0.590625,18,231,320,89,0.721875,9,264,320,56,0.825,6,45,320,275,0.140625,117,0
19,test,no_upgrade,6,1080.042710324743,0.09059675458533749,127.09779344167983,129.45596512885615,119.53305500353059,109.09776171586493,115.62594108629129,132.85505262985774,124.07267322652456,110.47962873820717,104.61714471831966,129.0394597999506,119.16827648094983,96.74675627557417,107.81461411246124,115.50043202592975,93.8319198608448,104.83398485788005,103.85311866486063,92.68365136399285,108.78932886677812,115.43977925150156,122.11990933057119,131.10242016230472,114.24643608870218,118.55466768066117,104.23352869627765,102.14366593246937,120.27668809664893,113.46976499693157,101.54148122832343,99.7425081528509,115.0117879844344,106.41029156580096,107.11080627753863,113.22087178946903,114.738232657105,101.45660109901918,136.5473217064982,113.12466922762817,122.50866569378395,116.71825676383278,120.17556548282931,109.6359192257036,108.78508889973237,125.06614548300811,105.90263314633559,123.50391398967173,106.63051503078485,119.3433314217462,114.72501858667063,111.15422458006745,119.46717381387789,102.72407869272183,114.48899970616169,108.81235543141747,114.66708311736839,104.25373193257586,119.5537186634894,111.93405979132419,104.92320270396836,122.85124785913983,96.53137625383607,100.3837901871876,115.51299119824164,113.98831584013656,111.54539016975112,109.78644686344869,114.9731121422299,121.79357851317296,114.49804020012597,111.34650678414583,112.02191698377212,110.9796399417648,111.19981946980955,112.6813423791157,103.62316180918337,118.46366975470485,115.08085320974715,114.52683120333066,123.36595616944366,99.32114180055093,110.61323589411344,113.22812014715522,123.89907002978202,119.57991192021824,116.74631542713819,120.7989730526421,115.95736409526744,107.2299287702674,111.49659574237157,119.06774341708788,118.82708757173272,125.10403750571213,110.70006278163977,115.13419288756495,112.24199768512821,98.57184288285119,100.97426330944306,118.81686437531616,107.42876987264393,118.56855420513853,98.25423698777475,104.88855267386698,118.75056139795588,112.30774887855762,108.1500274212294,106.24534347197137,121.79272155899834,98.89734349081799,99.78077425876833,113.38167410076932,105.56710942937487,113.98662087734341,105.16884056385265,110.97422150397234,124.82635973631523,108.2406036537066,111.64851688252526,121.37113142888683,122.8941824564713,123.80628115179792,109.04090658010125,119.30146454956716,112.35535031260292,106.14066059054578,112.10173490739888,102.7549394082725,129.6070301198671,100.77324944445323,118.36314832846452,119.00235290829455,98.44990946882793,130.14338145601477,1,0,0,0,1,0,0,0,1,0,0,0,1,0,0,0,1,0,0,0,1,0,0,0,1,0,0,0,1,0,0,0,1,0,0,0,1,0,0,0,1,0,0,0,1,0,0,0,1,0,0,0,1,0,0,0,1,0,0,0,1,0,0,0,1,0,0,0,1,0,0,0,1,0,0,0,1,0,0,0,273,320,47,0.853125,9,246,320,74,0.76875,15,183,320,137,0.571875,24,210,320,110,0.65625,9,147,320,173,0.459375,33,177,320,143,0.553125,21,297,320,23,0.928125,6,312,320,8,0.975,3,237,320,83,0.740625,15,201,320,119,0.628125,12,153,320,167,0.478125,27,300,320,20,0.9375,3,207,320,113,0.646875,9,303,320,17,0.946875,3,288,320,32,0.9,6,306,320,14,0.95625,3,246,320,74,0.76875,15,276,320,44,0.8625,6,297,320,23,0.928125,6,78,320,242,0.24375,125,0
